ISO-10303-21;
HEADER;
FILE_DESCRIPTION(('Open CASCADE Model'),'2;1');
FILE_NAME('Open CASCADE Shape Model','2026-08-09T18:09:39',('Author'),(
    'Open CASCADE'),'Open CASCADE STEP processor 7.9','Open CASCADE 7.9'
  ,'Unknown');
FILE_SCHEMA(('AUTOMOTIVE_DESIGN { 1 0 10303 214 1 1 1 1 }'));
ENDSEC;
DATA;
#1 = APPLICATION_PROTOCOL_DEFINITION('international standard',
  'automotive_design',2000,#2);
#2 = APPLICATION_CONTEXT(
  'core data for automotive mechanical design processes');
#3 = SHAPE_DEFINITION_REPRESENTATION(#4,#10);
#4 = PRODUCT_DEFINITION_SHAPE('','',#5);
#5 = PRODUCT_DEFINITION('design','',#6,#9);
#6 = PRODUCT_DEFINITION_FORMATION('','',#7);
#7 = PRODUCT('Open CASCADE STEP translator 7.9 14',
  'Open CASCADE STEP translator 7.9 14','',(#8));
#8 = PRODUCT_CONTEXT('',#2,'mechanical');
#9 = PRODUCT_DEFINITION_CONTEXT('part definition',#2,'design');
#10 = ADVANCED_BREP_SHAPE_REPRESENTATION('',(#11,#15),#3115);
#11 = AXIS2_PLACEMENT_3D('',#12,#13,#14);
#12 = CARTESIAN_POINT('',(0.,0.,0.));
#13 = DIRECTION('',(0.,0.,1.));
#14 = DIRECTION('',(1.,0.,-0.));
#15 = MANIFOLD_SOLID_BREP('',#16);
#16 = CLOSED_SHELL('',(#17,#535,#713,#785,#947,#1397,#1520,#1590,#1655,
    #1722,#1747,#1776,#1803,#1828,#1853,#2158,#2213,#2217,#2272,#2276,
    #2352,#2423,#2450,#2477,#2553,#2624,#2651,#2678,#2707,#2732,#2759,
    #2784,#2809,#2836,#2863,#2890,#2917,#2944,#2969,#2994,#3019,#3044,
    #3069,#3096));
#17 = ADVANCED_FACE('',(#18),#32,.T.);
#18 = FACE_BOUND('',#19,.T.);
#19 = EDGE_LOOP('',(#20,#55,#81,#114,#140,#173,#199,#227,#255,#282,#309,
    #337,#365,#391,#424,#450,#483,#509));
#20 = ORIENTED_EDGE('',*,*,#21,.T.);
#21 = EDGE_CURVE('',#22,#24,#26,.T.);
#22 = VERTEX_POINT('',#23);
#23 = CARTESIAN_POINT('',(293.12,201.95,70.3));
#24 = VERTEX_POINT('',#25);
#25 = CARTESIAN_POINT('',(0.,201.95,70.3));
#26 = SURFACE_CURVE('',#27,(#31,#43),.PCURVE_S1.);
#27 = LINE('',#28,#29);
#28 = CARTESIAN_POINT('',(293.12,201.95,70.3));
#29 = VECTOR('',#30,1.);
#30 = DIRECTION('',(-1.,0.,0.));
#31 = PCURVE('',#32,#37);
#32 = PLANE('',#33);
#33 = AXIS2_PLACEMENT_3D('',#34,#35,#36);
#34 = CARTESIAN_POINT('',(-293.12,-201.95,70.3));
#35 = DIRECTION('',(0.,0.,1.));
#36 = DIRECTION('',(1.,0.,0.));
#37 = DEFINITIONAL_REPRESENTATION('',(#38),#42);
#38 = LINE('',#39,#40);
#39 = CARTESIAN_POINT('',(586.24,403.9));
#40 = VECTOR('',#41,1.);
#41 = DIRECTION('',(-1.,0.));
#42 = ( GEOMETRIC_REPRESENTATION_CONTEXT(2) 
PARAMETRIC_REPRESENTATION_CONTEXT() REPRESENTATION_CONTEXT('2D SPACE',''
  ) );
#43 = PCURVE('',#44,#49);
#44 = PLANE('',#45);
#45 = AXIS2_PLACEMENT_3D('',#46,#47,#48);
#46 = CARTESIAN_POINT('',(-293.12,201.95,0.));
#47 = DIRECTION('',(0.,1.,0.));
#48 = DIRECTION('',(0.,0.,1.));
#49 = DEFINITIONAL_REPRESENTATION('',(#50),#54);
#50 = LINE('',#51,#52);
#51 = CARTESIAN_POINT('',(70.3,586.24));
#52 = VECTOR('',#53,1.);
#53 = DIRECTION('',(0.,-1.));
#54 = ( GEOMETRIC_REPRESENTATION_CONTEXT(2) 
PARAMETRIC_REPRESENTATION_CONTEXT() REPRESENTATION_CONTEXT('2D SPACE',''
  ) );
#55 = ORIENTED_EDGE('',*,*,#56,.F.);
#56 = EDGE_CURVE('',#57,#24,#59,.T.);
#57 = VERTEX_POINT('',#58);
#58 = CARTESIAN_POINT('',(-3.122849337826E-16,166.7,70.3));
#59 = SURFACE_CURVE('',#60,(#64,#70),.PCURVE_S1.);
#60 = LINE('',#61,#62);
#61 = CARTESIAN_POINT('',(0.,-100.975,70.3));
#62 = VECTOR('',#63,1.);
#63 = DIRECTION('',(0.,1.,0.));
#64 = PCURVE('',#32,#65);
#65 = DEFINITIONAL_REPRESENTATION('',(#66),#69);
#66 = B_SPLINE_CURVE_WITH_KNOTS('',1,(#67,#68),.UNSPECIFIED.,.F.,.F.,(2,
    2),(100.975,302.925),.PIECEWISE_BEZIER_KNOTS.);
#67 = CARTESIAN_POINT('',(293.12,201.95));
#68 = CARTESIAN_POINT('',(293.12,403.9));
#69 = ( GEOMETRIC_REPRESENTATION_CONTEXT(2) 
PARAMETRIC_REPRESENTATION_CONTEXT() REPRESENTATION_CONTEXT('2D SPACE',''
  ) );
#70 = PCURVE('',#71,#76);
#71 = PLANE('',#72);
#72 = AXIS2_PLACEMENT_3D('',#73,#74,#75);
#73 = CARTESIAN_POINT('',(0.,0.,-20.));
#74 = DIRECTION('',(1.,0.,0.));
#75 = DIRECTION('',(0.,0.,1.));
#76 = DEFINITIONAL_REPRESENTATION('',(#77),#80);
#77 = B_SPLINE_CURVE_WITH_KNOTS('',1,(#78,#79),.UNSPECIFIED.,.F.,.F.,(2,
    2),(100.975,302.925),.PIECEWISE_BEZIER_KNOTS.);
#78 = CARTESIAN_POINT('',(90.3,0.));
#79 = CARTESIAN_POINT('',(90.3,-201.95));
#80 = ( GEOMETRIC_REPRESENTATION_CONTEXT(2) 
PARAMETRIC_REPRESENTATION_CONTEXT() REPRESENTATION_CONTEXT('2D SPACE',''
  ) );
#81 = ORIENTED_EDGE('',*,*,#82,.T.);
#82 = EDGE_CURVE('',#57,#83,#85,.T.);
#83 = VERTEX_POINT('',#84);
#84 = CARTESIAN_POINT('',(1.040949779275E-16,163.3,70.3));
#85 = SURFACE_CURVE('',#86,(#91,#102),.PCURVE_S1.);
#86 = CIRCLE('',#87,1.7);
#87 = AXIS2_PLACEMENT_3D('',#88,#89,#90);
#88 = CARTESIAN_POINT('',(0.,165.,70.3));
#89 = DIRECTION('',(0.,0.,-1.));
#90 = DIRECTION('',(-1.836970198721E-16,1.,0.));
#91 = PCURVE('',#32,#92);
#92 = DEFINITIONAL_REPRESENTATION('',(#93),#101);
#93 = ( BOUNDED_CURVE() B_SPLINE_CURVE(2,(#94,#95,#96,#97,#98,#99,#100),
.UNSPECIFIED.,.T.,.F.) B_SPLINE_CURVE_WITH_KNOTS((1,2,2,2,2,1),(
    -2.094395102393,0.,2.094395102393,4.188790204786,6.28318530718,
8.377580409573),.UNSPECIFIED.) CURVE() GEOMETRIC_REPRESENTATION_ITEM() 
RATIONAL_B_SPLINE_CURVE((1.,0.5,1.,0.5,1.,0.5,1.)) REPRESENTATION_ITEM(
  '') );
#94 = CARTESIAN_POINT('',(293.12,368.65));
#95 = CARTESIAN_POINT('',(296.06448637286,368.65));
#96 = CARTESIAN_POINT('',(294.59224318643,366.1));
#97 = CARTESIAN_POINT('',(293.12,363.55));
#98 = CARTESIAN_POINT('',(291.64775681356,366.1));
#99 = CARTESIAN_POINT('',(290.17551362713,368.65));
#100 = CARTESIAN_POINT('',(293.12,368.65));
#101 = ( GEOMETRIC_REPRESENTATION_CONTEXT(2) 
PARAMETRIC_REPRESENTATION_CONTEXT() REPRESENTATION_CONTEXT('2D SPACE',''
  ) );
#102 = PCURVE('',#103,#108);
#103 = CYLINDRICAL_SURFACE('',#104,1.7);
#104 = AXIS2_PLACEMENT_3D('',#105,#106,#107);
#105 = CARTESIAN_POINT('',(0.,165.,66.5));
#106 = DIRECTION('',(-0.,-0.,-1.));
#107 = DIRECTION('',(1.,0.,0.));
#108 = DEFINITIONAL_REPRESENTATION('',(#109),#113);
#109 = LINE('',#110,#111);
#110 = CARTESIAN_POINT('',(-7.853981633974,-3.8));
#111 = VECTOR('',#112,1.);
#112 = DIRECTION('',(1.,-0.));
#113 = ( GEOMETRIC_REPRESENTATION_CONTEXT(2) 
PARAMETRIC_REPRESENTATION_CONTEXT() REPRESENTATION_CONTEXT('2D SPACE',''
  ) );
#114 = ORIENTED_EDGE('',*,*,#115,.F.);
#115 = EDGE_CURVE('',#116,#83,#118,.T.);
#116 = VERTEX_POINT('',#117);
#117 = CARTESIAN_POINT('',(-3.122849337826E-16,121.7,70.3));
#118 = SURFACE_CURVE('',#119,(#123,#129),.PCURVE_S1.);
#119 = LINE('',#120,#121);
#120 = CARTESIAN_POINT('',(0.,-100.975,70.3));
#121 = VECTOR('',#122,1.);
#122 = DIRECTION('',(0.,1.,0.));
#123 = PCURVE('',#32,#124);
#124 = DEFINITIONAL_REPRESENTATION('',(#125),#128);
#125 = B_SPLINE_CURVE_WITH_KNOTS('',1,(#126,#127),.UNSPECIFIED.,.F.,.F.,
  (2,2),(100.975,302.925),.PIECEWISE_BEZIER_KNOTS.);
#126 = CARTESIAN_POINT('',(293.12,201.95));
#127 = CARTESIAN_POINT('',(293.12,403.9));
#128 = ( GEOMETRIC_REPRESENTATION_CONTEXT(2) 
PARAMETRIC_REPRESENTATION_CONTEXT() REPRESENTATION_CONTEXT('2D SPACE',''
  ) );
#129 = PCURVE('',#130,#135);
#130 = PLANE('',#131);
#131 = AXIS2_PLACEMENT_3D('',#132,#133,#134);
#132 = CARTESIAN_POINT('',(0.,0.,-20.));
#133 = DIRECTION('',(1.,0.,0.));
#134 = DIRECTION('',(0.,0.,1.));
#135 = DEFINITIONAL_REPRESENTATION('',(#136),#139);
#136 = B_SPLINE_CURVE_WITH_KNOTS('',1,(#137,#138),.UNSPECIFIED.,.F.,.F.,
  (2,2),(100.975,302.925),.PIECEWISE_BEZIER_KNOTS.);
#137 = CARTESIAN_POINT('',(90.3,0.));
#138 = CARTESIAN_POINT('',(90.3,-201.95));
#139 = ( GEOMETRIC_REPRESENTATION_CONTEXT(2) 
PARAMETRIC_REPRESENTATION_CONTEXT() REPRESENTATION_CONTEXT('2D SPACE',''
  ) );
#140 = ORIENTED_EDGE('',*,*,#141,.T.);
#141 = EDGE_CURVE('',#116,#142,#144,.T.);
#142 = VERTEX_POINT('',#143);
#143 = CARTESIAN_POINT('',(1.040949779275E-16,118.3,70.3));
#144 = SURFACE_CURVE('',#145,(#150,#161),.PCURVE_S1.);
#145 = CIRCLE('',#146,1.7);
#146 = AXIS2_PLACEMENT_3D('',#147,#148,#149);
#147 = CARTESIAN_POINT('',(0.,120.,70.3));
#148 = DIRECTION('',(0.,0.,-1.));
#149 = DIRECTION('',(-1.836970198721E-16,1.,0.));
#150 = PCURVE('',#32,#151);
#151 = DEFINITIONAL_REPRESENTATION('',(#152),#160);
#152 = ( BOUNDED_CURVE() B_SPLINE_CURVE(2,(#153,#154,#155,#156,#157,#158
,#159),.UNSPECIFIED.,.T.,.F.) B_SPLINE_CURVE_WITH_KNOTS((1,2,2,2,2,1),(
    -2.094395102393,0.,2.094395102393,4.188790204786,6.28318530718,
8.377580409573),.UNSPECIFIED.) CURVE() GEOMETRIC_REPRESENTATION_ITEM() 
RATIONAL_B_SPLINE_CURVE((1.,0.5,1.,0.5,1.,0.5,1.)) REPRESENTATION_ITEM(
  '') );
#153 = CARTESIAN_POINT('',(293.12,323.65));
#154 = CARTESIAN_POINT('',(296.06448637286,323.65));
#155 = CARTESIAN_POINT('',(294.59224318643,321.1));
#156 = CARTESIAN_POINT('',(293.12,318.55));
#157 = CARTESIAN_POINT('',(291.64775681356,321.1));
#158 = CARTESIAN_POINT('',(290.17551362713,323.65));
#159 = CARTESIAN_POINT('',(293.12,323.65));
#160 = ( GEOMETRIC_REPRESENTATION_CONTEXT(2) 
PARAMETRIC_REPRESENTATION_CONTEXT() REPRESENTATION_CONTEXT('2D SPACE',''
  ) );
#161 = PCURVE('',#162,#167);
#162 = CYLINDRICAL_SURFACE('',#163,1.7);
#163 = AXIS2_PLACEMENT_3D('',#164,#165,#166);
#164 = CARTESIAN_POINT('',(0.,120.,66.5));
#165 = DIRECTION('',(-0.,-0.,-1.));
#166 = DIRECTION('',(1.,0.,0.));
#167 = DEFINITIONAL_REPRESENTATION('',(#168),#172);
#168 = LINE('',#169,#170);
#169 = CARTESIAN_POINT('',(-7.853981633974,-3.8));
#170 = VECTOR('',#171,1.);
#171 = DIRECTION('',(1.,-0.));
#172 = ( GEOMETRIC_REPRESENTATION_CONTEXT(2) 
PARAMETRIC_REPRESENTATION_CONTEXT() REPRESENTATION_CONTEXT('2D SPACE',''
  ) );
#173 = ORIENTED_EDGE('',*,*,#174,.F.);
#174 = EDGE_CURVE('',#175,#142,#177,.T.);
#175 = VERTEX_POINT('',#176);
#176 = CARTESIAN_POINT('',(0.,92.,70.3));
#177 = SURFACE_CURVE('',#178,(#182,#188),.PCURVE_S1.);
#178 = LINE('',#179,#180);
#179 = CARTESIAN_POINT('',(0.,-100.975,70.3));
#180 = VECTOR('',#181,1.);
#181 = DIRECTION('',(0.,1.,0.));
#182 = PCURVE('',#32,#183);
#183 = DEFINITIONAL_REPRESENTATION('',(#184),#187);
#184 = B_SPLINE_CURVE_WITH_KNOTS('',1,(#185,#186),.UNSPECIFIED.,.F.,.F.,
  (2,2),(100.975,302.925),.PIECEWISE_BEZIER_KNOTS.);
#185 = CARTESIAN_POINT('',(293.12,201.95));
#186 = CARTESIAN_POINT('',(293.12,403.9));
#187 = ( GEOMETRIC_REPRESENTATION_CONTEXT(2) 
PARAMETRIC_REPRESENTATION_CONTEXT() REPRESENTATION_CONTEXT('2D SPACE',''
  ) );
#188 = PCURVE('',#189,#194);
#189 = PLANE('',#190);
#190 = AXIS2_PLACEMENT_3D('',#191,#192,#193);
#191 = CARTESIAN_POINT('',(0.,0.,-20.));
#192 = DIRECTION('',(1.,0.,0.));
#193 = DIRECTION('',(0.,0.,1.));
#194 = DEFINITIONAL_REPRESENTATION('',(#195),#198);
#195 = B_SPLINE_CURVE_WITH_KNOTS('',1,(#196,#197),.UNSPECIFIED.,.F.,.F.,
  (2,2),(100.975,302.925),.PIECEWISE_BEZIER_KNOTS.);
#196 = CARTESIAN_POINT('',(90.3,0.));
#197 = CARTESIAN_POINT('',(90.3,-201.95));
#198 = ( GEOMETRIC_REPRESENTATION_CONTEXT(2) 
PARAMETRIC_REPRESENTATION_CONTEXT() REPRESENTATION_CONTEXT('2D SPACE',''
  ) );
#199 = ORIENTED_EDGE('',*,*,#200,.T.);
#200 = EDGE_CURVE('',#175,#201,#203,.T.);
#201 = VERTEX_POINT('',#202);
#202 = CARTESIAN_POINT('',(5.,92.,70.3));
#203 = SURFACE_CURVE('',#204,(#208,#215),.PCURVE_S1.);
#204 = LINE('',#205,#206);
#205 = CARTESIAN_POINT('',(-5.,92.,70.3));
#206 = VECTOR('',#207,1.);
#207 = DIRECTION('',(1.,0.,0.));
#208 = PCURVE('',#32,#209);
#209 = DEFINITIONAL_REPRESENTATION('',(#210),#214);
#210 = LINE('',#211,#212);
#211 = CARTESIAN_POINT('',(288.12,293.95));
#212 = VECTOR('',#213,1.);
#213 = DIRECTION('',(1.,0.));
#214 = ( GEOMETRIC_REPRESENTATION_CONTEXT(2) 
PARAMETRIC_REPRESENTATION_CONTEXT() REPRESENTATION_CONTEXT('2D SPACE',''
  ) );
#215 = PCURVE('',#216,#221);
#216 = PLANE('',#217);
#217 = AXIS2_PLACEMENT_3D('',#218,#219,#220);
#218 = CARTESIAN_POINT('',(-5.,92.,67.5));
#219 = DIRECTION('',(0.,1.,0.));
#220 = DIRECTION('',(1.,0.,0.));
#221 = DEFINITIONAL_REPRESENTATION('',(#222),#226);
#222 = LINE('',#223,#224);
#223 = CARTESIAN_POINT('',(0.,-2.8));
#224 = VECTOR('',#225,1.);
#225 = DIRECTION('',(1.,0.));
#226 = ( GEOMETRIC_REPRESENTATION_CONTEXT(2) 
PARAMETRIC_REPRESENTATION_CONTEXT() REPRESENTATION_CONTEXT('2D SPACE',''
  ) );
#227 = ORIENTED_EDGE('',*,*,#228,.T.);
#228 = EDGE_CURVE('',#201,#229,#231,.T.);
#229 = VERTEX_POINT('',#230);
#230 = CARTESIAN_POINT('',(5.,181.95,70.3));
#231 = SURFACE_CURVE('',#232,(#236,#243),.PCURVE_S1.);
#232 = LINE('',#233,#234);
#233 = CARTESIAN_POINT('',(5.,92.,70.3));
#234 = VECTOR('',#235,1.);
#235 = DIRECTION('',(0.,1.,0.));
#236 = PCURVE('',#32,#237);
#237 = DEFINITIONAL_REPRESENTATION('',(#238),#242);
#238 = LINE('',#239,#240);
#239 = CARTESIAN_POINT('',(298.12,293.95));
#240 = VECTOR('',#241,1.);
#241 = DIRECTION('',(0.,1.));
#242 = ( GEOMETRIC_REPRESENTATION_CONTEXT(2) 
PARAMETRIC_REPRESENTATION_CONTEXT() REPRESENTATION_CONTEXT('2D SPACE',''
  ) );
#243 = PCURVE('',#244,#249);
#244 = PLANE('',#245);
#245 = AXIS2_PLACEMENT_3D('',#246,#247,#248);
#246 = CARTESIAN_POINT('',(5.,92.,67.5));
#247 = DIRECTION('',(-1.,0.,0.));
#248 = DIRECTION('',(0.,1.,0.));
#249 = DEFINITIONAL_REPRESENTATION('',(#250),#254);
#250 = LINE('',#251,#252);
#251 = CARTESIAN_POINT('',(0.,-2.8));
#252 = VECTOR('',#253,1.);
#253 = DIRECTION('',(1.,0.));
#254 = ( GEOMETRIC_REPRESENTATION_CONTEXT(2) 
PARAMETRIC_REPRESENTATION_CONTEXT() REPRESENTATION_CONTEXT('2D SPACE',''
  ) );
#255 = ORIENTED_EDGE('',*,*,#256,.T.);
#256 = EDGE_CURVE('',#229,#257,#259,.T.);
#257 = VERTEX_POINT('',#258);
#258 = CARTESIAN_POINT('',(273.12,181.95,70.3));
#259 = SURFACE_CURVE('',#260,(#264,#271),.PCURVE_S1.);
#260 = LINE('',#261,#262);
#261 = CARTESIAN_POINT('',(136.56,181.95,70.3));
#262 = VECTOR('',#263,1.);
#263 = DIRECTION('',(1.,0.,-0.));
#264 = PCURVE('',#32,#265);
#265 = DEFINITIONAL_REPRESENTATION('',(#266),#270);
#266 = LINE('',#267,#268);
#267 = CARTESIAN_POINT('',(429.68,383.9));
#268 = VECTOR('',#269,1.);
#269 = DIRECTION('',(1.,0.));
#270 = ( GEOMETRIC_REPRESENTATION_CONTEXT(2) 
PARAMETRIC_REPRESENTATION_CONTEXT() REPRESENTATION_CONTEXT('2D SPACE',''
  ) );
#271 = PCURVE('',#272,#277);
#272 = PLANE('',#273);
#273 = AXIS2_PLACEMENT_3D('',#274,#275,#276);
#274 = CARTESIAN_POINT('',(273.12,181.95,66.5));
#275 = DIRECTION('',(0.,-1.,0.));
#276 = DIRECTION('',(-1.,0.,0.));
#277 = DEFINITIONAL_REPRESENTATION('',(#278),#281);
#278 = B_SPLINE_CURVE_WITH_KNOTS('',1,(#279,#280),.UNSPECIFIED.,.F.,.F.,
  (2,2),(-409.68,136.56),.PIECEWISE_BEZIER_KNOTS.);
#279 = CARTESIAN_POINT('',(546.24,-3.8));
#280 = CARTESIAN_POINT('',(0.,-3.8));
#281 = ( GEOMETRIC_REPRESENTATION_CONTEXT(2) 
PARAMETRIC_REPRESENTATION_CONTEXT() REPRESENTATION_CONTEXT('2D SPACE',''
  ) );
#282 = ORIENTED_EDGE('',*,*,#283,.T.);
#283 = EDGE_CURVE('',#257,#284,#286,.T.);
#284 = VERTEX_POINT('',#285);
#285 = CARTESIAN_POINT('',(273.12,5.,70.3));
#286 = SURFACE_CURVE('',#287,(#291,#298),.PCURVE_S1.);
#287 = LINE('',#288,#289);
#288 = CARTESIAN_POINT('',(273.12,-90.975,70.3));
#289 = VECTOR('',#290,1.);
#290 = DIRECTION('',(0.,-1.,0.));
#291 = PCURVE('',#32,#292);
#292 = DEFINITIONAL_REPRESENTATION('',(#293),#297);
#293 = LINE('',#294,#295);
#294 = CARTESIAN_POINT('',(566.24,110.975));
#295 = VECTOR('',#296,1.);
#296 = DIRECTION('',(0.,-1.));
#297 = ( GEOMETRIC_REPRESENTATION_CONTEXT(2) 
PARAMETRIC_REPRESENTATION_CONTEXT() REPRESENTATION_CONTEXT('2D SPACE',''
  ) );
#298 = PCURVE('',#299,#304);
#299 = PLANE('',#300);
#300 = AXIS2_PLACEMENT_3D('',#301,#302,#303);
#301 = CARTESIAN_POINT('',(273.12,-181.95,66.5));
#302 = DIRECTION('',(-1.,0.,0.));
#303 = DIRECTION('',(0.,1.,0.));
#304 = DEFINITIONAL_REPRESENTATION('',(#305),#308);
#305 = B_SPLINE_CURVE_WITH_KNOTS('',1,(#306,#307),.UNSPECIFIED.,.F.,.F.,
  (2,2),(-272.925,90.975),.PIECEWISE_BEZIER_KNOTS.);
#306 = CARTESIAN_POINT('',(363.9,-3.8));
#307 = CARTESIAN_POINT('',(0.,-3.8));
#308 = ( GEOMETRIC_REPRESENTATION_CONTEXT(2) 
PARAMETRIC_REPRESENTATION_CONTEXT() REPRESENTATION_CONTEXT('2D SPACE',''
  ) );
#309 = ORIENTED_EDGE('',*,*,#310,.T.);
#310 = EDGE_CURVE('',#284,#311,#313,.T.);
#311 = VERTEX_POINT('',#312);
#312 = CARTESIAN_POINT('',(92.,5.,70.3));
#313 = SURFACE_CURVE('',#314,(#318,#325),.PCURVE_S1.);
#314 = LINE('',#315,#316);
#315 = CARTESIAN_POINT('',(273.12,5.,70.3));
#316 = VECTOR('',#317,1.);
#317 = DIRECTION('',(-1.,0.,0.));
#318 = PCURVE('',#32,#319);
#319 = DEFINITIONAL_REPRESENTATION('',(#320),#324);
#320 = LINE('',#321,#322);
#321 = CARTESIAN_POINT('',(566.24,206.95));
#322 = VECTOR('',#323,1.);
#323 = DIRECTION('',(-1.,0.));
#324 = ( GEOMETRIC_REPRESENTATION_CONTEXT(2) 
PARAMETRIC_REPRESENTATION_CONTEXT() REPRESENTATION_CONTEXT('2D SPACE',''
  ) );
#325 = PCURVE('',#326,#331);
#326 = PLANE('',#327);
#327 = AXIS2_PLACEMENT_3D('',#328,#329,#330);
#328 = CARTESIAN_POINT('',(273.12,5.,67.5));
#329 = DIRECTION('',(0.,-1.,0.));
#330 = DIRECTION('',(-1.,0.,0.));
#331 = DEFINITIONAL_REPRESENTATION('',(#332),#336);
#332 = LINE('',#333,#334);
#333 = CARTESIAN_POINT('',(0.,-2.8));
#334 = VECTOR('',#335,1.);
#335 = DIRECTION('',(1.,0.));
#336 = ( GEOMETRIC_REPRESENTATION_CONTEXT(2) 
PARAMETRIC_REPRESENTATION_CONTEXT() REPRESENTATION_CONTEXT('2D SPACE',''
  ) );
#337 = ORIENTED_EDGE('',*,*,#338,.T.);
#338 = EDGE_CURVE('',#311,#339,#341,.T.);
#339 = VERTEX_POINT('',#340);
#340 = CARTESIAN_POINT('',(92.,0.,70.3));
#341 = SURFACE_CURVE('',#342,(#346,#353),.PCURVE_S1.);
#342 = LINE('',#343,#344);
#343 = CARTESIAN_POINT('',(92.,5.,70.3));
#344 = VECTOR('',#345,1.);
#345 = DIRECTION('',(0.,-1.,0.));
#346 = PCURVE('',#32,#347);
#347 = DEFINITIONAL_REPRESENTATION('',(#348),#352);
#348 = LINE('',#349,#350);
#349 = CARTESIAN_POINT('',(385.12,206.95));
#350 = VECTOR('',#351,1.);
#351 = DIRECTION('',(0.,-1.));
#352 = ( GEOMETRIC_REPRESENTATION_CONTEXT(2) 
PARAMETRIC_REPRESENTATION_CONTEXT() REPRESENTATION_CONTEXT('2D SPACE',''
  ) );
#353 = PCURVE('',#354,#359);
#354 = PLANE('',#355);
#355 = AXIS2_PLACEMENT_3D('',#356,#357,#358);
#356 = CARTESIAN_POINT('',(92.,5.,67.5));
#357 = DIRECTION('',(1.,0.,-0.));
#358 = DIRECTION('',(0.,-1.,0.));
#359 = DEFINITIONAL_REPRESENTATION('',(#360),#364);
#360 = LINE('',#361,#362);
#361 = CARTESIAN_POINT('',(0.,-2.8));
#362 = VECTOR('',#363,1.);
#363 = DIRECTION('',(1.,0.));
#364 = ( GEOMETRIC_REPRESENTATION_CONTEXT(2) 
PARAMETRIC_REPRESENTATION_CONTEXT() REPRESENTATION_CONTEXT('2D SPACE',''
  ) );
#365 = ORIENTED_EDGE('',*,*,#366,.F.);
#366 = EDGE_CURVE('',#367,#339,#369,.T.);
#367 = VERTEX_POINT('',#368);
#368 = CARTESIAN_POINT('',(128.3,-2.081899558551E-16,70.3));
#369 = SURFACE_CURVE('',#370,(#374,#380),.PCURVE_S1.);
#370 = LINE('',#371,#372);
#371 = CARTESIAN_POINT('',(-146.56,0.,70.3));
#372 = VECTOR('',#373,1.);
#373 = DIRECTION('',(-1.,0.,0.));
#374 = PCURVE('',#32,#375);
#375 = DEFINITIONAL_REPRESENTATION('',(#376),#379);
#376 = B_SPLINE_CURVE_WITH_KNOTS('',1,(#377,#378),.UNSPECIFIED.,.F.,.F.,
  (2,2),(-439.68,-146.56),.PIECEWISE_BEZIER_KNOTS.);
#377 = CARTESIAN_POINT('',(586.24,201.95));
#378 = CARTESIAN_POINT('',(293.12,201.95));
#379 = ( GEOMETRIC_REPRESENTATION_CONTEXT(2) 
PARAMETRIC_REPRESENTATION_CONTEXT() REPRESENTATION_CONTEXT('2D SPACE',''
  ) );
#380 = PCURVE('',#381,#386);
#381 = PLANE('',#382);
#382 = AXIS2_PLACEMENT_3D('',#383,#384,#385);
#383 = CARTESIAN_POINT('',(0.,0.,-20.));
#384 = DIRECTION('',(0.,1.,0.));
#385 = DIRECTION('',(0.,0.,1.));
#386 = DEFINITIONAL_REPRESENTATION('',(#387),#390);
#387 = B_SPLINE_CURVE_WITH_KNOTS('',1,(#388,#389),.UNSPECIFIED.,.F.,.F.,
  (2,2),(-439.68,-146.56),.PIECEWISE_BEZIER_KNOTS.);
#388 = CARTESIAN_POINT('',(90.3,293.12));
#389 = CARTESIAN_POINT('',(90.3,0.));
#390 = ( GEOMETRIC_REPRESENTATION_CONTEXT(2) 
PARAMETRIC_REPRESENTATION_CONTEXT() REPRESENTATION_CONTEXT('2D SPACE',''
  ) );
#391 = ORIENTED_EDGE('',*,*,#392,.T.);
#392 = EDGE_CURVE('',#367,#393,#395,.T.);
#393 = VERTEX_POINT('',#394);
#394 = CARTESIAN_POINT('',(131.7,0.,70.3));
#395 = SURFACE_CURVE('',#396,(#401,#412),.PCURVE_S1.);
#396 = CIRCLE('',#397,1.7);
#397 = AXIS2_PLACEMENT_3D('',#398,#399,#400);
#398 = CARTESIAN_POINT('',(130.,0.,70.3));
#399 = DIRECTION('',(0.,0.,-1.));
#400 = DIRECTION('',(1.,0.,0.));
#401 = PCURVE('',#32,#402);
#402 = DEFINITIONAL_REPRESENTATION('',(#403),#411);
#403 = ( BOUNDED_CURVE() B_SPLINE_CURVE(2,(#404,#405,#406,#407,#408,#409
,#410),.UNSPECIFIED.,.T.,.F.) B_SPLINE_CURVE_WITH_KNOTS((1,2,2,2,2,1),(
    -2.094395102393,0.,2.094395102393,4.188790204786,6.28318530718,
8.377580409573),.UNSPECIFIED.) CURVE() GEOMETRIC_REPRESENTATION_ITEM() 
RATIONAL_B_SPLINE_CURVE((1.,0.5,1.,0.5,1.,0.5,1.)) REPRESENTATION_ITEM(
  '') );
#404 = CARTESIAN_POINT('',(424.82,201.95));
#405 = CARTESIAN_POINT('',(424.82,199.00551362713));
#406 = CARTESIAN_POINT('',(422.27,200.47775681356));
#407 = CARTESIAN_POINT('',(419.72,201.95));
#408 = CARTESIAN_POINT('',(422.27,203.42224318643));
#409 = CARTESIAN_POINT('',(424.82,204.89448637286));
#410 = CARTESIAN_POINT('',(424.82,201.95));
#411 = ( GEOMETRIC_REPRESENTATION_CONTEXT(2) 
PARAMETRIC_REPRESENTATION_CONTEXT() REPRESENTATION_CONTEXT('2D SPACE',''
  ) );
#412 = PCURVE('',#413,#418);
#413 = CYLINDRICAL_SURFACE('',#414,1.7);
#414 = AXIS2_PLACEMENT_3D('',#415,#416,#417);
#415 = CARTESIAN_POINT('',(130.,0.,66.5));
#416 = DIRECTION('',(-0.,-0.,-1.));
#417 = DIRECTION('',(1.,0.,0.));
#418 = DEFINITIONAL_REPRESENTATION('',(#419),#423);
#419 = LINE('',#420,#421);
#420 = CARTESIAN_POINT('',(-6.28318530718,-3.8));
#421 = VECTOR('',#422,1.);
#422 = DIRECTION('',(1.,-0.));
#423 = ( GEOMETRIC_REPRESENTATION_CONTEXT(2) 
PARAMETRIC_REPRESENTATION_CONTEXT() REPRESENTATION_CONTEXT('2D SPACE',''
  ) );
#424 = ORIENTED_EDGE('',*,*,#425,.F.);
#425 = EDGE_CURVE('',#426,#393,#428,.T.);
#426 = VERTEX_POINT('',#427);
#427 = CARTESIAN_POINT('',(228.3,-2.081899558551E-16,70.3));
#428 = SURFACE_CURVE('',#429,(#433,#439),.PCURVE_S1.);
#429 = LINE('',#430,#431);
#430 = CARTESIAN_POINT('',(-146.56,0.,70.3));
#431 = VECTOR('',#432,1.);
#432 = DIRECTION('',(-1.,0.,0.));
#433 = PCURVE('',#32,#434);
#434 = DEFINITIONAL_REPRESENTATION('',(#435),#438);
#435 = B_SPLINE_CURVE_WITH_KNOTS('',1,(#436,#437),.UNSPECIFIED.,.F.,.F.,
  (2,2),(-439.68,-146.56),.PIECEWISE_BEZIER_KNOTS.);
#436 = CARTESIAN_POINT('',(586.24,201.95));
#437 = CARTESIAN_POINT('',(293.12,201.95));
#438 = ( GEOMETRIC_REPRESENTATION_CONTEXT(2) 
PARAMETRIC_REPRESENTATION_CONTEXT() REPRESENTATION_CONTEXT('2D SPACE',''
  ) );
#439 = PCURVE('',#440,#445);
#440 = PLANE('',#441);
#441 = AXIS2_PLACEMENT_3D('',#442,#443,#444);
#442 = CARTESIAN_POINT('',(0.,0.,-20.));
#443 = DIRECTION('',(0.,1.,0.));
#444 = DIRECTION('',(0.,0.,1.));
#445 = DEFINITIONAL_REPRESENTATION('',(#446),#449);
#446 = B_SPLINE_CURVE_WITH_KNOTS('',1,(#447,#448),.UNSPECIFIED.,.F.,.F.,
  (2,2),(-439.68,-146.56),.PIECEWISE_BEZIER_KNOTS.);
#447 = CARTESIAN_POINT('',(90.3,293.12));
#448 = CARTESIAN_POINT('',(90.3,0.));
#449 = ( GEOMETRIC_REPRESENTATION_CONTEXT(2) 
PARAMETRIC_REPRESENTATION_CONTEXT() REPRESENTATION_CONTEXT('2D SPACE',''
  ) );
#450 = ORIENTED_EDGE('',*,*,#451,.T.);
#451 = EDGE_CURVE('',#426,#452,#454,.T.);
#452 = VERTEX_POINT('',#453);
#453 = CARTESIAN_POINT('',(231.7,0.,70.3));
#454 = SURFACE_CURVE('',#455,(#460,#471),.PCURVE_S1.);
#455 = CIRCLE('',#456,1.7);
#456 = AXIS2_PLACEMENT_3D('',#457,#458,#459);
#457 = CARTESIAN_POINT('',(230.,0.,70.3));
#458 = DIRECTION('',(0.,0.,-1.));
#459 = DIRECTION('',(1.,0.,0.));
#460 = PCURVE('',#32,#461);
#461 = DEFINITIONAL_REPRESENTATION('',(#462),#470);
#462 = ( BOUNDED_CURVE() B_SPLINE_CURVE(2,(#463,#464,#465,#466,#467,#468
,#469),.UNSPECIFIED.,.T.,.F.) B_SPLINE_CURVE_WITH_KNOTS((1,2,2,2,2,1),(
    -2.094395102393,0.,2.094395102393,4.188790204786,6.28318530718,
8.377580409573),.UNSPECIFIED.) CURVE() GEOMETRIC_REPRESENTATION_ITEM() 
RATIONAL_B_SPLINE_CURVE((1.,0.5,1.,0.5,1.,0.5,1.)) REPRESENTATION_ITEM(
  '') );
#463 = CARTESIAN_POINT('',(524.82,201.95));
#464 = CARTESIAN_POINT('',(524.82,199.00551362713));
#465 = CARTESIAN_POINT('',(522.27,200.47775681356));
#466 = CARTESIAN_POINT('',(519.72,201.95));
#467 = CARTESIAN_POINT('',(522.27,203.42224318643));
#468 = CARTESIAN_POINT('',(524.82,204.89448637286));
#469 = CARTESIAN_POINT('',(524.82,201.95));
#470 = ( GEOMETRIC_REPRESENTATION_CONTEXT(2) 
PARAMETRIC_REPRESENTATION_CONTEXT() REPRESENTATION_CONTEXT('2D SPACE',''
  ) );
#471 = PCURVE('',#472,#477);
#472 = CYLINDRICAL_SURFACE('',#473,1.7);
#473 = AXIS2_PLACEMENT_3D('',#474,#475,#476);
#474 = CARTESIAN_POINT('',(230.,0.,66.5));
#475 = DIRECTION('',(-0.,-0.,-1.));
#476 = DIRECTION('',(1.,0.,0.));
#477 = DEFINITIONAL_REPRESENTATION('',(#478),#482);
#478 = LINE('',#479,#480);
#479 = CARTESIAN_POINT('',(-6.28318530718,-3.8));
#480 = VECTOR('',#481,1.);
#481 = DIRECTION('',(1.,-0.));
#482 = ( GEOMETRIC_REPRESENTATION_CONTEXT(2) 
PARAMETRIC_REPRESENTATION_CONTEXT() REPRESENTATION_CONTEXT('2D SPACE',''
  ) );
#483 = ORIENTED_EDGE('',*,*,#484,.F.);
#484 = EDGE_CURVE('',#485,#452,#487,.T.);
#485 = VERTEX_POINT('',#486);
#486 = CARTESIAN_POINT('',(293.12,0.,70.3));
#487 = SURFACE_CURVE('',#488,(#492,#498),.PCURVE_S1.);
#488 = LINE('',#489,#490);
#489 = CARTESIAN_POINT('',(-146.56,0.,70.3));
#490 = VECTOR('',#491,1.);
#491 = DIRECTION('',(-1.,0.,0.));
#492 = PCURVE('',#32,#493);
#493 = DEFINITIONAL_REPRESENTATION('',(#494),#497);
#494 = B_SPLINE_CURVE_WITH_KNOTS('',1,(#495,#496),.UNSPECIFIED.,.F.,.F.,
  (2,2),(-439.68,-146.56),.PIECEWISE_BEZIER_KNOTS.);
#495 = CARTESIAN_POINT('',(586.24,201.95));
#496 = CARTESIAN_POINT('',(293.12,201.95));
#497 = ( GEOMETRIC_REPRESENTATION_CONTEXT(2) 
PARAMETRIC_REPRESENTATION_CONTEXT() REPRESENTATION_CONTEXT('2D SPACE',''
  ) );
#498 = PCURVE('',#499,#504);
#499 = PLANE('',#500);
#500 = AXIS2_PLACEMENT_3D('',#501,#502,#503);
#501 = CARTESIAN_POINT('',(0.,0.,-20.));
#502 = DIRECTION('',(0.,1.,0.));
#503 = DIRECTION('',(0.,0.,1.));
#504 = DEFINITIONAL_REPRESENTATION('',(#505),#508);
#505 = B_SPLINE_CURVE_WITH_KNOTS('',1,(#506,#507),.UNSPECIFIED.,.F.,.F.,
  (2,2),(-439.68,-146.56),.PIECEWISE_BEZIER_KNOTS.);
#506 = CARTESIAN_POINT('',(90.3,293.12));
#507 = CARTESIAN_POINT('',(90.3,0.));
#508 = ( GEOMETRIC_REPRESENTATION_CONTEXT(2) 
PARAMETRIC_REPRESENTATION_CONTEXT() REPRESENTATION_CONTEXT('2D SPACE',''
  ) );
#509 = ORIENTED_EDGE('',*,*,#510,.T.);
#510 = EDGE_CURVE('',#485,#22,#511,.T.);
#511 = SURFACE_CURVE('',#512,(#516,#523),.PCURVE_S1.);
#512 = LINE('',#513,#514);
#513 = CARTESIAN_POINT('',(293.12,-201.95,70.3));
#514 = VECTOR('',#515,1.);
#515 = DIRECTION('',(0.,1.,0.));
#516 = PCURVE('',#32,#517);
#517 = DEFINITIONAL_REPRESENTATION('',(#518),#522);
#518 = LINE('',#519,#520);
#519 = CARTESIAN_POINT('',(586.24,0.));
#520 = VECTOR('',#521,1.);
#521 = DIRECTION('',(0.,1.));
#522 = ( GEOMETRIC_REPRESENTATION_CONTEXT(2) 
PARAMETRIC_REPRESENTATION_CONTEXT() REPRESENTATION_CONTEXT('2D SPACE',''
  ) );
#523 = PCURVE('',#524,#529);
#524 = PLANE('',#525);
#525 = AXIS2_PLACEMENT_3D('',#526,#527,#528);
#526 = CARTESIAN_POINT('',(293.12,-201.95,0.));
#527 = DIRECTION('',(1.,0.,0.));
#528 = DIRECTION('',(0.,0.,1.));
#529 = DEFINITIONAL_REPRESENTATION('',(#530),#534);
#530 = LINE('',#531,#532);
#531 = CARTESIAN_POINT('',(70.3,0.));
#532 = VECTOR('',#533,1.);
#533 = DIRECTION('',(0.,-1.));
#534 = ( GEOMETRIC_REPRESENTATION_CONTEXT(2) 
PARAMETRIC_REPRESENTATION_CONTEXT() REPRESENTATION_CONTEXT('2D SPACE',''
  ) );
#535 = ADVANCED_FACE('',(#536),#524,.T.);
#536 = FACE_BOUND('',#537,.T.);
#537 = EDGE_LOOP('',(#538,#539,#560,#586,#612,#638,#664,#692));
#538 = ORIENTED_EDGE('',*,*,#510,.F.);
#539 = ORIENTED_EDGE('',*,*,#540,.F.);
#540 = EDGE_CURVE('',#541,#485,#543,.T.);
#541 = VERTEX_POINT('',#542);
#542 = CARTESIAN_POINT('',(293.12,0.,64.3));
#543 = SURFACE_CURVE('',#544,(#548,#554),.PCURVE_S1.);
#544 = LINE('',#545,#546);
#545 = CARTESIAN_POINT('',(293.12,0.,-10.));
#546 = VECTOR('',#547,1.);
#547 = DIRECTION('',(0.,0.,1.));
#548 = PCURVE('',#524,#549);
#549 = DEFINITIONAL_REPRESENTATION('',(#550),#553);
#550 = B_SPLINE_CURVE_WITH_KNOTS('',1,(#551,#552),.UNSPECIFIED.,.F.,.F.,
  (2,2),(10.,80.3),.PIECEWISE_BEZIER_KNOTS.);
#551 = CARTESIAN_POINT('',(0.,-201.95));
#552 = CARTESIAN_POINT('',(70.3,-201.95));
#553 = ( GEOMETRIC_REPRESENTATION_CONTEXT(2) 
PARAMETRIC_REPRESENTATION_CONTEXT() REPRESENTATION_CONTEXT('2D SPACE',''
  ) );
#554 = PCURVE('',#499,#555);
#555 = DEFINITIONAL_REPRESENTATION('',(#556),#559);
#556 = B_SPLINE_CURVE_WITH_KNOTS('',1,(#557,#558),.UNSPECIFIED.,.F.,.F.,
  (2,2),(10.,80.3),.PIECEWISE_BEZIER_KNOTS.);
#557 = CARTESIAN_POINT('',(20.,293.12));
#558 = CARTESIAN_POINT('',(90.3,293.12));
#559 = ( GEOMETRIC_REPRESENTATION_CONTEXT(2) 
PARAMETRIC_REPRESENTATION_CONTEXT() REPRESENTATION_CONTEXT('2D SPACE',''
  ) );
#560 = ORIENTED_EDGE('',*,*,#561,.F.);
#561 = EDGE_CURVE('',#562,#541,#564,.T.);
#562 = VERTEX_POINT('',#563);
#563 = CARTESIAN_POINT('',(293.12,150.,64.3));
#564 = SURFACE_CURVE('',#565,(#569,#575),.PCURVE_S1.);
#565 = LINE('',#566,#567);
#566 = CARTESIAN_POINT('',(293.12,-175.975,64.3));
#567 = VECTOR('',#568,1.);
#568 = DIRECTION('',(0.,-1.,0.));
#569 = PCURVE('',#524,#570);
#570 = DEFINITIONAL_REPRESENTATION('',(#571),#574);
#571 = B_SPLINE_CURVE_WITH_KNOTS('',1,(#572,#573),.UNSPECIFIED.,.F.,.F.,
  (2,2),(-325.975,-25.975),.PIECEWISE_BEZIER_KNOTS.);
#572 = CARTESIAN_POINT('',(64.3,-351.95));
#573 = CARTESIAN_POINT('',(64.3,-51.95));
#574 = ( GEOMETRIC_REPRESENTATION_CONTEXT(2) 
PARAMETRIC_REPRESENTATION_CONTEXT() REPRESENTATION_CONTEXT('2D SPACE',''
  ) );
#575 = PCURVE('',#576,#581);
#576 = PLANE('',#577);
#577 = AXIS2_PLACEMENT_3D('',#578,#579,#580);
#578 = CARTESIAN_POINT('',(287.12,-150.,64.3));
#579 = DIRECTION('',(0.,0.,1.));
#580 = DIRECTION('',(1.,0.,0.));
#581 = DEFINITIONAL_REPRESENTATION('',(#582),#585);
#582 = B_SPLINE_CURVE_WITH_KNOTS('',1,(#583,#584),.UNSPECIFIED.,.F.,.F.,
  (2,2),(-325.975,-25.975),.PIECEWISE_BEZIER_KNOTS.);
#583 = CARTESIAN_POINT('',(6.,300.));
#584 = CARTESIAN_POINT('',(6.,0.));
#585 = ( GEOMETRIC_REPRESENTATION_CONTEXT(2) 
PARAMETRIC_REPRESENTATION_CONTEXT() REPRESENTATION_CONTEXT('2D SPACE',''
  ) );
#586 = ORIENTED_EDGE('',*,*,#587,.F.);
#587 = EDGE_CURVE('',#588,#562,#590,.T.);
#588 = VERTEX_POINT('',#589);
#589 = CARTESIAN_POINT('',(293.12,150.,12.));
#590 = SURFACE_CURVE('',#591,(#595,#601),.PCURVE_S1.);
#591 = LINE('',#592,#593);
#592 = CARTESIAN_POINT('',(293.12,150.,6.));
#593 = VECTOR('',#594,1.);
#594 = DIRECTION('',(0.,0.,1.));
#595 = PCURVE('',#524,#596);
#596 = DEFINITIONAL_REPRESENTATION('',(#597),#600);
#597 = B_SPLINE_CURVE_WITH_KNOTS('',1,(#598,#599),.UNSPECIFIED.,.F.,.F.,
  (2,2),(6.,58.3),.PIECEWISE_BEZIER_KNOTS.);
#598 = CARTESIAN_POINT('',(12.,-351.95));
#599 = CARTESIAN_POINT('',(64.3,-351.95));
#600 = ( GEOMETRIC_REPRESENTATION_CONTEXT(2) 
PARAMETRIC_REPRESENTATION_CONTEXT() REPRESENTATION_CONTEXT('2D SPACE',''
  ) );
#601 = PCURVE('',#602,#607);
#602 = PLANE('',#603);
#603 = AXIS2_PLACEMENT_3D('',#604,#605,#606);
#604 = CARTESIAN_POINT('',(287.12,150.,12.));
#605 = DIRECTION('',(0.,1.,0.));
#606 = DIRECTION('',(0.,0.,1.));
#607 = DEFINITIONAL_REPRESENTATION('',(#608),#611);
#608 = B_SPLINE_CURVE_WITH_KNOTS('',1,(#609,#610),.UNSPECIFIED.,.F.,.F.,
  (2,2),(6.,58.3),.PIECEWISE_BEZIER_KNOTS.);
#609 = CARTESIAN_POINT('',(0.,6.));
#610 = CARTESIAN_POINT('',(52.3,6.));
#611 = ( GEOMETRIC_REPRESENTATION_CONTEXT(2) 
PARAMETRIC_REPRESENTATION_CONTEXT() REPRESENTATION_CONTEXT('2D SPACE',''
  ) );
#612 = ORIENTED_EDGE('',*,*,#613,.T.);
#613 = EDGE_CURVE('',#588,#614,#616,.T.);
#614 = VERTEX_POINT('',#615);
#615 = CARTESIAN_POINT('',(293.12,0.,12.));
#616 = SURFACE_CURVE('',#617,(#621,#627),.PCURVE_S1.);
#617 = LINE('',#618,#619);
#618 = CARTESIAN_POINT('',(293.12,-175.975,12.));
#619 = VECTOR('',#620,1.);
#620 = DIRECTION('',(0.,-1.,0.));
#621 = PCURVE('',#524,#622);
#622 = DEFINITIONAL_REPRESENTATION('',(#623),#626);
#623 = B_SPLINE_CURVE_WITH_KNOTS('',1,(#624,#625),.UNSPECIFIED.,.F.,.F.,
  (2,2),(-325.975,-25.975),.PIECEWISE_BEZIER_KNOTS.);
#624 = CARTESIAN_POINT('',(12.,-351.95));
#625 = CARTESIAN_POINT('',(12.,-51.95));
#626 = ( GEOMETRIC_REPRESENTATION_CONTEXT(2) 
PARAMETRIC_REPRESENTATION_CONTEXT() REPRESENTATION_CONTEXT('2D SPACE',''
  ) );
#627 = PCURVE('',#628,#633);
#628 = PLANE('',#629);
#629 = AXIS2_PLACEMENT_3D('',#630,#631,#632);
#630 = CARTESIAN_POINT('',(287.12,-150.,12.));
#631 = DIRECTION('',(0.,0.,1.));
#632 = DIRECTION('',(1.,0.,0.));
#633 = DEFINITIONAL_REPRESENTATION('',(#634),#637);
#634 = B_SPLINE_CURVE_WITH_KNOTS('',1,(#635,#636),.UNSPECIFIED.,.F.,.F.,
  (2,2),(-325.975,-25.975),.PIECEWISE_BEZIER_KNOTS.);
#635 = CARTESIAN_POINT('',(6.,300.));
#636 = CARTESIAN_POINT('',(6.,0.));
#637 = ( GEOMETRIC_REPRESENTATION_CONTEXT(2) 
PARAMETRIC_REPRESENTATION_CONTEXT() REPRESENTATION_CONTEXT('2D SPACE',''
  ) );
#638 = ORIENTED_EDGE('',*,*,#639,.F.);
#639 = EDGE_CURVE('',#640,#614,#642,.T.);
#640 = VERTEX_POINT('',#641);
#641 = CARTESIAN_POINT('',(293.12,0.,0.));
#642 = SURFACE_CURVE('',#643,(#647,#653),.PCURVE_S1.);
#643 = LINE('',#644,#645);
#644 = CARTESIAN_POINT('',(293.12,0.,-10.));
#645 = VECTOR('',#646,1.);
#646 = DIRECTION('',(0.,0.,1.));
#647 = PCURVE('',#524,#648);
#648 = DEFINITIONAL_REPRESENTATION('',(#649),#652);
#649 = B_SPLINE_CURVE_WITH_KNOTS('',1,(#650,#651),.UNSPECIFIED.,.F.,.F.,
  (2,2),(10.,80.3),.PIECEWISE_BEZIER_KNOTS.);
#650 = CARTESIAN_POINT('',(0.,-201.95));
#651 = CARTESIAN_POINT('',(70.3,-201.95));
#652 = ( GEOMETRIC_REPRESENTATION_CONTEXT(2) 
PARAMETRIC_REPRESENTATION_CONTEXT() REPRESENTATION_CONTEXT('2D SPACE',''
  ) );
#653 = PCURVE('',#654,#659);
#654 = PLANE('',#655);
#655 = AXIS2_PLACEMENT_3D('',#656,#657,#658);
#656 = CARTESIAN_POINT('',(0.,0.,-20.));
#657 = DIRECTION('',(0.,1.,0.));
#658 = DIRECTION('',(0.,0.,1.));
#659 = DEFINITIONAL_REPRESENTATION('',(#660),#663);
#660 = B_SPLINE_CURVE_WITH_KNOTS('',1,(#661,#662),.UNSPECIFIED.,.F.,.F.,
  (2,2),(10.,80.3),.PIECEWISE_BEZIER_KNOTS.);
#661 = CARTESIAN_POINT('',(20.,293.12));
#662 = CARTESIAN_POINT('',(90.3,293.12));
#663 = ( GEOMETRIC_REPRESENTATION_CONTEXT(2) 
PARAMETRIC_REPRESENTATION_CONTEXT() REPRESENTATION_CONTEXT('2D SPACE',''
  ) );
#664 = ORIENTED_EDGE('',*,*,#665,.F.);
#665 = EDGE_CURVE('',#666,#640,#668,.T.);
#666 = VERTEX_POINT('',#667);
#667 = CARTESIAN_POINT('',(293.12,201.95,0.));
#668 = SURFACE_CURVE('',#669,(#673,#680),.PCURVE_S1.);
#669 = LINE('',#670,#671);
#670 = CARTESIAN_POINT('',(293.12,201.95,0.));
#671 = VECTOR('',#672,1.);
#672 = DIRECTION('',(0.,-1.,0.));
#673 = PCURVE('',#524,#674);
#674 = DEFINITIONAL_REPRESENTATION('',(#675),#679);
#675 = LINE('',#676,#677);
#676 = CARTESIAN_POINT('',(0.,-403.9));
#677 = VECTOR('',#678,1.);
#678 = DIRECTION('',(0.,1.));
#679 = ( GEOMETRIC_REPRESENTATION_CONTEXT(2) 
PARAMETRIC_REPRESENTATION_CONTEXT() REPRESENTATION_CONTEXT('2D SPACE',''
  ) );
#680 = PCURVE('',#681,#686);
#681 = PLANE('',#682);
#682 = AXIS2_PLACEMENT_3D('',#683,#684,#685);
#683 = CARTESIAN_POINT('',(-293.12,-201.95,0.));
#684 = DIRECTION('',(0.,0.,1.));
#685 = DIRECTION('',(1.,0.,0.));
#686 = DEFINITIONAL_REPRESENTATION('',(#687),#691);
#687 = LINE('',#688,#689);
#688 = CARTESIAN_POINT('',(586.24,403.9));
#689 = VECTOR('',#690,1.);
#690 = DIRECTION('',(0.,-1.));
#691 = ( GEOMETRIC_REPRESENTATION_CONTEXT(2) 
PARAMETRIC_REPRESENTATION_CONTEXT() REPRESENTATION_CONTEXT('2D SPACE',''
  ) );
#692 = ORIENTED_EDGE('',*,*,#693,.F.);
#693 = EDGE_CURVE('',#22,#666,#694,.T.);
#694 = SURFACE_CURVE('',#695,(#699,#706),.PCURVE_S1.);
#695 = LINE('',#696,#697);
#696 = CARTESIAN_POINT('',(293.12,201.95,70.3));
#697 = VECTOR('',#698,1.);
#698 = DIRECTION('',(0.,0.,-1.));
#699 = PCURVE('',#524,#700);
#700 = DEFINITIONAL_REPRESENTATION('',(#701),#705);
#701 = LINE('',#702,#703);
#702 = CARTESIAN_POINT('',(70.3,-403.9));
#703 = VECTOR('',#704,1.);
#704 = DIRECTION('',(-1.,0.));
#705 = ( GEOMETRIC_REPRESENTATION_CONTEXT(2) 
PARAMETRIC_REPRESENTATION_CONTEXT() REPRESENTATION_CONTEXT('2D SPACE',''
  ) );
#706 = PCURVE('',#44,#707);
#707 = DEFINITIONAL_REPRESENTATION('',(#708),#712);
#708 = LINE('',#709,#710);
#709 = CARTESIAN_POINT('',(70.3,586.24));
#710 = VECTOR('',#711,1.);
#711 = DIRECTION('',(-1.,0.));
#712 = ( GEOMETRIC_REPRESENTATION_CONTEXT(2) 
PARAMETRIC_REPRESENTATION_CONTEXT() REPRESENTATION_CONTEXT('2D SPACE',''
  ) );
#713 = ADVANCED_FACE('',(#714),#576,.F.);
#714 = FACE_BOUND('',#715,.F.);
#715 = EDGE_LOOP('',(#716,#739,#765,#784));
#716 = ORIENTED_EDGE('',*,*,#717,.F.);
#717 = EDGE_CURVE('',#718,#562,#720,.T.);
#718 = VERTEX_POINT('',#719);
#719 = CARTESIAN_POINT('',(290.12,150.,64.3));
#720 = SURFACE_CURVE('',#721,(#725,#732),.PCURVE_S1.);
#721 = LINE('',#722,#723);
#722 = CARTESIAN_POINT('',(287.12,150.,64.3));
#723 = VECTOR('',#724,1.);
#724 = DIRECTION('',(1.,0.,0.));
#725 = PCURVE('',#576,#726);
#726 = DEFINITIONAL_REPRESENTATION('',(#727),#731);
#727 = LINE('',#728,#729);
#728 = CARTESIAN_POINT('',(0.,300.));
#729 = VECTOR('',#730,1.);
#730 = DIRECTION('',(1.,0.));
#731 = ( GEOMETRIC_REPRESENTATION_CONTEXT(2) 
PARAMETRIC_REPRESENTATION_CONTEXT() REPRESENTATION_CONTEXT('2D SPACE',''
  ) );
#732 = PCURVE('',#602,#733);
#733 = DEFINITIONAL_REPRESENTATION('',(#734),#738);
#734 = LINE('',#735,#736);
#735 = CARTESIAN_POINT('',(52.3,0.));
#736 = VECTOR('',#737,1.);
#737 = DIRECTION('',(0.,1.));
#738 = ( GEOMETRIC_REPRESENTATION_CONTEXT(2) 
PARAMETRIC_REPRESENTATION_CONTEXT() REPRESENTATION_CONTEXT('2D SPACE',''
  ) );
#739 = ORIENTED_EDGE('',*,*,#740,.T.);
#740 = EDGE_CURVE('',#718,#741,#743,.T.);
#741 = VERTEX_POINT('',#742);
#742 = CARTESIAN_POINT('',(290.12,0.,64.3));
#743 = SURFACE_CURVE('',#744,(#748,#754),.PCURVE_S1.);
#744 = LINE('',#745,#746);
#745 = CARTESIAN_POINT('',(290.12,-175.975,64.3));
#746 = VECTOR('',#747,1.);
#747 = DIRECTION('',(0.,-1.,0.));
#748 = PCURVE('',#576,#749);
#749 = DEFINITIONAL_REPRESENTATION('',(#750),#753);
#750 = B_SPLINE_CURVE_WITH_KNOTS('',1,(#751,#752),.UNSPECIFIED.,.F.,.F.,
  (2,2),(-325.975,-25.975),.PIECEWISE_BEZIER_KNOTS.);
#751 = CARTESIAN_POINT('',(3.,300.));
#752 = CARTESIAN_POINT('',(3.,0.));
#753 = ( GEOMETRIC_REPRESENTATION_CONTEXT(2) 
PARAMETRIC_REPRESENTATION_CONTEXT() REPRESENTATION_CONTEXT('2D SPACE',''
  ) );
#754 = PCURVE('',#755,#760);
#755 = PLANE('',#756);
#756 = AXIS2_PLACEMENT_3D('',#757,#758,#759);
#757 = CARTESIAN_POINT('',(290.12,-201.95,0.));
#758 = DIRECTION('',(1.,0.,0.));
#759 = DIRECTION('',(0.,0.,1.));
#760 = DEFINITIONAL_REPRESENTATION('',(#761),#764);
#761 = B_SPLINE_CURVE_WITH_KNOTS('',1,(#762,#763),.UNSPECIFIED.,.F.,.F.,
  (2,2),(-325.975,-25.975),.PIECEWISE_BEZIER_KNOTS.);
#762 = CARTESIAN_POINT('',(64.3,-351.95));
#763 = CARTESIAN_POINT('',(64.3,-51.95));
#764 = ( GEOMETRIC_REPRESENTATION_CONTEXT(2) 
PARAMETRIC_REPRESENTATION_CONTEXT() REPRESENTATION_CONTEXT('2D SPACE',''
  ) );
#765 = ORIENTED_EDGE('',*,*,#766,.F.);
#766 = EDGE_CURVE('',#541,#741,#767,.T.);
#767 = SURFACE_CURVE('',#768,(#772,#778),.PCURVE_S1.);
#768 = LINE('',#769,#770);
#769 = CARTESIAN_POINT('',(143.56,0.,64.3));
#770 = VECTOR('',#771,1.);
#771 = DIRECTION('',(-1.,0.,0.));
#772 = PCURVE('',#576,#773);
#773 = DEFINITIONAL_REPRESENTATION('',(#774),#777);
#774 = B_SPLINE_CURVE_WITH_KNOTS('',1,(#775,#776),.UNSPECIFIED.,.F.,.F.,
  (2,2),(-149.56,-146.56),.PIECEWISE_BEZIER_KNOTS.);
#775 = CARTESIAN_POINT('',(6.,150.));
#776 = CARTESIAN_POINT('',(3.,150.));
#777 = ( GEOMETRIC_REPRESENTATION_CONTEXT(2) 
PARAMETRIC_REPRESENTATION_CONTEXT() REPRESENTATION_CONTEXT('2D SPACE',''
  ) );
#778 = PCURVE('',#499,#779);
#779 = DEFINITIONAL_REPRESENTATION('',(#780),#783);
#780 = B_SPLINE_CURVE_WITH_KNOTS('',1,(#781,#782),.UNSPECIFIED.,.F.,.F.,
  (2,2),(-149.56,-146.56),.PIECEWISE_BEZIER_KNOTS.);
#781 = CARTESIAN_POINT('',(84.3,293.12));
#782 = CARTESIAN_POINT('',(84.3,290.12));
#783 = ( GEOMETRIC_REPRESENTATION_CONTEXT(2) 
PARAMETRIC_REPRESENTATION_CONTEXT() REPRESENTATION_CONTEXT('2D SPACE',''
  ) );
#784 = ORIENTED_EDGE('',*,*,#561,.F.);
#785 = ADVANCED_FACE('',(#786),#755,.F.);
#786 = FACE_BOUND('',#787,.F.);
#787 = EDGE_LOOP('',(#788,#816,#843,#862,#863,#884,#905,#926));
#788 = ORIENTED_EDGE('',*,*,#789,.T.);
#789 = EDGE_CURVE('',#790,#792,#794,.T.);
#790 = VERTEX_POINT('',#791);
#791 = CARTESIAN_POINT('',(290.12,198.95,0.));
#792 = VERTEX_POINT('',#793);
#793 = CARTESIAN_POINT('',(290.12,198.95,67.5));
#794 = SURFACE_CURVE('',#795,(#799,#805),.PCURVE_S1.);
#795 = LINE('',#796,#797);
#796 = CARTESIAN_POINT('',(290.12,198.95,0.));
#797 = VECTOR('',#798,1.);
#798 = DIRECTION('',(0.,0.,1.));
#799 = PCURVE('',#755,#800);
#800 = DEFINITIONAL_REPRESENTATION('',(#801),#804);
#801 = B_SPLINE_CURVE_WITH_KNOTS('',1,(#802,#803),.UNSPECIFIED.,.F.,.F.,
  (2,2),(0.,70.3),.PIECEWISE_BEZIER_KNOTS.);
#802 = CARTESIAN_POINT('',(0.,-400.9));
#803 = CARTESIAN_POINT('',(70.3,-400.9));
#804 = ( GEOMETRIC_REPRESENTATION_CONTEXT(2) 
PARAMETRIC_REPRESENTATION_CONTEXT() REPRESENTATION_CONTEXT('2D SPACE',''
  ) );
#805 = PCURVE('',#806,#811);
#806 = PLANE('',#807);
#807 = AXIS2_PLACEMENT_3D('',#808,#809,#810);
#808 = CARTESIAN_POINT('',(-293.12,198.95,0.));
#809 = DIRECTION('',(0.,1.,0.));
#810 = DIRECTION('',(0.,0.,1.));
#811 = DEFINITIONAL_REPRESENTATION('',(#812),#815);
#812 = B_SPLINE_CURVE_WITH_KNOTS('',1,(#813,#814),.UNSPECIFIED.,.F.,.F.,
  (2,2),(0.,70.3),.PIECEWISE_BEZIER_KNOTS.);
#813 = CARTESIAN_POINT('',(0.,583.24));
#814 = CARTESIAN_POINT('',(70.3,583.24));
#815 = ( GEOMETRIC_REPRESENTATION_CONTEXT(2) 
PARAMETRIC_REPRESENTATION_CONTEXT() REPRESENTATION_CONTEXT('2D SPACE',''
  ) );
#816 = ORIENTED_EDGE('',*,*,#817,.T.);
#817 = EDGE_CURVE('',#792,#818,#820,.T.);
#818 = VERTEX_POINT('',#819);
#819 = CARTESIAN_POINT('',(290.12,0.,67.5));
#820 = SURFACE_CURVE('',#821,(#825,#831),.PCURVE_S1.);
#821 = LINE('',#822,#823);
#822 = CARTESIAN_POINT('',(290.12,-100.975,67.5));
#823 = VECTOR('',#824,1.);
#824 = DIRECTION('',(0.,-1.,0.));
#825 = PCURVE('',#755,#826);
#826 = DEFINITIONAL_REPRESENTATION('',(#827),#830);
#827 = B_SPLINE_CURVE_WITH_KNOTS('',1,(#828,#829),.UNSPECIFIED.,.F.,.F.,
  (2,2),(-299.925,97.975),.PIECEWISE_BEZIER_KNOTS.);
#828 = CARTESIAN_POINT('',(67.5,-400.9));
#829 = CARTESIAN_POINT('',(67.5,-3.));
#830 = ( GEOMETRIC_REPRESENTATION_CONTEXT(2) 
PARAMETRIC_REPRESENTATION_CONTEXT() REPRESENTATION_CONTEXT('2D SPACE',''
  ) );
#831 = PCURVE('',#832,#837);
#832 = PLANE('',#833);
#833 = AXIS2_PLACEMENT_3D('',#834,#835,#836);
#834 = CARTESIAN_POINT('',(0.,-7.348412966028E-15,67.5));
#835 = DIRECTION('',(0.,0.,1.));
#836 = DIRECTION('',(1.,0.,-0.));
#837 = DEFINITIONAL_REPRESENTATION('',(#838),#842);
#838 = LINE('',#839,#840);
#839 = CARTESIAN_POINT('',(290.12,-100.975));
#840 = VECTOR('',#841,1.);
#841 = DIRECTION('',(0.,-1.));
#842 = ( GEOMETRIC_REPRESENTATION_CONTEXT(2) 
PARAMETRIC_REPRESENTATION_CONTEXT() REPRESENTATION_CONTEXT('2D SPACE',''
  ) );
#843 = ORIENTED_EDGE('',*,*,#844,.F.);
#844 = EDGE_CURVE('',#741,#818,#845,.T.);
#845 = SURFACE_CURVE('',#846,(#850,#856),.PCURVE_S1.);
#846 = LINE('',#847,#848);
#847 = CARTESIAN_POINT('',(290.12,0.,-10.));
#848 = VECTOR('',#849,1.);
#849 = DIRECTION('',(0.,0.,1.));
#850 = PCURVE('',#755,#851);
#851 = DEFINITIONAL_REPRESENTATION('',(#852),#855);
#852 = B_SPLINE_CURVE_WITH_KNOTS('',1,(#853,#854),.UNSPECIFIED.,.F.,.F.,
  (2,2),(10.,77.5),.PIECEWISE_BEZIER_KNOTS.);
#853 = CARTESIAN_POINT('',(0.,-201.95));
#854 = CARTESIAN_POINT('',(67.5,-201.95));
#855 = ( GEOMETRIC_REPRESENTATION_CONTEXT(2) 
PARAMETRIC_REPRESENTATION_CONTEXT() REPRESENTATION_CONTEXT('2D SPACE',''
  ) );
#856 = PCURVE('',#499,#857);
#857 = DEFINITIONAL_REPRESENTATION('',(#858),#861);
#858 = B_SPLINE_CURVE_WITH_KNOTS('',1,(#859,#860),.UNSPECIFIED.,.F.,.F.,
  (2,2),(10.,77.5),.PIECEWISE_BEZIER_KNOTS.);
#859 = CARTESIAN_POINT('',(20.,290.12));
#860 = CARTESIAN_POINT('',(87.5,290.12));
#861 = ( GEOMETRIC_REPRESENTATION_CONTEXT(2) 
PARAMETRIC_REPRESENTATION_CONTEXT() REPRESENTATION_CONTEXT('2D SPACE',''
  ) );
#862 = ORIENTED_EDGE('',*,*,#740,.F.);
#863 = ORIENTED_EDGE('',*,*,#864,.F.);
#864 = EDGE_CURVE('',#865,#718,#867,.T.);
#865 = VERTEX_POINT('',#866);
#866 = CARTESIAN_POINT('',(290.12,150.,12.));
#867 = SURFACE_CURVE('',#868,(#872,#878),.PCURVE_S1.);
#868 = LINE('',#869,#870);
#869 = CARTESIAN_POINT('',(290.12,150.,6.));
#870 = VECTOR('',#871,1.);
#871 = DIRECTION('',(0.,0.,1.));
#872 = PCURVE('',#755,#873);
#873 = DEFINITIONAL_REPRESENTATION('',(#874),#877);
#874 = B_SPLINE_CURVE_WITH_KNOTS('',1,(#875,#876),.UNSPECIFIED.,.F.,.F.,
  (2,2),(6.,58.3),.PIECEWISE_BEZIER_KNOTS.);
#875 = CARTESIAN_POINT('',(12.,-351.95));
#876 = CARTESIAN_POINT('',(64.3,-351.95));
#877 = ( GEOMETRIC_REPRESENTATION_CONTEXT(2) 
PARAMETRIC_REPRESENTATION_CONTEXT() REPRESENTATION_CONTEXT('2D SPACE',''
  ) );
#878 = PCURVE('',#602,#879);
#879 = DEFINITIONAL_REPRESENTATION('',(#880),#883);
#880 = B_SPLINE_CURVE_WITH_KNOTS('',1,(#881,#882),.UNSPECIFIED.,.F.,.F.,
  (2,2),(6.,58.3),.PIECEWISE_BEZIER_KNOTS.);
#881 = CARTESIAN_POINT('',(0.,3.));
#882 = CARTESIAN_POINT('',(52.3,3.));
#883 = ( GEOMETRIC_REPRESENTATION_CONTEXT(2) 
PARAMETRIC_REPRESENTATION_CONTEXT() REPRESENTATION_CONTEXT('2D SPACE',''
  ) );
#884 = ORIENTED_EDGE('',*,*,#885,.T.);
#885 = EDGE_CURVE('',#865,#886,#888,.T.);
#886 = VERTEX_POINT('',#887);
#887 = CARTESIAN_POINT('',(290.12,0.,12.));
#888 = SURFACE_CURVE('',#889,(#893,#899),.PCURVE_S1.);
#889 = LINE('',#890,#891);
#890 = CARTESIAN_POINT('',(290.12,-175.975,12.));
#891 = VECTOR('',#892,1.);
#892 = DIRECTION('',(0.,-1.,0.));
#893 = PCURVE('',#755,#894);
#894 = DEFINITIONAL_REPRESENTATION('',(#895),#898);
#895 = B_SPLINE_CURVE_WITH_KNOTS('',1,(#896,#897),.UNSPECIFIED.,.F.,.F.,
  (2,2),(-325.975,-25.975),.PIECEWISE_BEZIER_KNOTS.);
#896 = CARTESIAN_POINT('',(12.,-351.95));
#897 = CARTESIAN_POINT('',(12.,-51.95));
#898 = ( GEOMETRIC_REPRESENTATION_CONTEXT(2) 
PARAMETRIC_REPRESENTATION_CONTEXT() REPRESENTATION_CONTEXT('2D SPACE',''
  ) );
#899 = PCURVE('',#628,#900);
#900 = DEFINITIONAL_REPRESENTATION('',(#901),#904);
#901 = B_SPLINE_CURVE_WITH_KNOTS('',1,(#902,#903),.UNSPECIFIED.,.F.,.F.,
  (2,2),(-325.975,-25.975),.PIECEWISE_BEZIER_KNOTS.);
#902 = CARTESIAN_POINT('',(3.,300.));
#903 = CARTESIAN_POINT('',(3.,0.));
#904 = ( GEOMETRIC_REPRESENTATION_CONTEXT(2) 
PARAMETRIC_REPRESENTATION_CONTEXT() REPRESENTATION_CONTEXT('2D SPACE',''
  ) );
#905 = ORIENTED_EDGE('',*,*,#906,.F.);
#906 = EDGE_CURVE('',#907,#886,#909,.T.);
#907 = VERTEX_POINT('',#908);
#908 = CARTESIAN_POINT('',(290.12,0.,0.));
#909 = SURFACE_CURVE('',#910,(#914,#920),.PCURVE_S1.);
#910 = LINE('',#911,#912);
#911 = CARTESIAN_POINT('',(290.12,0.,-10.));
#912 = VECTOR('',#913,1.);
#913 = DIRECTION('',(0.,0.,1.));
#914 = PCURVE('',#755,#915);
#915 = DEFINITIONAL_REPRESENTATION('',(#916),#919);
#916 = B_SPLINE_CURVE_WITH_KNOTS('',1,(#917,#918),.UNSPECIFIED.,.F.,.F.,
  (2,2),(10.,77.5),.PIECEWISE_BEZIER_KNOTS.);
#917 = CARTESIAN_POINT('',(0.,-201.95));
#918 = CARTESIAN_POINT('',(67.5,-201.95));
#919 = ( GEOMETRIC_REPRESENTATION_CONTEXT(2) 
PARAMETRIC_REPRESENTATION_CONTEXT() REPRESENTATION_CONTEXT('2D SPACE',''
  ) );
#920 = PCURVE('',#654,#921);
#921 = DEFINITIONAL_REPRESENTATION('',(#922),#925);
#922 = B_SPLINE_CURVE_WITH_KNOTS('',1,(#923,#924),.UNSPECIFIED.,.F.,.F.,
  (2,2),(10.,77.5),.PIECEWISE_BEZIER_KNOTS.);
#923 = CARTESIAN_POINT('',(20.,290.12));
#924 = CARTESIAN_POINT('',(87.5,290.12));
#925 = ( GEOMETRIC_REPRESENTATION_CONTEXT(2) 
PARAMETRIC_REPRESENTATION_CONTEXT() REPRESENTATION_CONTEXT('2D SPACE',''
  ) );
#926 = ORIENTED_EDGE('',*,*,#927,.T.);
#927 = EDGE_CURVE('',#907,#790,#928,.T.);
#928 = SURFACE_CURVE('',#929,(#933,#940),.PCURVE_S1.);
#929 = LINE('',#930,#931);
#930 = CARTESIAN_POINT('',(290.12,-201.95,0.));
#931 = VECTOR('',#932,1.);
#932 = DIRECTION('',(0.,1.,0.));
#933 = PCURVE('',#755,#934);
#934 = DEFINITIONAL_REPRESENTATION('',(#935),#939);
#935 = LINE('',#936,#937);
#936 = CARTESIAN_POINT('',(0.,0.));
#937 = VECTOR('',#938,1.);
#938 = DIRECTION('',(0.,-1.));
#939 = ( GEOMETRIC_REPRESENTATION_CONTEXT(2) 
PARAMETRIC_REPRESENTATION_CONTEXT() REPRESENTATION_CONTEXT('2D SPACE',''
  ) );
#940 = PCURVE('',#681,#941);
#941 = DEFINITIONAL_REPRESENTATION('',(#942),#946);
#942 = LINE('',#943,#944);
#943 = CARTESIAN_POINT('',(583.24,0.));
#944 = VECTOR('',#945,1.);
#945 = DIRECTION('',(0.,1.));
#946 = ( GEOMETRIC_REPRESENTATION_CONTEXT(2) 
PARAMETRIC_REPRESENTATION_CONTEXT() REPRESENTATION_CONTEXT('2D SPACE',''
  ) );
#947 = ADVANCED_FACE('',(#948),#832,.F.);
#948 = FACE_BOUND('',#949,.F.);
#949 = EDGE_LOOP('',(#950,#978,#999,#1027,#1048,#1076,#1097,#1120,#1143,
    #1165,#1187,#1210,#1233,#1254,#1282,#1303,#1331,#1350,#1351,#1373));
#950 = ORIENTED_EDGE('',*,*,#951,.T.);
#951 = EDGE_CURVE('',#952,#954,#956,.T.);
#952 = VERTEX_POINT('',#953);
#953 = CARTESIAN_POINT('',(260.,195.95,67.5));
#954 = VERTEX_POINT('',#955);
#955 = CARTESIAN_POINT('',(0.,195.95,67.5));
#956 = SURFACE_CURVE('',#957,(#961,#967),.PCURVE_S1.);
#957 = LINE('',#958,#959);
#958 = CARTESIAN_POINT('',(-130.,195.95,67.5));
#959 = VECTOR('',#960,1.);
#960 = DIRECTION('',(-1.,0.,0.));
#961 = PCURVE('',#832,#962);
#962 = DEFINITIONAL_REPRESENTATION('',(#963),#966);
#963 = B_SPLINE_CURVE_WITH_KNOTS('',1,(#964,#965),.UNSPECIFIED.,.F.,.F.,
  (2,2),(-390.,130.),.PIECEWISE_BEZIER_KNOTS.);
#964 = CARTESIAN_POINT('',(260.,195.95));
#965 = CARTESIAN_POINT('',(-260.,195.95));
#966 = ( GEOMETRIC_REPRESENTATION_CONTEXT(2) 
PARAMETRIC_REPRESENTATION_CONTEXT() REPRESENTATION_CONTEXT('2D SPACE',''
  ) );
#967 = PCURVE('',#968,#973);
#968 = PLANE('',#969);
#969 = AXIS2_PLACEMENT_3D('',#970,#971,#972);
#970 = CARTESIAN_POINT('',(-260.,195.95,16.));
#971 = DIRECTION('',(0.,1.,0.));
#972 = DIRECTION('',(0.,0.,1.));
#973 = DEFINITIONAL_REPRESENTATION('',(#974),#977);
#974 = B_SPLINE_CURVE_WITH_KNOTS('',1,(#975,#976),.UNSPECIFIED.,.F.,.F.,
  (2,2),(-390.,130.),.PIECEWISE_BEZIER_KNOTS.);
#975 = CARTESIAN_POINT('',(51.5,520.));
#976 = CARTESIAN_POINT('',(51.5,0.));
#977 = ( GEOMETRIC_REPRESENTATION_CONTEXT(2) 
PARAMETRIC_REPRESENTATION_CONTEXT() REPRESENTATION_CONTEXT('2D SPACE',''
  ) );
#978 = ORIENTED_EDGE('',*,*,#979,.F.);
#979 = EDGE_CURVE('',#980,#954,#982,.T.);
#980 = VERTEX_POINT('',#981);
#981 = CARTESIAN_POINT('',(-3.122849337826E-16,166.7,67.5));
#982 = SURFACE_CURVE('',#983,(#987,#993),.PCURVE_S1.);
#983 = LINE('',#984,#985);
#984 = CARTESIAN_POINT('',(0.,-3.674206483014E-15,67.5));
#985 = VECTOR('',#986,1.);
#986 = DIRECTION('',(0.,1.,0.));
#987 = PCURVE('',#832,#988);
#988 = DEFINITIONAL_REPRESENTATION('',(#989),#992);
#989 = B_SPLINE_CURVE_WITH_KNOTS('',1,(#990,#991),.UNSPECIFIED.,.F.,.F.,
  (2,2),(3.674206483014E-15,198.95),.PIECEWISE_BEZIER_KNOTS.);
#990 = CARTESIAN_POINT('',(0.,7.348412966028E-15));
#991 = CARTESIAN_POINT('',(0.,198.95));
#992 = ( GEOMETRIC_REPRESENTATION_CONTEXT(2) 
PARAMETRIC_REPRESENTATION_CONTEXT() REPRESENTATION_CONTEXT('2D SPACE',''
  ) );
#993 = PCURVE('',#71,#994);
#994 = DEFINITIONAL_REPRESENTATION('',(#995),#998);
#995 = B_SPLINE_CURVE_WITH_KNOTS('',1,(#996,#997),.UNSPECIFIED.,.F.,.F.,
  (2,2),(3.674206483014E-15,198.95),.PIECEWISE_BEZIER_KNOTS.);
#996 = CARTESIAN_POINT('',(87.5,0.));
#997 = CARTESIAN_POINT('',(87.5,-198.95));
#998 = ( GEOMETRIC_REPRESENTATION_CONTEXT(2) 
PARAMETRIC_REPRESENTATION_CONTEXT() REPRESENTATION_CONTEXT('2D SPACE',''
  ) );
#999 = ORIENTED_EDGE('',*,*,#1000,.T.);
#1000 = EDGE_CURVE('',#980,#1001,#1003,.T.);
#1001 = VERTEX_POINT('',#1002);
#1002 = CARTESIAN_POINT('',(1.040949779275E-16,163.3,67.5));
#1003 = SURFACE_CURVE('',#1004,(#1009,#1020),.PCURVE_S1.);
#1004 = CIRCLE('',#1005,1.7);
#1005 = AXIS2_PLACEMENT_3D('',#1006,#1007,#1008);
#1006 = CARTESIAN_POINT('',(0.,165.,67.5));
#1007 = DIRECTION('',(0.,0.,-1.));
#1008 = DIRECTION('',(-1.836970198721E-16,1.,0.));
#1009 = PCURVE('',#832,#1010);
#1010 = DEFINITIONAL_REPRESENTATION('',(#1011),#1019);
#1011 = ( BOUNDED_CURVE() B_SPLINE_CURVE(2,(#1012,#1013,#1014,#1015,
#1016,#1017,#1018),.UNSPECIFIED.,.T.,.F.) B_SPLINE_CURVE_WITH_KNOTS((1,2
    ,2,2,2,1),(-2.094395102393,0.,2.094395102393,4.188790204786,
6.28318530718,8.377580409573),.UNSPECIFIED.) CURVE() 
GEOMETRIC_REPRESENTATION_ITEM() RATIONAL_B_SPLINE_CURVE((1.,0.5,1.,0.5,
1.,0.5,1.)) REPRESENTATION_ITEM('') );
#1012 = CARTESIAN_POINT('',(-3.122849337826E-16,166.7));
#1013 = CARTESIAN_POINT('',(2.944486372867,166.7));
#1014 = CARTESIAN_POINT('',(1.472243186434,164.15));
#1015 = CARTESIAN_POINT('',(1.040949779275E-15,161.6));
#1016 = CARTESIAN_POINT('',(-1.472243186434,164.15));
#1017 = CARTESIAN_POINT('',(-2.944486372867,166.7));
#1018 = CARTESIAN_POINT('',(-3.122849337826E-16,166.7));
#1019 = ( GEOMETRIC_REPRESENTATION_CONTEXT(2) 
PARAMETRIC_REPRESENTATION_CONTEXT() REPRESENTATION_CONTEXT('2D SPACE',''
  ) );
#1020 = PCURVE('',#103,#1021);
#1021 = DEFINITIONAL_REPRESENTATION('',(#1022),#1026);
#1022 = LINE('',#1023,#1024);
#1023 = CARTESIAN_POINT('',(-7.853981633974,-1.));
#1024 = VECTOR('',#1025,1.);
#1025 = DIRECTION('',(1.,-0.));
#1026 = ( GEOMETRIC_REPRESENTATION_CONTEXT(2) 
PARAMETRIC_REPRESENTATION_CONTEXT() REPRESENTATION_CONTEXT('2D SPACE',''
  ) );
#1027 = ORIENTED_EDGE('',*,*,#1028,.F.);
#1028 = EDGE_CURVE('',#1029,#1001,#1031,.T.);
#1029 = VERTEX_POINT('',#1030);
#1030 = CARTESIAN_POINT('',(-3.122849337826E-16,121.7,67.5));
#1031 = SURFACE_CURVE('',#1032,(#1036,#1042),.PCURVE_S1.);
#1032 = LINE('',#1033,#1034);
#1033 = CARTESIAN_POINT('',(0.,-3.674206483014E-15,67.5));
#1034 = VECTOR('',#1035,1.);
#1035 = DIRECTION('',(0.,1.,0.));
#1036 = PCURVE('',#832,#1037);
#1037 = DEFINITIONAL_REPRESENTATION('',(#1038),#1041);
#1038 = B_SPLINE_CURVE_WITH_KNOTS('',1,(#1039,#1040),.UNSPECIFIED.,.F.,
  .F.,(2,2),(3.674206483014E-15,198.95),.PIECEWISE_BEZIER_KNOTS.);
#1039 = CARTESIAN_POINT('',(0.,7.348412966028E-15));
#1040 = CARTESIAN_POINT('',(0.,198.95));
#1041 = ( GEOMETRIC_REPRESENTATION_CONTEXT(2) 
PARAMETRIC_REPRESENTATION_CONTEXT() REPRESENTATION_CONTEXT('2D SPACE',''
  ) );
#1042 = PCURVE('',#130,#1043);
#1043 = DEFINITIONAL_REPRESENTATION('',(#1044),#1047);
#1044 = B_SPLINE_CURVE_WITH_KNOTS('',1,(#1045,#1046),.UNSPECIFIED.,.F.,
  .F.,(2,2),(3.674206483014E-15,198.95),.PIECEWISE_BEZIER_KNOTS.);
#1045 = CARTESIAN_POINT('',(87.5,0.));
#1046 = CARTESIAN_POINT('',(87.5,-198.95));
#1047 = ( GEOMETRIC_REPRESENTATION_CONTEXT(2) 
PARAMETRIC_REPRESENTATION_CONTEXT() REPRESENTATION_CONTEXT('2D SPACE',''
  ) );
#1048 = ORIENTED_EDGE('',*,*,#1049,.T.);
#1049 = EDGE_CURVE('',#1029,#1050,#1052,.T.);
#1050 = VERTEX_POINT('',#1051);
#1051 = CARTESIAN_POINT('',(1.040949779275E-16,118.3,67.5));
#1052 = SURFACE_CURVE('',#1053,(#1058,#1069),.PCURVE_S1.);
#1053 = CIRCLE('',#1054,1.7);
#1054 = AXIS2_PLACEMENT_3D('',#1055,#1056,#1057);
#1055 = CARTESIAN_POINT('',(0.,120.,67.5));
#1056 = DIRECTION('',(0.,0.,-1.));
#1057 = DIRECTION('',(-1.836970198721E-16,1.,0.));
#1058 = PCURVE('',#832,#1059);
#1059 = DEFINITIONAL_REPRESENTATION('',(#1060),#1068);
#1060 = ( BOUNDED_CURVE() B_SPLINE_CURVE(2,(#1061,#1062,#1063,#1064,
#1065,#1066,#1067),.UNSPECIFIED.,.T.,.F.) B_SPLINE_CURVE_WITH_KNOTS((1,2
    ,2,2,2,1),(-2.094395102393,0.,2.094395102393,4.188790204786,
6.28318530718,8.377580409573),.UNSPECIFIED.) CURVE() 
GEOMETRIC_REPRESENTATION_ITEM() RATIONAL_B_SPLINE_CURVE((1.,0.5,1.,0.5,
1.,0.5,1.)) REPRESENTATION_ITEM('') );
#1061 = CARTESIAN_POINT('',(-3.122849337826E-16,121.7));
#1062 = CARTESIAN_POINT('',(2.944486372867,121.7));
#1063 = CARTESIAN_POINT('',(1.472243186434,119.15));
#1064 = CARTESIAN_POINT('',(1.040949779275E-15,116.6));
#1065 = CARTESIAN_POINT('',(-1.472243186434,119.15));
#1066 = CARTESIAN_POINT('',(-2.944486372867,121.7));
#1067 = CARTESIAN_POINT('',(-3.122849337826E-16,121.7));
#1068 = ( GEOMETRIC_REPRESENTATION_CONTEXT(2) 
PARAMETRIC_REPRESENTATION_CONTEXT() REPRESENTATION_CONTEXT('2D SPACE',''
  ) );
#1069 = PCURVE('',#162,#1070);
#1070 = DEFINITIONAL_REPRESENTATION('',(#1071),#1075);
#1071 = LINE('',#1072,#1073);
#1072 = CARTESIAN_POINT('',(-7.853981633974,-1.));
#1073 = VECTOR('',#1074,1.);
#1074 = DIRECTION('',(1.,-0.));
#1075 = ( GEOMETRIC_REPRESENTATION_CONTEXT(2) 
PARAMETRIC_REPRESENTATION_CONTEXT() REPRESENTATION_CONTEXT('2D SPACE',''
  ) );
#1076 = ORIENTED_EDGE('',*,*,#1077,.F.);
#1077 = EDGE_CURVE('',#1078,#1050,#1080,.T.);
#1078 = VERTEX_POINT('',#1079);
#1079 = CARTESIAN_POINT('',(0.,92.,67.5));
#1080 = SURFACE_CURVE('',#1081,(#1085,#1091),.PCURVE_S1.);
#1081 = LINE('',#1082,#1083);
#1082 = CARTESIAN_POINT('',(0.,-3.674206483014E-15,67.5));
#1083 = VECTOR('',#1084,1.);
#1084 = DIRECTION('',(0.,1.,0.));
#1085 = PCURVE('',#832,#1086);
#1086 = DEFINITIONAL_REPRESENTATION('',(#1087),#1090);
#1087 = B_SPLINE_CURVE_WITH_KNOTS('',1,(#1088,#1089),.UNSPECIFIED.,.F.,
  .F.,(2,2),(3.674206483014E-15,198.95),.PIECEWISE_BEZIER_KNOTS.);
#1088 = CARTESIAN_POINT('',(0.,7.348412966028E-15));
#1089 = CARTESIAN_POINT('',(0.,198.95));
#1090 = ( GEOMETRIC_REPRESENTATION_CONTEXT(2) 
PARAMETRIC_REPRESENTATION_CONTEXT() REPRESENTATION_CONTEXT('2D SPACE',''
  ) );
#1091 = PCURVE('',#189,#1092);
#1092 = DEFINITIONAL_REPRESENTATION('',(#1093),#1096);
#1093 = B_SPLINE_CURVE_WITH_KNOTS('',1,(#1094,#1095),.UNSPECIFIED.,.F.,
  .F.,(2,2),(3.674206483014E-15,198.95),.PIECEWISE_BEZIER_KNOTS.);
#1094 = CARTESIAN_POINT('',(87.5,0.));
#1095 = CARTESIAN_POINT('',(87.5,-198.95));
#1096 = ( GEOMETRIC_REPRESENTATION_CONTEXT(2) 
PARAMETRIC_REPRESENTATION_CONTEXT() REPRESENTATION_CONTEXT('2D SPACE',''
  ) );
#1097 = ORIENTED_EDGE('',*,*,#1098,.T.);
#1098 = EDGE_CURVE('',#1078,#1099,#1101,.T.);
#1099 = VERTEX_POINT('',#1100);
#1100 = CARTESIAN_POINT('',(5.,92.,67.5));
#1101 = SURFACE_CURVE('',#1102,(#1106,#1113),.PCURVE_S1.);
#1102 = LINE('',#1103,#1104);
#1103 = CARTESIAN_POINT('',(-5.,92.,67.5));
#1104 = VECTOR('',#1105,1.);
#1105 = DIRECTION('',(1.,0.,0.));
#1106 = PCURVE('',#832,#1107);
#1107 = DEFINITIONAL_REPRESENTATION('',(#1108),#1112);
#1108 = LINE('',#1109,#1110);
#1109 = CARTESIAN_POINT('',(-5.,92.));
#1110 = VECTOR('',#1111,1.);
#1111 = DIRECTION('',(1.,0.));
#1112 = ( GEOMETRIC_REPRESENTATION_CONTEXT(2) 
PARAMETRIC_REPRESENTATION_CONTEXT() REPRESENTATION_CONTEXT('2D SPACE',''
  ) );
#1113 = PCURVE('',#216,#1114);
#1114 = DEFINITIONAL_REPRESENTATION('',(#1115),#1119);
#1115 = LINE('',#1116,#1117);
#1116 = CARTESIAN_POINT('',(0.,0.));
#1117 = VECTOR('',#1118,1.);
#1118 = DIRECTION('',(1.,0.));
#1119 = ( GEOMETRIC_REPRESENTATION_CONTEXT(2) 
PARAMETRIC_REPRESENTATION_CONTEXT() REPRESENTATION_CONTEXT('2D SPACE',''
  ) );
#1120 = ORIENTED_EDGE('',*,*,#1121,.T.);
#1121 = EDGE_CURVE('',#1099,#1122,#1124,.T.);
#1122 = VERTEX_POINT('',#1123);
#1123 = CARTESIAN_POINT('',(5.,181.95,67.5));
#1124 = SURFACE_CURVE('',#1125,(#1129,#1136),.PCURVE_S1.);
#1125 = LINE('',#1126,#1127);
#1126 = CARTESIAN_POINT('',(5.,92.,67.5));
#1127 = VECTOR('',#1128,1.);
#1128 = DIRECTION('',(0.,1.,0.));
#1129 = PCURVE('',#832,#1130);
#1130 = DEFINITIONAL_REPRESENTATION('',(#1131),#1135);
#1131 = LINE('',#1132,#1133);
#1132 = CARTESIAN_POINT('',(5.,92.));
#1133 = VECTOR('',#1134,1.);
#1134 = DIRECTION('',(0.,1.));
#1135 = ( GEOMETRIC_REPRESENTATION_CONTEXT(2) 
PARAMETRIC_REPRESENTATION_CONTEXT() REPRESENTATION_CONTEXT('2D SPACE',''
  ) );
#1136 = PCURVE('',#244,#1137);
#1137 = DEFINITIONAL_REPRESENTATION('',(#1138),#1142);
#1138 = LINE('',#1139,#1140);
#1139 = CARTESIAN_POINT('',(0.,0.));
#1140 = VECTOR('',#1141,1.);
#1141 = DIRECTION('',(1.,0.));
#1142 = ( GEOMETRIC_REPRESENTATION_CONTEXT(2) 
PARAMETRIC_REPRESENTATION_CONTEXT() REPRESENTATION_CONTEXT('2D SPACE',''
  ) );
#1143 = ORIENTED_EDGE('',*,*,#1144,.T.);
#1144 = EDGE_CURVE('',#1122,#1145,#1147,.T.);
#1145 = VERTEX_POINT('',#1146);
#1146 = CARTESIAN_POINT('',(273.12,181.95,67.5));
#1147 = SURFACE_CURVE('',#1148,(#1152,#1159),.PCURVE_S1.);
#1148 = LINE('',#1149,#1150);
#1149 = CARTESIAN_POINT('',(136.56,181.95,67.5));
#1150 = VECTOR('',#1151,1.);
#1151 = DIRECTION('',(1.,0.,-0.));
#1152 = PCURVE('',#832,#1153);
#1153 = DEFINITIONAL_REPRESENTATION('',(#1154),#1158);
#1154 = LINE('',#1155,#1156);
#1155 = CARTESIAN_POINT('',(136.56,181.95));
#1156 = VECTOR('',#1157,1.);
#1157 = DIRECTION('',(1.,0.));
#1158 = ( GEOMETRIC_REPRESENTATION_CONTEXT(2) 
PARAMETRIC_REPRESENTATION_CONTEXT() REPRESENTATION_CONTEXT('2D SPACE',''
  ) );
#1159 = PCURVE('',#272,#1160);
#1160 = DEFINITIONAL_REPRESENTATION('',(#1161),#1164);
#1161 = B_SPLINE_CURVE_WITH_KNOTS('',1,(#1162,#1163),.UNSPECIFIED.,.F.,
  .F.,(2,2),(-409.68,136.56),.PIECEWISE_BEZIER_KNOTS.);
#1162 = CARTESIAN_POINT('',(546.24,-1.));
#1163 = CARTESIAN_POINT('',(0.,-1.));
#1164 = ( GEOMETRIC_REPRESENTATION_CONTEXT(2) 
PARAMETRIC_REPRESENTATION_CONTEXT() REPRESENTATION_CONTEXT('2D SPACE',''
  ) );
#1165 = ORIENTED_EDGE('',*,*,#1166,.T.);
#1166 = EDGE_CURVE('',#1145,#1167,#1169,.T.);
#1167 = VERTEX_POINT('',#1168);
#1168 = CARTESIAN_POINT('',(273.12,5.,67.5));
#1169 = SURFACE_CURVE('',#1170,(#1174,#1181),.PCURVE_S1.);
#1170 = LINE('',#1171,#1172);
#1171 = CARTESIAN_POINT('',(273.12,-90.975,67.5));
#1172 = VECTOR('',#1173,1.);
#1173 = DIRECTION('',(0.,-1.,0.));
#1174 = PCURVE('',#832,#1175);
#1175 = DEFINITIONAL_REPRESENTATION('',(#1176),#1180);
#1176 = LINE('',#1177,#1178);
#1177 = CARTESIAN_POINT('',(273.12,-90.975));
#1178 = VECTOR('',#1179,1.);
#1179 = DIRECTION('',(0.,-1.));
#1180 = ( GEOMETRIC_REPRESENTATION_CONTEXT(2) 
PARAMETRIC_REPRESENTATION_CONTEXT() REPRESENTATION_CONTEXT('2D SPACE',''
  ) );
#1181 = PCURVE('',#299,#1182);
#1182 = DEFINITIONAL_REPRESENTATION('',(#1183),#1186);
#1183 = B_SPLINE_CURVE_WITH_KNOTS('',1,(#1184,#1185),.UNSPECIFIED.,.F.,
  .F.,(2,2),(-272.925,90.975),.PIECEWISE_BEZIER_KNOTS.);
#1184 = CARTESIAN_POINT('',(363.9,-1.));
#1185 = CARTESIAN_POINT('',(0.,-1.));
#1186 = ( GEOMETRIC_REPRESENTATION_CONTEXT(2) 
PARAMETRIC_REPRESENTATION_CONTEXT() REPRESENTATION_CONTEXT('2D SPACE',''
  ) );
#1187 = ORIENTED_EDGE('',*,*,#1188,.T.);
#1188 = EDGE_CURVE('',#1167,#1189,#1191,.T.);
#1189 = VERTEX_POINT('',#1190);
#1190 = CARTESIAN_POINT('',(92.,5.,67.5));
#1191 = SURFACE_CURVE('',#1192,(#1196,#1203),.PCURVE_S1.);
#1192 = LINE('',#1193,#1194);
#1193 = CARTESIAN_POINT('',(273.12,5.,67.5));
#1194 = VECTOR('',#1195,1.);
#1195 = DIRECTION('',(-1.,0.,0.));
#1196 = PCURVE('',#832,#1197);
#1197 = DEFINITIONAL_REPRESENTATION('',(#1198),#1202);
#1198 = LINE('',#1199,#1200);
#1199 = CARTESIAN_POINT('',(273.12,5.));
#1200 = VECTOR('',#1201,1.);
#1201 = DIRECTION('',(-1.,0.));
#1202 = ( GEOMETRIC_REPRESENTATION_CONTEXT(2) 
PARAMETRIC_REPRESENTATION_CONTEXT() REPRESENTATION_CONTEXT('2D SPACE',''
  ) );
#1203 = PCURVE('',#326,#1204);
#1204 = DEFINITIONAL_REPRESENTATION('',(#1205),#1209);
#1205 = LINE('',#1206,#1207);
#1206 = CARTESIAN_POINT('',(0.,-0.));
#1207 = VECTOR('',#1208,1.);
#1208 = DIRECTION('',(1.,0.));
#1209 = ( GEOMETRIC_REPRESENTATION_CONTEXT(2) 
PARAMETRIC_REPRESENTATION_CONTEXT() REPRESENTATION_CONTEXT('2D SPACE',''
  ) );
#1210 = ORIENTED_EDGE('',*,*,#1211,.T.);
#1211 = EDGE_CURVE('',#1189,#1212,#1214,.T.);
#1212 = VERTEX_POINT('',#1213);
#1213 = CARTESIAN_POINT('',(92.,0.,67.5));
#1214 = SURFACE_CURVE('',#1215,(#1219,#1226),.PCURVE_S1.);
#1215 = LINE('',#1216,#1217);
#1216 = CARTESIAN_POINT('',(92.,5.,67.5));
#1217 = VECTOR('',#1218,1.);
#1218 = DIRECTION('',(0.,-1.,0.));
#1219 = PCURVE('',#832,#1220);
#1220 = DEFINITIONAL_REPRESENTATION('',(#1221),#1225);
#1221 = LINE('',#1222,#1223);
#1222 = CARTESIAN_POINT('',(92.,5.));
#1223 = VECTOR('',#1224,1.);
#1224 = DIRECTION('',(0.,-1.));
#1225 = ( GEOMETRIC_REPRESENTATION_CONTEXT(2) 
PARAMETRIC_REPRESENTATION_CONTEXT() REPRESENTATION_CONTEXT('2D SPACE',''
  ) );
#1226 = PCURVE('',#354,#1227);
#1227 = DEFINITIONAL_REPRESENTATION('',(#1228),#1232);
#1228 = LINE('',#1229,#1230);
#1229 = CARTESIAN_POINT('',(0.,0.));
#1230 = VECTOR('',#1231,1.);
#1231 = DIRECTION('',(1.,0.));
#1232 = ( GEOMETRIC_REPRESENTATION_CONTEXT(2) 
PARAMETRIC_REPRESENTATION_CONTEXT() REPRESENTATION_CONTEXT('2D SPACE',''
  ) );
#1233 = ORIENTED_EDGE('',*,*,#1234,.F.);
#1234 = EDGE_CURVE('',#1235,#1212,#1237,.T.);
#1235 = VERTEX_POINT('',#1236);
#1236 = CARTESIAN_POINT('',(128.3,-2.081899558551E-16,67.5));
#1237 = SURFACE_CURVE('',#1238,(#1242,#1248),.PCURVE_S1.);
#1238 = LINE('',#1239,#1240);
#1239 = CARTESIAN_POINT('',(0.,0.,67.5));
#1240 = VECTOR('',#1241,1.);
#1241 = DIRECTION('',(-1.,0.,0.));
#1242 = PCURVE('',#832,#1243);
#1243 = DEFINITIONAL_REPRESENTATION('',(#1244),#1247);
#1244 = B_SPLINE_CURVE_WITH_KNOTS('',1,(#1245,#1246),.UNSPECIFIED.,.F.,
  .F.,(2,2),(-290.12,0.),.PIECEWISE_BEZIER_KNOTS.);
#1245 = CARTESIAN_POINT('',(290.12,7.348412966028E-15));
#1246 = CARTESIAN_POINT('',(0.,7.348412966028E-15));
#1247 = ( GEOMETRIC_REPRESENTATION_CONTEXT(2) 
PARAMETRIC_REPRESENTATION_CONTEXT() REPRESENTATION_CONTEXT('2D SPACE',''
  ) );
#1248 = PCURVE('',#381,#1249);
#1249 = DEFINITIONAL_REPRESENTATION('',(#1250),#1253);
#1250 = B_SPLINE_CURVE_WITH_KNOTS('',1,(#1251,#1252),.UNSPECIFIED.,.F.,
  .F.,(2,2),(-290.12,0.),.PIECEWISE_BEZIER_KNOTS.);
#1251 = CARTESIAN_POINT('',(87.5,290.12));
#1252 = CARTESIAN_POINT('',(87.5,0.));
#1253 = ( GEOMETRIC_REPRESENTATION_CONTEXT(2) 
PARAMETRIC_REPRESENTATION_CONTEXT() REPRESENTATION_CONTEXT('2D SPACE',''
  ) );
#1254 = ORIENTED_EDGE('',*,*,#1255,.T.);
#1255 = EDGE_CURVE('',#1235,#1256,#1258,.T.);
#1256 = VERTEX_POINT('',#1257);
#1257 = CARTESIAN_POINT('',(131.7,0.,67.5));
#1258 = SURFACE_CURVE('',#1259,(#1264,#1275),.PCURVE_S1.);
#1259 = CIRCLE('',#1260,1.7);
#1260 = AXIS2_PLACEMENT_3D('',#1261,#1262,#1263);
#1261 = CARTESIAN_POINT('',(130.,0.,67.5));
#1262 = DIRECTION('',(0.,0.,-1.));
#1263 = DIRECTION('',(1.,0.,0.));
#1264 = PCURVE('',#832,#1265);
#1265 = DEFINITIONAL_REPRESENTATION('',(#1266),#1274);
#1266 = ( BOUNDED_CURVE() B_SPLINE_CURVE(2,(#1267,#1268,#1269,#1270,
#1271,#1272,#1273),.UNSPECIFIED.,.T.,.F.) B_SPLINE_CURVE_WITH_KNOTS((1,2
    ,2,2,2,1),(-2.094395102393,0.,2.094395102393,4.188790204786,
6.28318530718,8.377580409573),.UNSPECIFIED.) CURVE() 
GEOMETRIC_REPRESENTATION_ITEM() RATIONAL_B_SPLINE_CURVE((1.,0.5,1.,0.5,
1.,0.5,1.)) REPRESENTATION_ITEM('') );
#1267 = CARTESIAN_POINT('',(131.7,7.348412966028E-15));
#1268 = CARTESIAN_POINT('',(131.7,-2.944486372867));
#1269 = CARTESIAN_POINT('',(129.15,-1.472243186434));
#1270 = CARTESIAN_POINT('',(126.6,6.932033054318E-15));
#1271 = CARTESIAN_POINT('',(129.15,1.472243186434));
#1272 = CARTESIAN_POINT('',(131.7,2.944486372867));
#1273 = CARTESIAN_POINT('',(131.7,7.348412966028E-15));
#1274 = ( GEOMETRIC_REPRESENTATION_CONTEXT(2) 
PARAMETRIC_REPRESENTATION_CONTEXT() REPRESENTATION_CONTEXT('2D SPACE',''
  ) );
#1275 = PCURVE('',#413,#1276);
#1276 = DEFINITIONAL_REPRESENTATION('',(#1277),#1281);
#1277 = LINE('',#1278,#1279);
#1278 = CARTESIAN_POINT('',(-6.28318530718,-1.));
#1279 = VECTOR('',#1280,1.);
#1280 = DIRECTION('',(1.,-0.));
#1281 = ( GEOMETRIC_REPRESENTATION_CONTEXT(2) 
PARAMETRIC_REPRESENTATION_CONTEXT() REPRESENTATION_CONTEXT('2D SPACE',''
  ) );
#1282 = ORIENTED_EDGE('',*,*,#1283,.F.);
#1283 = EDGE_CURVE('',#1284,#1256,#1286,.T.);
#1284 = VERTEX_POINT('',#1285);
#1285 = CARTESIAN_POINT('',(228.3,-2.081899558551E-16,67.5));
#1286 = SURFACE_CURVE('',#1287,(#1291,#1297),.PCURVE_S1.);
#1287 = LINE('',#1288,#1289);
#1288 = CARTESIAN_POINT('',(0.,0.,67.5));
#1289 = VECTOR('',#1290,1.);
#1290 = DIRECTION('',(-1.,0.,0.));
#1291 = PCURVE('',#832,#1292);
#1292 = DEFINITIONAL_REPRESENTATION('',(#1293),#1296);
#1293 = B_SPLINE_CURVE_WITH_KNOTS('',1,(#1294,#1295),.UNSPECIFIED.,.F.,
  .F.,(2,2),(-290.12,0.),.PIECEWISE_BEZIER_KNOTS.);
#1294 = CARTESIAN_POINT('',(290.12,7.348412966028E-15));
#1295 = CARTESIAN_POINT('',(0.,7.348412966028E-15));
#1296 = ( GEOMETRIC_REPRESENTATION_CONTEXT(2) 
PARAMETRIC_REPRESENTATION_CONTEXT() REPRESENTATION_CONTEXT('2D SPACE',''
  ) );
#1297 = PCURVE('',#440,#1298);
#1298 = DEFINITIONAL_REPRESENTATION('',(#1299),#1302);
#1299 = B_SPLINE_CURVE_WITH_KNOTS('',1,(#1300,#1301),.UNSPECIFIED.,.F.,
  .F.,(2,2),(-290.12,0.),.PIECEWISE_BEZIER_KNOTS.);
#1300 = CARTESIAN_POINT('',(87.5,290.12));
#1301 = CARTESIAN_POINT('',(87.5,0.));
#1302 = ( GEOMETRIC_REPRESENTATION_CONTEXT(2) 
PARAMETRIC_REPRESENTATION_CONTEXT() REPRESENTATION_CONTEXT('2D SPACE',''
  ) );
#1303 = ORIENTED_EDGE('',*,*,#1304,.T.);
#1304 = EDGE_CURVE('',#1284,#1305,#1307,.T.);
#1305 = VERTEX_POINT('',#1306);
#1306 = CARTESIAN_POINT('',(231.7,0.,67.5));
#1307 = SURFACE_CURVE('',#1308,(#1313,#1324),.PCURVE_S1.);
#1308 = CIRCLE('',#1309,1.7);
#1309 = AXIS2_PLACEMENT_3D('',#1310,#1311,#1312);
#1310 = CARTESIAN_POINT('',(230.,0.,67.5));
#1311 = DIRECTION('',(0.,0.,-1.));
#1312 = DIRECTION('',(1.,0.,0.));
#1313 = PCURVE('',#832,#1314);
#1314 = DEFINITIONAL_REPRESENTATION('',(#1315),#1323);
#1315 = ( BOUNDED_CURVE() B_SPLINE_CURVE(2,(#1316,#1317,#1318,#1319,
#1320,#1321,#1322),.UNSPECIFIED.,.T.,.F.) B_SPLINE_CURVE_WITH_KNOTS((1,2
    ,2,2,2,1),(-2.094395102393,0.,2.094395102393,4.188790204786,
6.28318530718,8.377580409573),.UNSPECIFIED.) CURVE() 
GEOMETRIC_REPRESENTATION_ITEM() RATIONAL_B_SPLINE_CURVE((1.,0.5,1.,0.5,
1.,0.5,1.)) REPRESENTATION_ITEM('') );
#1316 = CARTESIAN_POINT('',(231.7,7.348412966028E-15));
#1317 = CARTESIAN_POINT('',(231.7,-2.944486372867));
#1318 = CARTESIAN_POINT('',(229.15,-1.472243186434));
#1319 = CARTESIAN_POINT('',(226.6,6.932033054318E-15));
#1320 = CARTESIAN_POINT('',(229.15,1.472243186434));
#1321 = CARTESIAN_POINT('',(231.7,2.944486372867));
#1322 = CARTESIAN_POINT('',(231.7,7.348412966028E-15));
#1323 = ( GEOMETRIC_REPRESENTATION_CONTEXT(2) 
PARAMETRIC_REPRESENTATION_CONTEXT() REPRESENTATION_CONTEXT('2D SPACE',''
  ) );
#1324 = PCURVE('',#472,#1325);
#1325 = DEFINITIONAL_REPRESENTATION('',(#1326),#1330);
#1326 = LINE('',#1327,#1328);
#1327 = CARTESIAN_POINT('',(-6.28318530718,-1.));
#1328 = VECTOR('',#1329,1.);
#1329 = DIRECTION('',(1.,-0.));
#1330 = ( GEOMETRIC_REPRESENTATION_CONTEXT(2) 
PARAMETRIC_REPRESENTATION_CONTEXT() REPRESENTATION_CONTEXT('2D SPACE',''
  ) );
#1331 = ORIENTED_EDGE('',*,*,#1332,.F.);
#1332 = EDGE_CURVE('',#818,#1305,#1333,.T.);
#1333 = SURFACE_CURVE('',#1334,(#1338,#1344),.PCURVE_S1.);
#1334 = LINE('',#1335,#1336);
#1335 = CARTESIAN_POINT('',(0.,0.,67.5));
#1336 = VECTOR('',#1337,1.);
#1337 = DIRECTION('',(-1.,0.,0.));
#1338 = PCURVE('',#832,#1339);
#1339 = DEFINITIONAL_REPRESENTATION('',(#1340),#1343);
#1340 = B_SPLINE_CURVE_WITH_KNOTS('',1,(#1341,#1342),.UNSPECIFIED.,.F.,
  .F.,(2,2),(-290.12,0.),.PIECEWISE_BEZIER_KNOTS.);
#1341 = CARTESIAN_POINT('',(290.12,7.348412966028E-15));
#1342 = CARTESIAN_POINT('',(0.,7.348412966028E-15));
#1343 = ( GEOMETRIC_REPRESENTATION_CONTEXT(2) 
PARAMETRIC_REPRESENTATION_CONTEXT() REPRESENTATION_CONTEXT('2D SPACE',''
  ) );
#1344 = PCURVE('',#499,#1345);
#1345 = DEFINITIONAL_REPRESENTATION('',(#1346),#1349);
#1346 = B_SPLINE_CURVE_WITH_KNOTS('',1,(#1347,#1348),.UNSPECIFIED.,.F.,
  .F.,(2,2),(-290.12,0.),.PIECEWISE_BEZIER_KNOTS.);
#1347 = CARTESIAN_POINT('',(87.5,290.12));
#1348 = CARTESIAN_POINT('',(87.5,0.));
#1349 = ( GEOMETRIC_REPRESENTATION_CONTEXT(2) 
PARAMETRIC_REPRESENTATION_CONTEXT() REPRESENTATION_CONTEXT('2D SPACE',''
  ) );
#1350 = ORIENTED_EDGE('',*,*,#817,.F.);
#1351 = ORIENTED_EDGE('',*,*,#1352,.F.);
#1352 = EDGE_CURVE('',#1353,#792,#1355,.T.);
#1353 = VERTEX_POINT('',#1354);
#1354 = CARTESIAN_POINT('',(260.,198.95,67.5));
#1355 = SURFACE_CURVE('',#1356,(#1360,#1367),.PCURVE_S1.);
#1356 = LINE('',#1357,#1358);
#1357 = CARTESIAN_POINT('',(-146.56,198.95,67.5));
#1358 = VECTOR('',#1359,1.);
#1359 = DIRECTION('',(1.,0.,0.));
#1360 = PCURVE('',#832,#1361);
#1361 = DEFINITIONAL_REPRESENTATION('',(#1362),#1366);
#1362 = LINE('',#1363,#1364);
#1363 = CARTESIAN_POINT('',(-146.56,198.95));
#1364 = VECTOR('',#1365,1.);
#1365 = DIRECTION('',(1.,0.));
#1366 = ( GEOMETRIC_REPRESENTATION_CONTEXT(2) 
PARAMETRIC_REPRESENTATION_CONTEXT() REPRESENTATION_CONTEXT('2D SPACE',''
  ) );
#1367 = PCURVE('',#806,#1368);
#1368 = DEFINITIONAL_REPRESENTATION('',(#1369),#1372);
#1369 = B_SPLINE_CURVE_WITH_KNOTS('',1,(#1370,#1371),.UNSPECIFIED.,.F.,
  .F.,(2,2),(-143.56,436.68),.PIECEWISE_BEZIER_KNOTS.);
#1370 = CARTESIAN_POINT('',(67.5,3.));
#1371 = CARTESIAN_POINT('',(67.5,583.24));
#1372 = ( GEOMETRIC_REPRESENTATION_CONTEXT(2) 
PARAMETRIC_REPRESENTATION_CONTEXT() REPRESENTATION_CONTEXT('2D SPACE',''
  ) );
#1373 = ORIENTED_EDGE('',*,*,#1374,.F.);
#1374 = EDGE_CURVE('',#952,#1353,#1375,.T.);
#1375 = SURFACE_CURVE('',#1376,(#1380,#1386),.PCURVE_S1.);
#1376 = LINE('',#1377,#1378);
#1377 = CARTESIAN_POINT('',(260.,97.975,67.5));
#1378 = VECTOR('',#1379,1.);
#1379 = DIRECTION('',(0.,1.,0.));
#1380 = PCURVE('',#832,#1381);
#1381 = DEFINITIONAL_REPRESENTATION('',(#1382),#1385);
#1382 = B_SPLINE_CURVE_WITH_KNOTS('',1,(#1383,#1384),.UNSPECIFIED.,.F.,
  .F.,(2,2),(97.975,100.975),.PIECEWISE_BEZIER_KNOTS.);
#1383 = CARTESIAN_POINT('',(260.,195.95));
#1384 = CARTESIAN_POINT('',(260.,198.95));
#1385 = ( GEOMETRIC_REPRESENTATION_CONTEXT(2) 
PARAMETRIC_REPRESENTATION_CONTEXT() REPRESENTATION_CONTEXT('2D SPACE',''
  ) );
#1386 = PCURVE('',#1387,#1392);
#1387 = PLANE('',#1388);
#1388 = AXIS2_PLACEMENT_3D('',#1389,#1390,#1391);
#1389 = CARTESIAN_POINT('',(260.,195.95,16.));
#1390 = DIRECTION('',(1.,0.,0.));
#1391 = DIRECTION('',(0.,0.,1.));
#1392 = DEFINITIONAL_REPRESENTATION('',(#1393),#1396);
#1393 = B_SPLINE_CURVE_WITH_KNOTS('',1,(#1394,#1395),.UNSPECIFIED.,.F.,
  .F.,(2,2),(97.975,100.975),.PIECEWISE_BEZIER_KNOTS.);
#1394 = CARTESIAN_POINT('',(51.5,0.));
#1395 = CARTESIAN_POINT('',(51.5,-3.));
#1396 = ( GEOMETRIC_REPRESENTATION_CONTEXT(2) 
PARAMETRIC_REPRESENTATION_CONTEXT() REPRESENTATION_CONTEXT('2D SPACE',''
  ) );
#1397 = ADVANCED_FACE('',(#1398),#1387,.F.);
#1398 = FACE_BOUND('',#1399,.F.);
#1399 = EDGE_LOOP('',(#1400,#1423,#1424,#1445,#1473,#1494));
#1400 = ORIENTED_EDGE('',*,*,#1401,.F.);
#1401 = EDGE_CURVE('',#952,#1402,#1404,.T.);
#1402 = VERTEX_POINT('',#1403);
#1403 = CARTESIAN_POINT('',(260.,195.95,69.3));
#1404 = SURFACE_CURVE('',#1405,(#1409,#1416),.PCURVE_S1.);
#1405 = LINE('',#1406,#1407);
#1406 = CARTESIAN_POINT('',(260.,195.95,16.));
#1407 = VECTOR('',#1408,1.);
#1408 = DIRECTION('',(0.,0.,1.));
#1409 = PCURVE('',#1387,#1410);
#1410 = DEFINITIONAL_REPRESENTATION('',(#1411),#1415);
#1411 = LINE('',#1412,#1413);
#1412 = CARTESIAN_POINT('',(0.,0.));
#1413 = VECTOR('',#1414,1.);
#1414 = DIRECTION('',(1.,0.));
#1415 = ( GEOMETRIC_REPRESENTATION_CONTEXT(2) 
PARAMETRIC_REPRESENTATION_CONTEXT() REPRESENTATION_CONTEXT('2D SPACE',''
  ) );
#1416 = PCURVE('',#968,#1417);
#1417 = DEFINITIONAL_REPRESENTATION('',(#1418),#1422);
#1418 = LINE('',#1419,#1420);
#1419 = CARTESIAN_POINT('',(0.,520.));
#1420 = VECTOR('',#1421,1.);
#1421 = DIRECTION('',(1.,0.));
#1422 = ( GEOMETRIC_REPRESENTATION_CONTEXT(2) 
PARAMETRIC_REPRESENTATION_CONTEXT() REPRESENTATION_CONTEXT('2D SPACE',''
  ) );
#1423 = ORIENTED_EDGE('',*,*,#1374,.T.);
#1424 = ORIENTED_EDGE('',*,*,#1425,.T.);
#1425 = EDGE_CURVE('',#1353,#1426,#1428,.T.);
#1426 = VERTEX_POINT('',#1427);
#1427 = CARTESIAN_POINT('',(260.,198.95,16.));
#1428 = SURFACE_CURVE('',#1429,(#1433,#1439),.PCURVE_S1.);
#1429 = LINE('',#1430,#1431);
#1430 = CARTESIAN_POINT('',(260.,198.95,8.));
#1431 = VECTOR('',#1432,1.);
#1432 = DIRECTION('',(0.,0.,-1.));
#1433 = PCURVE('',#1387,#1434);
#1434 = DEFINITIONAL_REPRESENTATION('',(#1435),#1438);
#1435 = B_SPLINE_CURVE_WITH_KNOTS('',1,(#1436,#1437),.UNSPECIFIED.,.F.,
  .F.,(2,2),(-59.5,-8.),.PIECEWISE_BEZIER_KNOTS.);
#1436 = CARTESIAN_POINT('',(51.5,-3.));
#1437 = CARTESIAN_POINT('',(0.,-3.));
#1438 = ( GEOMETRIC_REPRESENTATION_CONTEXT(2) 
PARAMETRIC_REPRESENTATION_CONTEXT() REPRESENTATION_CONTEXT('2D SPACE',''
  ) );
#1439 = PCURVE('',#806,#1440);
#1440 = DEFINITIONAL_REPRESENTATION('',(#1441),#1444);
#1441 = B_SPLINE_CURVE_WITH_KNOTS('',1,(#1442,#1443),.UNSPECIFIED.,.F.,
  .F.,(2,2),(-59.5,-8.),.PIECEWISE_BEZIER_KNOTS.);
#1442 = CARTESIAN_POINT('',(67.5,553.12));
#1443 = CARTESIAN_POINT('',(16.,553.12));
#1444 = ( GEOMETRIC_REPRESENTATION_CONTEXT(2) 
PARAMETRIC_REPRESENTATION_CONTEXT() REPRESENTATION_CONTEXT('2D SPACE',''
  ) );
#1445 = ORIENTED_EDGE('',*,*,#1446,.T.);
#1446 = EDGE_CURVE('',#1426,#1447,#1449,.T.);
#1447 = VERTEX_POINT('',#1448);
#1448 = CARTESIAN_POINT('',(260.,201.95,16.));
#1449 = SURFACE_CURVE('',#1450,(#1454,#1461),.PCURVE_S1.);
#1450 = LINE('',#1451,#1452);
#1451 = CARTESIAN_POINT('',(260.,195.95,16.));
#1452 = VECTOR('',#1453,1.);
#1453 = DIRECTION('',(0.,1.,0.));
#1454 = PCURVE('',#1387,#1455);
#1455 = DEFINITIONAL_REPRESENTATION('',(#1456),#1460);
#1456 = LINE('',#1457,#1458);
#1457 = CARTESIAN_POINT('',(0.,0.));
#1458 = VECTOR('',#1459,1.);
#1459 = DIRECTION('',(0.,-1.));
#1460 = ( GEOMETRIC_REPRESENTATION_CONTEXT(2) 
PARAMETRIC_REPRESENTATION_CONTEXT() REPRESENTATION_CONTEXT('2D SPACE',''
  ) );
#1461 = PCURVE('',#1462,#1467);
#1462 = PLANE('',#1463);
#1463 = AXIS2_PLACEMENT_3D('',#1464,#1465,#1466);
#1464 = CARTESIAN_POINT('',(-260.,195.95,16.));
#1465 = DIRECTION('',(0.,0.,1.));
#1466 = DIRECTION('',(1.,0.,0.));
#1467 = DEFINITIONAL_REPRESENTATION('',(#1468),#1472);
#1468 = LINE('',#1469,#1470);
#1469 = CARTESIAN_POINT('',(520.,0.));
#1470 = VECTOR('',#1471,1.);
#1471 = DIRECTION('',(0.,1.));
#1472 = ( GEOMETRIC_REPRESENTATION_CONTEXT(2) 
PARAMETRIC_REPRESENTATION_CONTEXT() REPRESENTATION_CONTEXT('2D SPACE',''
  ) );
#1473 = ORIENTED_EDGE('',*,*,#1474,.F.);
#1474 = EDGE_CURVE('',#1475,#1447,#1477,.T.);
#1475 = VERTEX_POINT('',#1476);
#1476 = CARTESIAN_POINT('',(260.,201.95,69.3));
#1477 = SURFACE_CURVE('',#1478,(#1482,#1488),.PCURVE_S1.);
#1478 = LINE('',#1479,#1480);
#1479 = CARTESIAN_POINT('',(260.,201.95,8.));
#1480 = VECTOR('',#1481,1.);
#1481 = DIRECTION('',(0.,0.,-1.));
#1482 = PCURVE('',#1387,#1483);
#1483 = DEFINITIONAL_REPRESENTATION('',(#1484),#1487);
#1484 = B_SPLINE_CURVE_WITH_KNOTS('',1,(#1485,#1486),.UNSPECIFIED.,.F.,
  .F.,(2,2),(-61.3,-8.),.PIECEWISE_BEZIER_KNOTS.);
#1485 = CARTESIAN_POINT('',(53.3,-6.));
#1486 = CARTESIAN_POINT('',(0.,-6.));
#1487 = ( GEOMETRIC_REPRESENTATION_CONTEXT(2) 
PARAMETRIC_REPRESENTATION_CONTEXT() REPRESENTATION_CONTEXT('2D SPACE',''
  ) );
#1488 = PCURVE('',#44,#1489);
#1489 = DEFINITIONAL_REPRESENTATION('',(#1490),#1493);
#1490 = B_SPLINE_CURVE_WITH_KNOTS('',1,(#1491,#1492),.UNSPECIFIED.,.F.,
  .F.,(2,2),(-61.3,-8.),.PIECEWISE_BEZIER_KNOTS.);
#1491 = CARTESIAN_POINT('',(69.3,553.12));
#1492 = CARTESIAN_POINT('',(16.,553.12));
#1493 = ( GEOMETRIC_REPRESENTATION_CONTEXT(2) 
PARAMETRIC_REPRESENTATION_CONTEXT() REPRESENTATION_CONTEXT('2D SPACE',''
  ) );
#1494 = ORIENTED_EDGE('',*,*,#1495,.F.);
#1495 = EDGE_CURVE('',#1402,#1475,#1496,.T.);
#1496 = SURFACE_CURVE('',#1497,(#1501,#1508),.PCURVE_S1.);
#1497 = LINE('',#1498,#1499);
#1498 = CARTESIAN_POINT('',(260.,195.95,69.3));
#1499 = VECTOR('',#1500,1.);
#1500 = DIRECTION('',(0.,1.,0.));
#1501 = PCURVE('',#1387,#1502);
#1502 = DEFINITIONAL_REPRESENTATION('',(#1503),#1507);
#1503 = LINE('',#1504,#1505);
#1504 = CARTESIAN_POINT('',(53.3,0.));
#1505 = VECTOR('',#1506,1.);
#1506 = DIRECTION('',(0.,-1.));
#1507 = ( GEOMETRIC_REPRESENTATION_CONTEXT(2) 
PARAMETRIC_REPRESENTATION_CONTEXT() REPRESENTATION_CONTEXT('2D SPACE',''
  ) );
#1508 = PCURVE('',#1509,#1514);
#1509 = PLANE('',#1510);
#1510 = AXIS2_PLACEMENT_3D('',#1511,#1512,#1513);
#1511 = CARTESIAN_POINT('',(-260.,195.95,69.3));
#1512 = DIRECTION('',(0.,0.,1.));
#1513 = DIRECTION('',(1.,0.,0.));
#1514 = DEFINITIONAL_REPRESENTATION('',(#1515),#1519);
#1515 = LINE('',#1516,#1517);
#1516 = CARTESIAN_POINT('',(520.,0.));
#1517 = VECTOR('',#1518,1.);
#1518 = DIRECTION('',(0.,1.));
#1519 = ( GEOMETRIC_REPRESENTATION_CONTEXT(2) 
PARAMETRIC_REPRESENTATION_CONTEXT() REPRESENTATION_CONTEXT('2D SPACE',''
  ) );
#1520 = ADVANCED_FACE('',(#1521),#1462,.T.);
#1521 = FACE_BOUND('',#1522,.T.);
#1522 = EDGE_LOOP('',(#1523,#1551,#1570,#1571));
#1523 = ORIENTED_EDGE('',*,*,#1524,.F.);
#1524 = EDGE_CURVE('',#1525,#1527,#1529,.T.);
#1525 = VERTEX_POINT('',#1526);
#1526 = CARTESIAN_POINT('',(0.,198.95,16.));
#1527 = VERTEX_POINT('',#1528);
#1528 = CARTESIAN_POINT('',(0.,201.95,16.));
#1529 = SURFACE_CURVE('',#1530,(#1534,#1540),.PCURVE_S1.);
#1530 = LINE('',#1531,#1532);
#1531 = CARTESIAN_POINT('',(0.,97.975,16.));
#1532 = VECTOR('',#1533,1.);
#1533 = DIRECTION('',(0.,1.,0.));
#1534 = PCURVE('',#1462,#1535);
#1535 = DEFINITIONAL_REPRESENTATION('',(#1536),#1539);
#1536 = B_SPLINE_CURVE_WITH_KNOTS('',1,(#1537,#1538),.UNSPECIFIED.,.F.,
  .F.,(2,2),(100.975,103.975),.PIECEWISE_BEZIER_KNOTS.);
#1537 = CARTESIAN_POINT('',(260.,3.));
#1538 = CARTESIAN_POINT('',(260.,6.));
#1539 = ( GEOMETRIC_REPRESENTATION_CONTEXT(2) 
PARAMETRIC_REPRESENTATION_CONTEXT() REPRESENTATION_CONTEXT('2D SPACE',''
  ) );
#1540 = PCURVE('',#1541,#1546);
#1541 = PLANE('',#1542);
#1542 = AXIS2_PLACEMENT_3D('',#1543,#1544,#1545);
#1543 = CARTESIAN_POINT('',(0.,0.,-20.));
#1544 = DIRECTION('',(1.,0.,0.));
#1545 = DIRECTION('',(0.,0.,1.));
#1546 = DEFINITIONAL_REPRESENTATION('',(#1547),#1550);
#1547 = B_SPLINE_CURVE_WITH_KNOTS('',1,(#1548,#1549),.UNSPECIFIED.,.F.,
  .F.,(2,2),(100.975,103.975),.PIECEWISE_BEZIER_KNOTS.);
#1548 = CARTESIAN_POINT('',(36.,-198.95));
#1549 = CARTESIAN_POINT('',(36.,-201.95));
#1550 = ( GEOMETRIC_REPRESENTATION_CONTEXT(2) 
PARAMETRIC_REPRESENTATION_CONTEXT() REPRESENTATION_CONTEXT('2D SPACE',''
  ) );
#1551 = ORIENTED_EDGE('',*,*,#1552,.T.);
#1552 = EDGE_CURVE('',#1525,#1426,#1553,.T.);
#1553 = SURFACE_CURVE('',#1554,(#1558,#1564),.PCURVE_S1.);
#1554 = LINE('',#1555,#1556);
#1555 = CARTESIAN_POINT('',(-276.56,198.95,16.));
#1556 = VECTOR('',#1557,1.);
#1557 = DIRECTION('',(1.,0.,0.));
#1558 = PCURVE('',#1462,#1559);
#1559 = DEFINITIONAL_REPRESENTATION('',(#1560),#1563);
#1560 = B_SPLINE_CURVE_WITH_KNOTS('',1,(#1561,#1562),.UNSPECIFIED.,.F.,
  .F.,(2,2),(16.56,536.56),.PIECEWISE_BEZIER_KNOTS.);
#1561 = CARTESIAN_POINT('',(0.,3.));
#1562 = CARTESIAN_POINT('',(520.,3.));
#1563 = ( GEOMETRIC_REPRESENTATION_CONTEXT(2) 
PARAMETRIC_REPRESENTATION_CONTEXT() REPRESENTATION_CONTEXT('2D SPACE',''
  ) );
#1564 = PCURVE('',#806,#1565);
#1565 = DEFINITIONAL_REPRESENTATION('',(#1566),#1569);
#1566 = B_SPLINE_CURVE_WITH_KNOTS('',1,(#1567,#1568),.UNSPECIFIED.,.F.,
  .F.,(2,2),(16.56,536.56),.PIECEWISE_BEZIER_KNOTS.);
#1567 = CARTESIAN_POINT('',(16.,33.12));
#1568 = CARTESIAN_POINT('',(16.,553.12));
#1569 = ( GEOMETRIC_REPRESENTATION_CONTEXT(2) 
PARAMETRIC_REPRESENTATION_CONTEXT() REPRESENTATION_CONTEXT('2D SPACE',''
  ) );
#1570 = ORIENTED_EDGE('',*,*,#1446,.T.);
#1571 = ORIENTED_EDGE('',*,*,#1572,.F.);
#1572 = EDGE_CURVE('',#1527,#1447,#1573,.T.);
#1573 = SURFACE_CURVE('',#1574,(#1578,#1584),.PCURVE_S1.);
#1574 = LINE('',#1575,#1576);
#1575 = CARTESIAN_POINT('',(-276.56,201.95,16.));
#1576 = VECTOR('',#1577,1.);
#1577 = DIRECTION('',(1.,0.,0.));
#1578 = PCURVE('',#1462,#1579);
#1579 = DEFINITIONAL_REPRESENTATION('',(#1580),#1583);
#1580 = B_SPLINE_CURVE_WITH_KNOTS('',1,(#1581,#1582),.UNSPECIFIED.,.F.,
  .F.,(2,2),(16.56,536.56),.PIECEWISE_BEZIER_KNOTS.);
#1581 = CARTESIAN_POINT('',(0.,6.));
#1582 = CARTESIAN_POINT('',(520.,6.));
#1583 = ( GEOMETRIC_REPRESENTATION_CONTEXT(2) 
PARAMETRIC_REPRESENTATION_CONTEXT() REPRESENTATION_CONTEXT('2D SPACE',''
  ) );
#1584 = PCURVE('',#44,#1585);
#1585 = DEFINITIONAL_REPRESENTATION('',(#1586),#1589);
#1586 = B_SPLINE_CURVE_WITH_KNOTS('',1,(#1587,#1588),.UNSPECIFIED.,.F.,
  .F.,(2,2),(16.56,536.56),.PIECEWISE_BEZIER_KNOTS.);
#1587 = CARTESIAN_POINT('',(16.,33.12));
#1588 = CARTESIAN_POINT('',(16.,553.12));
#1589 = ( GEOMETRIC_REPRESENTATION_CONTEXT(2) 
PARAMETRIC_REPRESENTATION_CONTEXT() REPRESENTATION_CONTEXT('2D SPACE',''
  ) );
#1590 = ADVANCED_FACE('',(#1591),#1541,.F.);
#1591 = FACE_BOUND('',#1592,.F.);
#1592 = EDGE_LOOP('',(#1593,#1614,#1615,#1636));
#1593 = ORIENTED_EDGE('',*,*,#1594,.F.);
#1594 = EDGE_CURVE('',#1527,#1595,#1597,.T.);
#1595 = VERTEX_POINT('',#1596);
#1596 = CARTESIAN_POINT('',(0.,201.95,0.));
#1597 = SURFACE_CURVE('',#1598,(#1602,#1608),.PCURVE_S1.);
#1598 = LINE('',#1599,#1600);
#1599 = CARTESIAN_POINT('',(0.,201.95,-10.));
#1600 = VECTOR('',#1601,1.);
#1601 = DIRECTION('',(0.,0.,-1.));
#1602 = PCURVE('',#1541,#1603);
#1603 = DEFINITIONAL_REPRESENTATION('',(#1604),#1607);
#1604 = B_SPLINE_CURVE_WITH_KNOTS('',1,(#1605,#1606),.UNSPECIFIED.,.F.,
  .F.,(2,2),(-80.3,-10.),.PIECEWISE_BEZIER_KNOTS.);
#1605 = CARTESIAN_POINT('',(90.3,-201.95));
#1606 = CARTESIAN_POINT('',(20.,-201.95));
#1607 = ( GEOMETRIC_REPRESENTATION_CONTEXT(2) 
PARAMETRIC_REPRESENTATION_CONTEXT() REPRESENTATION_CONTEXT('2D SPACE',''
  ) );
#1608 = PCURVE('',#44,#1609);
#1609 = DEFINITIONAL_REPRESENTATION('',(#1610),#1613);
#1610 = B_SPLINE_CURVE_WITH_KNOTS('',1,(#1611,#1612),.UNSPECIFIED.,.F.,
  .F.,(2,2),(-80.3,-10.),.PIECEWISE_BEZIER_KNOTS.);
#1611 = CARTESIAN_POINT('',(70.3,293.12));
#1612 = CARTESIAN_POINT('',(0.,293.12));
#1613 = ( GEOMETRIC_REPRESENTATION_CONTEXT(2) 
PARAMETRIC_REPRESENTATION_CONTEXT() REPRESENTATION_CONTEXT('2D SPACE',''
  ) );
#1614 = ORIENTED_EDGE('',*,*,#1524,.F.);
#1615 = ORIENTED_EDGE('',*,*,#1616,.T.);
#1616 = EDGE_CURVE('',#1525,#1617,#1619,.T.);
#1617 = VERTEX_POINT('',#1618);
#1618 = CARTESIAN_POINT('',(0.,198.95,0.));
#1619 = SURFACE_CURVE('',#1620,(#1624,#1630),.PCURVE_S1.);
#1620 = LINE('',#1621,#1622);
#1621 = CARTESIAN_POINT('',(0.,198.95,-10.));
#1622 = VECTOR('',#1623,1.);
#1623 = DIRECTION('',(0.,0.,-1.));
#1624 = PCURVE('',#1541,#1625);
#1625 = DEFINITIONAL_REPRESENTATION('',(#1626),#1629);
#1626 = B_SPLINE_CURVE_WITH_KNOTS('',1,(#1627,#1628),.UNSPECIFIED.,.F.,
  .F.,(2,2),(-77.5,-10.),.PIECEWISE_BEZIER_KNOTS.);
#1627 = CARTESIAN_POINT('',(87.5,-198.95));
#1628 = CARTESIAN_POINT('',(20.,-198.95));
#1629 = ( GEOMETRIC_REPRESENTATION_CONTEXT(2) 
PARAMETRIC_REPRESENTATION_CONTEXT() REPRESENTATION_CONTEXT('2D SPACE',''
  ) );
#1630 = PCURVE('',#806,#1631);
#1631 = DEFINITIONAL_REPRESENTATION('',(#1632),#1635);
#1632 = B_SPLINE_CURVE_WITH_KNOTS('',1,(#1633,#1634),.UNSPECIFIED.,.F.,
  .F.,(2,2),(-77.5,-10.),.PIECEWISE_BEZIER_KNOTS.);
#1633 = CARTESIAN_POINT('',(67.5,293.12));
#1634 = CARTESIAN_POINT('',(0.,293.12));
#1635 = ( GEOMETRIC_REPRESENTATION_CONTEXT(2) 
PARAMETRIC_REPRESENTATION_CONTEXT() REPRESENTATION_CONTEXT('2D SPACE',''
  ) );
#1636 = ORIENTED_EDGE('',*,*,#1637,.T.);
#1637 = EDGE_CURVE('',#1617,#1595,#1638,.T.);
#1638 = SURFACE_CURVE('',#1639,(#1643,#1649),.PCURVE_S1.);
#1639 = LINE('',#1640,#1641);
#1640 = CARTESIAN_POINT('',(0.,-100.975,0.));
#1641 = VECTOR('',#1642,1.);
#1642 = DIRECTION('',(0.,1.,0.));
#1643 = PCURVE('',#1541,#1644);
#1644 = DEFINITIONAL_REPRESENTATION('',(#1645),#1648);
#1645 = B_SPLINE_CURVE_WITH_KNOTS('',1,(#1646,#1647),.UNSPECIFIED.,.F.,
  .F.,(2,2),(100.975,308.925),.PIECEWISE_BEZIER_KNOTS.);
#1646 = CARTESIAN_POINT('',(20.,0.));
#1647 = CARTESIAN_POINT('',(20.,-207.95));
#1648 = ( GEOMETRIC_REPRESENTATION_CONTEXT(2) 
PARAMETRIC_REPRESENTATION_CONTEXT() REPRESENTATION_CONTEXT('2D SPACE',''
  ) );
#1649 = PCURVE('',#681,#1650);
#1650 = DEFINITIONAL_REPRESENTATION('',(#1651),#1654);
#1651 = B_SPLINE_CURVE_WITH_KNOTS('',1,(#1652,#1653),.UNSPECIFIED.,.F.,
  .F.,(2,2),(100.975,308.925),.PIECEWISE_BEZIER_KNOTS.);
#1652 = CARTESIAN_POINT('',(293.12,201.95));
#1653 = CARTESIAN_POINT('',(293.12,409.9));
#1654 = ( GEOMETRIC_REPRESENTATION_CONTEXT(2) 
PARAMETRIC_REPRESENTATION_CONTEXT() REPRESENTATION_CONTEXT('2D SPACE',''
  ) );
#1655 = ADVANCED_FACE('',(#1656),#1509,.F.);
#1656 = FACE_BOUND('',#1657,.F.);
#1657 = EDGE_LOOP('',(#1658,#1681,#1702,#1703));
#1658 = ORIENTED_EDGE('',*,*,#1659,.F.);
#1659 = EDGE_CURVE('',#1660,#1662,#1664,.T.);
#1660 = VERTEX_POINT('',#1661);
#1661 = CARTESIAN_POINT('',(0.,195.95,69.3));
#1662 = VERTEX_POINT('',#1663);
#1663 = CARTESIAN_POINT('',(0.,201.95,69.3));
#1664 = SURFACE_CURVE('',#1665,(#1669,#1675),.PCURVE_S1.);
#1665 = LINE('',#1666,#1667);
#1666 = CARTESIAN_POINT('',(0.,97.975,69.3));
#1667 = VECTOR('',#1668,1.);
#1668 = DIRECTION('',(0.,1.,0.));
#1669 = PCURVE('',#1509,#1670);
#1670 = DEFINITIONAL_REPRESENTATION('',(#1671),#1674);
#1671 = B_SPLINE_CURVE_WITH_KNOTS('',1,(#1672,#1673),.UNSPECIFIED.,.F.,
  .F.,(2,2),(97.975,103.975),.PIECEWISE_BEZIER_KNOTS.);
#1672 = CARTESIAN_POINT('',(260.,0.));
#1673 = CARTESIAN_POINT('',(260.,6.));
#1674 = ( GEOMETRIC_REPRESENTATION_CONTEXT(2) 
PARAMETRIC_REPRESENTATION_CONTEXT() REPRESENTATION_CONTEXT('2D SPACE',''
  ) );
#1675 = PCURVE('',#71,#1676);
#1676 = DEFINITIONAL_REPRESENTATION('',(#1677),#1680);
#1677 = B_SPLINE_CURVE_WITH_KNOTS('',1,(#1678,#1679),.UNSPECIFIED.,.F.,
  .F.,(2,2),(97.975,103.975),.PIECEWISE_BEZIER_KNOTS.);
#1678 = CARTESIAN_POINT('',(89.3,-195.95));
#1679 = CARTESIAN_POINT('',(89.3,-201.95));
#1680 = ( GEOMETRIC_REPRESENTATION_CONTEXT(2) 
PARAMETRIC_REPRESENTATION_CONTEXT() REPRESENTATION_CONTEXT('2D SPACE',''
  ) );
#1681 = ORIENTED_EDGE('',*,*,#1682,.T.);
#1682 = EDGE_CURVE('',#1660,#1402,#1683,.T.);
#1683 = SURFACE_CURVE('',#1684,(#1688,#1695),.PCURVE_S1.);
#1684 = LINE('',#1685,#1686);
#1685 = CARTESIAN_POINT('',(-260.,195.95,69.3));
#1686 = VECTOR('',#1687,1.);
#1687 = DIRECTION('',(1.,0.,0.));
#1688 = PCURVE('',#1509,#1689);
#1689 = DEFINITIONAL_REPRESENTATION('',(#1690),#1694);
#1690 = LINE('',#1691,#1692);
#1691 = CARTESIAN_POINT('',(0.,0.));
#1692 = VECTOR('',#1693,1.);
#1693 = DIRECTION('',(1.,0.));
#1694 = ( GEOMETRIC_REPRESENTATION_CONTEXT(2) 
PARAMETRIC_REPRESENTATION_CONTEXT() REPRESENTATION_CONTEXT('2D SPACE',''
  ) );
#1695 = PCURVE('',#968,#1696);
#1696 = DEFINITIONAL_REPRESENTATION('',(#1697),#1701);
#1697 = LINE('',#1698,#1699);
#1698 = CARTESIAN_POINT('',(53.3,0.));
#1699 = VECTOR('',#1700,1.);
#1700 = DIRECTION('',(0.,1.));
#1701 = ( GEOMETRIC_REPRESENTATION_CONTEXT(2) 
PARAMETRIC_REPRESENTATION_CONTEXT() REPRESENTATION_CONTEXT('2D SPACE',''
  ) );
#1702 = ORIENTED_EDGE('',*,*,#1495,.T.);
#1703 = ORIENTED_EDGE('',*,*,#1704,.F.);
#1704 = EDGE_CURVE('',#1662,#1475,#1705,.T.);
#1705 = SURFACE_CURVE('',#1706,(#1710,#1716),.PCURVE_S1.);
#1706 = LINE('',#1707,#1708);
#1707 = CARTESIAN_POINT('',(-276.56,201.95,69.3));
#1708 = VECTOR('',#1709,1.);
#1709 = DIRECTION('',(1.,0.,0.));
#1710 = PCURVE('',#1509,#1711);
#1711 = DEFINITIONAL_REPRESENTATION('',(#1712),#1715);
#1712 = B_SPLINE_CURVE_WITH_KNOTS('',1,(#1713,#1714),.UNSPECIFIED.,.F.,
  .F.,(2,2),(16.56,536.56),.PIECEWISE_BEZIER_KNOTS.);
#1713 = CARTESIAN_POINT('',(0.,6.));
#1714 = CARTESIAN_POINT('',(520.,6.));
#1715 = ( GEOMETRIC_REPRESENTATION_CONTEXT(2) 
PARAMETRIC_REPRESENTATION_CONTEXT() REPRESENTATION_CONTEXT('2D SPACE',''
  ) );
#1716 = PCURVE('',#44,#1717);
#1717 = DEFINITIONAL_REPRESENTATION('',(#1718),#1721);
#1718 = B_SPLINE_CURVE_WITH_KNOTS('',1,(#1719,#1720),.UNSPECIFIED.,.F.,
  .F.,(2,2),(16.56,536.56),.PIECEWISE_BEZIER_KNOTS.);
#1719 = CARTESIAN_POINT('',(69.3,33.12));
#1720 = CARTESIAN_POINT('',(69.3,553.12));
#1721 = ( GEOMETRIC_REPRESENTATION_CONTEXT(2) 
PARAMETRIC_REPRESENTATION_CONTEXT() REPRESENTATION_CONTEXT('2D SPACE',''
  ) );
#1722 = ADVANCED_FACE('',(#1723),#968,.T.);
#1723 = FACE_BOUND('',#1724,.T.);
#1724 = EDGE_LOOP('',(#1725,#1726,#1727,#1746));
#1725 = ORIENTED_EDGE('',*,*,#1401,.F.);
#1726 = ORIENTED_EDGE('',*,*,#951,.T.);
#1727 = ORIENTED_EDGE('',*,*,#1728,.F.);
#1728 = EDGE_CURVE('',#1660,#954,#1729,.T.);
#1729 = SURFACE_CURVE('',#1730,(#1734,#1740),.PCURVE_S1.);
#1730 = LINE('',#1731,#1732);
#1731 = CARTESIAN_POINT('',(0.,195.95,-2.));
#1732 = VECTOR('',#1733,1.);
#1733 = DIRECTION('',(0.,0.,-1.));
#1734 = PCURVE('',#968,#1735);
#1735 = DEFINITIONAL_REPRESENTATION('',(#1736),#1739);
#1736 = B_SPLINE_CURVE_WITH_KNOTS('',1,(#1737,#1738),.UNSPECIFIED.,.F.,
  .F.,(2,2),(-71.3,-69.5),.PIECEWISE_BEZIER_KNOTS.);
#1737 = CARTESIAN_POINT('',(53.3,260.));
#1738 = CARTESIAN_POINT('',(51.5,260.));
#1739 = ( GEOMETRIC_REPRESENTATION_CONTEXT(2) 
PARAMETRIC_REPRESENTATION_CONTEXT() REPRESENTATION_CONTEXT('2D SPACE',''
  ) );
#1740 = PCURVE('',#71,#1741);
#1741 = DEFINITIONAL_REPRESENTATION('',(#1742),#1745);
#1742 = B_SPLINE_CURVE_WITH_KNOTS('',1,(#1743,#1744),.UNSPECIFIED.,.F.,
  .F.,(2,2),(-71.3,-69.5),.PIECEWISE_BEZIER_KNOTS.);
#1743 = CARTESIAN_POINT('',(89.3,-195.95));
#1744 = CARTESIAN_POINT('',(87.5,-195.95));
#1745 = ( GEOMETRIC_REPRESENTATION_CONTEXT(2) 
PARAMETRIC_REPRESENTATION_CONTEXT() REPRESENTATION_CONTEXT('2D SPACE',''
  ) );
#1746 = ORIENTED_EDGE('',*,*,#1682,.T.);
#1747 = ADVANCED_FACE('',(#1748),#806,.F.);
#1748 = FACE_BOUND('',#1749,.F.);
#1749 = EDGE_LOOP('',(#1750,#1771,#1772,#1773,#1774,#1775));
#1750 = ORIENTED_EDGE('',*,*,#1751,.F.);
#1751 = EDGE_CURVE('',#1617,#790,#1752,.T.);
#1752 = SURFACE_CURVE('',#1753,(#1757,#1764),.PCURVE_S1.);
#1753 = LINE('',#1754,#1755);
#1754 = CARTESIAN_POINT('',(-293.12,198.95,0.));
#1755 = VECTOR('',#1756,1.);
#1756 = DIRECTION('',(1.,0.,0.));
#1757 = PCURVE('',#806,#1758);
#1758 = DEFINITIONAL_REPRESENTATION('',(#1759),#1763);
#1759 = LINE('',#1760,#1761);
#1760 = CARTESIAN_POINT('',(0.,0.));
#1761 = VECTOR('',#1762,1.);
#1762 = DIRECTION('',(0.,1.));
#1763 = ( GEOMETRIC_REPRESENTATION_CONTEXT(2) 
PARAMETRIC_REPRESENTATION_CONTEXT() REPRESENTATION_CONTEXT('2D SPACE',''
  ) );
#1764 = PCURVE('',#681,#1765);
#1765 = DEFINITIONAL_REPRESENTATION('',(#1766),#1770);
#1766 = LINE('',#1767,#1768);
#1767 = CARTESIAN_POINT('',(0.,400.9));
#1768 = VECTOR('',#1769,1.);
#1769 = DIRECTION('',(1.,0.));
#1770 = ( GEOMETRIC_REPRESENTATION_CONTEXT(2) 
PARAMETRIC_REPRESENTATION_CONTEXT() REPRESENTATION_CONTEXT('2D SPACE',''
  ) );
#1771 = ORIENTED_EDGE('',*,*,#1616,.F.);
#1772 = ORIENTED_EDGE('',*,*,#1552,.T.);
#1773 = ORIENTED_EDGE('',*,*,#1425,.F.);
#1774 = ORIENTED_EDGE('',*,*,#1352,.T.);
#1775 = ORIENTED_EDGE('',*,*,#789,.F.);
#1776 = ADVANCED_FACE('',(#1777),#602,.F.);
#1777 = FACE_BOUND('',#1778,.F.);
#1778 = EDGE_LOOP('',(#1779,#1800,#1801,#1802));
#1779 = ORIENTED_EDGE('',*,*,#1780,.F.);
#1780 = EDGE_CURVE('',#865,#588,#1781,.T.);
#1781 = SURFACE_CURVE('',#1782,(#1786,#1793),.PCURVE_S1.);
#1782 = LINE('',#1783,#1784);
#1783 = CARTESIAN_POINT('',(287.12,150.,12.));
#1784 = VECTOR('',#1785,1.);
#1785 = DIRECTION('',(1.,0.,0.));
#1786 = PCURVE('',#602,#1787);
#1787 = DEFINITIONAL_REPRESENTATION('',(#1788),#1792);
#1788 = LINE('',#1789,#1790);
#1789 = CARTESIAN_POINT('',(0.,0.));
#1790 = VECTOR('',#1791,1.);
#1791 = DIRECTION('',(0.,1.));
#1792 = ( GEOMETRIC_REPRESENTATION_CONTEXT(2) 
PARAMETRIC_REPRESENTATION_CONTEXT() REPRESENTATION_CONTEXT('2D SPACE',''
  ) );
#1793 = PCURVE('',#628,#1794);
#1794 = DEFINITIONAL_REPRESENTATION('',(#1795),#1799);
#1795 = LINE('',#1796,#1797);
#1796 = CARTESIAN_POINT('',(0.,300.));
#1797 = VECTOR('',#1798,1.);
#1798 = DIRECTION('',(1.,0.));
#1799 = ( GEOMETRIC_REPRESENTATION_CONTEXT(2) 
PARAMETRIC_REPRESENTATION_CONTEXT() REPRESENTATION_CONTEXT('2D SPACE',''
  ) );
#1800 = ORIENTED_EDGE('',*,*,#864,.T.);
#1801 = ORIENTED_EDGE('',*,*,#717,.T.);
#1802 = ORIENTED_EDGE('',*,*,#587,.F.);
#1803 = ADVANCED_FACE('',(#1804),#628,.T.);
#1804 = FACE_BOUND('',#1805,.T.);
#1805 = EDGE_LOOP('',(#1806,#1807,#1808,#1827));
#1806 = ORIENTED_EDGE('',*,*,#1780,.F.);
#1807 = ORIENTED_EDGE('',*,*,#885,.T.);
#1808 = ORIENTED_EDGE('',*,*,#1809,.F.);
#1809 = EDGE_CURVE('',#614,#886,#1810,.T.);
#1810 = SURFACE_CURVE('',#1811,(#1815,#1821),.PCURVE_S1.);
#1811 = LINE('',#1812,#1813);
#1812 = CARTESIAN_POINT('',(143.56,0.,12.));
#1813 = VECTOR('',#1814,1.);
#1814 = DIRECTION('',(-1.,0.,0.));
#1815 = PCURVE('',#628,#1816);
#1816 = DEFINITIONAL_REPRESENTATION('',(#1817),#1820);
#1817 = B_SPLINE_CURVE_WITH_KNOTS('',1,(#1818,#1819),.UNSPECIFIED.,.F.,
  .F.,(2,2),(-149.56,-146.56),.PIECEWISE_BEZIER_KNOTS.);
#1818 = CARTESIAN_POINT('',(6.,150.));
#1819 = CARTESIAN_POINT('',(3.,150.));
#1820 = ( GEOMETRIC_REPRESENTATION_CONTEXT(2) 
PARAMETRIC_REPRESENTATION_CONTEXT() REPRESENTATION_CONTEXT('2D SPACE',''
  ) );
#1821 = PCURVE('',#654,#1822);
#1822 = DEFINITIONAL_REPRESENTATION('',(#1823),#1826);
#1823 = B_SPLINE_CURVE_WITH_KNOTS('',1,(#1824,#1825),.UNSPECIFIED.,.F.,
  .F.,(2,2),(-149.56,-146.56),.PIECEWISE_BEZIER_KNOTS.);
#1824 = CARTESIAN_POINT('',(32.,293.12));
#1825 = CARTESIAN_POINT('',(32.,290.12));
#1826 = ( GEOMETRIC_REPRESENTATION_CONTEXT(2) 
PARAMETRIC_REPRESENTATION_CONTEXT() REPRESENTATION_CONTEXT('2D SPACE',''
  ) );
#1827 = ORIENTED_EDGE('',*,*,#613,.F.);
#1828 = ADVANCED_FACE('',(#1829),#654,.F.);
#1829 = FACE_BOUND('',#1830,.F.);
#1830 = EDGE_LOOP('',(#1831,#1832,#1851,#1852));
#1831 = ORIENTED_EDGE('',*,*,#639,.F.);
#1832 = ORIENTED_EDGE('',*,*,#1833,.T.);
#1833 = EDGE_CURVE('',#640,#907,#1834,.T.);
#1834 = SURFACE_CURVE('',#1835,(#1839,#1845),.PCURVE_S1.);
#1835 = LINE('',#1836,#1837);
#1836 = CARTESIAN_POINT('',(-146.56,0.,0.));
#1837 = VECTOR('',#1838,1.);
#1838 = DIRECTION('',(-1.,0.,0.));
#1839 = PCURVE('',#654,#1840);
#1840 = DEFINITIONAL_REPRESENTATION('',(#1841),#1844);
#1841 = B_SPLINE_CURVE_WITH_KNOTS('',1,(#1842,#1843),.UNSPECIFIED.,.F.,
  .F.,(2,2),(-439.68,-146.56),.PIECEWISE_BEZIER_KNOTS.);
#1842 = CARTESIAN_POINT('',(20.,293.12));
#1843 = CARTESIAN_POINT('',(20.,0.));
#1844 = ( GEOMETRIC_REPRESENTATION_CONTEXT(2) 
PARAMETRIC_REPRESENTATION_CONTEXT() REPRESENTATION_CONTEXT('2D SPACE',''
  ) );
#1845 = PCURVE('',#681,#1846);
#1846 = DEFINITIONAL_REPRESENTATION('',(#1847),#1850);
#1847 = B_SPLINE_CURVE_WITH_KNOTS('',1,(#1848,#1849),.UNSPECIFIED.,.F.,
  .F.,(2,2),(-439.68,-146.56),.PIECEWISE_BEZIER_KNOTS.);
#1848 = CARTESIAN_POINT('',(586.24,201.95));
#1849 = CARTESIAN_POINT('',(293.12,201.95));
#1850 = ( GEOMETRIC_REPRESENTATION_CONTEXT(2) 
PARAMETRIC_REPRESENTATION_CONTEXT() REPRESENTATION_CONTEXT('2D SPACE',''
  ) );
#1851 = ORIENTED_EDGE('',*,*,#906,.T.);
#1852 = ORIENTED_EDGE('',*,*,#1809,.F.);
#1853 = ADVANCED_FACE('',(#1854,#2096,#2127),#681,.F.);
#1854 = FACE_BOUND('',#1855,.F.);
#1855 = EDGE_LOOP('',(#1856,#1857,#1858,#1881,#1909,#1937,#1965,#1988,
    #2016,#2044,#2072,#2093,#2094,#2095));
#1856 = ORIENTED_EDGE('',*,*,#1833,.F.);
#1857 = ORIENTED_EDGE('',*,*,#665,.F.);
#1858 = ORIENTED_EDGE('',*,*,#1859,.F.);
#1859 = EDGE_CURVE('',#1860,#666,#1862,.T.);
#1860 = VERTEX_POINT('',#1861);
#1861 = CARTESIAN_POINT('',(251.,201.95,0.));
#1862 = SURFACE_CURVE('',#1863,(#1867,#1874),.PCURVE_S1.);
#1863 = LINE('',#1864,#1865);
#1864 = CARTESIAN_POINT('',(-293.12,201.95,0.));
#1865 = VECTOR('',#1866,1.);
#1866 = DIRECTION('',(1.,0.,0.));
#1867 = PCURVE('',#681,#1868);
#1868 = DEFINITIONAL_REPRESENTATION('',(#1869),#1873);
#1869 = LINE('',#1870,#1871);
#1870 = CARTESIAN_POINT('',(0.,403.9));
#1871 = VECTOR('',#1872,1.);
#1872 = DIRECTION('',(1.,0.));
#1873 = ( GEOMETRIC_REPRESENTATION_CONTEXT(2) 
PARAMETRIC_REPRESENTATION_CONTEXT() REPRESENTATION_CONTEXT('2D SPACE',''
  ) );
#1874 = PCURVE('',#44,#1875);
#1875 = DEFINITIONAL_REPRESENTATION('',(#1876),#1880);
#1876 = LINE('',#1877,#1878);
#1877 = CARTESIAN_POINT('',(0.,0.));
#1878 = VECTOR('',#1879,1.);
#1879 = DIRECTION('',(0.,1.));
#1880 = ( GEOMETRIC_REPRESENTATION_CONTEXT(2) 
PARAMETRIC_REPRESENTATION_CONTEXT() REPRESENTATION_CONTEXT('2D SPACE',''
  ) );
#1881 = ORIENTED_EDGE('',*,*,#1882,.T.);
#1882 = EDGE_CURVE('',#1860,#1883,#1885,.T.);
#1883 = VERTEX_POINT('',#1884);
#1884 = CARTESIAN_POINT('',(251.,207.95,0.));
#1885 = SURFACE_CURVE('',#1886,(#1890,#1897),.PCURVE_S1.);
#1886 = LINE('',#1887,#1888);
#1887 = CARTESIAN_POINT('',(251.,201.95,0.));
#1888 = VECTOR('',#1889,1.);
#1889 = DIRECTION('',(0.,1.,0.));
#1890 = PCURVE('',#681,#1891);
#1891 = DEFINITIONAL_REPRESENTATION('',(#1892),#1896);
#1892 = LINE('',#1893,#1894);
#1893 = CARTESIAN_POINT('',(544.12,403.9));
#1894 = VECTOR('',#1895,1.);
#1895 = DIRECTION('',(0.,1.));
#1896 = ( GEOMETRIC_REPRESENTATION_CONTEXT(2) 
PARAMETRIC_REPRESENTATION_CONTEXT() REPRESENTATION_CONTEXT('2D SPACE',''
  ) );
#1897 = PCURVE('',#1898,#1903);
#1898 = PLANE('',#1899);
#1899 = AXIS2_PLACEMENT_3D('',#1900,#1901,#1902);
#1900 = CARTESIAN_POINT('',(251.,201.95,0.));
#1901 = DIRECTION('',(1.,0.,0.));
#1902 = DIRECTION('',(0.,0.,1.));
#1903 = DEFINITIONAL_REPRESENTATION('',(#1904),#1908);
#1904 = LINE('',#1905,#1906);
#1905 = CARTESIAN_POINT('',(0.,0.));
#1906 = VECTOR('',#1907,1.);
#1907 = DIRECTION('',(0.,-1.));
#1908 = ( GEOMETRIC_REPRESENTATION_CONTEXT(2) 
PARAMETRIC_REPRESENTATION_CONTEXT() REPRESENTATION_CONTEXT('2D SPACE',''
  ) );
#1909 = ORIENTED_EDGE('',*,*,#1910,.F.);
#1910 = EDGE_CURVE('',#1911,#1883,#1913,.T.);
#1911 = VERTEX_POINT('',#1912);
#1912 = CARTESIAN_POINT('',(229.,207.95,0.));
#1913 = SURFACE_CURVE('',#1914,(#1918,#1925),.PCURVE_S1.);
#1914 = LINE('',#1915,#1916);
#1915 = CARTESIAN_POINT('',(229.,207.95,0.));
#1916 = VECTOR('',#1917,1.);
#1917 = DIRECTION('',(1.,0.,0.));
#1918 = PCURVE('',#681,#1919);
#1919 = DEFINITIONAL_REPRESENTATION('',(#1920),#1924);
#1920 = LINE('',#1921,#1922);
#1921 = CARTESIAN_POINT('',(522.12,409.9));
#1922 = VECTOR('',#1923,1.);
#1923 = DIRECTION('',(1.,0.));
#1924 = ( GEOMETRIC_REPRESENTATION_CONTEXT(2) 
PARAMETRIC_REPRESENTATION_CONTEXT() REPRESENTATION_CONTEXT('2D SPACE',''
  ) );
#1925 = PCURVE('',#1926,#1931);
#1926 = PLANE('',#1927);
#1927 = AXIS2_PLACEMENT_3D('',#1928,#1929,#1930);
#1928 = CARTESIAN_POINT('',(229.,207.95,0.));
#1929 = DIRECTION('',(0.,1.,0.));
#1930 = DIRECTION('',(0.,0.,1.));
#1931 = DEFINITIONAL_REPRESENTATION('',(#1932),#1936);
#1932 = LINE('',#1933,#1934);
#1933 = CARTESIAN_POINT('',(0.,0.));
#1934 = VECTOR('',#1935,1.);
#1935 = DIRECTION('',(0.,1.));
#1936 = ( GEOMETRIC_REPRESENTATION_CONTEXT(2) 
PARAMETRIC_REPRESENTATION_CONTEXT() REPRESENTATION_CONTEXT('2D SPACE',''
  ) );
#1937 = ORIENTED_EDGE('',*,*,#1938,.F.);
#1938 = EDGE_CURVE('',#1939,#1911,#1941,.T.);
#1939 = VERTEX_POINT('',#1940);
#1940 = CARTESIAN_POINT('',(229.,201.95,0.));
#1941 = SURFACE_CURVE('',#1942,(#1946,#1953),.PCURVE_S1.);
#1942 = LINE('',#1943,#1944);
#1943 = CARTESIAN_POINT('',(229.,201.95,0.));
#1944 = VECTOR('',#1945,1.);
#1945 = DIRECTION('',(0.,1.,0.));
#1946 = PCURVE('',#681,#1947);
#1947 = DEFINITIONAL_REPRESENTATION('',(#1948),#1952);
#1948 = LINE('',#1949,#1950);
#1949 = CARTESIAN_POINT('',(522.12,403.9));
#1950 = VECTOR('',#1951,1.);
#1951 = DIRECTION('',(0.,1.));
#1952 = ( GEOMETRIC_REPRESENTATION_CONTEXT(2) 
PARAMETRIC_REPRESENTATION_CONTEXT() REPRESENTATION_CONTEXT('2D SPACE',''
  ) );
#1953 = PCURVE('',#1954,#1959);
#1954 = PLANE('',#1955);
#1955 = AXIS2_PLACEMENT_3D('',#1956,#1957,#1958);
#1956 = CARTESIAN_POINT('',(229.,201.95,0.));
#1957 = DIRECTION('',(1.,0.,0.));
#1958 = DIRECTION('',(0.,0.,1.));
#1959 = DEFINITIONAL_REPRESENTATION('',(#1960),#1964);
#1960 = LINE('',#1961,#1962);
#1961 = CARTESIAN_POINT('',(0.,0.));
#1962 = VECTOR('',#1963,1.);
#1963 = DIRECTION('',(0.,-1.));
#1964 = ( GEOMETRIC_REPRESENTATION_CONTEXT(2) 
PARAMETRIC_REPRESENTATION_CONTEXT() REPRESENTATION_CONTEXT('2D SPACE',''
  ) );
#1965 = ORIENTED_EDGE('',*,*,#1966,.F.);
#1966 = EDGE_CURVE('',#1967,#1939,#1969,.T.);
#1967 = VERTEX_POINT('',#1968);
#1968 = CARTESIAN_POINT('',(121.,201.95,0.));
#1969 = SURFACE_CURVE('',#1970,(#1974,#1981),.PCURVE_S1.);
#1970 = LINE('',#1971,#1972);
#1971 = CARTESIAN_POINT('',(-293.12,201.95,0.));
#1972 = VECTOR('',#1973,1.);
#1973 = DIRECTION('',(1.,0.,0.));
#1974 = PCURVE('',#681,#1975);
#1975 = DEFINITIONAL_REPRESENTATION('',(#1976),#1980);
#1976 = LINE('',#1977,#1978);
#1977 = CARTESIAN_POINT('',(0.,403.9));
#1978 = VECTOR('',#1979,1.);
#1979 = DIRECTION('',(1.,0.));
#1980 = ( GEOMETRIC_REPRESENTATION_CONTEXT(2) 
PARAMETRIC_REPRESENTATION_CONTEXT() REPRESENTATION_CONTEXT('2D SPACE',''
  ) );
#1981 = PCURVE('',#44,#1982);
#1982 = DEFINITIONAL_REPRESENTATION('',(#1983),#1987);
#1983 = LINE('',#1984,#1985);
#1984 = CARTESIAN_POINT('',(0.,0.));
#1985 = VECTOR('',#1986,1.);
#1986 = DIRECTION('',(0.,1.));
#1987 = ( GEOMETRIC_REPRESENTATION_CONTEXT(2) 
PARAMETRIC_REPRESENTATION_CONTEXT() REPRESENTATION_CONTEXT('2D SPACE',''
  ) );
#1988 = ORIENTED_EDGE('',*,*,#1989,.T.);
#1989 = EDGE_CURVE('',#1967,#1990,#1992,.T.);
#1990 = VERTEX_POINT('',#1991);
#1991 = CARTESIAN_POINT('',(121.,207.95,0.));
#1992 = SURFACE_CURVE('',#1993,(#1997,#2004),.PCURVE_S1.);
#1993 = LINE('',#1994,#1995);
#1994 = CARTESIAN_POINT('',(121.,201.95,0.));
#1995 = VECTOR('',#1996,1.);
#1996 = DIRECTION('',(0.,1.,0.));
#1997 = PCURVE('',#681,#1998);
#1998 = DEFINITIONAL_REPRESENTATION('',(#1999),#2003);
#1999 = LINE('',#2000,#2001);
#2000 = CARTESIAN_POINT('',(414.12,403.9));
#2001 = VECTOR('',#2002,1.);
#2002 = DIRECTION('',(0.,1.));
#2003 = ( GEOMETRIC_REPRESENTATION_CONTEXT(2) 
PARAMETRIC_REPRESENTATION_CONTEXT() REPRESENTATION_CONTEXT('2D SPACE',''
  ) );
#2004 = PCURVE('',#2005,#2010);
#2005 = PLANE('',#2006);
#2006 = AXIS2_PLACEMENT_3D('',#2007,#2008,#2009);
#2007 = CARTESIAN_POINT('',(121.,201.95,0.));
#2008 = DIRECTION('',(1.,0.,0.));
#2009 = DIRECTION('',(0.,0.,1.));
#2010 = DEFINITIONAL_REPRESENTATION('',(#2011),#2015);
#2011 = LINE('',#2012,#2013);
#2012 = CARTESIAN_POINT('',(0.,0.));
#2013 = VECTOR('',#2014,1.);
#2014 = DIRECTION('',(0.,-1.));
#2015 = ( GEOMETRIC_REPRESENTATION_CONTEXT(2) 
PARAMETRIC_REPRESENTATION_CONTEXT() REPRESENTATION_CONTEXT('2D SPACE',''
  ) );
#2016 = ORIENTED_EDGE('',*,*,#2017,.F.);
#2017 = EDGE_CURVE('',#2018,#1990,#2020,.T.);
#2018 = VERTEX_POINT('',#2019);
#2019 = CARTESIAN_POINT('',(99.,207.95,0.));
#2020 = SURFACE_CURVE('',#2021,(#2025,#2032),.PCURVE_S1.);
#2021 = LINE('',#2022,#2023);
#2022 = CARTESIAN_POINT('',(99.,207.95,0.));
#2023 = VECTOR('',#2024,1.);
#2024 = DIRECTION('',(1.,0.,0.));
#2025 = PCURVE('',#681,#2026);
#2026 = DEFINITIONAL_REPRESENTATION('',(#2027),#2031);
#2027 = LINE('',#2028,#2029);
#2028 = CARTESIAN_POINT('',(392.12,409.9));
#2029 = VECTOR('',#2030,1.);
#2030 = DIRECTION('',(1.,0.));
#2031 = ( GEOMETRIC_REPRESENTATION_CONTEXT(2) 
PARAMETRIC_REPRESENTATION_CONTEXT() REPRESENTATION_CONTEXT('2D SPACE',''
  ) );
#2032 = PCURVE('',#2033,#2038);
#2033 = PLANE('',#2034);
#2034 = AXIS2_PLACEMENT_3D('',#2035,#2036,#2037);
#2035 = CARTESIAN_POINT('',(99.,207.95,0.));
#2036 = DIRECTION('',(0.,1.,0.));
#2037 = DIRECTION('',(0.,0.,1.));
#2038 = DEFINITIONAL_REPRESENTATION('',(#2039),#2043);
#2039 = LINE('',#2040,#2041);
#2040 = CARTESIAN_POINT('',(0.,0.));
#2041 = VECTOR('',#2042,1.);
#2042 = DIRECTION('',(0.,1.));
#2043 = ( GEOMETRIC_REPRESENTATION_CONTEXT(2) 
PARAMETRIC_REPRESENTATION_CONTEXT() REPRESENTATION_CONTEXT('2D SPACE',''
  ) );
#2044 = ORIENTED_EDGE('',*,*,#2045,.F.);
#2045 = EDGE_CURVE('',#2046,#2018,#2048,.T.);
#2046 = VERTEX_POINT('',#2047);
#2047 = CARTESIAN_POINT('',(99.,201.95,0.));
#2048 = SURFACE_CURVE('',#2049,(#2053,#2060),.PCURVE_S1.);
#2049 = LINE('',#2050,#2051);
#2050 = CARTESIAN_POINT('',(99.,201.95,0.));
#2051 = VECTOR('',#2052,1.);
#2052 = DIRECTION('',(0.,1.,0.));
#2053 = PCURVE('',#681,#2054);
#2054 = DEFINITIONAL_REPRESENTATION('',(#2055),#2059);
#2055 = LINE('',#2056,#2057);
#2056 = CARTESIAN_POINT('',(392.12,403.9));
#2057 = VECTOR('',#2058,1.);
#2058 = DIRECTION('',(0.,1.));
#2059 = ( GEOMETRIC_REPRESENTATION_CONTEXT(2) 
PARAMETRIC_REPRESENTATION_CONTEXT() REPRESENTATION_CONTEXT('2D SPACE',''
  ) );
#2060 = PCURVE('',#2061,#2066);
#2061 = PLANE('',#2062);
#2062 = AXIS2_PLACEMENT_3D('',#2063,#2064,#2065);
#2063 = CARTESIAN_POINT('',(99.,201.95,0.));
#2064 = DIRECTION('',(1.,0.,0.));
#2065 = DIRECTION('',(0.,0.,1.));
#2066 = DEFINITIONAL_REPRESENTATION('',(#2067),#2071);
#2067 = LINE('',#2068,#2069);
#2068 = CARTESIAN_POINT('',(0.,0.));
#2069 = VECTOR('',#2070,1.);
#2070 = DIRECTION('',(0.,-1.));
#2071 = ( GEOMETRIC_REPRESENTATION_CONTEXT(2) 
PARAMETRIC_REPRESENTATION_CONTEXT() REPRESENTATION_CONTEXT('2D SPACE',''
  ) );
#2072 = ORIENTED_EDGE('',*,*,#2073,.F.);
#2073 = EDGE_CURVE('',#1595,#2046,#2074,.T.);
#2074 = SURFACE_CURVE('',#2075,(#2079,#2086),.PCURVE_S1.);
#2075 = LINE('',#2076,#2077);
#2076 = CARTESIAN_POINT('',(-293.12,201.95,0.));
#2077 = VECTOR('',#2078,1.);
#2078 = DIRECTION('',(1.,0.,0.));
#2079 = PCURVE('',#681,#2080);
#2080 = DEFINITIONAL_REPRESENTATION('',(#2081),#2085);
#2081 = LINE('',#2082,#2083);
#2082 = CARTESIAN_POINT('',(0.,403.9));
#2083 = VECTOR('',#2084,1.);
#2084 = DIRECTION('',(1.,0.));
#2085 = ( GEOMETRIC_REPRESENTATION_CONTEXT(2) 
PARAMETRIC_REPRESENTATION_CONTEXT() REPRESENTATION_CONTEXT('2D SPACE',''
  ) );
#2086 = PCURVE('',#44,#2087);
#2087 = DEFINITIONAL_REPRESENTATION('',(#2088),#2092);
#2088 = LINE('',#2089,#2090);
#2089 = CARTESIAN_POINT('',(0.,0.));
#2090 = VECTOR('',#2091,1.);
#2091 = DIRECTION('',(0.,1.));
#2092 = ( GEOMETRIC_REPRESENTATION_CONTEXT(2) 
PARAMETRIC_REPRESENTATION_CONTEXT() REPRESENTATION_CONTEXT('2D SPACE',''
  ) );
#2093 = ORIENTED_EDGE('',*,*,#1637,.F.);
#2094 = ORIENTED_EDGE('',*,*,#1751,.T.);
#2095 = ORIENTED_EDGE('',*,*,#927,.F.);
#2096 = FACE_BOUND('',#2097,.F.);
#2097 = EDGE_LOOP('',(#2098));
#2098 = ORIENTED_EDGE('',*,*,#2099,.F.);
#2099 = EDGE_CURVE('',#2100,#2100,#2102,.T.);
#2100 = VERTEX_POINT('',#2101);
#2101 = CARTESIAN_POINT('',(112.3,204.95,0.));
#2102 = SURFACE_CURVE('',#2103,(#2108,#2115),.PCURVE_S1.);
#2103 = CIRCLE('',#2104,2.3);
#2104 = AXIS2_PLACEMENT_3D('',#2105,#2106,#2107);
#2105 = CARTESIAN_POINT('',(110.,204.95,0.));
#2106 = DIRECTION('',(0.,0.,1.));
#2107 = DIRECTION('',(1.,0.,0.));
#2108 = PCURVE('',#681,#2109);
#2109 = DEFINITIONAL_REPRESENTATION('',(#2110),#2114);
#2110 = CIRCLE('',#2111,2.3);
#2111 = AXIS2_PLACEMENT_2D('',#2112,#2113);
#2112 = CARTESIAN_POINT('',(403.12,406.9));
#2113 = DIRECTION('',(1.,0.));
#2114 = ( GEOMETRIC_REPRESENTATION_CONTEXT(2) 
PARAMETRIC_REPRESENTATION_CONTEXT() REPRESENTATION_CONTEXT('2D SPACE',''
  ) );
#2115 = PCURVE('',#2116,#2121);
#2116 = CYLINDRICAL_SURFACE('',#2117,2.3);
#2117 = AXIS2_PLACEMENT_3D('',#2118,#2119,#2120);
#2118 = CARTESIAN_POINT('',(110.,204.95,0.));
#2119 = DIRECTION('',(-0.,-0.,-1.));
#2120 = DIRECTION('',(1.,0.,0.));
#2121 = DEFINITIONAL_REPRESENTATION('',(#2122),#2126);
#2122 = LINE('',#2123,#2124);
#2123 = CARTESIAN_POINT('',(-0.,0.));
#2124 = VECTOR('',#2125,1.);
#2125 = DIRECTION('',(-1.,0.));
#2126 = ( GEOMETRIC_REPRESENTATION_CONTEXT(2) 
PARAMETRIC_REPRESENTATION_CONTEXT() REPRESENTATION_CONTEXT('2D SPACE',''
  ) );
#2127 = FACE_BOUND('',#2128,.F.);
#2128 = EDGE_LOOP('',(#2129));
#2129 = ORIENTED_EDGE('',*,*,#2130,.F.);
#2130 = EDGE_CURVE('',#2131,#2131,#2133,.T.);
#2131 = VERTEX_POINT('',#2132);
#2132 = CARTESIAN_POINT('',(242.3,204.95,0.));
#2133 = SURFACE_CURVE('',#2134,(#2139,#2146),.PCURVE_S1.);
#2134 = CIRCLE('',#2135,2.3);
#2135 = AXIS2_PLACEMENT_3D('',#2136,#2137,#2138);
#2136 = CARTESIAN_POINT('',(240.,204.95,0.));
#2137 = DIRECTION('',(0.,0.,1.));
#2138 = DIRECTION('',(1.,0.,0.));
#2139 = PCURVE('',#681,#2140);
#2140 = DEFINITIONAL_REPRESENTATION('',(#2141),#2145);
#2141 = CIRCLE('',#2142,2.3);
#2142 = AXIS2_PLACEMENT_2D('',#2143,#2144);
#2143 = CARTESIAN_POINT('',(533.12,406.9));
#2144 = DIRECTION('',(1.,0.));
#2145 = ( GEOMETRIC_REPRESENTATION_CONTEXT(2) 
PARAMETRIC_REPRESENTATION_CONTEXT() REPRESENTATION_CONTEXT('2D SPACE',''
  ) );
#2146 = PCURVE('',#2147,#2152);
#2147 = CYLINDRICAL_SURFACE('',#2148,2.3);
#2148 = AXIS2_PLACEMENT_3D('',#2149,#2150,#2151);
#2149 = CARTESIAN_POINT('',(240.,204.95,0.));
#2150 = DIRECTION('',(-0.,-0.,-1.));
#2151 = DIRECTION('',(1.,0.,0.));
#2152 = DEFINITIONAL_REPRESENTATION('',(#2153),#2157);
#2153 = LINE('',#2154,#2155);
#2154 = CARTESIAN_POINT('',(-0.,0.));
#2155 = VECTOR('',#2156,1.);
#2156 = DIRECTION('',(-1.,0.));
#2157 = ( GEOMETRIC_REPRESENTATION_CONTEXT(2) 
PARAMETRIC_REPRESENTATION_CONTEXT() REPRESENTATION_CONTEXT('2D SPACE',''
  ) );
#2158 = ADVANCED_FACE('',(#2159),#2147,.F.);
#2159 = FACE_BOUND('',#2160,.T.);
#2160 = EDGE_LOOP('',(#2161,#2184,#2211,#2212));
#2161 = ORIENTED_EDGE('',*,*,#2162,.T.);
#2162 = EDGE_CURVE('',#2131,#2163,#2165,.T.);
#2163 = VERTEX_POINT('',#2164);
#2164 = CARTESIAN_POINT('',(242.3,204.95,7.2));
#2165 = SEAM_CURVE('',#2166,(#2170,#2177),.PCURVE_S1.);
#2166 = LINE('',#2167,#2168);
#2167 = CARTESIAN_POINT('',(242.3,204.95,0.));
#2168 = VECTOR('',#2169,1.);
#2169 = DIRECTION('',(0.,0.,1.));
#2170 = PCURVE('',#2147,#2171);
#2171 = DEFINITIONAL_REPRESENTATION('',(#2172),#2176);
#2172 = LINE('',#2173,#2174);
#2173 = CARTESIAN_POINT('',(-0.,0.));
#2174 = VECTOR('',#2175,1.);
#2175 = DIRECTION('',(-0.,-1.));
#2176 = ( GEOMETRIC_REPRESENTATION_CONTEXT(2) 
PARAMETRIC_REPRESENTATION_CONTEXT() REPRESENTATION_CONTEXT('2D SPACE',''
  ) );
#2177 = PCURVE('',#2147,#2178);
#2178 = DEFINITIONAL_REPRESENTATION('',(#2179),#2183);
#2179 = LINE('',#2180,#2181);
#2180 = CARTESIAN_POINT('',(-6.28318530718,0.));
#2181 = VECTOR('',#2182,1.);
#2182 = DIRECTION('',(-0.,-1.));
#2183 = ( GEOMETRIC_REPRESENTATION_CONTEXT(2) 
PARAMETRIC_REPRESENTATION_CONTEXT() REPRESENTATION_CONTEXT('2D SPACE',''
  ) );
#2184 = ORIENTED_EDGE('',*,*,#2185,.T.);
#2185 = EDGE_CURVE('',#2163,#2163,#2186,.T.);
#2186 = SURFACE_CURVE('',#2187,(#2192,#2199),.PCURVE_S1.);
#2187 = CIRCLE('',#2188,2.3);
#2188 = AXIS2_PLACEMENT_3D('',#2189,#2190,#2191);
#2189 = CARTESIAN_POINT('',(240.,204.95,7.2));
#2190 = DIRECTION('',(0.,0.,1.));
#2191 = DIRECTION('',(1.,0.,0.));
#2192 = PCURVE('',#2147,#2193);
#2193 = DEFINITIONAL_REPRESENTATION('',(#2194),#2198);
#2194 = LINE('',#2195,#2196);
#2195 = CARTESIAN_POINT('',(-0.,-7.2));
#2196 = VECTOR('',#2197,1.);
#2197 = DIRECTION('',(-1.,0.));
#2198 = ( GEOMETRIC_REPRESENTATION_CONTEXT(2) 
PARAMETRIC_REPRESENTATION_CONTEXT() REPRESENTATION_CONTEXT('2D SPACE',''
  ) );
#2199 = PCURVE('',#2200,#2205);
#2200 = PLANE('',#2201);
#2201 = AXIS2_PLACEMENT_3D('',#2202,#2203,#2204);
#2202 = CARTESIAN_POINT('',(240.,204.95,7.2));
#2203 = DIRECTION('',(0.,0.,1.));
#2204 = DIRECTION('',(1.,0.,-0.));
#2205 = DEFINITIONAL_REPRESENTATION('',(#2206),#2210);
#2206 = CIRCLE('',#2207,2.3);
#2207 = AXIS2_PLACEMENT_2D('',#2208,#2209);
#2208 = CARTESIAN_POINT('',(-2.84217094304E-14,-2.84217094304E-14));
#2209 = DIRECTION('',(1.,0.));
#2210 = ( GEOMETRIC_REPRESENTATION_CONTEXT(2) 
PARAMETRIC_REPRESENTATION_CONTEXT() REPRESENTATION_CONTEXT('2D SPACE',''
  ) );
#2211 = ORIENTED_EDGE('',*,*,#2162,.F.);
#2212 = ORIENTED_EDGE('',*,*,#2130,.F.);
#2213 = ADVANCED_FACE('',(#2214),#2200,.F.);
#2214 = FACE_BOUND('',#2215,.F.);
#2215 = EDGE_LOOP('',(#2216));
#2216 = ORIENTED_EDGE('',*,*,#2185,.T.);
#2217 = ADVANCED_FACE('',(#2218),#2116,.F.);
#2218 = FACE_BOUND('',#2219,.T.);
#2219 = EDGE_LOOP('',(#2220,#2243,#2270,#2271));
#2220 = ORIENTED_EDGE('',*,*,#2221,.T.);
#2221 = EDGE_CURVE('',#2100,#2222,#2224,.T.);
#2222 = VERTEX_POINT('',#2223);
#2223 = CARTESIAN_POINT('',(112.3,204.95,7.2));
#2224 = SEAM_CURVE('',#2225,(#2229,#2236),.PCURVE_S1.);
#2225 = LINE('',#2226,#2227);
#2226 = CARTESIAN_POINT('',(112.3,204.95,0.));
#2227 = VECTOR('',#2228,1.);
#2228 = DIRECTION('',(0.,0.,1.));
#2229 = PCURVE('',#2116,#2230);
#2230 = DEFINITIONAL_REPRESENTATION('',(#2231),#2235);
#2231 = LINE('',#2232,#2233);
#2232 = CARTESIAN_POINT('',(-0.,0.));
#2233 = VECTOR('',#2234,1.);
#2234 = DIRECTION('',(-0.,-1.));
#2235 = ( GEOMETRIC_REPRESENTATION_CONTEXT(2) 
PARAMETRIC_REPRESENTATION_CONTEXT() REPRESENTATION_CONTEXT('2D SPACE',''
  ) );
#2236 = PCURVE('',#2116,#2237);
#2237 = DEFINITIONAL_REPRESENTATION('',(#2238),#2242);
#2238 = LINE('',#2239,#2240);
#2239 = CARTESIAN_POINT('',(-6.28318530718,0.));
#2240 = VECTOR('',#2241,1.);
#2241 = DIRECTION('',(-0.,-1.));
#2242 = ( GEOMETRIC_REPRESENTATION_CONTEXT(2) 
PARAMETRIC_REPRESENTATION_CONTEXT() REPRESENTATION_CONTEXT('2D SPACE',''
  ) );
#2243 = ORIENTED_EDGE('',*,*,#2244,.T.);
#2244 = EDGE_CURVE('',#2222,#2222,#2245,.T.);
#2245 = SURFACE_CURVE('',#2246,(#2251,#2258),.PCURVE_S1.);
#2246 = CIRCLE('',#2247,2.3);
#2247 = AXIS2_PLACEMENT_3D('',#2248,#2249,#2250);
#2248 = CARTESIAN_POINT('',(110.,204.95,7.2));
#2249 = DIRECTION('',(0.,0.,1.));
#2250 = DIRECTION('',(1.,0.,0.));
#2251 = PCURVE('',#2116,#2252);
#2252 = DEFINITIONAL_REPRESENTATION('',(#2253),#2257);
#2253 = LINE('',#2254,#2255);
#2254 = CARTESIAN_POINT('',(-0.,-7.2));
#2255 = VECTOR('',#2256,1.);
#2256 = DIRECTION('',(-1.,0.));
#2257 = ( GEOMETRIC_REPRESENTATION_CONTEXT(2) 
PARAMETRIC_REPRESENTATION_CONTEXT() REPRESENTATION_CONTEXT('2D SPACE',''
  ) );
#2258 = PCURVE('',#2259,#2264);
#2259 = PLANE('',#2260);
#2260 = AXIS2_PLACEMENT_3D('',#2261,#2262,#2263);
#2261 = CARTESIAN_POINT('',(110.,204.95,7.2));
#2262 = DIRECTION('',(0.,0.,1.));
#2263 = DIRECTION('',(1.,0.,-0.));
#2264 = DEFINITIONAL_REPRESENTATION('',(#2265),#2269);
#2265 = CIRCLE('',#2266,2.3);
#2266 = AXIS2_PLACEMENT_2D('',#2267,#2268);
#2267 = CARTESIAN_POINT('',(-1.42108547152E-14,0.));
#2268 = DIRECTION('',(1.,0.));
#2269 = ( GEOMETRIC_REPRESENTATION_CONTEXT(2) 
PARAMETRIC_REPRESENTATION_CONTEXT() REPRESENTATION_CONTEXT('2D SPACE',''
  ) );
#2270 = ORIENTED_EDGE('',*,*,#2221,.F.);
#2271 = ORIENTED_EDGE('',*,*,#2099,.F.);
#2272 = ADVANCED_FACE('',(#2273),#2259,.F.);
#2273 = FACE_BOUND('',#2274,.F.);
#2274 = EDGE_LOOP('',(#2275));
#2275 = ORIENTED_EDGE('',*,*,#2244,.T.);
#2276 = ADVANCED_FACE('',(#2277),#1898,.T.);
#2277 = FACE_BOUND('',#2278,.T.);
#2278 = EDGE_LOOP('',(#2279,#2302,#2303,#2326));
#2279 = ORIENTED_EDGE('',*,*,#2280,.F.);
#2280 = EDGE_CURVE('',#1860,#2281,#2283,.T.);
#2281 = VERTEX_POINT('',#2282);
#2282 = CARTESIAN_POINT('',(251.,201.95,10.));
#2283 = SURFACE_CURVE('',#2284,(#2288,#2295),.PCURVE_S1.);
#2284 = LINE('',#2285,#2286);
#2285 = CARTESIAN_POINT('',(251.,201.95,0.));
#2286 = VECTOR('',#2287,1.);
#2287 = DIRECTION('',(0.,0.,1.));
#2288 = PCURVE('',#1898,#2289);
#2289 = DEFINITIONAL_REPRESENTATION('',(#2290),#2294);
#2290 = LINE('',#2291,#2292);
#2291 = CARTESIAN_POINT('',(0.,0.));
#2292 = VECTOR('',#2293,1.);
#2293 = DIRECTION('',(1.,0.));
#2294 = ( GEOMETRIC_REPRESENTATION_CONTEXT(2) 
PARAMETRIC_REPRESENTATION_CONTEXT() REPRESENTATION_CONTEXT('2D SPACE',''
  ) );
#2295 = PCURVE('',#44,#2296);
#2296 = DEFINITIONAL_REPRESENTATION('',(#2297),#2301);
#2297 = LINE('',#2298,#2299);
#2298 = CARTESIAN_POINT('',(0.,544.12));
#2299 = VECTOR('',#2300,1.);
#2300 = DIRECTION('',(1.,0.));
#2301 = ( GEOMETRIC_REPRESENTATION_CONTEXT(2) 
PARAMETRIC_REPRESENTATION_CONTEXT() REPRESENTATION_CONTEXT('2D SPACE',''
  ) );
#2302 = ORIENTED_EDGE('',*,*,#1882,.T.);
#2303 = ORIENTED_EDGE('',*,*,#2304,.T.);
#2304 = EDGE_CURVE('',#1883,#2305,#2307,.T.);
#2305 = VERTEX_POINT('',#2306);
#2306 = CARTESIAN_POINT('',(251.,207.95,10.));
#2307 = SURFACE_CURVE('',#2308,(#2312,#2319),.PCURVE_S1.);
#2308 = LINE('',#2309,#2310);
#2309 = CARTESIAN_POINT('',(251.,207.95,0.));
#2310 = VECTOR('',#2311,1.);
#2311 = DIRECTION('',(0.,0.,1.));
#2312 = PCURVE('',#1898,#2313);
#2313 = DEFINITIONAL_REPRESENTATION('',(#2314),#2318);
#2314 = LINE('',#2315,#2316);
#2315 = CARTESIAN_POINT('',(0.,-6.));
#2316 = VECTOR('',#2317,1.);
#2317 = DIRECTION('',(1.,0.));
#2318 = ( GEOMETRIC_REPRESENTATION_CONTEXT(2) 
PARAMETRIC_REPRESENTATION_CONTEXT() REPRESENTATION_CONTEXT('2D SPACE',''
  ) );
#2319 = PCURVE('',#1926,#2320);
#2320 = DEFINITIONAL_REPRESENTATION('',(#2321),#2325);
#2321 = LINE('',#2322,#2323);
#2322 = CARTESIAN_POINT('',(0.,22.));
#2323 = VECTOR('',#2324,1.);
#2324 = DIRECTION('',(1.,0.));
#2325 = ( GEOMETRIC_REPRESENTATION_CONTEXT(2) 
PARAMETRIC_REPRESENTATION_CONTEXT() REPRESENTATION_CONTEXT('2D SPACE',''
  ) );
#2326 = ORIENTED_EDGE('',*,*,#2327,.F.);
#2327 = EDGE_CURVE('',#2281,#2305,#2328,.T.);
#2328 = SURFACE_CURVE('',#2329,(#2333,#2340),.PCURVE_S1.);
#2329 = LINE('',#2330,#2331);
#2330 = CARTESIAN_POINT('',(251.,201.95,10.));
#2331 = VECTOR('',#2332,1.);
#2332 = DIRECTION('',(0.,1.,0.));
#2333 = PCURVE('',#1898,#2334);
#2334 = DEFINITIONAL_REPRESENTATION('',(#2335),#2339);
#2335 = LINE('',#2336,#2337);
#2336 = CARTESIAN_POINT('',(10.,0.));
#2337 = VECTOR('',#2338,1.);
#2338 = DIRECTION('',(0.,-1.));
#2339 = ( GEOMETRIC_REPRESENTATION_CONTEXT(2) 
PARAMETRIC_REPRESENTATION_CONTEXT() REPRESENTATION_CONTEXT('2D SPACE',''
  ) );
#2340 = PCURVE('',#2341,#2346);
#2341 = PLANE('',#2342);
#2342 = AXIS2_PLACEMENT_3D('',#2343,#2344,#2345);
#2343 = CARTESIAN_POINT('',(229.,201.95,10.));
#2344 = DIRECTION('',(0.,0.,1.));
#2345 = DIRECTION('',(1.,0.,0.));
#2346 = DEFINITIONAL_REPRESENTATION('',(#2347),#2351);
#2347 = LINE('',#2348,#2349);
#2348 = CARTESIAN_POINT('',(22.,0.));
#2349 = VECTOR('',#2350,1.);
#2350 = DIRECTION('',(0.,1.));
#2351 = ( GEOMETRIC_REPRESENTATION_CONTEXT(2) 
PARAMETRIC_REPRESENTATION_CONTEXT() REPRESENTATION_CONTEXT('2D SPACE',''
  ) );
#2352 = ADVANCED_FACE('',(#2353),#2341,.T.);
#2353 = FACE_BOUND('',#2354,.T.);
#2354 = EDGE_LOOP('',(#2355,#2380,#2401,#2402));
#2355 = ORIENTED_EDGE('',*,*,#2356,.F.);
#2356 = EDGE_CURVE('',#2357,#2359,#2361,.T.);
#2357 = VERTEX_POINT('',#2358);
#2358 = CARTESIAN_POINT('',(229.,201.95,10.));
#2359 = VERTEX_POINT('',#2360);
#2360 = CARTESIAN_POINT('',(229.,207.95,10.));
#2361 = SURFACE_CURVE('',#2362,(#2366,#2373),.PCURVE_S1.);
#2362 = LINE('',#2363,#2364);
#2363 = CARTESIAN_POINT('',(229.,201.95,10.));
#2364 = VECTOR('',#2365,1.);
#2365 = DIRECTION('',(0.,1.,0.));
#2366 = PCURVE('',#2341,#2367);
#2367 = DEFINITIONAL_REPRESENTATION('',(#2368),#2372);
#2368 = LINE('',#2369,#2370);
#2369 = CARTESIAN_POINT('',(0.,0.));
#2370 = VECTOR('',#2371,1.);
#2371 = DIRECTION('',(0.,1.));
#2372 = ( GEOMETRIC_REPRESENTATION_CONTEXT(2) 
PARAMETRIC_REPRESENTATION_CONTEXT() REPRESENTATION_CONTEXT('2D SPACE',''
  ) );
#2373 = PCURVE('',#1954,#2374);
#2374 = DEFINITIONAL_REPRESENTATION('',(#2375),#2379);
#2375 = LINE('',#2376,#2377);
#2376 = CARTESIAN_POINT('',(10.,0.));
#2377 = VECTOR('',#2378,1.);
#2378 = DIRECTION('',(0.,-1.));
#2379 = ( GEOMETRIC_REPRESENTATION_CONTEXT(2) 
PARAMETRIC_REPRESENTATION_CONTEXT() REPRESENTATION_CONTEXT('2D SPACE',''
  ) );
#2380 = ORIENTED_EDGE('',*,*,#2381,.T.);
#2381 = EDGE_CURVE('',#2357,#2281,#2382,.T.);
#2382 = SURFACE_CURVE('',#2383,(#2387,#2394),.PCURVE_S1.);
#2383 = LINE('',#2384,#2385);
#2384 = CARTESIAN_POINT('',(229.,201.95,10.));
#2385 = VECTOR('',#2386,1.);
#2386 = DIRECTION('',(1.,0.,0.));
#2387 = PCURVE('',#2341,#2388);
#2388 = DEFINITIONAL_REPRESENTATION('',(#2389),#2393);
#2389 = LINE('',#2390,#2391);
#2390 = CARTESIAN_POINT('',(0.,0.));
#2391 = VECTOR('',#2392,1.);
#2392 = DIRECTION('',(1.,0.));
#2393 = ( GEOMETRIC_REPRESENTATION_CONTEXT(2) 
PARAMETRIC_REPRESENTATION_CONTEXT() REPRESENTATION_CONTEXT('2D SPACE',''
  ) );
#2394 = PCURVE('',#44,#2395);
#2395 = DEFINITIONAL_REPRESENTATION('',(#2396),#2400);
#2396 = LINE('',#2397,#2398);
#2397 = CARTESIAN_POINT('',(10.,522.12));
#2398 = VECTOR('',#2399,1.);
#2399 = DIRECTION('',(0.,1.));
#2400 = ( GEOMETRIC_REPRESENTATION_CONTEXT(2) 
PARAMETRIC_REPRESENTATION_CONTEXT() REPRESENTATION_CONTEXT('2D SPACE',''
  ) );
#2401 = ORIENTED_EDGE('',*,*,#2327,.T.);
#2402 = ORIENTED_EDGE('',*,*,#2403,.F.);
#2403 = EDGE_CURVE('',#2359,#2305,#2404,.T.);
#2404 = SURFACE_CURVE('',#2405,(#2409,#2416),.PCURVE_S1.);
#2405 = LINE('',#2406,#2407);
#2406 = CARTESIAN_POINT('',(229.,207.95,10.));
#2407 = VECTOR('',#2408,1.);
#2408 = DIRECTION('',(1.,0.,0.));
#2409 = PCURVE('',#2341,#2410);
#2410 = DEFINITIONAL_REPRESENTATION('',(#2411),#2415);
#2411 = LINE('',#2412,#2413);
#2412 = CARTESIAN_POINT('',(0.,6.));
#2413 = VECTOR('',#2414,1.);
#2414 = DIRECTION('',(1.,0.));
#2415 = ( GEOMETRIC_REPRESENTATION_CONTEXT(2) 
PARAMETRIC_REPRESENTATION_CONTEXT() REPRESENTATION_CONTEXT('2D SPACE',''
  ) );
#2416 = PCURVE('',#1926,#2417);
#2417 = DEFINITIONAL_REPRESENTATION('',(#2418),#2422);
#2418 = LINE('',#2419,#2420);
#2419 = CARTESIAN_POINT('',(10.,0.));
#2420 = VECTOR('',#2421,1.);
#2421 = DIRECTION('',(0.,1.));
#2422 = ( GEOMETRIC_REPRESENTATION_CONTEXT(2) 
PARAMETRIC_REPRESENTATION_CONTEXT() REPRESENTATION_CONTEXT('2D SPACE',''
  ) );
#2423 = ADVANCED_FACE('',(#2424),#1926,.T.);
#2424 = FACE_BOUND('',#2425,.T.);
#2425 = EDGE_LOOP('',(#2426,#2427,#2448,#2449));
#2426 = ORIENTED_EDGE('',*,*,#1910,.F.);
#2427 = ORIENTED_EDGE('',*,*,#2428,.T.);
#2428 = EDGE_CURVE('',#1911,#2359,#2429,.T.);
#2429 = SURFACE_CURVE('',#2430,(#2434,#2441),.PCURVE_S1.);
#2430 = LINE('',#2431,#2432);
#2431 = CARTESIAN_POINT('',(229.,207.95,0.));
#2432 = VECTOR('',#2433,1.);
#2433 = DIRECTION('',(0.,0.,1.));
#2434 = PCURVE('',#1926,#2435);
#2435 = DEFINITIONAL_REPRESENTATION('',(#2436),#2440);
#2436 = LINE('',#2437,#2438);
#2437 = CARTESIAN_POINT('',(0.,0.));
#2438 = VECTOR('',#2439,1.);
#2439 = DIRECTION('',(1.,0.));
#2440 = ( GEOMETRIC_REPRESENTATION_CONTEXT(2) 
PARAMETRIC_REPRESENTATION_CONTEXT() REPRESENTATION_CONTEXT('2D SPACE',''
  ) );
#2441 = PCURVE('',#1954,#2442);
#2442 = DEFINITIONAL_REPRESENTATION('',(#2443),#2447);
#2443 = LINE('',#2444,#2445);
#2444 = CARTESIAN_POINT('',(0.,-6.));
#2445 = VECTOR('',#2446,1.);
#2446 = DIRECTION('',(1.,0.));
#2447 = ( GEOMETRIC_REPRESENTATION_CONTEXT(2) 
PARAMETRIC_REPRESENTATION_CONTEXT() REPRESENTATION_CONTEXT('2D SPACE',''
  ) );
#2448 = ORIENTED_EDGE('',*,*,#2403,.T.);
#2449 = ORIENTED_EDGE('',*,*,#2304,.F.);
#2450 = ADVANCED_FACE('',(#2451),#1954,.F.);
#2451 = FACE_BOUND('',#2452,.F.);
#2452 = EDGE_LOOP('',(#2453,#2474,#2475,#2476));
#2453 = ORIENTED_EDGE('',*,*,#2454,.F.);
#2454 = EDGE_CURVE('',#1939,#2357,#2455,.T.);
#2455 = SURFACE_CURVE('',#2456,(#2460,#2467),.PCURVE_S1.);
#2456 = LINE('',#2457,#2458);
#2457 = CARTESIAN_POINT('',(229.,201.95,0.));
#2458 = VECTOR('',#2459,1.);
#2459 = DIRECTION('',(0.,0.,1.));
#2460 = PCURVE('',#1954,#2461);
#2461 = DEFINITIONAL_REPRESENTATION('',(#2462),#2466);
#2462 = LINE('',#2463,#2464);
#2463 = CARTESIAN_POINT('',(0.,0.));
#2464 = VECTOR('',#2465,1.);
#2465 = DIRECTION('',(1.,0.));
#2466 = ( GEOMETRIC_REPRESENTATION_CONTEXT(2) 
PARAMETRIC_REPRESENTATION_CONTEXT() REPRESENTATION_CONTEXT('2D SPACE',''
  ) );
#2467 = PCURVE('',#44,#2468);
#2468 = DEFINITIONAL_REPRESENTATION('',(#2469),#2473);
#2469 = LINE('',#2470,#2471);
#2470 = CARTESIAN_POINT('',(0.,522.12));
#2471 = VECTOR('',#2472,1.);
#2472 = DIRECTION('',(1.,0.));
#2473 = ( GEOMETRIC_REPRESENTATION_CONTEXT(2) 
PARAMETRIC_REPRESENTATION_CONTEXT() REPRESENTATION_CONTEXT('2D SPACE',''
  ) );
#2474 = ORIENTED_EDGE('',*,*,#1938,.T.);
#2475 = ORIENTED_EDGE('',*,*,#2428,.T.);
#2476 = ORIENTED_EDGE('',*,*,#2356,.F.);
#2477 = ADVANCED_FACE('',(#2478),#2005,.T.);
#2478 = FACE_BOUND('',#2479,.T.);
#2479 = EDGE_LOOP('',(#2480,#2503,#2504,#2527));
#2480 = ORIENTED_EDGE('',*,*,#2481,.F.);
#2481 = EDGE_CURVE('',#1967,#2482,#2484,.T.);
#2482 = VERTEX_POINT('',#2483);
#2483 = CARTESIAN_POINT('',(121.,201.95,10.));
#2484 = SURFACE_CURVE('',#2485,(#2489,#2496),.PCURVE_S1.);
#2485 = LINE('',#2486,#2487);
#2486 = CARTESIAN_POINT('',(121.,201.95,0.));
#2487 = VECTOR('',#2488,1.);
#2488 = DIRECTION('',(0.,0.,1.));
#2489 = PCURVE('',#2005,#2490);
#2490 = DEFINITIONAL_REPRESENTATION('',(#2491),#2495);
#2491 = LINE('',#2492,#2493);
#2492 = CARTESIAN_POINT('',(0.,0.));
#2493 = VECTOR('',#2494,1.);
#2494 = DIRECTION('',(1.,0.));
#2495 = ( GEOMETRIC_REPRESENTATION_CONTEXT(2) 
PARAMETRIC_REPRESENTATION_CONTEXT() REPRESENTATION_CONTEXT('2D SPACE',''
  ) );
#2496 = PCURVE('',#44,#2497);
#2497 = DEFINITIONAL_REPRESENTATION('',(#2498),#2502);
#2498 = LINE('',#2499,#2500);
#2499 = CARTESIAN_POINT('',(0.,414.12));
#2500 = VECTOR('',#2501,1.);
#2501 = DIRECTION('',(1.,0.));
#2502 = ( GEOMETRIC_REPRESENTATION_CONTEXT(2) 
PARAMETRIC_REPRESENTATION_CONTEXT() REPRESENTATION_CONTEXT('2D SPACE',''
  ) );
#2503 = ORIENTED_EDGE('',*,*,#1989,.T.);
#2504 = ORIENTED_EDGE('',*,*,#2505,.T.);
#2505 = EDGE_CURVE('',#1990,#2506,#2508,.T.);
#2506 = VERTEX_POINT('',#2507);
#2507 = CARTESIAN_POINT('',(121.,207.95,10.));
#2508 = SURFACE_CURVE('',#2509,(#2513,#2520),.PCURVE_S1.);
#2509 = LINE('',#2510,#2511);
#2510 = CARTESIAN_POINT('',(121.,207.95,0.));
#2511 = VECTOR('',#2512,1.);
#2512 = DIRECTION('',(0.,0.,1.));
#2513 = PCURVE('',#2005,#2514);
#2514 = DEFINITIONAL_REPRESENTATION('',(#2515),#2519);
#2515 = LINE('',#2516,#2517);
#2516 = CARTESIAN_POINT('',(0.,-6.));
#2517 = VECTOR('',#2518,1.);
#2518 = DIRECTION('',(1.,0.));
#2519 = ( GEOMETRIC_REPRESENTATION_CONTEXT(2) 
PARAMETRIC_REPRESENTATION_CONTEXT() REPRESENTATION_CONTEXT('2D SPACE',''
  ) );
#2520 = PCURVE('',#2033,#2521);
#2521 = DEFINITIONAL_REPRESENTATION('',(#2522),#2526);
#2522 = LINE('',#2523,#2524);
#2523 = CARTESIAN_POINT('',(0.,22.));
#2524 = VECTOR('',#2525,1.);
#2525 = DIRECTION('',(1.,0.));
#2526 = ( GEOMETRIC_REPRESENTATION_CONTEXT(2) 
PARAMETRIC_REPRESENTATION_CONTEXT() REPRESENTATION_CONTEXT('2D SPACE',''
  ) );
#2527 = ORIENTED_EDGE('',*,*,#2528,.F.);
#2528 = EDGE_CURVE('',#2482,#2506,#2529,.T.);
#2529 = SURFACE_CURVE('',#2530,(#2534,#2541),.PCURVE_S1.);
#2530 = LINE('',#2531,#2532);
#2531 = CARTESIAN_POINT('',(121.,201.95,10.));
#2532 = VECTOR('',#2533,1.);
#2533 = DIRECTION('',(0.,1.,0.));
#2534 = PCURVE('',#2005,#2535);
#2535 = DEFINITIONAL_REPRESENTATION('',(#2536),#2540);
#2536 = LINE('',#2537,#2538);
#2537 = CARTESIAN_POINT('',(10.,0.));
#2538 = VECTOR('',#2539,1.);
#2539 = DIRECTION('',(0.,-1.));
#2540 = ( GEOMETRIC_REPRESENTATION_CONTEXT(2) 
PARAMETRIC_REPRESENTATION_CONTEXT() REPRESENTATION_CONTEXT('2D SPACE',''
  ) );
#2541 = PCURVE('',#2542,#2547);
#2542 = PLANE('',#2543);
#2543 = AXIS2_PLACEMENT_3D('',#2544,#2545,#2546);
#2544 = CARTESIAN_POINT('',(99.,201.95,10.));
#2545 = DIRECTION('',(0.,0.,1.));
#2546 = DIRECTION('',(1.,0.,0.));
#2547 = DEFINITIONAL_REPRESENTATION('',(#2548),#2552);
#2548 = LINE('',#2549,#2550);
#2549 = CARTESIAN_POINT('',(22.,0.));
#2550 = VECTOR('',#2551,1.);
#2551 = DIRECTION('',(0.,1.));
#2552 = ( GEOMETRIC_REPRESENTATION_CONTEXT(2) 
PARAMETRIC_REPRESENTATION_CONTEXT() REPRESENTATION_CONTEXT('2D SPACE',''
  ) );
#2553 = ADVANCED_FACE('',(#2554),#2542,.T.);
#2554 = FACE_BOUND('',#2555,.T.);
#2555 = EDGE_LOOP('',(#2556,#2581,#2602,#2603));
#2556 = ORIENTED_EDGE('',*,*,#2557,.F.);
#2557 = EDGE_CURVE('',#2558,#2560,#2562,.T.);
#2558 = VERTEX_POINT('',#2559);
#2559 = CARTESIAN_POINT('',(99.,201.95,10.));
#2560 = VERTEX_POINT('',#2561);
#2561 = CARTESIAN_POINT('',(99.,207.95,10.));
#2562 = SURFACE_CURVE('',#2563,(#2567,#2574),.PCURVE_S1.);
#2563 = LINE('',#2564,#2565);
#2564 = CARTESIAN_POINT('',(99.,201.95,10.));
#2565 = VECTOR('',#2566,1.);
#2566 = DIRECTION('',(0.,1.,0.));
#2567 = PCURVE('',#2542,#2568);
#2568 = DEFINITIONAL_REPRESENTATION('',(#2569),#2573);
#2569 = LINE('',#2570,#2571);
#2570 = CARTESIAN_POINT('',(0.,0.));
#2571 = VECTOR('',#2572,1.);
#2572 = DIRECTION('',(0.,1.));
#2573 = ( GEOMETRIC_REPRESENTATION_CONTEXT(2) 
PARAMETRIC_REPRESENTATION_CONTEXT() REPRESENTATION_CONTEXT('2D SPACE',''
  ) );
#2574 = PCURVE('',#2061,#2575);
#2575 = DEFINITIONAL_REPRESENTATION('',(#2576),#2580);
#2576 = LINE('',#2577,#2578);
#2577 = CARTESIAN_POINT('',(10.,0.));
#2578 = VECTOR('',#2579,1.);
#2579 = DIRECTION('',(0.,-1.));
#2580 = ( GEOMETRIC_REPRESENTATION_CONTEXT(2) 
PARAMETRIC_REPRESENTATION_CONTEXT() REPRESENTATION_CONTEXT('2D SPACE',''
  ) );
#2581 = ORIENTED_EDGE('',*,*,#2582,.T.);
#2582 = EDGE_CURVE('',#2558,#2482,#2583,.T.);
#2583 = SURFACE_CURVE('',#2584,(#2588,#2595),.PCURVE_S1.);
#2584 = LINE('',#2585,#2586);
#2585 = CARTESIAN_POINT('',(99.,201.95,10.));
#2586 = VECTOR('',#2587,1.);
#2587 = DIRECTION('',(1.,0.,0.));
#2588 = PCURVE('',#2542,#2589);
#2589 = DEFINITIONAL_REPRESENTATION('',(#2590),#2594);
#2590 = LINE('',#2591,#2592);
#2591 = CARTESIAN_POINT('',(0.,0.));
#2592 = VECTOR('',#2593,1.);
#2593 = DIRECTION('',(1.,0.));
#2594 = ( GEOMETRIC_REPRESENTATION_CONTEXT(2) 
PARAMETRIC_REPRESENTATION_CONTEXT() REPRESENTATION_CONTEXT('2D SPACE',''
  ) );
#2595 = PCURVE('',#44,#2596);
#2596 = DEFINITIONAL_REPRESENTATION('',(#2597),#2601);
#2597 = LINE('',#2598,#2599);
#2598 = CARTESIAN_POINT('',(10.,392.12));
#2599 = VECTOR('',#2600,1.);
#2600 = DIRECTION('',(0.,1.));
#2601 = ( GEOMETRIC_REPRESENTATION_CONTEXT(2) 
PARAMETRIC_REPRESENTATION_CONTEXT() REPRESENTATION_CONTEXT('2D SPACE',''
  ) );
#2602 = ORIENTED_EDGE('',*,*,#2528,.T.);
#2603 = ORIENTED_EDGE('',*,*,#2604,.F.);
#2604 = EDGE_CURVE('',#2560,#2506,#2605,.T.);
#2605 = SURFACE_CURVE('',#2606,(#2610,#2617),.PCURVE_S1.);
#2606 = LINE('',#2607,#2608);
#2607 = CARTESIAN_POINT('',(99.,207.95,10.));
#2608 = VECTOR('',#2609,1.);
#2609 = DIRECTION('',(1.,0.,0.));
#2610 = PCURVE('',#2542,#2611);
#2611 = DEFINITIONAL_REPRESENTATION('',(#2612),#2616);
#2612 = LINE('',#2613,#2614);
#2613 = CARTESIAN_POINT('',(0.,6.));
#2614 = VECTOR('',#2615,1.);
#2615 = DIRECTION('',(1.,0.));
#2616 = ( GEOMETRIC_REPRESENTATION_CONTEXT(2) 
PARAMETRIC_REPRESENTATION_CONTEXT() REPRESENTATION_CONTEXT('2D SPACE',''
  ) );
#2617 = PCURVE('',#2033,#2618);
#2618 = DEFINITIONAL_REPRESENTATION('',(#2619),#2623);
#2619 = LINE('',#2620,#2621);
#2620 = CARTESIAN_POINT('',(10.,0.));
#2621 = VECTOR('',#2622,1.);
#2622 = DIRECTION('',(0.,1.));
#2623 = ( GEOMETRIC_REPRESENTATION_CONTEXT(2) 
PARAMETRIC_REPRESENTATION_CONTEXT() REPRESENTATION_CONTEXT('2D SPACE',''
  ) );
#2624 = ADVANCED_FACE('',(#2625),#2033,.T.);
#2625 = FACE_BOUND('',#2626,.T.);
#2626 = EDGE_LOOP('',(#2627,#2628,#2649,#2650));
#2627 = ORIENTED_EDGE('',*,*,#2017,.F.);
#2628 = ORIENTED_EDGE('',*,*,#2629,.T.);
#2629 = EDGE_CURVE('',#2018,#2560,#2630,.T.);
#2630 = SURFACE_CURVE('',#2631,(#2635,#2642),.PCURVE_S1.);
#2631 = LINE('',#2632,#2633);
#2632 = CARTESIAN_POINT('',(99.,207.95,0.));
#2633 = VECTOR('',#2634,1.);
#2634 = DIRECTION('',(0.,0.,1.));
#2635 = PCURVE('',#2033,#2636);
#2636 = DEFINITIONAL_REPRESENTATION('',(#2637),#2641);
#2637 = LINE('',#2638,#2639);
#2638 = CARTESIAN_POINT('',(0.,0.));
#2639 = VECTOR('',#2640,1.);
#2640 = DIRECTION('',(1.,0.));
#2641 = ( GEOMETRIC_REPRESENTATION_CONTEXT(2) 
PARAMETRIC_REPRESENTATION_CONTEXT() REPRESENTATION_CONTEXT('2D SPACE',''
  ) );
#2642 = PCURVE('',#2061,#2643);
#2643 = DEFINITIONAL_REPRESENTATION('',(#2644),#2648);
#2644 = LINE('',#2645,#2646);
#2645 = CARTESIAN_POINT('',(0.,-6.));
#2646 = VECTOR('',#2647,1.);
#2647 = DIRECTION('',(1.,0.));
#2648 = ( GEOMETRIC_REPRESENTATION_CONTEXT(2) 
PARAMETRIC_REPRESENTATION_CONTEXT() REPRESENTATION_CONTEXT('2D SPACE',''
  ) );
#2649 = ORIENTED_EDGE('',*,*,#2604,.T.);
#2650 = ORIENTED_EDGE('',*,*,#2505,.F.);
#2651 = ADVANCED_FACE('',(#2652),#2061,.F.);
#2652 = FACE_BOUND('',#2653,.F.);
#2653 = EDGE_LOOP('',(#2654,#2675,#2676,#2677));
#2654 = ORIENTED_EDGE('',*,*,#2655,.F.);
#2655 = EDGE_CURVE('',#2046,#2558,#2656,.T.);
#2656 = SURFACE_CURVE('',#2657,(#2661,#2668),.PCURVE_S1.);
#2657 = LINE('',#2658,#2659);
#2658 = CARTESIAN_POINT('',(99.,201.95,0.));
#2659 = VECTOR('',#2660,1.);
#2660 = DIRECTION('',(0.,0.,1.));
#2661 = PCURVE('',#2061,#2662);
#2662 = DEFINITIONAL_REPRESENTATION('',(#2663),#2667);
#2663 = LINE('',#2664,#2665);
#2664 = CARTESIAN_POINT('',(0.,0.));
#2665 = VECTOR('',#2666,1.);
#2666 = DIRECTION('',(1.,0.));
#2667 = ( GEOMETRIC_REPRESENTATION_CONTEXT(2) 
PARAMETRIC_REPRESENTATION_CONTEXT() REPRESENTATION_CONTEXT('2D SPACE',''
  ) );
#2668 = PCURVE('',#44,#2669);
#2669 = DEFINITIONAL_REPRESENTATION('',(#2670),#2674);
#2670 = LINE('',#2671,#2672);
#2671 = CARTESIAN_POINT('',(0.,392.12));
#2672 = VECTOR('',#2673,1.);
#2673 = DIRECTION('',(1.,0.));
#2674 = ( GEOMETRIC_REPRESENTATION_CONTEXT(2) 
PARAMETRIC_REPRESENTATION_CONTEXT() REPRESENTATION_CONTEXT('2D SPACE',''
  ) );
#2675 = ORIENTED_EDGE('',*,*,#2045,.T.);
#2676 = ORIENTED_EDGE('',*,*,#2629,.T.);
#2677 = ORIENTED_EDGE('',*,*,#2557,.F.);
#2678 = ADVANCED_FACE('',(#2679),#499,.F.);
#2679 = FACE_BOUND('',#2680,.F.);
#2680 = EDGE_LOOP('',(#2681,#2682,#2703,#2704,#2705,#2706));
#2681 = ORIENTED_EDGE('',*,*,#1332,.T.);
#2682 = ORIENTED_EDGE('',*,*,#2683,.T.);
#2683 = EDGE_CURVE('',#1305,#452,#2684,.T.);
#2684 = SURFACE_CURVE('',#2685,(#2689,#2696),.PCURVE_S1.);
#2685 = LINE('',#2686,#2687);
#2686 = CARTESIAN_POINT('',(231.7,0.,66.5));
#2687 = VECTOR('',#2688,1.);
#2688 = DIRECTION('',(0.,0.,1.));
#2689 = PCURVE('',#499,#2690);
#2690 = DEFINITIONAL_REPRESENTATION('',(#2691),#2695);
#2691 = LINE('',#2692,#2693);
#2692 = CARTESIAN_POINT('',(86.5,231.7));
#2693 = VECTOR('',#2694,1.);
#2694 = DIRECTION('',(1.,0.));
#2695 = ( GEOMETRIC_REPRESENTATION_CONTEXT(2) 
PARAMETRIC_REPRESENTATION_CONTEXT() REPRESENTATION_CONTEXT('2D SPACE',''
  ) );
#2696 = PCURVE('',#472,#2697);
#2697 = DEFINITIONAL_REPRESENTATION('',(#2698),#2702);
#2698 = LINE('',#2699,#2700);
#2699 = CARTESIAN_POINT('',(-0.,0.));
#2700 = VECTOR('',#2701,1.);
#2701 = DIRECTION('',(-0.,-1.));
#2702 = ( GEOMETRIC_REPRESENTATION_CONTEXT(2) 
PARAMETRIC_REPRESENTATION_CONTEXT() REPRESENTATION_CONTEXT('2D SPACE',''
  ) );
#2703 = ORIENTED_EDGE('',*,*,#484,.F.);
#2704 = ORIENTED_EDGE('',*,*,#540,.F.);
#2705 = ORIENTED_EDGE('',*,*,#766,.T.);
#2706 = ORIENTED_EDGE('',*,*,#844,.T.);
#2707 = ADVANCED_FACE('',(#2708),#472,.F.);
#2708 = FACE_BOUND('',#2709,.T.);
#2709 = EDGE_LOOP('',(#2710,#2711,#2712,#2713));
#2710 = ORIENTED_EDGE('',*,*,#1304,.T.);
#2711 = ORIENTED_EDGE('',*,*,#2683,.T.);
#2712 = ORIENTED_EDGE('',*,*,#451,.F.);
#2713 = ORIENTED_EDGE('',*,*,#2714,.T.);
#2714 = EDGE_CURVE('',#426,#1284,#2715,.T.);
#2715 = SURFACE_CURVE('',#2716,(#2720,#2726),.PCURVE_S1.);
#2716 = LINE('',#2717,#2718);
#2717 = CARTESIAN_POINT('',(228.3,0.,66.5));
#2718 = VECTOR('',#2719,1.);
#2719 = DIRECTION('',(-0.,-0.,-1.));
#2720 = PCURVE('',#472,#2721);
#2721 = DEFINITIONAL_REPRESENTATION('',(#2722),#2725);
#2722 = B_SPLINE_CURVE_WITH_KNOTS('',1,(#2723,#2724),.UNSPECIFIED.,.F.,
  .F.,(2,2),(-3.8000006,-0.9999994),.PIECEWISE_BEZIER_KNOTS.);
#2723 = CARTESIAN_POINT('',(-3.14159265359,-3.8000006));
#2724 = CARTESIAN_POINT('',(-3.14159265359,-0.9999994));
#2725 = ( GEOMETRIC_REPRESENTATION_CONTEXT(2) 
PARAMETRIC_REPRESENTATION_CONTEXT() REPRESENTATION_CONTEXT('2D SPACE',''
  ) );
#2726 = PCURVE('',#440,#2727);
#2727 = DEFINITIONAL_REPRESENTATION('',(#2728),#2731);
#2728 = B_SPLINE_CURVE_WITH_KNOTS('',1,(#2729,#2730),.UNSPECIFIED.,.F.,
  .F.,(2,2),(-3.8000006,-0.9999994),.PIECEWISE_BEZIER_KNOTS.);
#2729 = CARTESIAN_POINT('',(90.3000006,228.3));
#2730 = CARTESIAN_POINT('',(87.4999994,228.3));
#2731 = ( GEOMETRIC_REPRESENTATION_CONTEXT(2) 
PARAMETRIC_REPRESENTATION_CONTEXT() REPRESENTATION_CONTEXT('2D SPACE',''
  ) );
#2732 = ADVANCED_FACE('',(#2733),#440,.F.);
#2733 = FACE_BOUND('',#2734,.F.);
#2734 = EDGE_LOOP('',(#2735,#2736,#2757,#2758));
#2735 = ORIENTED_EDGE('',*,*,#1283,.T.);
#2736 = ORIENTED_EDGE('',*,*,#2737,.T.);
#2737 = EDGE_CURVE('',#1256,#393,#2738,.T.);
#2738 = SURFACE_CURVE('',#2739,(#2743,#2750),.PCURVE_S1.);
#2739 = LINE('',#2740,#2741);
#2740 = CARTESIAN_POINT('',(131.7,0.,66.5));
#2741 = VECTOR('',#2742,1.);
#2742 = DIRECTION('',(0.,0.,1.));
#2743 = PCURVE('',#440,#2744);
#2744 = DEFINITIONAL_REPRESENTATION('',(#2745),#2749);
#2745 = LINE('',#2746,#2747);
#2746 = CARTESIAN_POINT('',(86.5,131.7));
#2747 = VECTOR('',#2748,1.);
#2748 = DIRECTION('',(1.,0.));
#2749 = ( GEOMETRIC_REPRESENTATION_CONTEXT(2) 
PARAMETRIC_REPRESENTATION_CONTEXT() REPRESENTATION_CONTEXT('2D SPACE',''
  ) );
#2750 = PCURVE('',#413,#2751);
#2751 = DEFINITIONAL_REPRESENTATION('',(#2752),#2756);
#2752 = LINE('',#2753,#2754);
#2753 = CARTESIAN_POINT('',(-0.,0.));
#2754 = VECTOR('',#2755,1.);
#2755 = DIRECTION('',(-0.,-1.));
#2756 = ( GEOMETRIC_REPRESENTATION_CONTEXT(2) 
PARAMETRIC_REPRESENTATION_CONTEXT() REPRESENTATION_CONTEXT('2D SPACE',''
  ) );
#2757 = ORIENTED_EDGE('',*,*,#425,.F.);
#2758 = ORIENTED_EDGE('',*,*,#2714,.T.);
#2759 = ADVANCED_FACE('',(#2760),#413,.F.);
#2760 = FACE_BOUND('',#2761,.T.);
#2761 = EDGE_LOOP('',(#2762,#2763,#2764,#2765));
#2762 = ORIENTED_EDGE('',*,*,#1255,.T.);
#2763 = ORIENTED_EDGE('',*,*,#2737,.T.);
#2764 = ORIENTED_EDGE('',*,*,#392,.F.);
#2765 = ORIENTED_EDGE('',*,*,#2766,.T.);
#2766 = EDGE_CURVE('',#367,#1235,#2767,.T.);
#2767 = SURFACE_CURVE('',#2768,(#2772,#2778),.PCURVE_S1.);
#2768 = LINE('',#2769,#2770);
#2769 = CARTESIAN_POINT('',(128.3,0.,66.5));
#2770 = VECTOR('',#2771,1.);
#2771 = DIRECTION('',(-0.,-0.,-1.));
#2772 = PCURVE('',#413,#2773);
#2773 = DEFINITIONAL_REPRESENTATION('',(#2774),#2777);
#2774 = B_SPLINE_CURVE_WITH_KNOTS('',1,(#2775,#2776),.UNSPECIFIED.,.F.,
  .F.,(2,2),(-3.8000006,-0.9999994),.PIECEWISE_BEZIER_KNOTS.);
#2775 = CARTESIAN_POINT('',(-3.14159265359,-3.8000006));
#2776 = CARTESIAN_POINT('',(-3.14159265359,-0.9999994));
#2777 = ( GEOMETRIC_REPRESENTATION_CONTEXT(2) 
PARAMETRIC_REPRESENTATION_CONTEXT() REPRESENTATION_CONTEXT('2D SPACE',''
  ) );
#2778 = PCURVE('',#381,#2779);
#2779 = DEFINITIONAL_REPRESENTATION('',(#2780),#2783);
#2780 = B_SPLINE_CURVE_WITH_KNOTS('',1,(#2781,#2782),.UNSPECIFIED.,.F.,
  .F.,(2,2),(-3.8000006,-0.9999994),.PIECEWISE_BEZIER_KNOTS.);
#2781 = CARTESIAN_POINT('',(90.3000006,128.3));
#2782 = CARTESIAN_POINT('',(87.4999994,128.3));
#2783 = ( GEOMETRIC_REPRESENTATION_CONTEXT(2) 
PARAMETRIC_REPRESENTATION_CONTEXT() REPRESENTATION_CONTEXT('2D SPACE',''
  ) );
#2784 = ADVANCED_FACE('',(#2785),#381,.F.);
#2785 = FACE_BOUND('',#2786,.F.);
#2786 = EDGE_LOOP('',(#2787,#2788,#2789,#2790));
#2787 = ORIENTED_EDGE('',*,*,#366,.F.);
#2788 = ORIENTED_EDGE('',*,*,#2766,.T.);
#2789 = ORIENTED_EDGE('',*,*,#1234,.T.);
#2790 = ORIENTED_EDGE('',*,*,#2791,.T.);
#2791 = EDGE_CURVE('',#1212,#339,#2792,.T.);
#2792 = SURFACE_CURVE('',#2793,(#2797,#2803),.PCURVE_S1.);
#2793 = LINE('',#2794,#2795);
#2794 = CARTESIAN_POINT('',(92.,0.,23.75));
#2795 = VECTOR('',#2796,1.);
#2796 = DIRECTION('',(0.,-0.,1.));
#2797 = PCURVE('',#381,#2798);
#2798 = DEFINITIONAL_REPRESENTATION('',(#2799),#2802);
#2799 = B_SPLINE_CURVE_WITH_KNOTS('',1,(#2800,#2801),.UNSPECIFIED.,.F.,
  .F.,(2,2),(43.75,46.55),.PIECEWISE_BEZIER_KNOTS.);
#2800 = CARTESIAN_POINT('',(87.5,92.));
#2801 = CARTESIAN_POINT('',(90.3,92.));
#2802 = ( GEOMETRIC_REPRESENTATION_CONTEXT(2) 
PARAMETRIC_REPRESENTATION_CONTEXT() REPRESENTATION_CONTEXT('2D SPACE',''
  ) );
#2803 = PCURVE('',#354,#2804);
#2804 = DEFINITIONAL_REPRESENTATION('',(#2805),#2808);
#2805 = B_SPLINE_CURVE_WITH_KNOTS('',1,(#2806,#2807),.UNSPECIFIED.,.F.,
  .F.,(2,2),(43.75,46.55),.PIECEWISE_BEZIER_KNOTS.);
#2806 = CARTESIAN_POINT('',(5.,0.));
#2807 = CARTESIAN_POINT('',(5.,-2.8));
#2808 = ( GEOMETRIC_REPRESENTATION_CONTEXT(2) 
PARAMETRIC_REPRESENTATION_CONTEXT() REPRESENTATION_CONTEXT('2D SPACE',''
  ) );
#2809 = ADVANCED_FACE('',(#2810),#354,.F.);
#2810 = FACE_BOUND('',#2811,.F.);
#2811 = EDGE_LOOP('',(#2812,#2813,#2834,#2835));
#2812 = ORIENTED_EDGE('',*,*,#1211,.F.);
#2813 = ORIENTED_EDGE('',*,*,#2814,.T.);
#2814 = EDGE_CURVE('',#1189,#311,#2815,.T.);
#2815 = SURFACE_CURVE('',#2816,(#2820,#2827),.PCURVE_S1.);
#2816 = LINE('',#2817,#2818);
#2817 = CARTESIAN_POINT('',(92.,5.,67.5));
#2818 = VECTOR('',#2819,1.);
#2819 = DIRECTION('',(0.,0.,1.));
#2820 = PCURVE('',#354,#2821);
#2821 = DEFINITIONAL_REPRESENTATION('',(#2822),#2826);
#2822 = LINE('',#2823,#2824);
#2823 = CARTESIAN_POINT('',(0.,0.));
#2824 = VECTOR('',#2825,1.);
#2825 = DIRECTION('',(0.,-1.));
#2826 = ( GEOMETRIC_REPRESENTATION_CONTEXT(2) 
PARAMETRIC_REPRESENTATION_CONTEXT() REPRESENTATION_CONTEXT('2D SPACE',''
  ) );
#2827 = PCURVE('',#326,#2828);
#2828 = DEFINITIONAL_REPRESENTATION('',(#2829),#2833);
#2829 = LINE('',#2830,#2831);
#2830 = CARTESIAN_POINT('',(181.12,0.));
#2831 = VECTOR('',#2832,1.);
#2832 = DIRECTION('',(0.,-1.));
#2833 = ( GEOMETRIC_REPRESENTATION_CONTEXT(2) 
PARAMETRIC_REPRESENTATION_CONTEXT() REPRESENTATION_CONTEXT('2D SPACE',''
  ) );
#2834 = ORIENTED_EDGE('',*,*,#338,.T.);
#2835 = ORIENTED_EDGE('',*,*,#2791,.F.);
#2836 = ADVANCED_FACE('',(#2837),#326,.F.);
#2837 = FACE_BOUND('',#2838,.F.);
#2838 = EDGE_LOOP('',(#2839,#2860,#2861,#2862));
#2839 = ORIENTED_EDGE('',*,*,#2840,.T.);
#2840 = EDGE_CURVE('',#1167,#284,#2841,.T.);
#2841 = SURFACE_CURVE('',#2842,(#2846,#2853),.PCURVE_S1.);
#2842 = LINE('',#2843,#2844);
#2843 = CARTESIAN_POINT('',(273.12,5.,67.5));
#2844 = VECTOR('',#2845,1.);
#2845 = DIRECTION('',(0.,0.,1.));
#2846 = PCURVE('',#326,#2847);
#2847 = DEFINITIONAL_REPRESENTATION('',(#2848),#2852);
#2848 = LINE('',#2849,#2850);
#2849 = CARTESIAN_POINT('',(0.,-0.));
#2850 = VECTOR('',#2851,1.);
#2851 = DIRECTION('',(0.,-1.));
#2852 = ( GEOMETRIC_REPRESENTATION_CONTEXT(2) 
PARAMETRIC_REPRESENTATION_CONTEXT() REPRESENTATION_CONTEXT('2D SPACE',''
  ) );
#2853 = PCURVE('',#299,#2854);
#2854 = DEFINITIONAL_REPRESENTATION('',(#2855),#2859);
#2855 = LINE('',#2856,#2857);
#2856 = CARTESIAN_POINT('',(186.95,-1.));
#2857 = VECTOR('',#2858,1.);
#2858 = DIRECTION('',(0.,-1.));
#2859 = ( GEOMETRIC_REPRESENTATION_CONTEXT(2) 
PARAMETRIC_REPRESENTATION_CONTEXT() REPRESENTATION_CONTEXT('2D SPACE',''
  ) );
#2860 = ORIENTED_EDGE('',*,*,#310,.T.);
#2861 = ORIENTED_EDGE('',*,*,#2814,.F.);
#2862 = ORIENTED_EDGE('',*,*,#1188,.F.);
#2863 = ADVANCED_FACE('',(#2864),#299,.T.);
#2864 = FACE_BOUND('',#2865,.T.);
#2865 = EDGE_LOOP('',(#2866,#2887,#2888,#2889));
#2866 = ORIENTED_EDGE('',*,*,#2867,.F.);
#2867 = EDGE_CURVE('',#1145,#257,#2868,.T.);
#2868 = SURFACE_CURVE('',#2869,(#2873,#2880),.PCURVE_S1.);
#2869 = LINE('',#2870,#2871);
#2870 = CARTESIAN_POINT('',(273.12,181.95,66.5));
#2871 = VECTOR('',#2872,1.);
#2872 = DIRECTION('',(0.,0.,1.));
#2873 = PCURVE('',#299,#2874);
#2874 = DEFINITIONAL_REPRESENTATION('',(#2875),#2879);
#2875 = LINE('',#2876,#2877);
#2876 = CARTESIAN_POINT('',(363.9,0.));
#2877 = VECTOR('',#2878,1.);
#2878 = DIRECTION('',(0.,-1.));
#2879 = ( GEOMETRIC_REPRESENTATION_CONTEXT(2) 
PARAMETRIC_REPRESENTATION_CONTEXT() REPRESENTATION_CONTEXT('2D SPACE',''
  ) );
#2880 = PCURVE('',#272,#2881);
#2881 = DEFINITIONAL_REPRESENTATION('',(#2882),#2886);
#2882 = LINE('',#2883,#2884);
#2883 = CARTESIAN_POINT('',(0.,-0.));
#2884 = VECTOR('',#2885,1.);
#2885 = DIRECTION('',(0.,-1.));
#2886 = ( GEOMETRIC_REPRESENTATION_CONTEXT(2) 
PARAMETRIC_REPRESENTATION_CONTEXT() REPRESENTATION_CONTEXT('2D SPACE',''
  ) );
#2887 = ORIENTED_EDGE('',*,*,#1166,.T.);
#2888 = ORIENTED_EDGE('',*,*,#2840,.T.);
#2889 = ORIENTED_EDGE('',*,*,#283,.F.);
#2890 = ADVANCED_FACE('',(#2891),#272,.T.);
#2891 = FACE_BOUND('',#2892,.T.);
#2892 = EDGE_LOOP('',(#2893,#2914,#2915,#2916));
#2893 = ORIENTED_EDGE('',*,*,#2894,.F.);
#2894 = EDGE_CURVE('',#1122,#229,#2895,.T.);
#2895 = SURFACE_CURVE('',#2896,(#2900,#2907),.PCURVE_S1.);
#2896 = LINE('',#2897,#2898);
#2897 = CARTESIAN_POINT('',(5.,181.95,67.5));
#2898 = VECTOR('',#2899,1.);
#2899 = DIRECTION('',(0.,0.,1.));
#2900 = PCURVE('',#272,#2901);
#2901 = DEFINITIONAL_REPRESENTATION('',(#2902),#2906);
#2902 = LINE('',#2903,#2904);
#2903 = CARTESIAN_POINT('',(268.12,-1.));
#2904 = VECTOR('',#2905,1.);
#2905 = DIRECTION('',(0.,-1.));
#2906 = ( GEOMETRIC_REPRESENTATION_CONTEXT(2) 
PARAMETRIC_REPRESENTATION_CONTEXT() REPRESENTATION_CONTEXT('2D SPACE',''
  ) );
#2907 = PCURVE('',#244,#2908);
#2908 = DEFINITIONAL_REPRESENTATION('',(#2909),#2913);
#2909 = LINE('',#2910,#2911);
#2910 = CARTESIAN_POINT('',(89.95,0.));
#2911 = VECTOR('',#2912,1.);
#2912 = DIRECTION('',(0.,-1.));
#2913 = ( GEOMETRIC_REPRESENTATION_CONTEXT(2) 
PARAMETRIC_REPRESENTATION_CONTEXT() REPRESENTATION_CONTEXT('2D SPACE',''
  ) );
#2914 = ORIENTED_EDGE('',*,*,#1144,.T.);
#2915 = ORIENTED_EDGE('',*,*,#2867,.T.);
#2916 = ORIENTED_EDGE('',*,*,#256,.F.);
#2917 = ADVANCED_FACE('',(#2918),#244,.F.);
#2918 = FACE_BOUND('',#2919,.F.);
#2919 = EDGE_LOOP('',(#2920,#2941,#2942,#2943));
#2920 = ORIENTED_EDGE('',*,*,#2921,.T.);
#2921 = EDGE_CURVE('',#1099,#201,#2922,.T.);
#2922 = SURFACE_CURVE('',#2923,(#2927,#2934),.PCURVE_S1.);
#2923 = LINE('',#2924,#2925);
#2924 = CARTESIAN_POINT('',(5.,92.,67.5));
#2925 = VECTOR('',#2926,1.);
#2926 = DIRECTION('',(0.,0.,1.));
#2927 = PCURVE('',#244,#2928);
#2928 = DEFINITIONAL_REPRESENTATION('',(#2929),#2933);
#2929 = LINE('',#2930,#2931);
#2930 = CARTESIAN_POINT('',(0.,0.));
#2931 = VECTOR('',#2932,1.);
#2932 = DIRECTION('',(0.,-1.));
#2933 = ( GEOMETRIC_REPRESENTATION_CONTEXT(2) 
PARAMETRIC_REPRESENTATION_CONTEXT() REPRESENTATION_CONTEXT('2D SPACE',''
  ) );
#2934 = PCURVE('',#216,#2935);
#2935 = DEFINITIONAL_REPRESENTATION('',(#2936),#2940);
#2936 = LINE('',#2937,#2938);
#2937 = CARTESIAN_POINT('',(10.,0.));
#2938 = VECTOR('',#2939,1.);
#2939 = DIRECTION('',(0.,-1.));
#2940 = ( GEOMETRIC_REPRESENTATION_CONTEXT(2) 
PARAMETRIC_REPRESENTATION_CONTEXT() REPRESENTATION_CONTEXT('2D SPACE',''
  ) );
#2941 = ORIENTED_EDGE('',*,*,#228,.T.);
#2942 = ORIENTED_EDGE('',*,*,#2894,.F.);
#2943 = ORIENTED_EDGE('',*,*,#1121,.F.);
#2944 = ADVANCED_FACE('',(#2945),#216,.F.);
#2945 = FACE_BOUND('',#2946,.F.);
#2946 = EDGE_LOOP('',(#2947,#2948,#2967,#2968));
#2947 = ORIENTED_EDGE('',*,*,#1098,.F.);
#2948 = ORIENTED_EDGE('',*,*,#2949,.F.);
#2949 = EDGE_CURVE('',#175,#1078,#2950,.T.);
#2950 = SURFACE_CURVE('',#2951,(#2955,#2961),.PCURVE_S1.);
#2951 = LINE('',#2952,#2953);
#2952 = CARTESIAN_POINT('',(0.,92.,23.75));
#2953 = VECTOR('',#2954,1.);
#2954 = DIRECTION('',(0.,0.,-1.));
#2955 = PCURVE('',#216,#2956);
#2956 = DEFINITIONAL_REPRESENTATION('',(#2957),#2960);
#2957 = B_SPLINE_CURVE_WITH_KNOTS('',1,(#2958,#2959),.UNSPECIFIED.,.F.,
  .F.,(2,2),(-46.55,-43.75),.PIECEWISE_BEZIER_KNOTS.);
#2958 = CARTESIAN_POINT('',(5.,-2.8));
#2959 = CARTESIAN_POINT('',(5.,0.));
#2960 = ( GEOMETRIC_REPRESENTATION_CONTEXT(2) 
PARAMETRIC_REPRESENTATION_CONTEXT() REPRESENTATION_CONTEXT('2D SPACE',''
  ) );
#2961 = PCURVE('',#189,#2962);
#2962 = DEFINITIONAL_REPRESENTATION('',(#2963),#2966);
#2963 = B_SPLINE_CURVE_WITH_KNOTS('',1,(#2964,#2965),.UNSPECIFIED.,.F.,
  .F.,(2,2),(-46.55,-43.75),.PIECEWISE_BEZIER_KNOTS.);
#2964 = CARTESIAN_POINT('',(90.3,-92.));
#2965 = CARTESIAN_POINT('',(87.5,-92.));
#2966 = ( GEOMETRIC_REPRESENTATION_CONTEXT(2) 
PARAMETRIC_REPRESENTATION_CONTEXT() REPRESENTATION_CONTEXT('2D SPACE',''
  ) );
#2967 = ORIENTED_EDGE('',*,*,#200,.T.);
#2968 = ORIENTED_EDGE('',*,*,#2921,.F.);
#2969 = ADVANCED_FACE('',(#2970),#189,.F.);
#2970 = FACE_BOUND('',#2971,.F.);
#2971 = EDGE_LOOP('',(#2972,#2973,#2974,#2975));
#2972 = ORIENTED_EDGE('',*,*,#174,.F.);
#2973 = ORIENTED_EDGE('',*,*,#2949,.T.);
#2974 = ORIENTED_EDGE('',*,*,#1077,.T.);
#2975 = ORIENTED_EDGE('',*,*,#2976,.F.);
#2976 = EDGE_CURVE('',#142,#1050,#2977,.T.);
#2977 = SURFACE_CURVE('',#2978,(#2982,#2988),.PCURVE_S1.);
#2978 = LINE('',#2979,#2980);
#2979 = CARTESIAN_POINT('',(0.,118.3,66.5));
#2980 = VECTOR('',#2981,1.);
#2981 = DIRECTION('',(-0.,-0.,-1.));
#2982 = PCURVE('',#189,#2983);
#2983 = DEFINITIONAL_REPRESENTATION('',(#2984),#2987);
#2984 = B_SPLINE_CURVE_WITH_KNOTS('',1,(#2985,#2986),.UNSPECIFIED.,.F.,
  .F.,(2,2),(-3.8000006,-0.9999994),.PIECEWISE_BEZIER_KNOTS.);
#2985 = CARTESIAN_POINT('',(90.3000006,-118.3));
#2986 = CARTESIAN_POINT('',(87.4999994,-118.3));
#2987 = ( GEOMETRIC_REPRESENTATION_CONTEXT(2) 
PARAMETRIC_REPRESENTATION_CONTEXT() REPRESENTATION_CONTEXT('2D SPACE',''
  ) );
#2988 = PCURVE('',#162,#2989);
#2989 = DEFINITIONAL_REPRESENTATION('',(#2990),#2993);
#2990 = B_SPLINE_CURVE_WITH_KNOTS('',1,(#2991,#2992),.UNSPECIFIED.,.F.,
  .F.,(2,2),(-3.8,-1.),.PIECEWISE_BEZIER_KNOTS.);
#2991 = CARTESIAN_POINT('',(-4.712388980385,-3.8));
#2992 = CARTESIAN_POINT('',(-4.712388980385,-1.));
#2993 = ( GEOMETRIC_REPRESENTATION_CONTEXT(2) 
PARAMETRIC_REPRESENTATION_CONTEXT() REPRESENTATION_CONTEXT('2D SPACE',''
  ) );
#2994 = ADVANCED_FACE('',(#2995),#162,.F.);
#2995 = FACE_BOUND('',#2996,.T.);
#2996 = EDGE_LOOP('',(#2997,#2998,#3017,#3018));
#2997 = ORIENTED_EDGE('',*,*,#141,.F.);
#2998 = ORIENTED_EDGE('',*,*,#2999,.T.);
#2999 = EDGE_CURVE('',#116,#1029,#3000,.T.);
#3000 = SURFACE_CURVE('',#3001,(#3005,#3011),.PCURVE_S1.);
#3001 = LINE('',#3002,#3003);
#3002 = CARTESIAN_POINT('',(0.,121.7,66.5));
#3003 = VECTOR('',#3004,1.);
#3004 = DIRECTION('',(-0.,-0.,-1.));
#3005 = PCURVE('',#162,#3006);
#3006 = DEFINITIONAL_REPRESENTATION('',(#3007),#3010);
#3007 = B_SPLINE_CURVE_WITH_KNOTS('',1,(#3008,#3009),.UNSPECIFIED.,.F.,
  .F.,(2,2),(-3.8,-1.),.PIECEWISE_BEZIER_KNOTS.);
#3008 = CARTESIAN_POINT('',(-7.853981633974,-3.8));
#3009 = CARTESIAN_POINT('',(-7.853981633974,-1.));
#3010 = ( GEOMETRIC_REPRESENTATION_CONTEXT(2) 
PARAMETRIC_REPRESENTATION_CONTEXT() REPRESENTATION_CONTEXT('2D SPACE',''
  ) );
#3011 = PCURVE('',#130,#3012);
#3012 = DEFINITIONAL_REPRESENTATION('',(#3013),#3016);
#3013 = B_SPLINE_CURVE_WITH_KNOTS('',1,(#3014,#3015),.UNSPECIFIED.,.F.,
  .F.,(2,2),(-3.8000006,-0.9999994),.PIECEWISE_BEZIER_KNOTS.);
#3014 = CARTESIAN_POINT('',(90.3000006,-121.7));
#3015 = CARTESIAN_POINT('',(87.4999994,-121.7));
#3016 = ( GEOMETRIC_REPRESENTATION_CONTEXT(2) 
PARAMETRIC_REPRESENTATION_CONTEXT() REPRESENTATION_CONTEXT('2D SPACE',''
  ) );
#3017 = ORIENTED_EDGE('',*,*,#1049,.T.);
#3018 = ORIENTED_EDGE('',*,*,#2976,.F.);
#3019 = ADVANCED_FACE('',(#3020),#130,.F.);
#3020 = FACE_BOUND('',#3021,.F.);
#3021 = EDGE_LOOP('',(#3022,#3023,#3024,#3025));
#3022 = ORIENTED_EDGE('',*,*,#115,.F.);
#3023 = ORIENTED_EDGE('',*,*,#2999,.T.);
#3024 = ORIENTED_EDGE('',*,*,#1028,.T.);
#3025 = ORIENTED_EDGE('',*,*,#3026,.F.);
#3026 = EDGE_CURVE('',#83,#1001,#3027,.T.);
#3027 = SURFACE_CURVE('',#3028,(#3032,#3038),.PCURVE_S1.);
#3028 = LINE('',#3029,#3030);
#3029 = CARTESIAN_POINT('',(0.,163.3,66.5));
#3030 = VECTOR('',#3031,1.);
#3031 = DIRECTION('',(-0.,-0.,-1.));
#3032 = PCURVE('',#130,#3033);
#3033 = DEFINITIONAL_REPRESENTATION('',(#3034),#3037);
#3034 = B_SPLINE_CURVE_WITH_KNOTS('',1,(#3035,#3036),.UNSPECIFIED.,.F.,
  .F.,(2,2),(-3.8000006,-0.9999994),.PIECEWISE_BEZIER_KNOTS.);
#3035 = CARTESIAN_POINT('',(90.3000006,-163.3));
#3036 = CARTESIAN_POINT('',(87.4999994,-163.3));
#3037 = ( GEOMETRIC_REPRESENTATION_CONTEXT(2) 
PARAMETRIC_REPRESENTATION_CONTEXT() REPRESENTATION_CONTEXT('2D SPACE',''
  ) );
#3038 = PCURVE('',#103,#3039);
#3039 = DEFINITIONAL_REPRESENTATION('',(#3040),#3043);
#3040 = B_SPLINE_CURVE_WITH_KNOTS('',1,(#3041,#3042),.UNSPECIFIED.,.F.,
  .F.,(2,2),(-3.8,-1.),.PIECEWISE_BEZIER_KNOTS.);
#3041 = CARTESIAN_POINT('',(-4.712388980385,-3.8));
#3042 = CARTESIAN_POINT('',(-4.712388980385,-1.));
#3043 = ( GEOMETRIC_REPRESENTATION_CONTEXT(2) 
PARAMETRIC_REPRESENTATION_CONTEXT() REPRESENTATION_CONTEXT('2D SPACE',''
  ) );
#3044 = ADVANCED_FACE('',(#3045),#103,.F.);
#3045 = FACE_BOUND('',#3046,.T.);
#3046 = EDGE_LOOP('',(#3047,#3048,#3067,#3068));
#3047 = ORIENTED_EDGE('',*,*,#82,.F.);
#3048 = ORIENTED_EDGE('',*,*,#3049,.T.);
#3049 = EDGE_CURVE('',#57,#980,#3050,.T.);
#3050 = SURFACE_CURVE('',#3051,(#3055,#3061),.PCURVE_S1.);
#3051 = LINE('',#3052,#3053);
#3052 = CARTESIAN_POINT('',(0.,166.7,66.5));
#3053 = VECTOR('',#3054,1.);
#3054 = DIRECTION('',(-0.,-0.,-1.));
#3055 = PCURVE('',#103,#3056);
#3056 = DEFINITIONAL_REPRESENTATION('',(#3057),#3060);
#3057 = B_SPLINE_CURVE_WITH_KNOTS('',1,(#3058,#3059),.UNSPECIFIED.,.F.,
  .F.,(2,2),(-3.8,-1.),.PIECEWISE_BEZIER_KNOTS.);
#3058 = CARTESIAN_POINT('',(-7.853981633974,-3.8));
#3059 = CARTESIAN_POINT('',(-7.853981633974,-1.));
#3060 = ( GEOMETRIC_REPRESENTATION_CONTEXT(2) 
PARAMETRIC_REPRESENTATION_CONTEXT() REPRESENTATION_CONTEXT('2D SPACE',''
  ) );
#3061 = PCURVE('',#71,#3062);
#3062 = DEFINITIONAL_REPRESENTATION('',(#3063),#3066);
#3063 = B_SPLINE_CURVE_WITH_KNOTS('',1,(#3064,#3065),.UNSPECIFIED.,.F.,
  .F.,(2,2),(-3.8000006,-0.9999994),.PIECEWISE_BEZIER_KNOTS.);
#3064 = CARTESIAN_POINT('',(90.3000006,-166.7));
#3065 = CARTESIAN_POINT('',(87.4999994,-166.7));
#3066 = ( GEOMETRIC_REPRESENTATION_CONTEXT(2) 
PARAMETRIC_REPRESENTATION_CONTEXT() REPRESENTATION_CONTEXT('2D SPACE',''
  ) );
#3067 = ORIENTED_EDGE('',*,*,#1000,.T.);
#3068 = ORIENTED_EDGE('',*,*,#3026,.F.);
#3069 = ADVANCED_FACE('',(#3070),#71,.F.);
#3070 = FACE_BOUND('',#3071,.F.);
#3071 = EDGE_LOOP('',(#3072,#3073,#3074,#3075,#3076,#3077));
#3072 = ORIENTED_EDGE('',*,*,#56,.F.);
#3073 = ORIENTED_EDGE('',*,*,#3049,.T.);
#3074 = ORIENTED_EDGE('',*,*,#979,.T.);
#3075 = ORIENTED_EDGE('',*,*,#1728,.F.);
#3076 = ORIENTED_EDGE('',*,*,#1659,.T.);
#3077 = ORIENTED_EDGE('',*,*,#3078,.F.);
#3078 = EDGE_CURVE('',#24,#1662,#3079,.T.);
#3079 = SURFACE_CURVE('',#3080,(#3084,#3090),.PCURVE_S1.);
#3080 = LINE('',#3081,#3082);
#3081 = CARTESIAN_POINT('',(0.,201.95,-10.));
#3082 = VECTOR('',#3083,1.);
#3083 = DIRECTION('',(0.,0.,-1.));
#3084 = PCURVE('',#71,#3085);
#3085 = DEFINITIONAL_REPRESENTATION('',(#3086),#3089);
#3086 = B_SPLINE_CURVE_WITH_KNOTS('',1,(#3087,#3088),.UNSPECIFIED.,.F.,
  .F.,(2,2),(-80.3,-10.),.PIECEWISE_BEZIER_KNOTS.);
#3087 = CARTESIAN_POINT('',(90.3,-201.95));
#3088 = CARTESIAN_POINT('',(20.,-201.95));
#3089 = ( GEOMETRIC_REPRESENTATION_CONTEXT(2) 
PARAMETRIC_REPRESENTATION_CONTEXT() REPRESENTATION_CONTEXT('2D SPACE',''
  ) );
#3090 = PCURVE('',#44,#3091);
#3091 = DEFINITIONAL_REPRESENTATION('',(#3092),#3095);
#3092 = B_SPLINE_CURVE_WITH_KNOTS('',1,(#3093,#3094),.UNSPECIFIED.,.F.,
  .F.,(2,2),(-80.3,-10.),.PIECEWISE_BEZIER_KNOTS.);
#3093 = CARTESIAN_POINT('',(70.3,293.12));
#3094 = CARTESIAN_POINT('',(0.,293.12));
#3095 = ( GEOMETRIC_REPRESENTATION_CONTEXT(2) 
PARAMETRIC_REPRESENTATION_CONTEXT() REPRESENTATION_CONTEXT('2D SPACE',''
  ) );
#3096 = ADVANCED_FACE('',(#3097),#44,.T.);
#3097 = FACE_BOUND('',#3098,.T.);
#3098 = EDGE_LOOP('',(#3099,#3100,#3101,#3102,#3103,#3104,#3105,#3106,
    #3107,#3108,#3109,#3110,#3111,#3112,#3113,#3114));
#3099 = ORIENTED_EDGE('',*,*,#21,.F.);
#3100 = ORIENTED_EDGE('',*,*,#693,.T.);
#3101 = ORIENTED_EDGE('',*,*,#1859,.F.);
#3102 = ORIENTED_EDGE('',*,*,#2280,.T.);
#3103 = ORIENTED_EDGE('',*,*,#2381,.F.);
#3104 = ORIENTED_EDGE('',*,*,#2454,.F.);
#3105 = ORIENTED_EDGE('',*,*,#1966,.F.);
#3106 = ORIENTED_EDGE('',*,*,#2481,.T.);
#3107 = ORIENTED_EDGE('',*,*,#2582,.F.);
#3108 = ORIENTED_EDGE('',*,*,#2655,.F.);
#3109 = ORIENTED_EDGE('',*,*,#2073,.F.);
#3110 = ORIENTED_EDGE('',*,*,#1594,.F.);
#3111 = ORIENTED_EDGE('',*,*,#1572,.T.);
#3112 = ORIENTED_EDGE('',*,*,#1474,.F.);
#3113 = ORIENTED_EDGE('',*,*,#1704,.F.);
#3114 = ORIENTED_EDGE('',*,*,#3078,.F.);
#3115 = ( GEOMETRIC_REPRESENTATION_CONTEXT(3) 
GLOBAL_UNCERTAINTY_ASSIGNED_CONTEXT((#3119)) 
GLOBAL_UNIT_ASSIGNED_CONTEXT((#3116,#3117,#3118)) REPRESENTATION_CONTEXT
('Context #1','3D Context with UNIT and UNCERTAINTY') );
#3116 = ( LENGTH_UNIT() NAMED_UNIT(*) SI_UNIT(.MILLI.,.METRE.) );
#3117 = ( NAMED_UNIT(*) PLANE_ANGLE_UNIT() SI_UNIT($,.RADIAN.) );
#3118 = ( NAMED_UNIT(*) SI_UNIT($,.STERADIAN.) SOLID_ANGLE_UNIT() );
#3119 = UNCERTAINTY_MEASURE_WITH_UNIT(LENGTH_MEASURE(1.E-07),#3116,
  'distance_accuracy_value','confusion accuracy');
#3120 = PRODUCT_RELATED_PRODUCT_CATEGORY('part',$,(#7));
ENDSEC;
END-ISO-10303-21;
