ISO-10303-21;
HEADER;
FILE_DESCRIPTION(('Open CASCADE Model'),'2;1');
FILE_NAME('Open CASCADE Shape Model','2026-08-09T18:09:39',('Author'),(
    'Open CASCADE'),'Open CASCADE STEP processor 7.9','Open CASCADE 7.9'
  ,'Unknown');
FILE_SCHEMA(('AUTOMOTIVE_DESIGN { 1 0 10303 214 1 1 1 1 }'));
ENDSEC;
DATA;
#1 = APPLICATION_PROTOCOL_DEFINITION('international standard',
  'automotive_design',2000,#2);
#2 = APPLICATION_CONTEXT(
  'core data for automotive mechanical design processes');
#3 = SHAPE_DEFINITION_REPRESENTATION(#4,#10);
#4 = PRODUCT_DEFINITION_SHAPE('','',#5);
#5 = PRODUCT_DEFINITION('design','',#6,#9);
#6 = PRODUCT_DEFINITION_FORMATION('','',#7);
#7 = PRODUCT('Open CASCADE STEP translator 7.9 13',
  'Open CASCADE STEP translator 7.9 13','',(#8));
#8 = PRODUCT_CONTEXT('',#2,'mechanical');
#9 = PRODUCT_DEFINITION_CONTEXT('part definition',#2,'design');
#10 = ADVANCED_BREP_SHAPE_REPRESENTATION('',(#11,#15),#3115);
#11 = AXIS2_PLACEMENT_3D('',#12,#13,#14);
#12 = CARTESIAN_POINT('',(0.,0.,0.));
#13 = DIRECTION('',(0.,0.,1.));
#14 = DIRECTION('',(1.,0.,-0.));
#15 = MANIFOLD_SOLID_BREP('',#16);
#16 = CLOSED_SHELL('',(#17,#239,#713,#1078,#1387,#1432,#1479,#1526,#1571
    ,#1643,#1735,#1787,#1832,#1884,#1929,#1978,#2027,#2075,#2123,#2172,
    #2219,#2266,#2318,#2365,#2397,#2446,#2495,#2522,#2571,#2620,#2647,
    #2692,#2739,#2830,#2857,#2905,#2935,#2942,#2949,#3004,#3059,#3100,
    #3107,#3111));
#17 = ADVANCED_FACE('',(#18),#32,.F.);
#18 = FACE_BOUND('',#19,.F.);
#19 = EDGE_LOOP('',(#20,#55,#81,#107,#133,#159,#185,#213));
#20 = ORIENTED_EDGE('',*,*,#21,.F.);
#21 = EDGE_CURVE('',#22,#24,#26,.T.);
#22 = VERTEX_POINT('',#23);
#23 = CARTESIAN_POINT('',(-293.12,0.,70.3));
#24 = VERTEX_POINT('',#25);
#25 = CARTESIAN_POINT('',(-293.12,201.95,70.3));
#26 = SURFACE_CURVE('',#27,(#31,#43),.PCURVE_S1.);
#27 = LINE('',#28,#29);
#28 = CARTESIAN_POINT('',(-293.12,-201.95,70.3));
#29 = VECTOR('',#30,1.);
#30 = DIRECTION('',(0.,1.,0.));
#31 = PCURVE('',#32,#37);
#32 = PLANE('',#33);
#33 = AXIS2_PLACEMENT_3D('',#34,#35,#36);
#34 = CARTESIAN_POINT('',(-293.12,-201.95,0.));
#35 = DIRECTION('',(1.,0.,0.));
#36 = DIRECTION('',(0.,0.,1.));
#37 = DEFINITIONAL_REPRESENTATION('',(#38),#42);
#38 = LINE('',#39,#40);
#39 = CARTESIAN_POINT('',(70.3,0.));
#40 = VECTOR('',#41,1.);
#41 = DIRECTION('',(0.,-1.));
#42 = ( GEOMETRIC_REPRESENTATION_CONTEXT(2) 
PARAMETRIC_REPRESENTATION_CONTEXT() REPRESENTATION_CONTEXT('2D SPACE',''
  ) );
#43 = PCURVE('',#44,#49);
#44 = PLANE('',#45);
#45 = AXIS2_PLACEMENT_3D('',#46,#47,#48);
#46 = CARTESIAN_POINT('',(-293.12,-201.95,70.3));
#47 = DIRECTION('',(0.,0.,1.));
#48 = DIRECTION('',(1.,0.,0.));
#49 = DEFINITIONAL_REPRESENTATION('',(#50),#54);
#50 = LINE('',#51,#52);
#51 = CARTESIAN_POINT('',(0.,0.));
#52 = VECTOR('',#53,1.);
#53 = DIRECTION('',(0.,1.));
#54 = ( GEOMETRIC_REPRESENTATION_CONTEXT(2) 
PARAMETRIC_REPRESENTATION_CONTEXT() REPRESENTATION_CONTEXT('2D SPACE',''
  ) );
#55 = ORIENTED_EDGE('',*,*,#56,.F.);
#56 = EDGE_CURVE('',#57,#22,#59,.T.);
#57 = VERTEX_POINT('',#58);
#58 = CARTESIAN_POINT('',(-293.12,0.,64.3));
#59 = SURFACE_CURVE('',#60,(#64,#70),.PCURVE_S1.);
#60 = LINE('',#61,#62);
#61 = CARTESIAN_POINT('',(-293.12,0.,-10.));
#62 = VECTOR('',#63,1.);
#63 = DIRECTION('',(0.,0.,1.));
#64 = PCURVE('',#32,#65);
#65 = DEFINITIONAL_REPRESENTATION('',(#66),#69);
#66 = B_SPLINE_CURVE_WITH_KNOTS('',1,(#67,#68),.UNSPECIFIED.,.F.,.F.,(2,
    2),(10.,80.3),.PIECEWISE_BEZIER_KNOTS.);
#67 = CARTESIAN_POINT('',(0.,-201.95));
#68 = CARTESIAN_POINT('',(70.3,-201.95));
#69 = ( GEOMETRIC_REPRESENTATION_CONTEXT(2) 
PARAMETRIC_REPRESENTATION_CONTEXT() REPRESENTATION_CONTEXT('2D SPACE',''
  ) );
#70 = PCURVE('',#71,#76);
#71 = PLANE('',#72);
#72 = AXIS2_PLACEMENT_3D('',#73,#74,#75);
#73 = CARTESIAN_POINT('',(-303.12,0.,-20.));
#74 = DIRECTION('',(0.,1.,0.));
#75 = DIRECTION('',(0.,0.,1.));
#76 = DEFINITIONAL_REPRESENTATION('',(#77),#80);
#77 = B_SPLINE_CURVE_WITH_KNOTS('',1,(#78,#79),.UNSPECIFIED.,.F.,.F.,(2,
    2),(10.,80.3),.PIECEWISE_BEZIER_KNOTS.);
#78 = CARTESIAN_POINT('',(20.,10.));
#79 = CARTESIAN_POINT('',(90.3,10.));
#80 = ( GEOMETRIC_REPRESENTATION_CONTEXT(2) 
PARAMETRIC_REPRESENTATION_CONTEXT() REPRESENTATION_CONTEXT('2D SPACE',''
  ) );
#81 = ORIENTED_EDGE('',*,*,#82,.F.);
#82 = EDGE_CURVE('',#83,#57,#85,.T.);
#83 = VERTEX_POINT('',#84);
#84 = CARTESIAN_POINT('',(-293.12,150.,64.3));
#85 = SURFACE_CURVE('',#86,(#90,#96),.PCURVE_S1.);
#86 = LINE('',#87,#88);
#87 = CARTESIAN_POINT('',(-293.12,-175.975,64.3));
#88 = VECTOR('',#89,1.);
#89 = DIRECTION('',(0.,-1.,0.));
#90 = PCURVE('',#32,#91);
#91 = DEFINITIONAL_REPRESENTATION('',(#92),#95);
#92 = B_SPLINE_CURVE_WITH_KNOTS('',1,(#93,#94),.UNSPECIFIED.,.F.,.F.,(2,
    2),(-325.975,-25.975),.PIECEWISE_BEZIER_KNOTS.);
#93 = CARTESIAN_POINT('',(64.3,-351.95));
#94 = CARTESIAN_POINT('',(64.3,-51.95));
#95 = ( GEOMETRIC_REPRESENTATION_CONTEXT(2) 
PARAMETRIC_REPRESENTATION_CONTEXT() REPRESENTATION_CONTEXT('2D SPACE',''
  ) );
#96 = PCURVE('',#97,#102);
#97 = PLANE('',#98);
#98 = AXIS2_PLACEMENT_3D('',#99,#100,#101);
#99 = CARTESIAN_POINT('',(-299.12,-150.,64.3));
#100 = DIRECTION('',(0.,0.,1.));
#101 = DIRECTION('',(1.,0.,0.));
#102 = DEFINITIONAL_REPRESENTATION('',(#103),#106);
#103 = B_SPLINE_CURVE_WITH_KNOTS('',1,(#104,#105),.UNSPECIFIED.,.F.,.F.,
  (2,2),(-325.975,-25.975),.PIECEWISE_BEZIER_KNOTS.);
#104 = CARTESIAN_POINT('',(6.,300.));
#105 = CARTESIAN_POINT('',(6.,0.));
#106 = ( GEOMETRIC_REPRESENTATION_CONTEXT(2) 
PARAMETRIC_REPRESENTATION_CONTEXT() REPRESENTATION_CONTEXT('2D SPACE',''
  ) );
#107 = ORIENTED_EDGE('',*,*,#108,.F.);
#108 = EDGE_CURVE('',#109,#83,#111,.T.);
#109 = VERTEX_POINT('',#110);
#110 = CARTESIAN_POINT('',(-293.12,150.,12.));
#111 = SURFACE_CURVE('',#112,(#116,#122),.PCURVE_S1.);
#112 = LINE('',#113,#114);
#113 = CARTESIAN_POINT('',(-293.12,150.,6.));
#114 = VECTOR('',#115,1.);
#115 = DIRECTION('',(0.,0.,1.));
#116 = PCURVE('',#32,#117);
#117 = DEFINITIONAL_REPRESENTATION('',(#118),#121);
#118 = B_SPLINE_CURVE_WITH_KNOTS('',1,(#119,#120),.UNSPECIFIED.,.F.,.F.,
  (2,2),(6.,58.3),.PIECEWISE_BEZIER_KNOTS.);
#119 = CARTESIAN_POINT('',(12.,-351.95));
#120 = CARTESIAN_POINT('',(64.3,-351.95));
#121 = ( GEOMETRIC_REPRESENTATION_CONTEXT(2) 
PARAMETRIC_REPRESENTATION_CONTEXT() REPRESENTATION_CONTEXT('2D SPACE',''
  ) );
#122 = PCURVE('',#123,#128);
#123 = PLANE('',#124);
#124 = AXIS2_PLACEMENT_3D('',#125,#126,#127);
#125 = CARTESIAN_POINT('',(-299.12,150.,12.));
#126 = DIRECTION('',(0.,1.,0.));
#127 = DIRECTION('',(0.,0.,1.));
#128 = DEFINITIONAL_REPRESENTATION('',(#129),#132);
#129 = B_SPLINE_CURVE_WITH_KNOTS('',1,(#130,#131),.UNSPECIFIED.,.F.,.F.,
  (2,2),(6.,58.3),.PIECEWISE_BEZIER_KNOTS.);
#130 = CARTESIAN_POINT('',(0.,6.));
#131 = CARTESIAN_POINT('',(52.3,6.));
#132 = ( GEOMETRIC_REPRESENTATION_CONTEXT(2) 
PARAMETRIC_REPRESENTATION_CONTEXT() REPRESENTATION_CONTEXT('2D SPACE',''
  ) );
#133 = ORIENTED_EDGE('',*,*,#134,.T.);
#134 = EDGE_CURVE('',#109,#135,#137,.T.);
#135 = VERTEX_POINT('',#136);
#136 = CARTESIAN_POINT('',(-293.12,0.,12.));
#137 = SURFACE_CURVE('',#138,(#142,#148),.PCURVE_S1.);
#138 = LINE('',#139,#140);
#139 = CARTESIAN_POINT('',(-293.12,-175.975,12.));
#140 = VECTOR('',#141,1.);
#141 = DIRECTION('',(0.,-1.,0.));
#142 = PCURVE('',#32,#143);
#143 = DEFINITIONAL_REPRESENTATION('',(#144),#147);
#144 = B_SPLINE_CURVE_WITH_KNOTS('',1,(#145,#146),.UNSPECIFIED.,.F.,.F.,
  (2,2),(-325.975,-25.975),.PIECEWISE_BEZIER_KNOTS.);
#145 = CARTESIAN_POINT('',(12.,-351.95));
#146 = CARTESIAN_POINT('',(12.,-51.95));
#147 = ( GEOMETRIC_REPRESENTATION_CONTEXT(2) 
PARAMETRIC_REPRESENTATION_CONTEXT() REPRESENTATION_CONTEXT('2D SPACE',''
  ) );
#148 = PCURVE('',#149,#154);
#149 = PLANE('',#150);
#150 = AXIS2_PLACEMENT_3D('',#151,#152,#153);
#151 = CARTESIAN_POINT('',(-299.12,-150.,12.));
#152 = DIRECTION('',(0.,0.,1.));
#153 = DIRECTION('',(1.,0.,0.));
#154 = DEFINITIONAL_REPRESENTATION('',(#155),#158);
#155 = B_SPLINE_CURVE_WITH_KNOTS('',1,(#156,#157),.UNSPECIFIED.,.F.,.F.,
  (2,2),(-325.975,-25.975),.PIECEWISE_BEZIER_KNOTS.);
#156 = CARTESIAN_POINT('',(6.,300.));
#157 = CARTESIAN_POINT('',(6.,0.));
#158 = ( GEOMETRIC_REPRESENTATION_CONTEXT(2) 
PARAMETRIC_REPRESENTATION_CONTEXT() REPRESENTATION_CONTEXT('2D SPACE',''
  ) );
#159 = ORIENTED_EDGE('',*,*,#160,.F.);
#160 = EDGE_CURVE('',#161,#135,#163,.T.);
#161 = VERTEX_POINT('',#162);
#162 = CARTESIAN_POINT('',(-293.12,0.,0.));
#163 = SURFACE_CURVE('',#164,(#168,#174),.PCURVE_S1.);
#164 = LINE('',#165,#166);
#165 = CARTESIAN_POINT('',(-293.12,0.,-10.));
#166 = VECTOR('',#167,1.);
#167 = DIRECTION('',(0.,0.,1.));
#168 = PCURVE('',#32,#169);
#169 = DEFINITIONAL_REPRESENTATION('',(#170),#173);
#170 = B_SPLINE_CURVE_WITH_KNOTS('',1,(#171,#172),.UNSPECIFIED.,.F.,.F.,
  (2,2),(10.,80.3),.PIECEWISE_BEZIER_KNOTS.);
#171 = CARTESIAN_POINT('',(0.,-201.95));
#172 = CARTESIAN_POINT('',(70.3,-201.95));
#173 = ( GEOMETRIC_REPRESENTATION_CONTEXT(2) 
PARAMETRIC_REPRESENTATION_CONTEXT() REPRESENTATION_CONTEXT('2D SPACE',''
  ) );
#174 = PCURVE('',#175,#180);
#175 = PLANE('',#176);
#176 = AXIS2_PLACEMENT_3D('',#177,#178,#179);
#177 = CARTESIAN_POINT('',(-303.12,0.,-20.));
#178 = DIRECTION('',(0.,1.,0.));
#179 = DIRECTION('',(0.,0.,1.));
#180 = DEFINITIONAL_REPRESENTATION('',(#181),#184);
#181 = B_SPLINE_CURVE_WITH_KNOTS('',1,(#182,#183),.UNSPECIFIED.,.F.,.F.,
  (2,2),(10.,80.3),.PIECEWISE_BEZIER_KNOTS.);
#182 = CARTESIAN_POINT('',(20.,10.));
#183 = CARTESIAN_POINT('',(90.3,10.));
#184 = ( GEOMETRIC_REPRESENTATION_CONTEXT(2) 
PARAMETRIC_REPRESENTATION_CONTEXT() REPRESENTATION_CONTEXT('2D SPACE',''
  ) );
#185 = ORIENTED_EDGE('',*,*,#186,.F.);
#186 = EDGE_CURVE('',#187,#161,#189,.T.);
#187 = VERTEX_POINT('',#188);
#188 = CARTESIAN_POINT('',(-293.12,201.95,0.));
#189 = SURFACE_CURVE('',#190,(#194,#201),.PCURVE_S1.);
#190 = LINE('',#191,#192);
#191 = CARTESIAN_POINT('',(-293.12,201.95,0.));
#192 = VECTOR('',#193,1.);
#193 = DIRECTION('',(0.,-1.,0.));
#194 = PCURVE('',#32,#195);
#195 = DEFINITIONAL_REPRESENTATION('',(#196),#200);
#196 = LINE('',#197,#198);
#197 = CARTESIAN_POINT('',(0.,-403.9));
#198 = VECTOR('',#199,1.);
#199 = DIRECTION('',(0.,1.));
#200 = ( GEOMETRIC_REPRESENTATION_CONTEXT(2) 
PARAMETRIC_REPRESENTATION_CONTEXT() REPRESENTATION_CONTEXT('2D SPACE',''
  ) );
#201 = PCURVE('',#202,#207);
#202 = PLANE('',#203);
#203 = AXIS2_PLACEMENT_3D('',#204,#205,#206);
#204 = CARTESIAN_POINT('',(-293.12,-201.95,0.));
#205 = DIRECTION('',(0.,0.,1.));
#206 = DIRECTION('',(1.,0.,0.));
#207 = DEFINITIONAL_REPRESENTATION('',(#208),#212);
#208 = LINE('',#209,#210);
#209 = CARTESIAN_POINT('',(0.,403.9));
#210 = VECTOR('',#211,1.);
#211 = DIRECTION('',(0.,-1.));
#212 = ( GEOMETRIC_REPRESENTATION_CONTEXT(2) 
PARAMETRIC_REPRESENTATION_CONTEXT() REPRESENTATION_CONTEXT('2D SPACE',''
  ) );
#213 = ORIENTED_EDGE('',*,*,#214,.F.);
#214 = EDGE_CURVE('',#24,#187,#215,.T.);
#215 = SURFACE_CURVE('',#216,(#220,#227),.PCURVE_S1.);
#216 = LINE('',#217,#218);
#217 = CARTESIAN_POINT('',(-293.12,201.95,70.3));
#218 = VECTOR('',#219,1.);
#219 = DIRECTION('',(0.,4.04291741542E-16,-1.));
#220 = PCURVE('',#32,#221);
#221 = DEFINITIONAL_REPRESENTATION('',(#222),#226);
#222 = LINE('',#223,#224);
#223 = CARTESIAN_POINT('',(70.3,-403.9));
#224 = VECTOR('',#225,1.);
#225 = DIRECTION('',(-1.,-4.04291741542E-16));
#226 = ( GEOMETRIC_REPRESENTATION_CONTEXT(2) 
PARAMETRIC_REPRESENTATION_CONTEXT() REPRESENTATION_CONTEXT('2D SPACE',''
  ) );
#227 = PCURVE('',#228,#233);
#228 = PLANE('',#229);
#229 = AXIS2_PLACEMENT_3D('',#230,#231,#232);
#230 = CARTESIAN_POINT('',(-293.12,201.95,0.));
#231 = DIRECTION('',(0.,1.,0.));
#232 = DIRECTION('',(0.,0.,1.));
#233 = DEFINITIONAL_REPRESENTATION('',(#234),#238);
#234 = LINE('',#235,#236);
#235 = CARTESIAN_POINT('',(70.3,0.));
#236 = VECTOR('',#237,1.);
#237 = DIRECTION('',(-1.,0.));
#238 = ( GEOMETRIC_REPRESENTATION_CONTEXT(2) 
PARAMETRIC_REPRESENTATION_CONTEXT() REPRESENTATION_CONTEXT('2D SPACE',''
  ) );
#239 = ADVANCED_FACE('',(#240),#44,.T.);
#240 = FACE_BOUND('',#241,.T.);
#241 = EDGE_LOOP('',(#242,#243,#264,#297,#323,#356,#382,#410,#438,#465,
    #492,#520,#548,#574,#607,#633,#666,#692));
#242 = ORIENTED_EDGE('',*,*,#21,.F.);
#243 = ORIENTED_EDGE('',*,*,#244,.F.);
#244 = EDGE_CURVE('',#245,#22,#247,.T.);
#245 = VERTEX_POINT('',#246);
#246 = CARTESIAN_POINT('',(-231.7,-2.081899558551E-16,70.3));
#247 = SURFACE_CURVE('',#248,(#252,#258),.PCURVE_S1.);
#248 = LINE('',#249,#250);
#249 = CARTESIAN_POINT('',(-298.12,0.,70.3));
#250 = VECTOR('',#251,1.);
#251 = DIRECTION('',(-1.,0.,0.));
#252 = PCURVE('',#44,#253);
#253 = DEFINITIONAL_REPRESENTATION('',(#254),#257);
#254 = B_SPLINE_CURVE_WITH_KNOTS('',1,(#255,#256),.UNSPECIFIED.,.F.,.F.,
  (2,2),(-298.12,-5.),.PIECEWISE_BEZIER_KNOTS.);
#255 = CARTESIAN_POINT('',(293.12,201.95));
#256 = CARTESIAN_POINT('',(0.,201.95));
#257 = ( GEOMETRIC_REPRESENTATION_CONTEXT(2) 
PARAMETRIC_REPRESENTATION_CONTEXT() REPRESENTATION_CONTEXT('2D SPACE',''
  ) );
#258 = PCURVE('',#71,#259);
#259 = DEFINITIONAL_REPRESENTATION('',(#260),#263);
#260 = B_SPLINE_CURVE_WITH_KNOTS('',1,(#261,#262),.UNSPECIFIED.,.F.,.F.,
  (2,2),(-298.12,-5.),.PIECEWISE_BEZIER_KNOTS.);
#261 = CARTESIAN_POINT('',(90.3,303.12));
#262 = CARTESIAN_POINT('',(90.3,10.));
#263 = ( GEOMETRIC_REPRESENTATION_CONTEXT(2) 
PARAMETRIC_REPRESENTATION_CONTEXT() REPRESENTATION_CONTEXT('2D SPACE',''
  ) );
#264 = ORIENTED_EDGE('',*,*,#265,.T.);
#265 = EDGE_CURVE('',#245,#266,#268,.T.);
#266 = VERTEX_POINT('',#267);
#267 = CARTESIAN_POINT('',(-228.3,0.,70.3));
#268 = SURFACE_CURVE('',#269,(#274,#285),.PCURVE_S1.);
#269 = CIRCLE('',#270,1.7);
#270 = AXIS2_PLACEMENT_3D('',#271,#272,#273);
#271 = CARTESIAN_POINT('',(-230.,0.,70.3));
#272 = DIRECTION('',(0.,0.,-1.));
#273 = DIRECTION('',(1.,0.,0.));
#274 = PCURVE('',#44,#275);
#275 = DEFINITIONAL_REPRESENTATION('',(#276),#284);
#276 = ( BOUNDED_CURVE() B_SPLINE_CURVE(2,(#277,#278,#279,#280,#281,#282
,#283),.UNSPECIFIED.,.T.,.F.) B_SPLINE_CURVE_WITH_KNOTS((1,2,2,2,2,1),(
    -2.094395102393,0.,2.094395102393,4.188790204786,6.28318530718,
8.377580409573),.UNSPECIFIED.) CURVE() GEOMETRIC_REPRESENTATION_ITEM() 
RATIONAL_B_SPLINE_CURVE((1.,0.5,1.,0.5,1.,0.5,1.)) REPRESENTATION_ITEM(
  '') );
#277 = CARTESIAN_POINT('',(64.82,201.95));
#278 = CARTESIAN_POINT('',(64.82,199.00551362713));
#279 = CARTESIAN_POINT('',(62.27,200.47775681356));
#280 = CARTESIAN_POINT('',(59.72,201.95));
#281 = CARTESIAN_POINT('',(62.27,203.42224318643));
#282 = CARTESIAN_POINT('',(64.82,204.89448637286));
#283 = CARTESIAN_POINT('',(64.82,201.95));
#284 = ( GEOMETRIC_REPRESENTATION_CONTEXT(2) 
PARAMETRIC_REPRESENTATION_CONTEXT() REPRESENTATION_CONTEXT('2D SPACE',''
  ) );
#285 = PCURVE('',#286,#291);
#286 = CYLINDRICAL_SURFACE('',#287,1.7);
#287 = AXIS2_PLACEMENT_3D('',#288,#289,#290);
#288 = CARTESIAN_POINT('',(-230.,0.,66.5));
#289 = DIRECTION('',(-0.,-0.,-1.));
#290 = DIRECTION('',(1.,0.,0.));
#291 = DEFINITIONAL_REPRESENTATION('',(#292),#296);
#292 = LINE('',#293,#294);
#293 = CARTESIAN_POINT('',(-6.28318530718,-3.8));
#294 = VECTOR('',#295,1.);
#295 = DIRECTION('',(1.,-0.));
#296 = ( GEOMETRIC_REPRESENTATION_CONTEXT(2) 
PARAMETRIC_REPRESENTATION_CONTEXT() REPRESENTATION_CONTEXT('2D SPACE',''
  ) );
#297 = ORIENTED_EDGE('',*,*,#298,.F.);
#298 = EDGE_CURVE('',#299,#266,#301,.T.);
#299 = VERTEX_POINT('',#300);
#300 = CARTESIAN_POINT('',(-131.7,-2.081899558551E-16,70.3));
#301 = SURFACE_CURVE('',#302,(#306,#312),.PCURVE_S1.);
#302 = LINE('',#303,#304);
#303 = CARTESIAN_POINT('',(-298.12,0.,70.3));
#304 = VECTOR('',#305,1.);
#305 = DIRECTION('',(-1.,0.,0.));
#306 = PCURVE('',#44,#307);
#307 = DEFINITIONAL_REPRESENTATION('',(#308),#311);
#308 = B_SPLINE_CURVE_WITH_KNOTS('',1,(#309,#310),.UNSPECIFIED.,.F.,.F.,
  (2,2),(-298.12,-5.),.PIECEWISE_BEZIER_KNOTS.);
#309 = CARTESIAN_POINT('',(293.12,201.95));
#310 = CARTESIAN_POINT('',(0.,201.95));
#311 = ( GEOMETRIC_REPRESENTATION_CONTEXT(2) 
PARAMETRIC_REPRESENTATION_CONTEXT() REPRESENTATION_CONTEXT('2D SPACE',''
  ) );
#312 = PCURVE('',#313,#318);
#313 = PLANE('',#314);
#314 = AXIS2_PLACEMENT_3D('',#315,#316,#317);
#315 = CARTESIAN_POINT('',(-303.12,0.,-20.));
#316 = DIRECTION('',(0.,1.,0.));
#317 = DIRECTION('',(0.,0.,1.));
#318 = DEFINITIONAL_REPRESENTATION('',(#319),#322);
#319 = B_SPLINE_CURVE_WITH_KNOTS('',1,(#320,#321),.UNSPECIFIED.,.F.,.F.,
  (2,2),(-298.12,-5.),.PIECEWISE_BEZIER_KNOTS.);
#320 = CARTESIAN_POINT('',(90.3,303.12));
#321 = CARTESIAN_POINT('',(90.3,10.));
#322 = ( GEOMETRIC_REPRESENTATION_CONTEXT(2) 
PARAMETRIC_REPRESENTATION_CONTEXT() REPRESENTATION_CONTEXT('2D SPACE',''
  ) );
#323 = ORIENTED_EDGE('',*,*,#324,.T.);
#324 = EDGE_CURVE('',#299,#325,#327,.T.);
#325 = VERTEX_POINT('',#326);
#326 = CARTESIAN_POINT('',(-128.3,0.,70.3));
#327 = SURFACE_CURVE('',#328,(#333,#344),.PCURVE_S1.);
#328 = CIRCLE('',#329,1.7);
#329 = AXIS2_PLACEMENT_3D('',#330,#331,#332);
#330 = CARTESIAN_POINT('',(-130.,0.,70.3));
#331 = DIRECTION('',(0.,0.,-1.));
#332 = DIRECTION('',(1.,0.,0.));
#333 = PCURVE('',#44,#334);
#334 = DEFINITIONAL_REPRESENTATION('',(#335),#343);
#335 = ( BOUNDED_CURVE() B_SPLINE_CURVE(2,(#336,#337,#338,#339,#340,#341
,#342),.UNSPECIFIED.,.T.,.F.) B_SPLINE_CURVE_WITH_KNOTS((1,2,2,2,2,1),(
    -2.094395102393,0.,2.094395102393,4.188790204786,6.28318530718,
8.377580409573),.UNSPECIFIED.) CURVE() GEOMETRIC_REPRESENTATION_ITEM() 
RATIONAL_B_SPLINE_CURVE((1.,0.5,1.,0.5,1.,0.5,1.)) REPRESENTATION_ITEM(
  '') );
#336 = CARTESIAN_POINT('',(164.82,201.95));
#337 = CARTESIAN_POINT('',(164.82,199.00551362713));
#338 = CARTESIAN_POINT('',(162.27,200.47775681356));
#339 = CARTESIAN_POINT('',(159.72,201.95));
#340 = CARTESIAN_POINT('',(162.27,203.42224318643));
#341 = CARTESIAN_POINT('',(164.82,204.89448637286));
#342 = CARTESIAN_POINT('',(164.82,201.95));
#343 = ( GEOMETRIC_REPRESENTATION_CONTEXT(2) 
PARAMETRIC_REPRESENTATION_CONTEXT() REPRESENTATION_CONTEXT('2D SPACE',''
  ) );
#344 = PCURVE('',#345,#350);
#345 = CYLINDRICAL_SURFACE('',#346,1.7);
#346 = AXIS2_PLACEMENT_3D('',#347,#348,#349);
#347 = CARTESIAN_POINT('',(-130.,0.,66.5));
#348 = DIRECTION('',(-0.,-0.,-1.));
#349 = DIRECTION('',(1.,0.,0.));
#350 = DEFINITIONAL_REPRESENTATION('',(#351),#355);
#351 = LINE('',#352,#353);
#352 = CARTESIAN_POINT('',(-6.28318530718,-3.8));
#353 = VECTOR('',#354,1.);
#354 = DIRECTION('',(1.,-0.));
#355 = ( GEOMETRIC_REPRESENTATION_CONTEXT(2) 
PARAMETRIC_REPRESENTATION_CONTEXT() REPRESENTATION_CONTEXT('2D SPACE',''
  ) );
#356 = ORIENTED_EDGE('',*,*,#357,.F.);
#357 = EDGE_CURVE('',#358,#325,#360,.T.);
#358 = VERTEX_POINT('',#359);
#359 = CARTESIAN_POINT('',(-92.,0.,70.3));
#360 = SURFACE_CURVE('',#361,(#365,#371),.PCURVE_S1.);
#361 = LINE('',#362,#363);
#362 = CARTESIAN_POINT('',(-298.12,0.,70.3));
#363 = VECTOR('',#364,1.);
#364 = DIRECTION('',(-1.,0.,0.));
#365 = PCURVE('',#44,#366);
#366 = DEFINITIONAL_REPRESENTATION('',(#367),#370);
#367 = B_SPLINE_CURVE_WITH_KNOTS('',1,(#368,#369),.UNSPECIFIED.,.F.,.F.,
  (2,2),(-298.12,-5.),.PIECEWISE_BEZIER_KNOTS.);
#368 = CARTESIAN_POINT('',(293.12,201.95));
#369 = CARTESIAN_POINT('',(0.,201.95));
#370 = ( GEOMETRIC_REPRESENTATION_CONTEXT(2) 
PARAMETRIC_REPRESENTATION_CONTEXT() REPRESENTATION_CONTEXT('2D SPACE',''
  ) );
#371 = PCURVE('',#372,#377);
#372 = PLANE('',#373);
#373 = AXIS2_PLACEMENT_3D('',#374,#375,#376);
#374 = CARTESIAN_POINT('',(-303.12,0.,-20.));
#375 = DIRECTION('',(0.,1.,0.));
#376 = DIRECTION('',(0.,0.,1.));
#377 = DEFINITIONAL_REPRESENTATION('',(#378),#381);
#378 = B_SPLINE_CURVE_WITH_KNOTS('',1,(#379,#380),.UNSPECIFIED.,.F.,.F.,
  (2,2),(-298.12,-5.),.PIECEWISE_BEZIER_KNOTS.);
#379 = CARTESIAN_POINT('',(90.3,303.12));
#380 = CARTESIAN_POINT('',(90.3,10.));
#381 = ( GEOMETRIC_REPRESENTATION_CONTEXT(2) 
PARAMETRIC_REPRESENTATION_CONTEXT() REPRESENTATION_CONTEXT('2D SPACE',''
  ) );
#382 = ORIENTED_EDGE('',*,*,#383,.T.);
#383 = EDGE_CURVE('',#358,#384,#386,.T.);
#384 = VERTEX_POINT('',#385);
#385 = CARTESIAN_POINT('',(-92.,5.,70.3));
#386 = SURFACE_CURVE('',#387,(#391,#398),.PCURVE_S1.);
#387 = LINE('',#388,#389);
#388 = CARTESIAN_POINT('',(-92.,-5.,70.3));
#389 = VECTOR('',#390,1.);
#390 = DIRECTION('',(0.,1.,0.));
#391 = PCURVE('',#44,#392);
#392 = DEFINITIONAL_REPRESENTATION('',(#393),#397);
#393 = LINE('',#394,#395);
#394 = CARTESIAN_POINT('',(201.12,196.95));
#395 = VECTOR('',#396,1.);
#396 = DIRECTION('',(0.,1.));
#397 = ( GEOMETRIC_REPRESENTATION_CONTEXT(2) 
PARAMETRIC_REPRESENTATION_CONTEXT() REPRESENTATION_CONTEXT('2D SPACE',''
  ) );
#398 = PCURVE('',#399,#404);
#399 = PLANE('',#400);
#400 = AXIS2_PLACEMENT_3D('',#401,#402,#403);
#401 = CARTESIAN_POINT('',(-92.,-5.,67.5));
#402 = DIRECTION('',(-1.,0.,0.));
#403 = DIRECTION('',(0.,1.,0.));
#404 = DEFINITIONAL_REPRESENTATION('',(#405),#409);
#405 = LINE('',#406,#407);
#406 = CARTESIAN_POINT('',(0.,-2.8));
#407 = VECTOR('',#408,1.);
#408 = DIRECTION('',(1.,0.));
#409 = ( GEOMETRIC_REPRESENTATION_CONTEXT(2) 
PARAMETRIC_REPRESENTATION_CONTEXT() REPRESENTATION_CONTEXT('2D SPACE',''
  ) );
#410 = ORIENTED_EDGE('',*,*,#411,.T.);
#411 = EDGE_CURVE('',#384,#412,#414,.T.);
#412 = VERTEX_POINT('',#413);
#413 = CARTESIAN_POINT('',(-273.12,5.,70.3));
#414 = SURFACE_CURVE('',#415,(#419,#426),.PCURVE_S1.);
#415 = LINE('',#416,#417);
#416 = CARTESIAN_POINT('',(-92.,5.,70.3));
#417 = VECTOR('',#418,1.);
#418 = DIRECTION('',(-1.,0.,0.));
#419 = PCURVE('',#44,#420);
#420 = DEFINITIONAL_REPRESENTATION('',(#421),#425);
#421 = LINE('',#422,#423);
#422 = CARTESIAN_POINT('',(201.12,206.95));
#423 = VECTOR('',#424,1.);
#424 = DIRECTION('',(-1.,0.));
#425 = ( GEOMETRIC_REPRESENTATION_CONTEXT(2) 
PARAMETRIC_REPRESENTATION_CONTEXT() REPRESENTATION_CONTEXT('2D SPACE',''
  ) );
#426 = PCURVE('',#427,#432);
#427 = PLANE('',#428);
#428 = AXIS2_PLACEMENT_3D('',#429,#430,#431);
#429 = CARTESIAN_POINT('',(-92.,5.,67.5));
#430 = DIRECTION('',(0.,-1.,0.));
#431 = DIRECTION('',(-1.,0.,0.));
#432 = DEFINITIONAL_REPRESENTATION('',(#433),#437);
#433 = LINE('',#434,#435);
#434 = CARTESIAN_POINT('',(0.,-2.8));
#435 = VECTOR('',#436,1.);
#436 = DIRECTION('',(1.,0.));
#437 = ( GEOMETRIC_REPRESENTATION_CONTEXT(2) 
PARAMETRIC_REPRESENTATION_CONTEXT() REPRESENTATION_CONTEXT('2D SPACE',''
  ) );
#438 = ORIENTED_EDGE('',*,*,#439,.T.);
#439 = EDGE_CURVE('',#412,#440,#442,.T.);
#440 = VERTEX_POINT('',#441);
#441 = CARTESIAN_POINT('',(-273.12,181.95,70.3));
#442 = SURFACE_CURVE('',#443,(#447,#454),.PCURVE_S1.);
#443 = LINE('',#444,#445);
#444 = CARTESIAN_POINT('',(-273.12,90.975,70.3));
#445 = VECTOR('',#446,1.);
#446 = DIRECTION('',(-0.,1.,0.));
#447 = PCURVE('',#44,#448);
#448 = DEFINITIONAL_REPRESENTATION('',(#449),#453);
#449 = LINE('',#450,#451);
#450 = CARTESIAN_POINT('',(20.,292.925));
#451 = VECTOR('',#452,1.);
#452 = DIRECTION('',(0.,1.));
#453 = ( GEOMETRIC_REPRESENTATION_CONTEXT(2) 
PARAMETRIC_REPRESENTATION_CONTEXT() REPRESENTATION_CONTEXT('2D SPACE',''
  ) );
#454 = PCURVE('',#455,#460);
#455 = PLANE('',#456);
#456 = AXIS2_PLACEMENT_3D('',#457,#458,#459);
#457 = CARTESIAN_POINT('',(-273.12,181.95,66.5));
#458 = DIRECTION('',(1.,0.,-0.));
#459 = DIRECTION('',(0.,-1.,0.));
#460 = DEFINITIONAL_REPRESENTATION('',(#461),#464);
#461 = B_SPLINE_CURVE_WITH_KNOTS('',1,(#462,#463),.UNSPECIFIED.,.F.,.F.,
  (2,2),(-272.925,90.975),.PIECEWISE_BEZIER_KNOTS.);
#462 = CARTESIAN_POINT('',(363.9,-3.8));
#463 = CARTESIAN_POINT('',(0.,-3.8));
#464 = ( GEOMETRIC_REPRESENTATION_CONTEXT(2) 
PARAMETRIC_REPRESENTATION_CONTEXT() REPRESENTATION_CONTEXT('2D SPACE',''
  ) );
#465 = ORIENTED_EDGE('',*,*,#466,.T.);
#466 = EDGE_CURVE('',#440,#467,#469,.T.);
#467 = VERTEX_POINT('',#468);
#468 = CARTESIAN_POINT('',(-5.,181.95,70.3));
#469 = SURFACE_CURVE('',#470,(#474,#481),.PCURVE_S1.);
#470 = LINE('',#471,#472);
#471 = CARTESIAN_POINT('',(136.56,181.95,70.3));
#472 = VECTOR('',#473,1.);
#473 = DIRECTION('',(1.,0.,-0.));
#474 = PCURVE('',#44,#475);
#475 = DEFINITIONAL_REPRESENTATION('',(#476),#480);
#476 = LINE('',#477,#478);
#477 = CARTESIAN_POINT('',(429.68,383.9));
#478 = VECTOR('',#479,1.);
#479 = DIRECTION('',(1.,0.));
#480 = ( GEOMETRIC_REPRESENTATION_CONTEXT(2) 
PARAMETRIC_REPRESENTATION_CONTEXT() REPRESENTATION_CONTEXT('2D SPACE',''
  ) );
#481 = PCURVE('',#482,#487);
#482 = PLANE('',#483);
#483 = AXIS2_PLACEMENT_3D('',#484,#485,#486);
#484 = CARTESIAN_POINT('',(273.12,181.95,66.5));
#485 = DIRECTION('',(0.,-1.,0.));
#486 = DIRECTION('',(-1.,0.,0.));
#487 = DEFINITIONAL_REPRESENTATION('',(#488),#491);
#488 = B_SPLINE_CURVE_WITH_KNOTS('',1,(#489,#490),.UNSPECIFIED.,.F.,.F.,
  (2,2),(-409.68,136.56),.PIECEWISE_BEZIER_KNOTS.);
#489 = CARTESIAN_POINT('',(546.24,-3.8));
#490 = CARTESIAN_POINT('',(0.,-3.8));
#491 = ( GEOMETRIC_REPRESENTATION_CONTEXT(2) 
PARAMETRIC_REPRESENTATION_CONTEXT() REPRESENTATION_CONTEXT('2D SPACE',''
  ) );
#492 = ORIENTED_EDGE('',*,*,#493,.T.);
#493 = EDGE_CURVE('',#467,#494,#496,.T.);
#494 = VERTEX_POINT('',#495);
#495 = CARTESIAN_POINT('',(-5.,92.,70.3));
#496 = SURFACE_CURVE('',#497,(#501,#508),.PCURVE_S1.);
#497 = LINE('',#498,#499);
#498 = CARTESIAN_POINT('',(-5.,181.95,70.3));
#499 = VECTOR('',#500,1.);
#500 = DIRECTION('',(0.,-1.,0.));
#501 = PCURVE('',#44,#502);
#502 = DEFINITIONAL_REPRESENTATION('',(#503),#507);
#503 = LINE('',#504,#505);
#504 = CARTESIAN_POINT('',(288.12,383.9));
#505 = VECTOR('',#506,1.);
#506 = DIRECTION('',(0.,-1.));
#507 = ( GEOMETRIC_REPRESENTATION_CONTEXT(2) 
PARAMETRIC_REPRESENTATION_CONTEXT() REPRESENTATION_CONTEXT('2D SPACE',''
  ) );
#508 = PCURVE('',#509,#514);
#509 = PLANE('',#510);
#510 = AXIS2_PLACEMENT_3D('',#511,#512,#513);
#511 = CARTESIAN_POINT('',(-5.,181.95,67.5));
#512 = DIRECTION('',(1.,0.,-0.));
#513 = DIRECTION('',(0.,-1.,0.));
#514 = DEFINITIONAL_REPRESENTATION('',(#515),#519);
#515 = LINE('',#516,#517);
#516 = CARTESIAN_POINT('',(0.,-2.8));
#517 = VECTOR('',#518,1.);
#518 = DIRECTION('',(1.,0.));
#519 = ( GEOMETRIC_REPRESENTATION_CONTEXT(2) 
PARAMETRIC_REPRESENTATION_CONTEXT() REPRESENTATION_CONTEXT('2D SPACE',''
  ) );
#520 = ORIENTED_EDGE('',*,*,#521,.T.);
#521 = EDGE_CURVE('',#494,#522,#524,.T.);
#522 = VERTEX_POINT('',#523);
#523 = CARTESIAN_POINT('',(0.,92.,70.3));
#524 = SURFACE_CURVE('',#525,(#529,#536),.PCURVE_S1.);
#525 = LINE('',#526,#527);
#526 = CARTESIAN_POINT('',(-5.,92.,70.3));
#527 = VECTOR('',#528,1.);
#528 = DIRECTION('',(1.,0.,0.));
#529 = PCURVE('',#44,#530);
#530 = DEFINITIONAL_REPRESENTATION('',(#531),#535);
#531 = LINE('',#532,#533);
#532 = CARTESIAN_POINT('',(288.12,293.95));
#533 = VECTOR('',#534,1.);
#534 = DIRECTION('',(1.,0.));
#535 = ( GEOMETRIC_REPRESENTATION_CONTEXT(2) 
PARAMETRIC_REPRESENTATION_CONTEXT() REPRESENTATION_CONTEXT('2D SPACE',''
  ) );
#536 = PCURVE('',#537,#542);
#537 = PLANE('',#538);
#538 = AXIS2_PLACEMENT_3D('',#539,#540,#541);
#539 = CARTESIAN_POINT('',(-5.,92.,67.5));
#540 = DIRECTION('',(0.,1.,0.));
#541 = DIRECTION('',(1.,0.,0.));
#542 = DEFINITIONAL_REPRESENTATION('',(#543),#547);
#543 = LINE('',#544,#545);
#544 = CARTESIAN_POINT('',(0.,-2.8));
#545 = VECTOR('',#546,1.);
#546 = DIRECTION('',(1.,0.));
#547 = ( GEOMETRIC_REPRESENTATION_CONTEXT(2) 
PARAMETRIC_REPRESENTATION_CONTEXT() REPRESENTATION_CONTEXT('2D SPACE',''
  ) );
#548 = ORIENTED_EDGE('',*,*,#549,.T.);
#549 = EDGE_CURVE('',#522,#550,#552,.T.);
#550 = VERTEX_POINT('',#551);
#551 = CARTESIAN_POINT('',(1.040949779275E-16,118.3,70.3));
#552 = SURFACE_CURVE('',#553,(#557,#563),.PCURVE_S1.);
#553 = LINE('',#554,#555);
#554 = CARTESIAN_POINT('',(0.,-100.975,70.3));
#555 = VECTOR('',#556,1.);
#556 = DIRECTION('',(0.,1.,0.));
#557 = PCURVE('',#44,#558);
#558 = DEFINITIONAL_REPRESENTATION('',(#559),#562);
#559 = B_SPLINE_CURVE_WITH_KNOTS('',1,(#560,#561),.UNSPECIFIED.,.F.,.F.,
  (2,2),(100.975,302.925),.PIECEWISE_BEZIER_KNOTS.);
#560 = CARTESIAN_POINT('',(293.12,201.95));
#561 = CARTESIAN_POINT('',(293.12,403.9));
#562 = ( GEOMETRIC_REPRESENTATION_CONTEXT(2) 
PARAMETRIC_REPRESENTATION_CONTEXT() REPRESENTATION_CONTEXT('2D SPACE',''
  ) );
#563 = PCURVE('',#564,#569);
#564 = PLANE('',#565);
#565 = AXIS2_PLACEMENT_3D('',#566,#567,#568);
#566 = CARTESIAN_POINT('',(0.,0.,-20.));
#567 = DIRECTION('',(1.,0.,0.));
#568 = DIRECTION('',(0.,0.,1.));
#569 = DEFINITIONAL_REPRESENTATION('',(#570),#573);
#570 = B_SPLINE_CURVE_WITH_KNOTS('',1,(#571,#572),.UNSPECIFIED.,.F.,.F.,
  (2,2),(100.975,302.925),.PIECEWISE_BEZIER_KNOTS.);
#571 = CARTESIAN_POINT('',(90.3,0.));
#572 = CARTESIAN_POINT('',(90.3,-201.95));
#573 = ( GEOMETRIC_REPRESENTATION_CONTEXT(2) 
PARAMETRIC_REPRESENTATION_CONTEXT() REPRESENTATION_CONTEXT('2D SPACE',''
  ) );
#574 = ORIENTED_EDGE('',*,*,#575,.T.);
#575 = EDGE_CURVE('',#550,#576,#578,.T.);
#576 = VERTEX_POINT('',#577);
#577 = CARTESIAN_POINT('',(-3.122849337826E-16,121.7,70.3));
#578 = SURFACE_CURVE('',#579,(#584,#595),.PCURVE_S1.);
#579 = CIRCLE('',#580,1.7);
#580 = AXIS2_PLACEMENT_3D('',#581,#582,#583);
#581 = CARTESIAN_POINT('',(0.,120.,70.3));
#582 = DIRECTION('',(0.,0.,-1.));
#583 = DIRECTION('',(1.,0.,0.));
#584 = PCURVE('',#44,#585);
#585 = DEFINITIONAL_REPRESENTATION('',(#586),#594);
#586 = ( BOUNDED_CURVE() B_SPLINE_CURVE(2,(#587,#588,#589,#590,#591,#592
,#593),.UNSPECIFIED.,.T.,.F.) B_SPLINE_CURVE_WITH_KNOTS((1,2,2,2,2,1),(
    -2.094395102393,0.,2.094395102393,4.188790204786,6.28318530718,
8.377580409573),.UNSPECIFIED.) CURVE() GEOMETRIC_REPRESENTATION_ITEM() 
RATIONAL_B_SPLINE_CURVE((1.,0.5,1.,0.5,1.,0.5,1.)) REPRESENTATION_ITEM(
  '') );
#587 = CARTESIAN_POINT('',(294.82,321.95));
#588 = CARTESIAN_POINT('',(294.82,319.00551362713));
#589 = CARTESIAN_POINT('',(292.27,320.47775681356));
#590 = CARTESIAN_POINT('',(289.72,321.95));
#591 = CARTESIAN_POINT('',(292.27,323.42224318643));
#592 = CARTESIAN_POINT('',(294.82,324.89448637286));
#593 = CARTESIAN_POINT('',(294.82,321.95));
#594 = ( GEOMETRIC_REPRESENTATION_CONTEXT(2) 
PARAMETRIC_REPRESENTATION_CONTEXT() REPRESENTATION_CONTEXT('2D SPACE',''
  ) );
#595 = PCURVE('',#596,#601);
#596 = CYLINDRICAL_SURFACE('',#597,1.7);
#597 = AXIS2_PLACEMENT_3D('',#598,#599,#600);
#598 = CARTESIAN_POINT('',(0.,120.,66.5));
#599 = DIRECTION('',(-0.,-0.,-1.));
#600 = DIRECTION('',(1.,0.,0.));
#601 = DEFINITIONAL_REPRESENTATION('',(#602),#606);
#602 = LINE('',#603,#604);
#603 = CARTESIAN_POINT('',(-6.28318530718,-3.8));
#604 = VECTOR('',#605,1.);
#605 = DIRECTION('',(1.,-0.));
#606 = ( GEOMETRIC_REPRESENTATION_CONTEXT(2) 
PARAMETRIC_REPRESENTATION_CONTEXT() REPRESENTATION_CONTEXT('2D SPACE',''
  ) );
#607 = ORIENTED_EDGE('',*,*,#608,.T.);
#608 = EDGE_CURVE('',#576,#609,#611,.T.);
#609 = VERTEX_POINT('',#610);
#610 = CARTESIAN_POINT('',(1.040949779275E-16,163.3,70.3));
#611 = SURFACE_CURVE('',#612,(#616,#622),.PCURVE_S1.);
#612 = LINE('',#613,#614);
#613 = CARTESIAN_POINT('',(0.,-100.975,70.3));
#614 = VECTOR('',#615,1.);
#615 = DIRECTION('',(0.,1.,0.));
#616 = PCURVE('',#44,#617);
#617 = DEFINITIONAL_REPRESENTATION('',(#618),#621);
#618 = B_SPLINE_CURVE_WITH_KNOTS('',1,(#619,#620),.UNSPECIFIED.,.F.,.F.,
  (2,2),(100.975,302.925),.PIECEWISE_BEZIER_KNOTS.);
#619 = CARTESIAN_POINT('',(293.12,201.95));
#620 = CARTESIAN_POINT('',(293.12,403.9));
#621 = ( GEOMETRIC_REPRESENTATION_CONTEXT(2) 
PARAMETRIC_REPRESENTATION_CONTEXT() REPRESENTATION_CONTEXT('2D SPACE',''
  ) );
#622 = PCURVE('',#623,#628);
#623 = PLANE('',#624);
#624 = AXIS2_PLACEMENT_3D('',#625,#626,#627);
#625 = CARTESIAN_POINT('',(0.,0.,-20.));
#626 = DIRECTION('',(1.,0.,0.));
#627 = DIRECTION('',(0.,0.,1.));
#628 = DEFINITIONAL_REPRESENTATION('',(#629),#632);
#629 = B_SPLINE_CURVE_WITH_KNOTS('',1,(#630,#631),.UNSPECIFIED.,.F.,.F.,
  (2,2),(100.975,302.925),.PIECEWISE_BEZIER_KNOTS.);
#630 = CARTESIAN_POINT('',(90.3,0.));
#631 = CARTESIAN_POINT('',(90.3,-201.95));
#632 = ( GEOMETRIC_REPRESENTATION_CONTEXT(2) 
PARAMETRIC_REPRESENTATION_CONTEXT() REPRESENTATION_CONTEXT('2D SPACE',''
  ) );
#633 = ORIENTED_EDGE('',*,*,#634,.T.);
#634 = EDGE_CURVE('',#609,#635,#637,.T.);
#635 = VERTEX_POINT('',#636);
#636 = CARTESIAN_POINT('',(-3.122849337826E-16,166.7,70.3));
#637 = SURFACE_CURVE('',#638,(#643,#654),.PCURVE_S1.);
#638 = CIRCLE('',#639,1.7);
#639 = AXIS2_PLACEMENT_3D('',#640,#641,#642);
#640 = CARTESIAN_POINT('',(0.,165.,70.3));
#641 = DIRECTION('',(0.,0.,-1.));
#642 = DIRECTION('',(1.,0.,0.));
#643 = PCURVE('',#44,#644);
#644 = DEFINITIONAL_REPRESENTATION('',(#645),#653);
#645 = ( BOUNDED_CURVE() B_SPLINE_CURVE(2,(#646,#647,#648,#649,#650,#651
,#652),.UNSPECIFIED.,.T.,.F.) B_SPLINE_CURVE_WITH_KNOTS((1,2,2,2,2,1),(
    -2.094395102393,0.,2.094395102393,4.188790204786,6.28318530718,
8.377580409573),.UNSPECIFIED.) CURVE() GEOMETRIC_REPRESENTATION_ITEM() 
RATIONAL_B_SPLINE_CURVE((1.,0.5,1.,0.5,1.,0.5,1.)) REPRESENTATION_ITEM(
  '') );
#646 = CARTESIAN_POINT('',(294.82,366.95));
#647 = CARTESIAN_POINT('',(294.82,364.00551362713));
#648 = CARTESIAN_POINT('',(292.27,365.47775681356));
#649 = CARTESIAN_POINT('',(289.72,366.95));
#650 = CARTESIAN_POINT('',(292.27,368.42224318643));
#651 = CARTESIAN_POINT('',(294.82,369.89448637286));
#652 = CARTESIAN_POINT('',(294.82,366.95));
#653 = ( GEOMETRIC_REPRESENTATION_CONTEXT(2) 
PARAMETRIC_REPRESENTATION_CONTEXT() REPRESENTATION_CONTEXT('2D SPACE',''
  ) );
#654 = PCURVE('',#655,#660);
#655 = CYLINDRICAL_SURFACE('',#656,1.7);
#656 = AXIS2_PLACEMENT_3D('',#657,#658,#659);
#657 = CARTESIAN_POINT('',(0.,165.,66.5));
#658 = DIRECTION('',(-0.,-0.,-1.));
#659 = DIRECTION('',(1.,0.,0.));
#660 = DEFINITIONAL_REPRESENTATION('',(#661),#665);
#661 = LINE('',#662,#663);
#662 = CARTESIAN_POINT('',(-6.28318530718,-3.8));
#663 = VECTOR('',#664,1.);
#664 = DIRECTION('',(1.,-0.));
#665 = ( GEOMETRIC_REPRESENTATION_CONTEXT(2) 
PARAMETRIC_REPRESENTATION_CONTEXT() REPRESENTATION_CONTEXT('2D SPACE',''
  ) );
#666 = ORIENTED_EDGE('',*,*,#667,.T.);
#667 = EDGE_CURVE('',#635,#668,#670,.T.);
#668 = VERTEX_POINT('',#669);
#669 = CARTESIAN_POINT('',(0.,201.95,70.3));
#670 = SURFACE_CURVE('',#671,(#675,#681),.PCURVE_S1.);
#671 = LINE('',#672,#673);
#672 = CARTESIAN_POINT('',(0.,-100.975,70.3));
#673 = VECTOR('',#674,1.);
#674 = DIRECTION('',(0.,1.,0.));
#675 = PCURVE('',#44,#676);
#676 = DEFINITIONAL_REPRESENTATION('',(#677),#680);
#677 = B_SPLINE_CURVE_WITH_KNOTS('',1,(#678,#679),.UNSPECIFIED.,.F.,.F.,
  (2,2),(100.975,302.925),.PIECEWISE_BEZIER_KNOTS.);
#678 = CARTESIAN_POINT('',(293.12,201.95));
#679 = CARTESIAN_POINT('',(293.12,403.9));
#680 = ( GEOMETRIC_REPRESENTATION_CONTEXT(2) 
PARAMETRIC_REPRESENTATION_CONTEXT() REPRESENTATION_CONTEXT('2D SPACE',''
  ) );
#681 = PCURVE('',#682,#687);
#682 = PLANE('',#683);
#683 = AXIS2_PLACEMENT_3D('',#684,#685,#686);
#684 = CARTESIAN_POINT('',(0.,0.,-20.));
#685 = DIRECTION('',(1.,0.,0.));
#686 = DIRECTION('',(0.,0.,1.));
#687 = DEFINITIONAL_REPRESENTATION('',(#688),#691);
#688 = B_SPLINE_CURVE_WITH_KNOTS('',1,(#689,#690),.UNSPECIFIED.,.F.,.F.,
  (2,2),(100.975,302.925),.PIECEWISE_BEZIER_KNOTS.);
#689 = CARTESIAN_POINT('',(90.3,0.));
#690 = CARTESIAN_POINT('',(90.3,-201.95));
#691 = ( GEOMETRIC_REPRESENTATION_CONTEXT(2) 
PARAMETRIC_REPRESENTATION_CONTEXT() REPRESENTATION_CONTEXT('2D SPACE',''
  ) );
#692 = ORIENTED_EDGE('',*,*,#693,.T.);
#693 = EDGE_CURVE('',#668,#24,#694,.T.);
#694 = SURFACE_CURVE('',#695,(#699,#706),.PCURVE_S1.);
#695 = LINE('',#696,#697);
#696 = CARTESIAN_POINT('',(293.12,201.95,70.3));
#697 = VECTOR('',#698,1.);
#698 = DIRECTION('',(-1.,0.,0.));
#699 = PCURVE('',#44,#700);
#700 = DEFINITIONAL_REPRESENTATION('',(#701),#705);
#701 = LINE('',#702,#703);
#702 = CARTESIAN_POINT('',(586.24,403.9));
#703 = VECTOR('',#704,1.);
#704 = DIRECTION('',(-1.,0.));
#705 = ( GEOMETRIC_REPRESENTATION_CONTEXT(2) 
PARAMETRIC_REPRESENTATION_CONTEXT() REPRESENTATION_CONTEXT('2D SPACE',''
  ) );
#706 = PCURVE('',#228,#707);
#707 = DEFINITIONAL_REPRESENTATION('',(#708),#712);
#708 = LINE('',#709,#710);
#709 = CARTESIAN_POINT('',(70.3,586.24));
#710 = VECTOR('',#711,1.);
#711 = DIRECTION('',(0.,-1.));
#712 = ( GEOMETRIC_REPRESENTATION_CONTEXT(2) 
PARAMETRIC_REPRESENTATION_CONTEXT() REPRESENTATION_CONTEXT('2D SPACE',''
  ) );
#713 = ADVANCED_FACE('',(#714),#228,.T.);
#714 = FACE_BOUND('',#715,.T.);
#715 = EDGE_LOOP('',(#716,#717,#738,#764,#790,#816,#842,#865,#893,#921,
    #949,#972,#1000,#1028,#1056,#1077));
#716 = ORIENTED_EDGE('',*,*,#693,.F.);
#717 = ORIENTED_EDGE('',*,*,#718,.T.);
#718 = EDGE_CURVE('',#668,#719,#721,.T.);
#719 = VERTEX_POINT('',#720);
#720 = CARTESIAN_POINT('',(0.,201.95,69.3));
#721 = SURFACE_CURVE('',#722,(#726,#732),.PCURVE_S1.);
#722 = LINE('',#723,#724);
#723 = CARTESIAN_POINT('',(0.,201.95,-10.));
#724 = VECTOR('',#725,1.);
#725 = DIRECTION('',(0.,0.,-1.));
#726 = PCURVE('',#228,#727);
#727 = DEFINITIONAL_REPRESENTATION('',(#728),#731);
#728 = B_SPLINE_CURVE_WITH_KNOTS('',1,(#729,#730),.UNSPECIFIED.,.F.,.F.,
  (2,2),(-80.3,-10.),.PIECEWISE_BEZIER_KNOTS.);
#729 = CARTESIAN_POINT('',(70.3,293.12));
#730 = CARTESIAN_POINT('',(0.,293.12));
#731 = ( GEOMETRIC_REPRESENTATION_CONTEXT(2) 
PARAMETRIC_REPRESENTATION_CONTEXT() REPRESENTATION_CONTEXT('2D SPACE',''
  ) );
#732 = PCURVE('',#682,#733);
#733 = DEFINITIONAL_REPRESENTATION('',(#734),#737);
#734 = B_SPLINE_CURVE_WITH_KNOTS('',1,(#735,#736),.UNSPECIFIED.,.F.,.F.,
  (2,2),(-80.3,-10.),.PIECEWISE_BEZIER_KNOTS.);
#735 = CARTESIAN_POINT('',(90.3,-201.95));
#736 = CARTESIAN_POINT('',(20.,-201.95));
#737 = ( GEOMETRIC_REPRESENTATION_CONTEXT(2) 
PARAMETRIC_REPRESENTATION_CONTEXT() REPRESENTATION_CONTEXT('2D SPACE',''
  ) );
#738 = ORIENTED_EDGE('',*,*,#739,.F.);
#739 = EDGE_CURVE('',#740,#719,#742,.T.);
#740 = VERTEX_POINT('',#741);
#741 = CARTESIAN_POINT('',(-260.,201.95,69.3));
#742 = SURFACE_CURVE('',#743,(#747,#753),.PCURVE_S1.);
#743 = LINE('',#744,#745);
#744 = CARTESIAN_POINT('',(-276.56,201.95,69.3));
#745 = VECTOR('',#746,1.);
#746 = DIRECTION('',(1.,0.,0.));
#747 = PCURVE('',#228,#748);
#748 = DEFINITIONAL_REPRESENTATION('',(#749),#752);
#749 = B_SPLINE_CURVE_WITH_KNOTS('',1,(#750,#751),.UNSPECIFIED.,.F.,.F.,
  (2,2),(16.56,536.56),.PIECEWISE_BEZIER_KNOTS.);
#750 = CARTESIAN_POINT('',(69.3,33.12));
#751 = CARTESIAN_POINT('',(69.3,553.12));
#752 = ( GEOMETRIC_REPRESENTATION_CONTEXT(2) 
PARAMETRIC_REPRESENTATION_CONTEXT() REPRESENTATION_CONTEXT('2D SPACE',''
  ) );
#753 = PCURVE('',#754,#759);
#754 = PLANE('',#755);
#755 = AXIS2_PLACEMENT_3D('',#756,#757,#758);
#756 = CARTESIAN_POINT('',(-260.,195.95,69.3));
#757 = DIRECTION('',(0.,0.,1.));
#758 = DIRECTION('',(1.,0.,0.));
#759 = DEFINITIONAL_REPRESENTATION('',(#760),#763);
#760 = B_SPLINE_CURVE_WITH_KNOTS('',1,(#761,#762),.UNSPECIFIED.,.F.,.F.,
  (2,2),(16.56,536.56),.PIECEWISE_BEZIER_KNOTS.);
#761 = CARTESIAN_POINT('',(0.,6.));
#762 = CARTESIAN_POINT('',(520.,6.));
#763 = ( GEOMETRIC_REPRESENTATION_CONTEXT(2) 
PARAMETRIC_REPRESENTATION_CONTEXT() REPRESENTATION_CONTEXT('2D SPACE',''
  ) );
#764 = ORIENTED_EDGE('',*,*,#765,.T.);
#765 = EDGE_CURVE('',#740,#766,#768,.T.);
#766 = VERTEX_POINT('',#767);
#767 = CARTESIAN_POINT('',(-260.,201.95,16.));
#768 = SURFACE_CURVE('',#769,(#773,#779),.PCURVE_S1.);
#769 = LINE('',#770,#771);
#770 = CARTESIAN_POINT('',(-260.,201.95,8.));
#771 = VECTOR('',#772,1.);
#772 = DIRECTION('',(0.,0.,-1.));
#773 = PCURVE('',#228,#774);
#774 = DEFINITIONAL_REPRESENTATION('',(#775),#778);
#775 = B_SPLINE_CURVE_WITH_KNOTS('',1,(#776,#777),.UNSPECIFIED.,.F.,.F.,
  (2,2),(-61.3,-8.),.PIECEWISE_BEZIER_KNOTS.);
#776 = CARTESIAN_POINT('',(69.3,33.12));
#777 = CARTESIAN_POINT('',(16.,33.12));
#778 = ( GEOMETRIC_REPRESENTATION_CONTEXT(2) 
PARAMETRIC_REPRESENTATION_CONTEXT() REPRESENTATION_CONTEXT('2D SPACE',''
  ) );
#779 = PCURVE('',#780,#785);
#780 = PLANE('',#781);
#781 = AXIS2_PLACEMENT_3D('',#782,#783,#784);
#782 = CARTESIAN_POINT('',(-260.,195.95,16.));
#783 = DIRECTION('',(1.,0.,0.));
#784 = DIRECTION('',(0.,0.,1.));
#785 = DEFINITIONAL_REPRESENTATION('',(#786),#789);
#786 = B_SPLINE_CURVE_WITH_KNOTS('',1,(#787,#788),.UNSPECIFIED.,.F.,.F.,
  (2,2),(-61.3,-8.),.PIECEWISE_BEZIER_KNOTS.);
#787 = CARTESIAN_POINT('',(53.3,-6.));
#788 = CARTESIAN_POINT('',(0.,-6.));
#789 = ( GEOMETRIC_REPRESENTATION_CONTEXT(2) 
PARAMETRIC_REPRESENTATION_CONTEXT() REPRESENTATION_CONTEXT('2D SPACE',''
  ) );
#790 = ORIENTED_EDGE('',*,*,#791,.T.);
#791 = EDGE_CURVE('',#766,#792,#794,.T.);
#792 = VERTEX_POINT('',#793);
#793 = CARTESIAN_POINT('',(0.,201.95,16.));
#794 = SURFACE_CURVE('',#795,(#799,#805),.PCURVE_S1.);
#795 = LINE('',#796,#797);
#796 = CARTESIAN_POINT('',(-276.56,201.95,16.));
#797 = VECTOR('',#798,1.);
#798 = DIRECTION('',(1.,0.,0.));
#799 = PCURVE('',#228,#800);
#800 = DEFINITIONAL_REPRESENTATION('',(#801),#804);
#801 = B_SPLINE_CURVE_WITH_KNOTS('',1,(#802,#803),.UNSPECIFIED.,.F.,.F.,
  (2,2),(16.56,536.56),.PIECEWISE_BEZIER_KNOTS.);
#802 = CARTESIAN_POINT('',(16.,33.12));
#803 = CARTESIAN_POINT('',(16.,553.12));
#804 = ( GEOMETRIC_REPRESENTATION_CONTEXT(2) 
PARAMETRIC_REPRESENTATION_CONTEXT() REPRESENTATION_CONTEXT('2D SPACE',''
  ) );
#805 = PCURVE('',#806,#811);
#806 = PLANE('',#807);
#807 = AXIS2_PLACEMENT_3D('',#808,#809,#810);
#808 = CARTESIAN_POINT('',(-260.,195.95,16.));
#809 = DIRECTION('',(0.,0.,1.));
#810 = DIRECTION('',(1.,0.,0.));
#811 = DEFINITIONAL_REPRESENTATION('',(#812),#815);
#812 = B_SPLINE_CURVE_WITH_KNOTS('',1,(#813,#814),.UNSPECIFIED.,.F.,.F.,
  (2,2),(16.56,536.56),.PIECEWISE_BEZIER_KNOTS.);
#813 = CARTESIAN_POINT('',(0.,6.));
#814 = CARTESIAN_POINT('',(520.,6.));
#815 = ( GEOMETRIC_REPRESENTATION_CONTEXT(2) 
PARAMETRIC_REPRESENTATION_CONTEXT() REPRESENTATION_CONTEXT('2D SPACE',''
  ) );
#816 = ORIENTED_EDGE('',*,*,#817,.T.);
#817 = EDGE_CURVE('',#792,#818,#820,.T.);
#818 = VERTEX_POINT('',#819);
#819 = CARTESIAN_POINT('',(0.,201.95,0.));
#820 = SURFACE_CURVE('',#821,(#825,#831),.PCURVE_S1.);
#821 = LINE('',#822,#823);
#822 = CARTESIAN_POINT('',(0.,201.95,-10.));
#823 = VECTOR('',#824,1.);
#824 = DIRECTION('',(0.,0.,-1.));
#825 = PCURVE('',#228,#826);
#826 = DEFINITIONAL_REPRESENTATION('',(#827),#830);
#827 = B_SPLINE_CURVE_WITH_KNOTS('',1,(#828,#829),.UNSPECIFIED.,.F.,.F.,
  (2,2),(-80.3,-10.),.PIECEWISE_BEZIER_KNOTS.);
#828 = CARTESIAN_POINT('',(70.3,293.12));
#829 = CARTESIAN_POINT('',(0.,293.12));
#830 = ( GEOMETRIC_REPRESENTATION_CONTEXT(2) 
PARAMETRIC_REPRESENTATION_CONTEXT() REPRESENTATION_CONTEXT('2D SPACE',''
  ) );
#831 = PCURVE('',#832,#837);
#832 = PLANE('',#833);
#833 = AXIS2_PLACEMENT_3D('',#834,#835,#836);
#834 = CARTESIAN_POINT('',(0.,0.,-20.));
#835 = DIRECTION('',(1.,0.,0.));
#836 = DIRECTION('',(0.,0.,1.));
#837 = DEFINITIONAL_REPRESENTATION('',(#838),#841);
#838 = B_SPLINE_CURVE_WITH_KNOTS('',1,(#839,#840),.UNSPECIFIED.,.F.,.F.,
  (2,2),(-80.3,-10.),.PIECEWISE_BEZIER_KNOTS.);
#839 = CARTESIAN_POINT('',(90.3,-201.95));
#840 = CARTESIAN_POINT('',(20.,-201.95));
#841 = ( GEOMETRIC_REPRESENTATION_CONTEXT(2) 
PARAMETRIC_REPRESENTATION_CONTEXT() REPRESENTATION_CONTEXT('2D SPACE',''
  ) );
#842 = ORIENTED_EDGE('',*,*,#843,.F.);
#843 = EDGE_CURVE('',#844,#818,#846,.T.);
#844 = VERTEX_POINT('',#845);
#845 = CARTESIAN_POINT('',(-99.,201.95,0.));
#846 = SURFACE_CURVE('',#847,(#851,#858),.PCURVE_S1.);
#847 = LINE('',#848,#849);
#848 = CARTESIAN_POINT('',(-293.12,201.95,0.));
#849 = VECTOR('',#850,1.);
#850 = DIRECTION('',(1.,0.,0.));
#851 = PCURVE('',#228,#852);
#852 = DEFINITIONAL_REPRESENTATION('',(#853),#857);
#853 = LINE('',#854,#855);
#854 = CARTESIAN_POINT('',(0.,0.));
#855 = VECTOR('',#856,1.);
#856 = DIRECTION('',(0.,1.));
#857 = ( GEOMETRIC_REPRESENTATION_CONTEXT(2) 
PARAMETRIC_REPRESENTATION_CONTEXT() REPRESENTATION_CONTEXT('2D SPACE',''
  ) );
#858 = PCURVE('',#202,#859);
#859 = DEFINITIONAL_REPRESENTATION('',(#860),#864);
#860 = LINE('',#861,#862);
#861 = CARTESIAN_POINT('',(0.,403.9));
#862 = VECTOR('',#863,1.);
#863 = DIRECTION('',(1.,0.));
#864 = ( GEOMETRIC_REPRESENTATION_CONTEXT(2) 
PARAMETRIC_REPRESENTATION_CONTEXT() REPRESENTATION_CONTEXT('2D SPACE',''
  ) );
#865 = ORIENTED_EDGE('',*,*,#866,.T.);
#866 = EDGE_CURVE('',#844,#867,#869,.T.);
#867 = VERTEX_POINT('',#868);
#868 = CARTESIAN_POINT('',(-99.,201.95,10.));
#869 = SURFACE_CURVE('',#870,(#874,#881),.PCURVE_S1.);
#870 = LINE('',#871,#872);
#871 = CARTESIAN_POINT('',(-99.,201.95,0.));
#872 = VECTOR('',#873,1.);
#873 = DIRECTION('',(0.,0.,1.));
#874 = PCURVE('',#228,#875);
#875 = DEFINITIONAL_REPRESENTATION('',(#876),#880);
#876 = LINE('',#877,#878);
#877 = CARTESIAN_POINT('',(0.,194.12));
#878 = VECTOR('',#879,1.);
#879 = DIRECTION('',(1.,0.));
#880 = ( GEOMETRIC_REPRESENTATION_CONTEXT(2) 
PARAMETRIC_REPRESENTATION_CONTEXT() REPRESENTATION_CONTEXT('2D SPACE',''
  ) );
#881 = PCURVE('',#882,#887);
#882 = PLANE('',#883);
#883 = AXIS2_PLACEMENT_3D('',#884,#885,#886);
#884 = CARTESIAN_POINT('',(-99.,201.95,0.));
#885 = DIRECTION('',(1.,0.,0.));
#886 = DIRECTION('',(0.,0.,1.));
#887 = DEFINITIONAL_REPRESENTATION('',(#888),#892);
#888 = LINE('',#889,#890);
#889 = CARTESIAN_POINT('',(0.,0.));
#890 = VECTOR('',#891,1.);
#891 = DIRECTION('',(1.,0.));
#892 = ( GEOMETRIC_REPRESENTATION_CONTEXT(2) 
PARAMETRIC_REPRESENTATION_CONTEXT() REPRESENTATION_CONTEXT('2D SPACE',''
  ) );
#893 = ORIENTED_EDGE('',*,*,#894,.F.);
#894 = EDGE_CURVE('',#895,#867,#897,.T.);
#895 = VERTEX_POINT('',#896);
#896 = CARTESIAN_POINT('',(-121.,201.95,10.));
#897 = SURFACE_CURVE('',#898,(#902,#909),.PCURVE_S1.);
#898 = LINE('',#899,#900);
#899 = CARTESIAN_POINT('',(-121.,201.95,10.));
#900 = VECTOR('',#901,1.);
#901 = DIRECTION('',(1.,0.,0.));
#902 = PCURVE('',#228,#903);
#903 = DEFINITIONAL_REPRESENTATION('',(#904),#908);
#904 = LINE('',#905,#906);
#905 = CARTESIAN_POINT('',(10.,172.12));
#906 = VECTOR('',#907,1.);
#907 = DIRECTION('',(0.,1.));
#908 = ( GEOMETRIC_REPRESENTATION_CONTEXT(2) 
PARAMETRIC_REPRESENTATION_CONTEXT() REPRESENTATION_CONTEXT('2D SPACE',''
  ) );
#909 = PCURVE('',#910,#915);
#910 = PLANE('',#911);
#911 = AXIS2_PLACEMENT_3D('',#912,#913,#914);
#912 = CARTESIAN_POINT('',(-121.,201.95,10.));
#913 = DIRECTION('',(0.,0.,1.));
#914 = DIRECTION('',(1.,0.,0.));
#915 = DEFINITIONAL_REPRESENTATION('',(#916),#920);
#916 = LINE('',#917,#918);
#917 = CARTESIAN_POINT('',(0.,0.));
#918 = VECTOR('',#919,1.);
#919 = DIRECTION('',(1.,0.));
#920 = ( GEOMETRIC_REPRESENTATION_CONTEXT(2) 
PARAMETRIC_REPRESENTATION_CONTEXT() REPRESENTATION_CONTEXT('2D SPACE',''
  ) );
#921 = ORIENTED_EDGE('',*,*,#922,.F.);
#922 = EDGE_CURVE('',#923,#895,#925,.T.);
#923 = VERTEX_POINT('',#924);
#924 = CARTESIAN_POINT('',(-121.,201.95,0.));
#925 = SURFACE_CURVE('',#926,(#930,#937),.PCURVE_S1.);
#926 = LINE('',#927,#928);
#927 = CARTESIAN_POINT('',(-121.,201.95,0.));
#928 = VECTOR('',#929,1.);
#929 = DIRECTION('',(0.,0.,1.));
#930 = PCURVE('',#228,#931);
#931 = DEFINITIONAL_REPRESENTATION('',(#932),#936);
#932 = LINE('',#933,#934);
#933 = CARTESIAN_POINT('',(0.,172.12));
#934 = VECTOR('',#935,1.);
#935 = DIRECTION('',(1.,0.));
#936 = ( GEOMETRIC_REPRESENTATION_CONTEXT(2) 
PARAMETRIC_REPRESENTATION_CONTEXT() REPRESENTATION_CONTEXT('2D SPACE',''
  ) );
#937 = PCURVE('',#938,#943);
#938 = PLANE('',#939);
#939 = AXIS2_PLACEMENT_3D('',#940,#941,#942);
#940 = CARTESIAN_POINT('',(-121.,201.95,0.));
#941 = DIRECTION('',(1.,0.,0.));
#942 = DIRECTION('',(0.,0.,1.));
#943 = DEFINITIONAL_REPRESENTATION('',(#944),#948);
#944 = LINE('',#945,#946);
#945 = CARTESIAN_POINT('',(0.,0.));
#946 = VECTOR('',#947,1.);
#947 = DIRECTION('',(1.,0.));
#948 = ( GEOMETRIC_REPRESENTATION_CONTEXT(2) 
PARAMETRIC_REPRESENTATION_CONTEXT() REPRESENTATION_CONTEXT('2D SPACE',''
  ) );
#949 = ORIENTED_EDGE('',*,*,#950,.F.);
#950 = EDGE_CURVE('',#951,#923,#953,.T.);
#951 = VERTEX_POINT('',#952);
#952 = CARTESIAN_POINT('',(-229.,201.95,0.));
#953 = SURFACE_CURVE('',#954,(#958,#965),.PCURVE_S1.);
#954 = LINE('',#955,#956);
#955 = CARTESIAN_POINT('',(-293.12,201.95,0.));
#956 = VECTOR('',#957,1.);
#957 = DIRECTION('',(1.,0.,0.));
#958 = PCURVE('',#228,#959);
#959 = DEFINITIONAL_REPRESENTATION('',(#960),#964);
#960 = LINE('',#961,#962);
#961 = CARTESIAN_POINT('',(0.,0.));
#962 = VECTOR('',#963,1.);
#963 = DIRECTION('',(0.,1.));
#964 = ( GEOMETRIC_REPRESENTATION_CONTEXT(2) 
PARAMETRIC_REPRESENTATION_CONTEXT() REPRESENTATION_CONTEXT('2D SPACE',''
  ) );
#965 = PCURVE('',#202,#966);
#966 = DEFINITIONAL_REPRESENTATION('',(#967),#971);
#967 = LINE('',#968,#969);
#968 = CARTESIAN_POINT('',(0.,403.9));
#969 = VECTOR('',#970,1.);
#970 = DIRECTION('',(1.,0.));
#971 = ( GEOMETRIC_REPRESENTATION_CONTEXT(2) 
PARAMETRIC_REPRESENTATION_CONTEXT() REPRESENTATION_CONTEXT('2D SPACE',''
  ) );
#972 = ORIENTED_EDGE('',*,*,#973,.T.);
#973 = EDGE_CURVE('',#951,#974,#976,.T.);
#974 = VERTEX_POINT('',#975);
#975 = CARTESIAN_POINT('',(-229.,201.95,10.));
#976 = SURFACE_CURVE('',#977,(#981,#988),.PCURVE_S1.);
#977 = LINE('',#978,#979);
#978 = CARTESIAN_POINT('',(-229.,201.95,0.));
#979 = VECTOR('',#980,1.);
#980 = DIRECTION('',(0.,0.,1.));
#981 = PCURVE('',#228,#982);
#982 = DEFINITIONAL_REPRESENTATION('',(#983),#987);
#983 = LINE('',#984,#985);
#984 = CARTESIAN_POINT('',(0.,64.12));
#985 = VECTOR('',#986,1.);
#986 = DIRECTION('',(1.,0.));
#987 = ( GEOMETRIC_REPRESENTATION_CONTEXT(2) 
PARAMETRIC_REPRESENTATION_CONTEXT() REPRESENTATION_CONTEXT('2D SPACE',''
  ) );
#988 = PCURVE('',#989,#994);
#989 = PLANE('',#990);
#990 = AXIS2_PLACEMENT_3D('',#991,#992,#993);
#991 = CARTESIAN_POINT('',(-229.,201.95,0.));
#992 = DIRECTION('',(1.,0.,0.));
#993 = DIRECTION('',(0.,0.,1.));
#994 = DEFINITIONAL_REPRESENTATION('',(#995),#999);
#995 = LINE('',#996,#997);
#996 = CARTESIAN_POINT('',(0.,0.));
#997 = VECTOR('',#998,1.);
#998 = DIRECTION('',(1.,0.));
#999 = ( GEOMETRIC_REPRESENTATION_CONTEXT(2) 
PARAMETRIC_REPRESENTATION_CONTEXT() REPRESENTATION_CONTEXT('2D SPACE',''
  ) );
#1000 = ORIENTED_EDGE('',*,*,#1001,.F.);
#1001 = EDGE_CURVE('',#1002,#974,#1004,.T.);
#1002 = VERTEX_POINT('',#1003);
#1003 = CARTESIAN_POINT('',(-251.,201.95,10.));
#1004 = SURFACE_CURVE('',#1005,(#1009,#1016),.PCURVE_S1.);
#1005 = LINE('',#1006,#1007);
#1006 = CARTESIAN_POINT('',(-251.,201.95,10.));
#1007 = VECTOR('',#1008,1.);
#1008 = DIRECTION('',(1.,0.,0.));
#1009 = PCURVE('',#228,#1010);
#1010 = DEFINITIONAL_REPRESENTATION('',(#1011),#1015);
#1011 = LINE('',#1012,#1013);
#1012 = CARTESIAN_POINT('',(10.,42.12));
#1013 = VECTOR('',#1014,1.);
#1014 = DIRECTION('',(0.,1.));
#1015 = ( GEOMETRIC_REPRESENTATION_CONTEXT(2) 
PARAMETRIC_REPRESENTATION_CONTEXT() REPRESENTATION_CONTEXT('2D SPACE',''
  ) );
#1016 = PCURVE('',#1017,#1022);
#1017 = PLANE('',#1018);
#1018 = AXIS2_PLACEMENT_3D('',#1019,#1020,#1021);
#1019 = CARTESIAN_POINT('',(-251.,201.95,10.));
#1020 = DIRECTION('',(0.,0.,1.));
#1021 = DIRECTION('',(1.,0.,0.));
#1022 = DEFINITIONAL_REPRESENTATION('',(#1023),#1027);
#1023 = LINE('',#1024,#1025);
#1024 = CARTESIAN_POINT('',(0.,0.));
#1025 = VECTOR('',#1026,1.);
#1026 = DIRECTION('',(1.,0.));
#1027 = ( GEOMETRIC_REPRESENTATION_CONTEXT(2) 
PARAMETRIC_REPRESENTATION_CONTEXT() REPRESENTATION_CONTEXT('2D SPACE',''
  ) );
#1028 = ORIENTED_EDGE('',*,*,#1029,.F.);
#1029 = EDGE_CURVE('',#1030,#1002,#1032,.T.);
#1030 = VERTEX_POINT('',#1031);
#1031 = CARTESIAN_POINT('',(-251.,201.95,0.));
#1032 = SURFACE_CURVE('',#1033,(#1037,#1044),.PCURVE_S1.);
#1033 = LINE('',#1034,#1035);
#1034 = CARTESIAN_POINT('',(-251.,201.95,0.));
#1035 = VECTOR('',#1036,1.);
#1036 = DIRECTION('',(0.,0.,1.));
#1037 = PCURVE('',#228,#1038);
#1038 = DEFINITIONAL_REPRESENTATION('',(#1039),#1043);
#1039 = LINE('',#1040,#1041);
#1040 = CARTESIAN_POINT('',(0.,42.12));
#1041 = VECTOR('',#1042,1.);
#1042 = DIRECTION('',(1.,0.));
#1043 = ( GEOMETRIC_REPRESENTATION_CONTEXT(2) 
PARAMETRIC_REPRESENTATION_CONTEXT() REPRESENTATION_CONTEXT('2D SPACE',''
  ) );
#1044 = PCURVE('',#1045,#1050);
#1045 = PLANE('',#1046);
#1046 = AXIS2_PLACEMENT_3D('',#1047,#1048,#1049);
#1047 = CARTESIAN_POINT('',(-251.,201.95,0.));
#1048 = DIRECTION('',(1.,0.,0.));
#1049 = DIRECTION('',(0.,0.,1.));
#1050 = DEFINITIONAL_REPRESENTATION('',(#1051),#1055);
#1051 = LINE('',#1052,#1053);
#1052 = CARTESIAN_POINT('',(0.,0.));
#1053 = VECTOR('',#1054,1.);
#1054 = DIRECTION('',(1.,0.));
#1055 = ( GEOMETRIC_REPRESENTATION_CONTEXT(2) 
PARAMETRIC_REPRESENTATION_CONTEXT() REPRESENTATION_CONTEXT('2D SPACE',''
  ) );
#1056 = ORIENTED_EDGE('',*,*,#1057,.F.);
#1057 = EDGE_CURVE('',#187,#1030,#1058,.T.);
#1058 = SURFACE_CURVE('',#1059,(#1063,#1070),.PCURVE_S1.);
#1059 = LINE('',#1060,#1061);
#1060 = CARTESIAN_POINT('',(-293.12,201.95,0.));
#1061 = VECTOR('',#1062,1.);
#1062 = DIRECTION('',(1.,0.,0.));
#1063 = PCURVE('',#228,#1064);
#1064 = DEFINITIONAL_REPRESENTATION('',(#1065),#1069);
#1065 = LINE('',#1066,#1067);
#1066 = CARTESIAN_POINT('',(0.,0.));
#1067 = VECTOR('',#1068,1.);
#1068 = DIRECTION('',(0.,1.));
#1069 = ( GEOMETRIC_REPRESENTATION_CONTEXT(2) 
PARAMETRIC_REPRESENTATION_CONTEXT() REPRESENTATION_CONTEXT('2D SPACE',''
  ) );
#1070 = PCURVE('',#202,#1071);
#1071 = DEFINITIONAL_REPRESENTATION('',(#1072),#1076);
#1072 = LINE('',#1073,#1074);
#1073 = CARTESIAN_POINT('',(0.,403.9));
#1074 = VECTOR('',#1075,1.);
#1075 = DIRECTION('',(1.,0.));
#1076 = ( GEOMETRIC_REPRESENTATION_CONTEXT(2) 
PARAMETRIC_REPRESENTATION_CONTEXT() REPRESENTATION_CONTEXT('2D SPACE',''
  ) );
#1077 = ORIENTED_EDGE('',*,*,#214,.F.);
#1078 = ADVANCED_FACE('',(#1079,#1325,#1356),#202,.F.);
#1079 = FACE_BOUND('',#1080,.F.);
#1080 = EDGE_LOOP('',(#1081,#1102,#1103,#1126,#1154,#1175,#1176,#1199,
    #1227,#1248,#1249,#1250,#1271,#1299));
#1081 = ORIENTED_EDGE('',*,*,#1082,.T.);
#1082 = EDGE_CURVE('',#1083,#818,#1085,.T.);
#1083 = VERTEX_POINT('',#1084);
#1084 = CARTESIAN_POINT('',(0.,198.95,0.));
#1085 = SURFACE_CURVE('',#1086,(#1090,#1096),.PCURVE_S1.);
#1086 = LINE('',#1087,#1088);
#1087 = CARTESIAN_POINT('',(0.,-100.975,0.));
#1088 = VECTOR('',#1089,1.);
#1089 = DIRECTION('',(0.,1.,0.));
#1090 = PCURVE('',#202,#1091);
#1091 = DEFINITIONAL_REPRESENTATION('',(#1092),#1095);
#1092 = B_SPLINE_CURVE_WITH_KNOTS('',1,(#1093,#1094),.UNSPECIFIED.,.F.,
  .F.,(2,2),(100.975,308.925),.PIECEWISE_BEZIER_KNOTS.);
#1093 = CARTESIAN_POINT('',(293.12,201.95));
#1094 = CARTESIAN_POINT('',(293.12,409.9));
#1095 = ( GEOMETRIC_REPRESENTATION_CONTEXT(2) 
PARAMETRIC_REPRESENTATION_CONTEXT() REPRESENTATION_CONTEXT('2D SPACE',''
  ) );
#1096 = PCURVE('',#832,#1097);
#1097 = DEFINITIONAL_REPRESENTATION('',(#1098),#1101);
#1098 = B_SPLINE_CURVE_WITH_KNOTS('',1,(#1099,#1100),.UNSPECIFIED.,.F.,
  .F.,(2,2),(100.975,308.925),.PIECEWISE_BEZIER_KNOTS.);
#1099 = CARTESIAN_POINT('',(20.,0.));
#1100 = CARTESIAN_POINT('',(20.,-207.95));
#1101 = ( GEOMETRIC_REPRESENTATION_CONTEXT(2) 
PARAMETRIC_REPRESENTATION_CONTEXT() REPRESENTATION_CONTEXT('2D SPACE',''
  ) );
#1102 = ORIENTED_EDGE('',*,*,#843,.F.);
#1103 = ORIENTED_EDGE('',*,*,#1104,.T.);
#1104 = EDGE_CURVE('',#844,#1105,#1107,.T.);
#1105 = VERTEX_POINT('',#1106);
#1106 = CARTESIAN_POINT('',(-99.,207.95,0.));
#1107 = SURFACE_CURVE('',#1108,(#1112,#1119),.PCURVE_S1.);
#1108 = LINE('',#1109,#1110);
#1109 = CARTESIAN_POINT('',(-99.,201.95,0.));
#1110 = VECTOR('',#1111,1.);
#1111 = DIRECTION('',(0.,1.,0.));
#1112 = PCURVE('',#202,#1113);
#1113 = DEFINITIONAL_REPRESENTATION('',(#1114),#1118);
#1114 = LINE('',#1115,#1116);
#1115 = CARTESIAN_POINT('',(194.12,403.9));
#1116 = VECTOR('',#1117,1.);
#1117 = DIRECTION('',(0.,1.));
#1118 = ( GEOMETRIC_REPRESENTATION_CONTEXT(2) 
PARAMETRIC_REPRESENTATION_CONTEXT() REPRESENTATION_CONTEXT('2D SPACE',''
  ) );
#1119 = PCURVE('',#882,#1120);
#1120 = DEFINITIONAL_REPRESENTATION('',(#1121),#1125);
#1121 = LINE('',#1122,#1123);
#1122 = CARTESIAN_POINT('',(0.,0.));
#1123 = VECTOR('',#1124,1.);
#1124 = DIRECTION('',(0.,-1.));
#1125 = ( GEOMETRIC_REPRESENTATION_CONTEXT(2) 
PARAMETRIC_REPRESENTATION_CONTEXT() REPRESENTATION_CONTEXT('2D SPACE',''
  ) );
#1126 = ORIENTED_EDGE('',*,*,#1127,.F.);
#1127 = EDGE_CURVE('',#1128,#1105,#1130,.T.);
#1128 = VERTEX_POINT('',#1129);
#1129 = CARTESIAN_POINT('',(-121.,207.95,0.));
#1130 = SURFACE_CURVE('',#1131,(#1135,#1142),.PCURVE_S1.);
#1131 = LINE('',#1132,#1133);
#1132 = CARTESIAN_POINT('',(-121.,207.95,0.));
#1133 = VECTOR('',#1134,1.);
#1134 = DIRECTION('',(1.,0.,0.));
#1135 = PCURVE('',#202,#1136);
#1136 = DEFINITIONAL_REPRESENTATION('',(#1137),#1141);
#1137 = LINE('',#1138,#1139);
#1138 = CARTESIAN_POINT('',(172.12,409.9));
#1139 = VECTOR('',#1140,1.);
#1140 = DIRECTION('',(1.,0.));
#1141 = ( GEOMETRIC_REPRESENTATION_CONTEXT(2) 
PARAMETRIC_REPRESENTATION_CONTEXT() REPRESENTATION_CONTEXT('2D SPACE',''
  ) );
#1142 = PCURVE('',#1143,#1148);
#1143 = PLANE('',#1144);
#1144 = AXIS2_PLACEMENT_3D('',#1145,#1146,#1147);
#1145 = CARTESIAN_POINT('',(-121.,207.95,0.));
#1146 = DIRECTION('',(0.,1.,0.));
#1147 = DIRECTION('',(0.,0.,1.));
#1148 = DEFINITIONAL_REPRESENTATION('',(#1149),#1153);
#1149 = LINE('',#1150,#1151);
#1150 = CARTESIAN_POINT('',(0.,0.));
#1151 = VECTOR('',#1152,1.);
#1152 = DIRECTION('',(0.,1.));
#1153 = ( GEOMETRIC_REPRESENTATION_CONTEXT(2) 
PARAMETRIC_REPRESENTATION_CONTEXT() REPRESENTATION_CONTEXT('2D SPACE',''
  ) );
#1154 = ORIENTED_EDGE('',*,*,#1155,.F.);
#1155 = EDGE_CURVE('',#923,#1128,#1156,.T.);
#1156 = SURFACE_CURVE('',#1157,(#1161,#1168),.PCURVE_S1.);
#1157 = LINE('',#1158,#1159);
#1158 = CARTESIAN_POINT('',(-121.,201.95,0.));
#1159 = VECTOR('',#1160,1.);
#1160 = DIRECTION('',(0.,1.,0.));
#1161 = PCURVE('',#202,#1162);
#1162 = DEFINITIONAL_REPRESENTATION('',(#1163),#1167);
#1163 = LINE('',#1164,#1165);
#1164 = CARTESIAN_POINT('',(172.12,403.9));
#1165 = VECTOR('',#1166,1.);
#1166 = DIRECTION('',(0.,1.));
#1167 = ( GEOMETRIC_REPRESENTATION_CONTEXT(2) 
PARAMETRIC_REPRESENTATION_CONTEXT() REPRESENTATION_CONTEXT('2D SPACE',''
  ) );
#1168 = PCURVE('',#938,#1169);
#1169 = DEFINITIONAL_REPRESENTATION('',(#1170),#1174);
#1170 = LINE('',#1171,#1172);
#1171 = CARTESIAN_POINT('',(0.,0.));
#1172 = VECTOR('',#1173,1.);
#1173 = DIRECTION('',(0.,-1.));
#1174 = ( GEOMETRIC_REPRESENTATION_CONTEXT(2) 
PARAMETRIC_REPRESENTATION_CONTEXT() REPRESENTATION_CONTEXT('2D SPACE',''
  ) );
#1175 = ORIENTED_EDGE('',*,*,#950,.F.);
#1176 = ORIENTED_EDGE('',*,*,#1177,.T.);
#1177 = EDGE_CURVE('',#951,#1178,#1180,.T.);
#1178 = VERTEX_POINT('',#1179);
#1179 = CARTESIAN_POINT('',(-229.,207.95,0.));
#1180 = SURFACE_CURVE('',#1181,(#1185,#1192),.PCURVE_S1.);
#1181 = LINE('',#1182,#1183);
#1182 = CARTESIAN_POINT('',(-229.,201.95,0.));
#1183 = VECTOR('',#1184,1.);
#1184 = DIRECTION('',(0.,1.,0.));
#1185 = PCURVE('',#202,#1186);
#1186 = DEFINITIONAL_REPRESENTATION('',(#1187),#1191);
#1187 = LINE('',#1188,#1189);
#1188 = CARTESIAN_POINT('',(64.12,403.9));
#1189 = VECTOR('',#1190,1.);
#1190 = DIRECTION('',(0.,1.));
#1191 = ( GEOMETRIC_REPRESENTATION_CONTEXT(2) 
PARAMETRIC_REPRESENTATION_CONTEXT() REPRESENTATION_CONTEXT('2D SPACE',''
  ) );
#1192 = PCURVE('',#989,#1193);
#1193 = DEFINITIONAL_REPRESENTATION('',(#1194),#1198);
#1194 = LINE('',#1195,#1196);
#1195 = CARTESIAN_POINT('',(0.,0.));
#1196 = VECTOR('',#1197,1.);
#1197 = DIRECTION('',(0.,-1.));
#1198 = ( GEOMETRIC_REPRESENTATION_CONTEXT(2) 
PARAMETRIC_REPRESENTATION_CONTEXT() REPRESENTATION_CONTEXT('2D SPACE',''
  ) );
#1199 = ORIENTED_EDGE('',*,*,#1200,.F.);
#1200 = EDGE_CURVE('',#1201,#1178,#1203,.T.);
#1201 = VERTEX_POINT('',#1202);
#1202 = CARTESIAN_POINT('',(-251.,207.95,0.));
#1203 = SURFACE_CURVE('',#1204,(#1208,#1215),.PCURVE_S1.);
#1204 = LINE('',#1205,#1206);
#1205 = CARTESIAN_POINT('',(-251.,207.95,0.));
#1206 = VECTOR('',#1207,1.);
#1207 = DIRECTION('',(1.,0.,0.));
#1208 = PCURVE('',#202,#1209);
#1209 = DEFINITIONAL_REPRESENTATION('',(#1210),#1214);
#1210 = LINE('',#1211,#1212);
#1211 = CARTESIAN_POINT('',(42.12,409.9));
#1212 = VECTOR('',#1213,1.);
#1213 = DIRECTION('',(1.,0.));
#1214 = ( GEOMETRIC_REPRESENTATION_CONTEXT(2) 
PARAMETRIC_REPRESENTATION_CONTEXT() REPRESENTATION_CONTEXT('2D SPACE',''
  ) );
#1215 = PCURVE('',#1216,#1221);
#1216 = PLANE('',#1217);
#1217 = AXIS2_PLACEMENT_3D('',#1218,#1219,#1220);
#1218 = CARTESIAN_POINT('',(-251.,207.95,0.));
#1219 = DIRECTION('',(0.,1.,0.));
#1220 = DIRECTION('',(0.,0.,1.));
#1221 = DEFINITIONAL_REPRESENTATION('',(#1222),#1226);
#1222 = LINE('',#1223,#1224);
#1223 = CARTESIAN_POINT('',(0.,0.));
#1224 = VECTOR('',#1225,1.);
#1225 = DIRECTION('',(0.,1.));
#1226 = ( GEOMETRIC_REPRESENTATION_CONTEXT(2) 
PARAMETRIC_REPRESENTATION_CONTEXT() REPRESENTATION_CONTEXT('2D SPACE',''
  ) );
#1227 = ORIENTED_EDGE('',*,*,#1228,.F.);
#1228 = EDGE_CURVE('',#1030,#1201,#1229,.T.);
#1229 = SURFACE_CURVE('',#1230,(#1234,#1241),.PCURVE_S1.);
#1230 = LINE('',#1231,#1232);
#1231 = CARTESIAN_POINT('',(-251.,201.95,0.));
#1232 = VECTOR('',#1233,1.);
#1233 = DIRECTION('',(0.,1.,0.));
#1234 = PCURVE('',#202,#1235);
#1235 = DEFINITIONAL_REPRESENTATION('',(#1236),#1240);
#1236 = LINE('',#1237,#1238);
#1237 = CARTESIAN_POINT('',(42.12,403.9));
#1238 = VECTOR('',#1239,1.);
#1239 = DIRECTION('',(0.,1.));
#1240 = ( GEOMETRIC_REPRESENTATION_CONTEXT(2) 
PARAMETRIC_REPRESENTATION_CONTEXT() REPRESENTATION_CONTEXT('2D SPACE',''
  ) );
#1241 = PCURVE('',#1045,#1242);
#1242 = DEFINITIONAL_REPRESENTATION('',(#1243),#1247);
#1243 = LINE('',#1244,#1245);
#1244 = CARTESIAN_POINT('',(0.,0.));
#1245 = VECTOR('',#1246,1.);
#1246 = DIRECTION('',(0.,-1.));
#1247 = ( GEOMETRIC_REPRESENTATION_CONTEXT(2) 
PARAMETRIC_REPRESENTATION_CONTEXT() REPRESENTATION_CONTEXT('2D SPACE',''
  ) );
#1248 = ORIENTED_EDGE('',*,*,#1057,.F.);
#1249 = ORIENTED_EDGE('',*,*,#186,.T.);
#1250 = ORIENTED_EDGE('',*,*,#1251,.F.);
#1251 = EDGE_CURVE('',#1252,#161,#1254,.T.);
#1252 = VERTEX_POINT('',#1253);
#1253 = CARTESIAN_POINT('',(-290.12,0.,0.));
#1254 = SURFACE_CURVE('',#1255,(#1259,#1265),.PCURVE_S1.);
#1255 = LINE('',#1256,#1257);
#1256 = CARTESIAN_POINT('',(-298.12,0.,0.));
#1257 = VECTOR('',#1258,1.);
#1258 = DIRECTION('',(-1.,0.,0.));
#1259 = PCURVE('',#202,#1260);
#1260 = DEFINITIONAL_REPRESENTATION('',(#1261),#1264);
#1261 = B_SPLINE_CURVE_WITH_KNOTS('',1,(#1262,#1263),.UNSPECIFIED.,.F.,
  .F.,(2,2),(-298.12,-5.),.PIECEWISE_BEZIER_KNOTS.);
#1262 = CARTESIAN_POINT('',(293.12,201.95));
#1263 = CARTESIAN_POINT('',(0.,201.95));
#1264 = ( GEOMETRIC_REPRESENTATION_CONTEXT(2) 
PARAMETRIC_REPRESENTATION_CONTEXT() REPRESENTATION_CONTEXT('2D SPACE',''
  ) );
#1265 = PCURVE('',#175,#1266);
#1266 = DEFINITIONAL_REPRESENTATION('',(#1267),#1270);
#1267 = B_SPLINE_CURVE_WITH_KNOTS('',1,(#1268,#1269),.UNSPECIFIED.,.F.,
  .F.,(2,2),(-298.12,-5.),.PIECEWISE_BEZIER_KNOTS.);
#1268 = CARTESIAN_POINT('',(20.,303.12));
#1269 = CARTESIAN_POINT('',(20.,10.));
#1270 = ( GEOMETRIC_REPRESENTATION_CONTEXT(2) 
PARAMETRIC_REPRESENTATION_CONTEXT() REPRESENTATION_CONTEXT('2D SPACE',''
  ) );
#1271 = ORIENTED_EDGE('',*,*,#1272,.T.);
#1272 = EDGE_CURVE('',#1252,#1273,#1275,.T.);
#1273 = VERTEX_POINT('',#1274);
#1274 = CARTESIAN_POINT('',(-290.12,198.95,0.));
#1275 = SURFACE_CURVE('',#1276,(#1280,#1287),.PCURVE_S1.);
#1276 = LINE('',#1277,#1278);
#1277 = CARTESIAN_POINT('',(-290.12,-201.95,0.));
#1278 = VECTOR('',#1279,1.);
#1279 = DIRECTION('',(0.,1.,0.));
#1280 = PCURVE('',#202,#1281);
#1281 = DEFINITIONAL_REPRESENTATION('',(#1282),#1286);
#1282 = LINE('',#1283,#1284);
#1283 = CARTESIAN_POINT('',(3.,0.));
#1284 = VECTOR('',#1285,1.);
#1285 = DIRECTION('',(0.,1.));
#1286 = ( GEOMETRIC_REPRESENTATION_CONTEXT(2) 
PARAMETRIC_REPRESENTATION_CONTEXT() REPRESENTATION_CONTEXT('2D SPACE',''
  ) );
#1287 = PCURVE('',#1288,#1293);
#1288 = PLANE('',#1289);
#1289 = AXIS2_PLACEMENT_3D('',#1290,#1291,#1292);
#1290 = CARTESIAN_POINT('',(-290.12,-201.95,0.));
#1291 = DIRECTION('',(1.,0.,0.));
#1292 = DIRECTION('',(0.,0.,1.));
#1293 = DEFINITIONAL_REPRESENTATION('',(#1294),#1298);
#1294 = LINE('',#1295,#1296);
#1295 = CARTESIAN_POINT('',(0.,0.));
#1296 = VECTOR('',#1297,1.);
#1297 = DIRECTION('',(0.,-1.));
#1298 = ( GEOMETRIC_REPRESENTATION_CONTEXT(2) 
PARAMETRIC_REPRESENTATION_CONTEXT() REPRESENTATION_CONTEXT('2D SPACE',''
  ) );
#1299 = ORIENTED_EDGE('',*,*,#1300,.T.);
#1300 = EDGE_CURVE('',#1273,#1083,#1301,.T.);
#1301 = SURFACE_CURVE('',#1302,(#1306,#1313),.PCURVE_S1.);
#1302 = LINE('',#1303,#1304);
#1303 = CARTESIAN_POINT('',(-293.12,198.95,0.));
#1304 = VECTOR('',#1305,1.);
#1305 = DIRECTION('',(1.,0.,0.));
#1306 = PCURVE('',#202,#1307);
#1307 = DEFINITIONAL_REPRESENTATION('',(#1308),#1312);
#1308 = LINE('',#1309,#1310);
#1309 = CARTESIAN_POINT('',(0.,400.9));
#1310 = VECTOR('',#1311,1.);
#1311 = DIRECTION('',(1.,0.));
#1312 = ( GEOMETRIC_REPRESENTATION_CONTEXT(2) 
PARAMETRIC_REPRESENTATION_CONTEXT() REPRESENTATION_CONTEXT('2D SPACE',''
  ) );
#1313 = PCURVE('',#1314,#1319);
#1314 = PLANE('',#1315);
#1315 = AXIS2_PLACEMENT_3D('',#1316,#1317,#1318);
#1316 = CARTESIAN_POINT('',(-293.12,198.95,0.));
#1317 = DIRECTION('',(0.,1.,0.));
#1318 = DIRECTION('',(0.,0.,1.));
#1319 = DEFINITIONAL_REPRESENTATION('',(#1320),#1324);
#1320 = LINE('',#1321,#1322);
#1321 = CARTESIAN_POINT('',(0.,0.));
#1322 = VECTOR('',#1323,1.);
#1323 = DIRECTION('',(0.,1.));
#1324 = ( GEOMETRIC_REPRESENTATION_CONTEXT(2) 
PARAMETRIC_REPRESENTATION_CONTEXT() REPRESENTATION_CONTEXT('2D SPACE',''
  ) );
#1325 = FACE_BOUND('',#1326,.F.);
#1326 = EDGE_LOOP('',(#1327));
#1327 = ORIENTED_EDGE('',*,*,#1328,.F.);
#1328 = EDGE_CURVE('',#1329,#1329,#1331,.T.);
#1329 = VERTEX_POINT('',#1330);
#1330 = CARTESIAN_POINT('',(-237.7,204.95,0.));
#1331 = SURFACE_CURVE('',#1332,(#1337,#1344),.PCURVE_S1.);
#1332 = CIRCLE('',#1333,2.3);
#1333 = AXIS2_PLACEMENT_3D('',#1334,#1335,#1336);
#1334 = CARTESIAN_POINT('',(-240.,204.95,0.));
#1335 = DIRECTION('',(0.,0.,1.));
#1336 = DIRECTION('',(1.,0.,0.));
#1337 = PCURVE('',#202,#1338);
#1338 = DEFINITIONAL_REPRESENTATION('',(#1339),#1343);
#1339 = CIRCLE('',#1340,2.3);
#1340 = AXIS2_PLACEMENT_2D('',#1341,#1342);
#1341 = CARTESIAN_POINT('',(53.12,406.9));
#1342 = DIRECTION('',(1.,0.));
#1343 = ( GEOMETRIC_REPRESENTATION_CONTEXT(2) 
PARAMETRIC_REPRESENTATION_CONTEXT() REPRESENTATION_CONTEXT('2D SPACE',''
  ) );
#1344 = PCURVE('',#1345,#1350);
#1345 = CYLINDRICAL_SURFACE('',#1346,2.3);
#1346 = AXIS2_PLACEMENT_3D('',#1347,#1348,#1349);
#1347 = CARTESIAN_POINT('',(-240.,204.95,0.));
#1348 = DIRECTION('',(-0.,-0.,-1.));
#1349 = DIRECTION('',(1.,0.,0.));
#1350 = DEFINITIONAL_REPRESENTATION('',(#1351),#1355);
#1351 = LINE('',#1352,#1353);
#1352 = CARTESIAN_POINT('',(-0.,0.));
#1353 = VECTOR('',#1354,1.);
#1354 = DIRECTION('',(-1.,0.));
#1355 = ( GEOMETRIC_REPRESENTATION_CONTEXT(2) 
PARAMETRIC_REPRESENTATION_CONTEXT() REPRESENTATION_CONTEXT('2D SPACE',''
  ) );
#1356 = FACE_BOUND('',#1357,.F.);
#1357 = EDGE_LOOP('',(#1358));
#1358 = ORIENTED_EDGE('',*,*,#1359,.F.);
#1359 = EDGE_CURVE('',#1360,#1360,#1362,.T.);
#1360 = VERTEX_POINT('',#1361);
#1361 = CARTESIAN_POINT('',(-107.7,204.95,0.));
#1362 = SURFACE_CURVE('',#1363,(#1368,#1375),.PCURVE_S1.);
#1363 = CIRCLE('',#1364,2.3);
#1364 = AXIS2_PLACEMENT_3D('',#1365,#1366,#1367);
#1365 = CARTESIAN_POINT('',(-110.,204.95,0.));
#1366 = DIRECTION('',(0.,0.,1.));
#1367 = DIRECTION('',(1.,0.,0.));
#1368 = PCURVE('',#202,#1369);
#1369 = DEFINITIONAL_REPRESENTATION('',(#1370),#1374);
#1370 = CIRCLE('',#1371,2.3);
#1371 = AXIS2_PLACEMENT_2D('',#1372,#1373);
#1372 = CARTESIAN_POINT('',(183.12,406.9));
#1373 = DIRECTION('',(1.,0.));
#1374 = ( GEOMETRIC_REPRESENTATION_CONTEXT(2) 
PARAMETRIC_REPRESENTATION_CONTEXT() REPRESENTATION_CONTEXT('2D SPACE',''
  ) );
#1375 = PCURVE('',#1376,#1381);
#1376 = CYLINDRICAL_SURFACE('',#1377,2.3);
#1377 = AXIS2_PLACEMENT_3D('',#1378,#1379,#1380);
#1378 = CARTESIAN_POINT('',(-110.,204.95,0.));
#1379 = DIRECTION('',(-0.,-0.,-1.));
#1380 = DIRECTION('',(1.,0.,0.));
#1381 = DEFINITIONAL_REPRESENTATION('',(#1382),#1386);
#1382 = LINE('',#1383,#1384);
#1383 = CARTESIAN_POINT('',(-0.,0.));
#1384 = VECTOR('',#1385,1.);
#1385 = DIRECTION('',(-1.,0.));
#1386 = ( GEOMETRIC_REPRESENTATION_CONTEXT(2) 
PARAMETRIC_REPRESENTATION_CONTEXT() REPRESENTATION_CONTEXT('2D SPACE',''
  ) );
#1387 = ADVANCED_FACE('',(#1388),#175,.F.);
#1388 = FACE_BOUND('',#1389,.F.);
#1389 = EDGE_LOOP('',(#1390,#1391,#1392,#1413));
#1390 = ORIENTED_EDGE('',*,*,#1251,.T.);
#1391 = ORIENTED_EDGE('',*,*,#160,.T.);
#1392 = ORIENTED_EDGE('',*,*,#1393,.F.);
#1393 = EDGE_CURVE('',#1394,#135,#1396,.T.);
#1394 = VERTEX_POINT('',#1395);
#1395 = CARTESIAN_POINT('',(-290.12,0.,12.));
#1396 = SURFACE_CURVE('',#1397,(#1401,#1407),.PCURVE_S1.);
#1397 = LINE('',#1398,#1399);
#1398 = CARTESIAN_POINT('',(-301.12,0.,12.));
#1399 = VECTOR('',#1400,1.);
#1400 = DIRECTION('',(-1.,0.,0.));
#1401 = PCURVE('',#175,#1402);
#1402 = DEFINITIONAL_REPRESENTATION('',(#1403),#1406);
#1403 = B_SPLINE_CURVE_WITH_KNOTS('',1,(#1404,#1405),.UNSPECIFIED.,.F.,
  .F.,(2,2),(-11.,-8.),.PIECEWISE_BEZIER_KNOTS.);
#1404 = CARTESIAN_POINT('',(32.,13.));
#1405 = CARTESIAN_POINT('',(32.,10.));
#1406 = ( GEOMETRIC_REPRESENTATION_CONTEXT(2) 
PARAMETRIC_REPRESENTATION_CONTEXT() REPRESENTATION_CONTEXT('2D SPACE',''
  ) );
#1407 = PCURVE('',#149,#1408);
#1408 = DEFINITIONAL_REPRESENTATION('',(#1409),#1412);
#1409 = B_SPLINE_CURVE_WITH_KNOTS('',1,(#1410,#1411),.UNSPECIFIED.,.F.,
  .F.,(2,2),(-11.,-8.),.PIECEWISE_BEZIER_KNOTS.);
#1410 = CARTESIAN_POINT('',(9.,150.));
#1411 = CARTESIAN_POINT('',(6.,150.));
#1412 = ( GEOMETRIC_REPRESENTATION_CONTEXT(2) 
PARAMETRIC_REPRESENTATION_CONTEXT() REPRESENTATION_CONTEXT('2D SPACE',''
  ) );
#1413 = ORIENTED_EDGE('',*,*,#1414,.F.);
#1414 = EDGE_CURVE('',#1252,#1394,#1415,.T.);
#1415 = SURFACE_CURVE('',#1416,(#1420,#1426),.PCURVE_S1.);
#1416 = LINE('',#1417,#1418);
#1417 = CARTESIAN_POINT('',(-290.12,0.,-10.));
#1418 = VECTOR('',#1419,1.);
#1419 = DIRECTION('',(0.,0.,1.));
#1420 = PCURVE('',#175,#1421);
#1421 = DEFINITIONAL_REPRESENTATION('',(#1422),#1425);
#1422 = B_SPLINE_CURVE_WITH_KNOTS('',1,(#1423,#1424),.UNSPECIFIED.,.F.,
  .F.,(2,2),(10.,77.5),.PIECEWISE_BEZIER_KNOTS.);
#1423 = CARTESIAN_POINT('',(20.,13.));
#1424 = CARTESIAN_POINT('',(87.5,13.));
#1425 = ( GEOMETRIC_REPRESENTATION_CONTEXT(2) 
PARAMETRIC_REPRESENTATION_CONTEXT() REPRESENTATION_CONTEXT('2D SPACE',''
  ) );
#1426 = PCURVE('',#1288,#1427);
#1427 = DEFINITIONAL_REPRESENTATION('',(#1428),#1431);
#1428 = B_SPLINE_CURVE_WITH_KNOTS('',1,(#1429,#1430),.UNSPECIFIED.,.F.,
  .F.,(2,2),(10.,77.5),.PIECEWISE_BEZIER_KNOTS.);
#1429 = CARTESIAN_POINT('',(0.,-201.95));
#1430 = CARTESIAN_POINT('',(67.5,-201.95));
#1431 = ( GEOMETRIC_REPRESENTATION_CONTEXT(2) 
PARAMETRIC_REPRESENTATION_CONTEXT() REPRESENTATION_CONTEXT('2D SPACE',''
  ) );
#1432 = ADVANCED_FACE('',(#1433),#149,.T.);
#1433 = FACE_BOUND('',#1434,.T.);
#1434 = EDGE_LOOP('',(#1435,#1458,#1459,#1460));
#1435 = ORIENTED_EDGE('',*,*,#1436,.F.);
#1436 = EDGE_CURVE('',#109,#1437,#1439,.T.);
#1437 = VERTEX_POINT('',#1438);
#1438 = CARTESIAN_POINT('',(-290.12,150.,12.));
#1439 = SURFACE_CURVE('',#1440,(#1444,#1451),.PCURVE_S1.);
#1440 = LINE('',#1441,#1442);
#1441 = CARTESIAN_POINT('',(-299.12,150.,12.));
#1442 = VECTOR('',#1443,1.);
#1443 = DIRECTION('',(1.,0.,0.));
#1444 = PCURVE('',#149,#1445);
#1445 = DEFINITIONAL_REPRESENTATION('',(#1446),#1450);
#1446 = LINE('',#1447,#1448);
#1447 = CARTESIAN_POINT('',(0.,300.));
#1448 = VECTOR('',#1449,1.);
#1449 = DIRECTION('',(1.,0.));
#1450 = ( GEOMETRIC_REPRESENTATION_CONTEXT(2) 
PARAMETRIC_REPRESENTATION_CONTEXT() REPRESENTATION_CONTEXT('2D SPACE',''
  ) );
#1451 = PCURVE('',#123,#1452);
#1452 = DEFINITIONAL_REPRESENTATION('',(#1453),#1457);
#1453 = LINE('',#1454,#1455);
#1454 = CARTESIAN_POINT('',(0.,0.));
#1455 = VECTOR('',#1456,1.);
#1456 = DIRECTION('',(0.,1.));
#1457 = ( GEOMETRIC_REPRESENTATION_CONTEXT(2) 
PARAMETRIC_REPRESENTATION_CONTEXT() REPRESENTATION_CONTEXT('2D SPACE',''
  ) );
#1458 = ORIENTED_EDGE('',*,*,#134,.T.);
#1459 = ORIENTED_EDGE('',*,*,#1393,.F.);
#1460 = ORIENTED_EDGE('',*,*,#1461,.F.);
#1461 = EDGE_CURVE('',#1437,#1394,#1462,.T.);
#1462 = SURFACE_CURVE('',#1463,(#1467,#1473),.PCURVE_S1.);
#1463 = LINE('',#1464,#1465);
#1464 = CARTESIAN_POINT('',(-290.12,-175.975,12.));
#1465 = VECTOR('',#1466,1.);
#1466 = DIRECTION('',(0.,-1.,0.));
#1467 = PCURVE('',#149,#1468);
#1468 = DEFINITIONAL_REPRESENTATION('',(#1469),#1472);
#1469 = B_SPLINE_CURVE_WITH_KNOTS('',1,(#1470,#1471),.UNSPECIFIED.,.F.,
  .F.,(2,2),(-325.975,-25.975),.PIECEWISE_BEZIER_KNOTS.);
#1470 = CARTESIAN_POINT('',(9.,300.));
#1471 = CARTESIAN_POINT('',(9.,0.));
#1472 = ( GEOMETRIC_REPRESENTATION_CONTEXT(2) 
PARAMETRIC_REPRESENTATION_CONTEXT() REPRESENTATION_CONTEXT('2D SPACE',''
  ) );
#1473 = PCURVE('',#1288,#1474);
#1474 = DEFINITIONAL_REPRESENTATION('',(#1475),#1478);
#1475 = B_SPLINE_CURVE_WITH_KNOTS('',1,(#1476,#1477),.UNSPECIFIED.,.F.,
  .F.,(2,2),(-325.975,-25.975),.PIECEWISE_BEZIER_KNOTS.);
#1476 = CARTESIAN_POINT('',(12.,-351.95));
#1477 = CARTESIAN_POINT('',(12.,-51.95));
#1478 = ( GEOMETRIC_REPRESENTATION_CONTEXT(2) 
PARAMETRIC_REPRESENTATION_CONTEXT() REPRESENTATION_CONTEXT('2D SPACE',''
  ) );
#1479 = ADVANCED_FACE('',(#1480),#123,.F.);
#1480 = FACE_BOUND('',#1481,.F.);
#1481 = EDGE_LOOP('',(#1482,#1483,#1484,#1507));
#1482 = ORIENTED_EDGE('',*,*,#1436,.F.);
#1483 = ORIENTED_EDGE('',*,*,#108,.T.);
#1484 = ORIENTED_EDGE('',*,*,#1485,.T.);
#1485 = EDGE_CURVE('',#83,#1486,#1488,.T.);
#1486 = VERTEX_POINT('',#1487);
#1487 = CARTESIAN_POINT('',(-290.12,150.,64.3));
#1488 = SURFACE_CURVE('',#1489,(#1493,#1500),.PCURVE_S1.);
#1489 = LINE('',#1490,#1491);
#1490 = CARTESIAN_POINT('',(-299.12,150.,64.3));
#1491 = VECTOR('',#1492,1.);
#1492 = DIRECTION('',(1.,0.,0.));
#1493 = PCURVE('',#123,#1494);
#1494 = DEFINITIONAL_REPRESENTATION('',(#1495),#1499);
#1495 = LINE('',#1496,#1497);
#1496 = CARTESIAN_POINT('',(52.3,0.));
#1497 = VECTOR('',#1498,1.);
#1498 = DIRECTION('',(0.,1.));
#1499 = ( GEOMETRIC_REPRESENTATION_CONTEXT(2) 
PARAMETRIC_REPRESENTATION_CONTEXT() REPRESENTATION_CONTEXT('2D SPACE',''
  ) );
#1500 = PCURVE('',#97,#1501);
#1501 = DEFINITIONAL_REPRESENTATION('',(#1502),#1506);
#1502 = LINE('',#1503,#1504);
#1503 = CARTESIAN_POINT('',(0.,300.));
#1504 = VECTOR('',#1505,1.);
#1505 = DIRECTION('',(1.,0.));
#1506 = ( GEOMETRIC_REPRESENTATION_CONTEXT(2) 
PARAMETRIC_REPRESENTATION_CONTEXT() REPRESENTATION_CONTEXT('2D SPACE',''
  ) );
#1507 = ORIENTED_EDGE('',*,*,#1508,.F.);
#1508 = EDGE_CURVE('',#1437,#1486,#1509,.T.);
#1509 = SURFACE_CURVE('',#1510,(#1514,#1520),.PCURVE_S1.);
#1510 = LINE('',#1511,#1512);
#1511 = CARTESIAN_POINT('',(-290.12,150.,6.));
#1512 = VECTOR('',#1513,1.);
#1513 = DIRECTION('',(0.,0.,1.));
#1514 = PCURVE('',#123,#1515);
#1515 = DEFINITIONAL_REPRESENTATION('',(#1516),#1519);
#1516 = B_SPLINE_CURVE_WITH_KNOTS('',1,(#1517,#1518),.UNSPECIFIED.,.F.,
  .F.,(2,2),(6.,58.3),.PIECEWISE_BEZIER_KNOTS.);
#1517 = CARTESIAN_POINT('',(0.,9.));
#1518 = CARTESIAN_POINT('',(52.3,9.));
#1519 = ( GEOMETRIC_REPRESENTATION_CONTEXT(2) 
PARAMETRIC_REPRESENTATION_CONTEXT() REPRESENTATION_CONTEXT('2D SPACE',''
  ) );
#1520 = PCURVE('',#1288,#1521);
#1521 = DEFINITIONAL_REPRESENTATION('',(#1522),#1525);
#1522 = B_SPLINE_CURVE_WITH_KNOTS('',1,(#1523,#1524),.UNSPECIFIED.,.F.,
  .F.,(2,2),(6.,58.3),.PIECEWISE_BEZIER_KNOTS.);
#1523 = CARTESIAN_POINT('',(12.,-351.95));
#1524 = CARTESIAN_POINT('',(64.3,-351.95));
#1525 = ( GEOMETRIC_REPRESENTATION_CONTEXT(2) 
PARAMETRIC_REPRESENTATION_CONTEXT() REPRESENTATION_CONTEXT('2D SPACE',''
  ) );
#1526 = ADVANCED_FACE('',(#1527),#97,.F.);
#1527 = FACE_BOUND('',#1528,.F.);
#1528 = EDGE_LOOP('',(#1529,#1530,#1531,#1552));
#1529 = ORIENTED_EDGE('',*,*,#1485,.F.);
#1530 = ORIENTED_EDGE('',*,*,#82,.T.);
#1531 = ORIENTED_EDGE('',*,*,#1532,.F.);
#1532 = EDGE_CURVE('',#1533,#57,#1535,.T.);
#1533 = VERTEX_POINT('',#1534);
#1534 = CARTESIAN_POINT('',(-290.12,0.,64.3));
#1535 = SURFACE_CURVE('',#1536,(#1540,#1546),.PCURVE_S1.);
#1536 = LINE('',#1537,#1538);
#1537 = CARTESIAN_POINT('',(-301.12,0.,64.3));
#1538 = VECTOR('',#1539,1.);
#1539 = DIRECTION('',(-1.,0.,0.));
#1540 = PCURVE('',#97,#1541);
#1541 = DEFINITIONAL_REPRESENTATION('',(#1542),#1545);
#1542 = B_SPLINE_CURVE_WITH_KNOTS('',1,(#1543,#1544),.UNSPECIFIED.,.F.,
  .F.,(2,2),(-11.,-8.),.PIECEWISE_BEZIER_KNOTS.);
#1543 = CARTESIAN_POINT('',(9.,150.));
#1544 = CARTESIAN_POINT('',(6.,150.));
#1545 = ( GEOMETRIC_REPRESENTATION_CONTEXT(2) 
PARAMETRIC_REPRESENTATION_CONTEXT() REPRESENTATION_CONTEXT('2D SPACE',''
  ) );
#1546 = PCURVE('',#71,#1547);
#1547 = DEFINITIONAL_REPRESENTATION('',(#1548),#1551);
#1548 = B_SPLINE_CURVE_WITH_KNOTS('',1,(#1549,#1550),.UNSPECIFIED.,.F.,
  .F.,(2,2),(-11.,-8.),.PIECEWISE_BEZIER_KNOTS.);
#1549 = CARTESIAN_POINT('',(84.3,13.));
#1550 = CARTESIAN_POINT('',(84.3,10.));
#1551 = ( GEOMETRIC_REPRESENTATION_CONTEXT(2) 
PARAMETRIC_REPRESENTATION_CONTEXT() REPRESENTATION_CONTEXT('2D SPACE',''
  ) );
#1552 = ORIENTED_EDGE('',*,*,#1553,.F.);
#1553 = EDGE_CURVE('',#1486,#1533,#1554,.T.);
#1554 = SURFACE_CURVE('',#1555,(#1559,#1565),.PCURVE_S1.);
#1555 = LINE('',#1556,#1557);
#1556 = CARTESIAN_POINT('',(-290.12,-175.975,64.3));
#1557 = VECTOR('',#1558,1.);
#1558 = DIRECTION('',(0.,-1.,0.));
#1559 = PCURVE('',#97,#1560);
#1560 = DEFINITIONAL_REPRESENTATION('',(#1561),#1564);
#1561 = B_SPLINE_CURVE_WITH_KNOTS('',1,(#1562,#1563),.UNSPECIFIED.,.F.,
  .F.,(2,2),(-325.975,-25.975),.PIECEWISE_BEZIER_KNOTS.);
#1562 = CARTESIAN_POINT('',(9.,300.));
#1563 = CARTESIAN_POINT('',(9.,0.));
#1564 = ( GEOMETRIC_REPRESENTATION_CONTEXT(2) 
PARAMETRIC_REPRESENTATION_CONTEXT() REPRESENTATION_CONTEXT('2D SPACE',''
  ) );
#1565 = PCURVE('',#1288,#1566);
#1566 = DEFINITIONAL_REPRESENTATION('',(#1567),#1570);
#1567 = B_SPLINE_CURVE_WITH_KNOTS('',1,(#1568,#1569),.UNSPECIFIED.,.F.,
  .F.,(2,2),(-325.975,-25.975),.PIECEWISE_BEZIER_KNOTS.);
#1568 = CARTESIAN_POINT('',(64.3,-351.95));
#1569 = CARTESIAN_POINT('',(64.3,-51.95));
#1570 = ( GEOMETRIC_REPRESENTATION_CONTEXT(2) 
PARAMETRIC_REPRESENTATION_CONTEXT() REPRESENTATION_CONTEXT('2D SPACE',''
  ) );
#1571 = ADVANCED_FACE('',(#1572),#71,.F.);
#1572 = FACE_BOUND('',#1573,.F.);
#1573 = EDGE_LOOP('',(#1574,#1575,#1576,#1577,#1598,#1624));
#1574 = ORIENTED_EDGE('',*,*,#1532,.T.);
#1575 = ORIENTED_EDGE('',*,*,#56,.T.);
#1576 = ORIENTED_EDGE('',*,*,#244,.F.);
#1577 = ORIENTED_EDGE('',*,*,#1578,.T.);
#1578 = EDGE_CURVE('',#245,#1579,#1581,.T.);
#1579 = VERTEX_POINT('',#1580);
#1580 = CARTESIAN_POINT('',(-231.7,-2.081899558551E-16,67.5));
#1581 = SURFACE_CURVE('',#1582,(#1586,#1592),.PCURVE_S1.);
#1582 = LINE('',#1583,#1584);
#1583 = CARTESIAN_POINT('',(-231.7,0.,66.5));
#1584 = VECTOR('',#1585,1.);
#1585 = DIRECTION('',(-0.,-0.,-1.));
#1586 = PCURVE('',#71,#1587);
#1587 = DEFINITIONAL_REPRESENTATION('',(#1588),#1591);
#1588 = B_SPLINE_CURVE_WITH_KNOTS('',1,(#1589,#1590),.UNSPECIFIED.,.F.,
  .F.,(2,2),(-3.8000006,-0.9999994),.PIECEWISE_BEZIER_KNOTS.);
#1589 = CARTESIAN_POINT('',(90.3000006,71.42));
#1590 = CARTESIAN_POINT('',(87.4999994,71.42));
#1591 = ( GEOMETRIC_REPRESENTATION_CONTEXT(2) 
PARAMETRIC_REPRESENTATION_CONTEXT() REPRESENTATION_CONTEXT('2D SPACE',''
  ) );
#1592 = PCURVE('',#286,#1593);
#1593 = DEFINITIONAL_REPRESENTATION('',(#1594),#1597);
#1594 = B_SPLINE_CURVE_WITH_KNOTS('',1,(#1595,#1596),.UNSPECIFIED.,.F.,
  .F.,(2,2),(-3.8000006,-0.9999994),.PIECEWISE_BEZIER_KNOTS.);
#1595 = CARTESIAN_POINT('',(-3.14159265359,-3.8000006));
#1596 = CARTESIAN_POINT('',(-3.14159265359,-0.9999994));
#1597 = ( GEOMETRIC_REPRESENTATION_CONTEXT(2) 
PARAMETRIC_REPRESENTATION_CONTEXT() REPRESENTATION_CONTEXT('2D SPACE',''
  ) );
#1598 = ORIENTED_EDGE('',*,*,#1599,.T.);
#1599 = EDGE_CURVE('',#1579,#1600,#1602,.T.);
#1600 = VERTEX_POINT('',#1601);
#1601 = CARTESIAN_POINT('',(-290.12,0.,67.5));
#1602 = SURFACE_CURVE('',#1603,(#1607,#1613),.PCURVE_S1.);
#1603 = LINE('',#1604,#1605);
#1604 = CARTESIAN_POINT('',(-151.56,0.,67.5));
#1605 = VECTOR('',#1606,1.);
#1606 = DIRECTION('',(-1.,0.,0.));
#1607 = PCURVE('',#71,#1608);
#1608 = DEFINITIONAL_REPRESENTATION('',(#1609),#1612);
#1609 = B_SPLINE_CURVE_WITH_KNOTS('',1,(#1610,#1611),.UNSPECIFIED.,.F.,
  .F.,(2,2),(-151.56,138.56),.PIECEWISE_BEZIER_KNOTS.);
#1610 = CARTESIAN_POINT('',(87.5,303.12));
#1611 = CARTESIAN_POINT('',(87.5,13.));
#1612 = ( GEOMETRIC_REPRESENTATION_CONTEXT(2) 
PARAMETRIC_REPRESENTATION_CONTEXT() REPRESENTATION_CONTEXT('2D SPACE',''
  ) );
#1613 = PCURVE('',#1614,#1619);
#1614 = PLANE('',#1615);
#1615 = AXIS2_PLACEMENT_3D('',#1616,#1617,#1618);
#1616 = CARTESIAN_POINT('',(0.,-7.348412966028E-15,67.5));
#1617 = DIRECTION('',(0.,0.,1.));
#1618 = DIRECTION('',(1.,0.,-0.));
#1619 = DEFINITIONAL_REPRESENTATION('',(#1620),#1623);
#1620 = B_SPLINE_CURVE_WITH_KNOTS('',1,(#1621,#1622),.UNSPECIFIED.,.F.,
  .F.,(2,2),(-151.56,138.56),.PIECEWISE_BEZIER_KNOTS.);
#1621 = CARTESIAN_POINT('',(0.,7.348412966028E-15));
#1622 = CARTESIAN_POINT('',(-290.12,7.348412966028E-15));
#1623 = ( GEOMETRIC_REPRESENTATION_CONTEXT(2) 
PARAMETRIC_REPRESENTATION_CONTEXT() REPRESENTATION_CONTEXT('2D SPACE',''
  ) );
#1624 = ORIENTED_EDGE('',*,*,#1625,.F.);
#1625 = EDGE_CURVE('',#1533,#1600,#1626,.T.);
#1626 = SURFACE_CURVE('',#1627,(#1631,#1637),.PCURVE_S1.);
#1627 = LINE('',#1628,#1629);
#1628 = CARTESIAN_POINT('',(-290.12,0.,-10.));
#1629 = VECTOR('',#1630,1.);
#1630 = DIRECTION('',(0.,0.,1.));
#1631 = PCURVE('',#71,#1632);
#1632 = DEFINITIONAL_REPRESENTATION('',(#1633),#1636);
#1633 = B_SPLINE_CURVE_WITH_KNOTS('',1,(#1634,#1635),.UNSPECIFIED.,.F.,
  .F.,(2,2),(10.,77.5),.PIECEWISE_BEZIER_KNOTS.);
#1634 = CARTESIAN_POINT('',(20.,13.));
#1635 = CARTESIAN_POINT('',(87.5,13.));
#1636 = ( GEOMETRIC_REPRESENTATION_CONTEXT(2) 
PARAMETRIC_REPRESENTATION_CONTEXT() REPRESENTATION_CONTEXT('2D SPACE',''
  ) );
#1637 = PCURVE('',#1288,#1638);
#1638 = DEFINITIONAL_REPRESENTATION('',(#1639),#1642);
#1639 = B_SPLINE_CURVE_WITH_KNOTS('',1,(#1640,#1641),.UNSPECIFIED.,.F.,
  .F.,(2,2),(10.,77.5),.PIECEWISE_BEZIER_KNOTS.);
#1640 = CARTESIAN_POINT('',(0.,-201.95));
#1641 = CARTESIAN_POINT('',(67.5,-201.95));
#1642 = ( GEOMETRIC_REPRESENTATION_CONTEXT(2) 
PARAMETRIC_REPRESENTATION_CONTEXT() REPRESENTATION_CONTEXT('2D SPACE',''
  ) );
#1643 = ADVANCED_FACE('',(#1644),#682,.T.);
#1644 = FACE_BOUND('',#1645,.T.);
#1645 = EDGE_LOOP('',(#1646,#1647,#1668,#1689,#1715,#1734));
#1646 = ORIENTED_EDGE('',*,*,#667,.F.);
#1647 = ORIENTED_EDGE('',*,*,#1648,.T.);
#1648 = EDGE_CURVE('',#635,#1649,#1651,.T.);
#1649 = VERTEX_POINT('',#1650);
#1650 = CARTESIAN_POINT('',(-3.122849337826E-16,166.7,67.5));
#1651 = SURFACE_CURVE('',#1652,(#1656,#1662),.PCURVE_S1.);
#1652 = LINE('',#1653,#1654);
#1653 = CARTESIAN_POINT('',(0.,166.7,66.5));
#1654 = VECTOR('',#1655,1.);
#1655 = DIRECTION('',(-0.,-0.,-1.));
#1656 = PCURVE('',#682,#1657);
#1657 = DEFINITIONAL_REPRESENTATION('',(#1658),#1661);
#1658 = B_SPLINE_CURVE_WITH_KNOTS('',1,(#1659,#1660),.UNSPECIFIED.,.F.,
  .F.,(2,2),(-3.8000006,-0.9999994),.PIECEWISE_BEZIER_KNOTS.);
#1659 = CARTESIAN_POINT('',(90.3000006,-166.7));
#1660 = CARTESIAN_POINT('',(87.4999994,-166.7));
#1661 = ( GEOMETRIC_REPRESENTATION_CONTEXT(2) 
PARAMETRIC_REPRESENTATION_CONTEXT() REPRESENTATION_CONTEXT('2D SPACE',''
  ) );
#1662 = PCURVE('',#655,#1663);
#1663 = DEFINITIONAL_REPRESENTATION('',(#1664),#1667);
#1664 = B_SPLINE_CURVE_WITH_KNOTS('',1,(#1665,#1666),.UNSPECIFIED.,.F.,
  .F.,(2,2),(-3.8000006,-0.9999994),.PIECEWISE_BEZIER_KNOTS.);
#1665 = CARTESIAN_POINT('',(-1.570796326795,-3.8000006));
#1666 = CARTESIAN_POINT('',(-1.570796326795,-0.9999994));
#1667 = ( GEOMETRIC_REPRESENTATION_CONTEXT(2) 
PARAMETRIC_REPRESENTATION_CONTEXT() REPRESENTATION_CONTEXT('2D SPACE',''
  ) );
#1668 = ORIENTED_EDGE('',*,*,#1669,.T.);
#1669 = EDGE_CURVE('',#1649,#1670,#1672,.T.);
#1670 = VERTEX_POINT('',#1671);
#1671 = CARTESIAN_POINT('',(0.,195.95,67.5));
#1672 = SURFACE_CURVE('',#1673,(#1677,#1683),.PCURVE_S1.);
#1673 = LINE('',#1674,#1675);
#1674 = CARTESIAN_POINT('',(0.,-3.674206483014E-15,67.5));
#1675 = VECTOR('',#1676,1.);
#1676 = DIRECTION('',(0.,1.,0.));
#1677 = PCURVE('',#682,#1678);
#1678 = DEFINITIONAL_REPRESENTATION('',(#1679),#1682);
#1679 = B_SPLINE_CURVE_WITH_KNOTS('',1,(#1680,#1681),.UNSPECIFIED.,.F.,
  .F.,(2,2),(3.674206483014E-15,198.95),.PIECEWISE_BEZIER_KNOTS.);
#1680 = CARTESIAN_POINT('',(87.5,0.));
#1681 = CARTESIAN_POINT('',(87.5,-198.95));
#1682 = ( GEOMETRIC_REPRESENTATION_CONTEXT(2) 
PARAMETRIC_REPRESENTATION_CONTEXT() REPRESENTATION_CONTEXT('2D SPACE',''
  ) );
#1683 = PCURVE('',#1614,#1684);
#1684 = DEFINITIONAL_REPRESENTATION('',(#1685),#1688);
#1685 = B_SPLINE_CURVE_WITH_KNOTS('',1,(#1686,#1687),.UNSPECIFIED.,.F.,
  .F.,(2,2),(3.674206483014E-15,198.95),.PIECEWISE_BEZIER_KNOTS.);
#1686 = CARTESIAN_POINT('',(0.,7.348412966028E-15));
#1687 = CARTESIAN_POINT('',(0.,198.95));
#1688 = ( GEOMETRIC_REPRESENTATION_CONTEXT(2) 
PARAMETRIC_REPRESENTATION_CONTEXT() REPRESENTATION_CONTEXT('2D SPACE',''
  ) );
#1689 = ORIENTED_EDGE('',*,*,#1690,.F.);
#1690 = EDGE_CURVE('',#1691,#1670,#1693,.T.);
#1691 = VERTEX_POINT('',#1692);
#1692 = CARTESIAN_POINT('',(0.,195.95,69.3));
#1693 = SURFACE_CURVE('',#1694,(#1698,#1704),.PCURVE_S1.);
#1694 = LINE('',#1695,#1696);
#1695 = CARTESIAN_POINT('',(0.,195.95,-2.));
#1696 = VECTOR('',#1697,1.);
#1697 = DIRECTION('',(0.,0.,-1.));
#1698 = PCURVE('',#682,#1699);
#1699 = DEFINITIONAL_REPRESENTATION('',(#1700),#1703);
#1700 = B_SPLINE_CURVE_WITH_KNOTS('',1,(#1701,#1702),.UNSPECIFIED.,.F.,
  .F.,(2,2),(-71.3,-69.5),.PIECEWISE_BEZIER_KNOTS.);
#1701 = CARTESIAN_POINT('',(89.3,-195.95));
#1702 = CARTESIAN_POINT('',(87.5,-195.95));
#1703 = ( GEOMETRIC_REPRESENTATION_CONTEXT(2) 
PARAMETRIC_REPRESENTATION_CONTEXT() REPRESENTATION_CONTEXT('2D SPACE',''
  ) );
#1704 = PCURVE('',#1705,#1710);
#1705 = PLANE('',#1706);
#1706 = AXIS2_PLACEMENT_3D('',#1707,#1708,#1709);
#1707 = CARTESIAN_POINT('',(-260.,195.95,16.));
#1708 = DIRECTION('',(0.,1.,0.));
#1709 = DIRECTION('',(0.,0.,1.));
#1710 = DEFINITIONAL_REPRESENTATION('',(#1711),#1714);
#1711 = B_SPLINE_CURVE_WITH_KNOTS('',1,(#1712,#1713),.UNSPECIFIED.,.F.,
  .F.,(2,2),(-71.3,-69.5),.PIECEWISE_BEZIER_KNOTS.);
#1712 = CARTESIAN_POINT('',(53.3,260.));
#1713 = CARTESIAN_POINT('',(51.5,260.));
#1714 = ( GEOMETRIC_REPRESENTATION_CONTEXT(2) 
PARAMETRIC_REPRESENTATION_CONTEXT() REPRESENTATION_CONTEXT('2D SPACE',''
  ) );
#1715 = ORIENTED_EDGE('',*,*,#1716,.T.);
#1716 = EDGE_CURVE('',#1691,#719,#1717,.T.);
#1717 = SURFACE_CURVE('',#1718,(#1722,#1728),.PCURVE_S1.);
#1718 = LINE('',#1719,#1720);
#1719 = CARTESIAN_POINT('',(0.,97.975,69.3));
#1720 = VECTOR('',#1721,1.);
#1721 = DIRECTION('',(0.,1.,0.));
#1722 = PCURVE('',#682,#1723);
#1723 = DEFINITIONAL_REPRESENTATION('',(#1724),#1727);
#1724 = B_SPLINE_CURVE_WITH_KNOTS('',1,(#1725,#1726),.UNSPECIFIED.,.F.,
  .F.,(2,2),(97.975,103.975),.PIECEWISE_BEZIER_KNOTS.);
#1725 = CARTESIAN_POINT('',(89.3,-195.95));
#1726 = CARTESIAN_POINT('',(89.3,-201.95));
#1727 = ( GEOMETRIC_REPRESENTATION_CONTEXT(2) 
PARAMETRIC_REPRESENTATION_CONTEXT() REPRESENTATION_CONTEXT('2D SPACE',''
  ) );
#1728 = PCURVE('',#754,#1729);
#1729 = DEFINITIONAL_REPRESENTATION('',(#1730),#1733);
#1730 = B_SPLINE_CURVE_WITH_KNOTS('',1,(#1731,#1732),.UNSPECIFIED.,.F.,
  .F.,(2,2),(97.975,103.975),.PIECEWISE_BEZIER_KNOTS.);
#1731 = CARTESIAN_POINT('',(260.,0.));
#1732 = CARTESIAN_POINT('',(260.,6.));
#1733 = ( GEOMETRIC_REPRESENTATION_CONTEXT(2) 
PARAMETRIC_REPRESENTATION_CONTEXT() REPRESENTATION_CONTEXT('2D SPACE',''
  ) );
#1734 = ORIENTED_EDGE('',*,*,#718,.F.);
#1735 = ADVANCED_FACE('',(#1736),#655,.F.);
#1736 = FACE_BOUND('',#1737,.T.);
#1737 = EDGE_LOOP('',(#1738,#1759,#1785,#1786));
#1738 = ORIENTED_EDGE('',*,*,#1739,.T.);
#1739 = EDGE_CURVE('',#609,#1740,#1742,.T.);
#1740 = VERTEX_POINT('',#1741);
#1741 = CARTESIAN_POINT('',(1.040949779275E-16,163.3,67.5));
#1742 = SURFACE_CURVE('',#1743,(#1747,#1753),.PCURVE_S1.);
#1743 = LINE('',#1744,#1745);
#1744 = CARTESIAN_POINT('',(0.,163.3,66.5));
#1745 = VECTOR('',#1746,1.);
#1746 = DIRECTION('',(-0.,-0.,-1.));
#1747 = PCURVE('',#655,#1748);
#1748 = DEFINITIONAL_REPRESENTATION('',(#1749),#1752);
#1749 = B_SPLINE_CURVE_WITH_KNOTS('',1,(#1750,#1751),.UNSPECIFIED.,.F.,
  .F.,(2,2),(-3.8000006,-0.9999994),.PIECEWISE_BEZIER_KNOTS.);
#1750 = CARTESIAN_POINT('',(-4.712388980385,-3.8000006));
#1751 = CARTESIAN_POINT('',(-4.712388980385,-0.9999994));
#1752 = ( GEOMETRIC_REPRESENTATION_CONTEXT(2) 
PARAMETRIC_REPRESENTATION_CONTEXT() REPRESENTATION_CONTEXT('2D SPACE',''
  ) );
#1753 = PCURVE('',#623,#1754);
#1754 = DEFINITIONAL_REPRESENTATION('',(#1755),#1758);
#1755 = B_SPLINE_CURVE_WITH_KNOTS('',1,(#1756,#1757),.UNSPECIFIED.,.F.,
  .F.,(2,2),(-3.8000006,-0.9999994),.PIECEWISE_BEZIER_KNOTS.);
#1756 = CARTESIAN_POINT('',(90.3000006,-163.3));
#1757 = CARTESIAN_POINT('',(87.4999994,-163.3));
#1758 = ( GEOMETRIC_REPRESENTATION_CONTEXT(2) 
PARAMETRIC_REPRESENTATION_CONTEXT() REPRESENTATION_CONTEXT('2D SPACE',''
  ) );
#1759 = ORIENTED_EDGE('',*,*,#1760,.T.);
#1760 = EDGE_CURVE('',#1740,#1649,#1761,.T.);
#1761 = SURFACE_CURVE('',#1762,(#1767,#1774),.PCURVE_S1.);
#1762 = CIRCLE('',#1763,1.7);
#1763 = AXIS2_PLACEMENT_3D('',#1764,#1765,#1766);
#1764 = CARTESIAN_POINT('',(0.,165.,67.5));
#1765 = DIRECTION('',(0.,0.,-1.));
#1766 = DIRECTION('',(1.,0.,0.));
#1767 = PCURVE('',#655,#1768);
#1768 = DEFINITIONAL_REPRESENTATION('',(#1769),#1773);
#1769 = LINE('',#1770,#1771);
#1770 = CARTESIAN_POINT('',(-6.28318530718,-1.));
#1771 = VECTOR('',#1772,1.);
#1772 = DIRECTION('',(1.,-0.));
#1773 = ( GEOMETRIC_REPRESENTATION_CONTEXT(2) 
PARAMETRIC_REPRESENTATION_CONTEXT() REPRESENTATION_CONTEXT('2D SPACE',''
  ) );
#1774 = PCURVE('',#1614,#1775);
#1775 = DEFINITIONAL_REPRESENTATION('',(#1776),#1784);
#1776 = ( BOUNDED_CURVE() B_SPLINE_CURVE(2,(#1777,#1778,#1779,#1780,
#1781,#1782,#1783),.UNSPECIFIED.,.T.,.F.) B_SPLINE_CURVE_WITH_KNOTS((1,2
    ,2,2,2,1),(-2.094395102393,0.,2.094395102393,4.188790204786,
6.28318530718,8.377580409573),.UNSPECIFIED.) CURVE() 
GEOMETRIC_REPRESENTATION_ITEM() RATIONAL_B_SPLINE_CURVE((1.,0.5,1.,0.5,
1.,0.5,1.)) REPRESENTATION_ITEM('') );
#1777 = CARTESIAN_POINT('',(1.7,165.));
#1778 = CARTESIAN_POINT('',(1.7,162.05551362713));
#1779 = CARTESIAN_POINT('',(-0.85,163.52775681356));
#1780 = CARTESIAN_POINT('',(-3.4,165.));
#1781 = CARTESIAN_POINT('',(-0.85,166.47224318643));
#1782 = CARTESIAN_POINT('',(1.7,167.94448637286));
#1783 = CARTESIAN_POINT('',(1.7,165.));
#1784 = ( GEOMETRIC_REPRESENTATION_CONTEXT(2) 
PARAMETRIC_REPRESENTATION_CONTEXT() REPRESENTATION_CONTEXT('2D SPACE',''
  ) );
#1785 = ORIENTED_EDGE('',*,*,#1648,.F.);
#1786 = ORIENTED_EDGE('',*,*,#634,.F.);
#1787 = ADVANCED_FACE('',(#1788),#623,.T.);
#1788 = FACE_BOUND('',#1789,.T.);
#1789 = EDGE_LOOP('',(#1790,#1791,#1812,#1831));
#1790 = ORIENTED_EDGE('',*,*,#608,.F.);
#1791 = ORIENTED_EDGE('',*,*,#1792,.T.);
#1792 = EDGE_CURVE('',#576,#1793,#1795,.T.);
#1793 = VERTEX_POINT('',#1794);
#1794 = CARTESIAN_POINT('',(-3.122849337826E-16,121.7,67.5));
#1795 = SURFACE_CURVE('',#1796,(#1800,#1806),.PCURVE_S1.);
#1796 = LINE('',#1797,#1798);
#1797 = CARTESIAN_POINT('',(0.,121.7,66.5));
#1798 = VECTOR('',#1799,1.);
#1799 = DIRECTION('',(-0.,-0.,-1.));
#1800 = PCURVE('',#623,#1801);
#1801 = DEFINITIONAL_REPRESENTATION('',(#1802),#1805);
#1802 = B_SPLINE_CURVE_WITH_KNOTS('',1,(#1803,#1804),.UNSPECIFIED.,.F.,
  .F.,(2,2),(-3.8000006,-0.9999994),.PIECEWISE_BEZIER_KNOTS.);
#1803 = CARTESIAN_POINT('',(90.3000006,-121.7));
#1804 = CARTESIAN_POINT('',(87.4999994,-121.7));
#1805 = ( GEOMETRIC_REPRESENTATION_CONTEXT(2) 
PARAMETRIC_REPRESENTATION_CONTEXT() REPRESENTATION_CONTEXT('2D SPACE',''
  ) );
#1806 = PCURVE('',#596,#1807);
#1807 = DEFINITIONAL_REPRESENTATION('',(#1808),#1811);
#1808 = B_SPLINE_CURVE_WITH_KNOTS('',1,(#1809,#1810),.UNSPECIFIED.,.F.,
  .F.,(2,2),(-3.8000006,-0.9999994),.PIECEWISE_BEZIER_KNOTS.);
#1809 = CARTESIAN_POINT('',(-1.570796326795,-3.8000006));
#1810 = CARTESIAN_POINT('',(-1.570796326795,-0.9999994));
#1811 = ( GEOMETRIC_REPRESENTATION_CONTEXT(2) 
PARAMETRIC_REPRESENTATION_CONTEXT() REPRESENTATION_CONTEXT('2D SPACE',''
  ) );
#1812 = ORIENTED_EDGE('',*,*,#1813,.T.);
#1813 = EDGE_CURVE('',#1793,#1740,#1814,.T.);
#1814 = SURFACE_CURVE('',#1815,(#1819,#1825),.PCURVE_S1.);
#1815 = LINE('',#1816,#1817);
#1816 = CARTESIAN_POINT('',(0.,-3.674206483014E-15,67.5));
#1817 = VECTOR('',#1818,1.);
#1818 = DIRECTION('',(0.,1.,0.));
#1819 = PCURVE('',#623,#1820);
#1820 = DEFINITIONAL_REPRESENTATION('',(#1821),#1824);
#1821 = B_SPLINE_CURVE_WITH_KNOTS('',1,(#1822,#1823),.UNSPECIFIED.,.F.,
  .F.,(2,2),(3.674206483014E-15,198.95),.PIECEWISE_BEZIER_KNOTS.);
#1822 = CARTESIAN_POINT('',(87.5,0.));
#1823 = CARTESIAN_POINT('',(87.5,-198.95));
#1824 = ( GEOMETRIC_REPRESENTATION_CONTEXT(2) 
PARAMETRIC_REPRESENTATION_CONTEXT() REPRESENTATION_CONTEXT('2D SPACE',''
  ) );
#1825 = PCURVE('',#1614,#1826);
#1826 = DEFINITIONAL_REPRESENTATION('',(#1827),#1830);
#1827 = B_SPLINE_CURVE_WITH_KNOTS('',1,(#1828,#1829),.UNSPECIFIED.,.F.,
  .F.,(2,2),(3.674206483014E-15,198.95),.PIECEWISE_BEZIER_KNOTS.);
#1828 = CARTESIAN_POINT('',(0.,7.348412966028E-15));
#1829 = CARTESIAN_POINT('',(0.,198.95));
#1830 = ( GEOMETRIC_REPRESENTATION_CONTEXT(2) 
PARAMETRIC_REPRESENTATION_CONTEXT() REPRESENTATION_CONTEXT('2D SPACE',''
  ) );
#1831 = ORIENTED_EDGE('',*,*,#1739,.F.);
#1832 = ADVANCED_FACE('',(#1833),#596,.F.);
#1833 = FACE_BOUND('',#1834,.T.);
#1834 = EDGE_LOOP('',(#1835,#1856,#1882,#1883));
#1835 = ORIENTED_EDGE('',*,*,#1836,.T.);
#1836 = EDGE_CURVE('',#550,#1837,#1839,.T.);
#1837 = VERTEX_POINT('',#1838);
#1838 = CARTESIAN_POINT('',(1.040949779275E-16,118.3,67.5));
#1839 = SURFACE_CURVE('',#1840,(#1844,#1850),.PCURVE_S1.);
#1840 = LINE('',#1841,#1842);
#1841 = CARTESIAN_POINT('',(0.,118.3,66.5));
#1842 = VECTOR('',#1843,1.);
#1843 = DIRECTION('',(-0.,-0.,-1.));
#1844 = PCURVE('',#596,#1845);
#1845 = DEFINITIONAL_REPRESENTATION('',(#1846),#1849);
#1846 = B_SPLINE_CURVE_WITH_KNOTS('',1,(#1847,#1848),.UNSPECIFIED.,.F.,
  .F.,(2,2),(-3.8000006,-0.9999994),.PIECEWISE_BEZIER_KNOTS.);
#1847 = CARTESIAN_POINT('',(-4.712388980385,-3.8000006));
#1848 = CARTESIAN_POINT('',(-4.712388980385,-0.9999994));
#1849 = ( GEOMETRIC_REPRESENTATION_CONTEXT(2) 
PARAMETRIC_REPRESENTATION_CONTEXT() REPRESENTATION_CONTEXT('2D SPACE',''
  ) );
#1850 = PCURVE('',#564,#1851);
#1851 = DEFINITIONAL_REPRESENTATION('',(#1852),#1855);
#1852 = B_SPLINE_CURVE_WITH_KNOTS('',1,(#1853,#1854),.UNSPECIFIED.,.F.,
  .F.,(2,2),(-3.8000006,-0.9999994),.PIECEWISE_BEZIER_KNOTS.);
#1853 = CARTESIAN_POINT('',(90.3000006,-118.3));
#1854 = CARTESIAN_POINT('',(87.4999994,-118.3));
#1855 = ( GEOMETRIC_REPRESENTATION_CONTEXT(2) 
PARAMETRIC_REPRESENTATION_CONTEXT() REPRESENTATION_CONTEXT('2D SPACE',''
  ) );
#1856 = ORIENTED_EDGE('',*,*,#1857,.T.);
#1857 = EDGE_CURVE('',#1837,#1793,#1858,.T.);
#1858 = SURFACE_CURVE('',#1859,(#1864,#1871),.PCURVE_S1.);
#1859 = CIRCLE('',#1860,1.7);
#1860 = AXIS2_PLACEMENT_3D('',#1861,#1862,#1863);
#1861 = CARTESIAN_POINT('',(0.,120.,67.5));
#1862 = DIRECTION('',(0.,0.,-1.));
#1863 = DIRECTION('',(1.,0.,0.));
#1864 = PCURVE('',#596,#1865);
#1865 = DEFINITIONAL_REPRESENTATION('',(#1866),#1870);
#1866 = LINE('',#1867,#1868);
#1867 = CARTESIAN_POINT('',(-6.28318530718,-1.));
#1868 = VECTOR('',#1869,1.);
#1869 = DIRECTION('',(1.,-0.));
#1870 = ( GEOMETRIC_REPRESENTATION_CONTEXT(2) 
PARAMETRIC_REPRESENTATION_CONTEXT() REPRESENTATION_CONTEXT('2D SPACE',''
  ) );
#1871 = PCURVE('',#1614,#1872);
#1872 = DEFINITIONAL_REPRESENTATION('',(#1873),#1881);
#1873 = ( BOUNDED_CURVE() B_SPLINE_CURVE(2,(#1874,#1875,#1876,#1877,
#1878,#1879,#1880),.UNSPECIFIED.,.T.,.F.) B_SPLINE_CURVE_WITH_KNOTS((1,2
    ,2,2,2,1),(-2.094395102393,0.,2.094395102393,4.188790204786,
6.28318530718,8.377580409573),.UNSPECIFIED.) CURVE() 
GEOMETRIC_REPRESENTATION_ITEM() RATIONAL_B_SPLINE_CURVE((1.,0.5,1.,0.5,
1.,0.5,1.)) REPRESENTATION_ITEM('') );
#1874 = CARTESIAN_POINT('',(1.7,120.));
#1875 = CARTESIAN_POINT('',(1.7,117.05551362713));
#1876 = CARTESIAN_POINT('',(-0.85,118.52775681356));
#1877 = CARTESIAN_POINT('',(-3.4,120.));
#1878 = CARTESIAN_POINT('',(-0.85,121.47224318643));
#1879 = CARTESIAN_POINT('',(1.7,122.94448637286));
#1880 = CARTESIAN_POINT('',(1.7,120.));
#1881 = ( GEOMETRIC_REPRESENTATION_CONTEXT(2) 
PARAMETRIC_REPRESENTATION_CONTEXT() REPRESENTATION_CONTEXT('2D SPACE',''
  ) );
#1882 = ORIENTED_EDGE('',*,*,#1792,.F.);
#1883 = ORIENTED_EDGE('',*,*,#575,.F.);
#1884 = ADVANCED_FACE('',(#1885),#564,.T.);
#1885 = FACE_BOUND('',#1886,.T.);
#1886 = EDGE_LOOP('',(#1887,#1888,#1909,#1928));
#1887 = ORIENTED_EDGE('',*,*,#549,.F.);
#1888 = ORIENTED_EDGE('',*,*,#1889,.T.);
#1889 = EDGE_CURVE('',#522,#1890,#1892,.T.);
#1890 = VERTEX_POINT('',#1891);
#1891 = CARTESIAN_POINT('',(0.,92.,67.5));
#1892 = SURFACE_CURVE('',#1893,(#1897,#1903),.PCURVE_S1.);
#1893 = LINE('',#1894,#1895);
#1894 = CARTESIAN_POINT('',(0.,92.,23.75));
#1895 = VECTOR('',#1896,1.);
#1896 = DIRECTION('',(0.,0.,-1.));
#1897 = PCURVE('',#564,#1898);
#1898 = DEFINITIONAL_REPRESENTATION('',(#1899),#1902);
#1899 = B_SPLINE_CURVE_WITH_KNOTS('',1,(#1900,#1901),.UNSPECIFIED.,.F.,
  .F.,(2,2),(-46.55,-43.75),.PIECEWISE_BEZIER_KNOTS.);
#1900 = CARTESIAN_POINT('',(90.3,-92.));
#1901 = CARTESIAN_POINT('',(87.5,-92.));
#1902 = ( GEOMETRIC_REPRESENTATION_CONTEXT(2) 
PARAMETRIC_REPRESENTATION_CONTEXT() REPRESENTATION_CONTEXT('2D SPACE',''
  ) );
#1903 = PCURVE('',#537,#1904);
#1904 = DEFINITIONAL_REPRESENTATION('',(#1905),#1908);
#1905 = B_SPLINE_CURVE_WITH_KNOTS('',1,(#1906,#1907),.UNSPECIFIED.,.F.,
  .F.,(2,2),(-46.55,-43.75),.PIECEWISE_BEZIER_KNOTS.);
#1906 = CARTESIAN_POINT('',(5.,-2.8));
#1907 = CARTESIAN_POINT('',(5.,0.));
#1908 = ( GEOMETRIC_REPRESENTATION_CONTEXT(2) 
PARAMETRIC_REPRESENTATION_CONTEXT() REPRESENTATION_CONTEXT('2D SPACE',''
  ) );
#1909 = ORIENTED_EDGE('',*,*,#1910,.T.);
#1910 = EDGE_CURVE('',#1890,#1837,#1911,.T.);
#1911 = SURFACE_CURVE('',#1912,(#1916,#1922),.PCURVE_S1.);
#1912 = LINE('',#1913,#1914);
#1913 = CARTESIAN_POINT('',(0.,-3.674206483014E-15,67.5));
#1914 = VECTOR('',#1915,1.);
#1915 = DIRECTION('',(0.,1.,0.));
#1916 = PCURVE('',#564,#1917);
#1917 = DEFINITIONAL_REPRESENTATION('',(#1918),#1921);
#1918 = B_SPLINE_CURVE_WITH_KNOTS('',1,(#1919,#1920),.UNSPECIFIED.,.F.,
  .F.,(2,2),(3.674206483014E-15,198.95),.PIECEWISE_BEZIER_KNOTS.);
#1919 = CARTESIAN_POINT('',(87.5,0.));
#1920 = CARTESIAN_POINT('',(87.5,-198.95));
#1921 = ( GEOMETRIC_REPRESENTATION_CONTEXT(2) 
PARAMETRIC_REPRESENTATION_CONTEXT() REPRESENTATION_CONTEXT('2D SPACE',''
  ) );
#1922 = PCURVE('',#1614,#1923);
#1923 = DEFINITIONAL_REPRESENTATION('',(#1924),#1927);
#1924 = B_SPLINE_CURVE_WITH_KNOTS('',1,(#1925,#1926),.UNSPECIFIED.,.F.,
  .F.,(2,2),(3.674206483014E-15,198.95),.PIECEWISE_BEZIER_KNOTS.);
#1925 = CARTESIAN_POINT('',(0.,7.348412966028E-15));
#1926 = CARTESIAN_POINT('',(0.,198.95));
#1927 = ( GEOMETRIC_REPRESENTATION_CONTEXT(2) 
PARAMETRIC_REPRESENTATION_CONTEXT() REPRESENTATION_CONTEXT('2D SPACE',''
  ) );
#1928 = ORIENTED_EDGE('',*,*,#1836,.F.);
#1929 = ADVANCED_FACE('',(#1930),#537,.F.);
#1930 = FACE_BOUND('',#1931,.F.);
#1931 = EDGE_LOOP('',(#1932,#1955,#1976,#1977));
#1932 = ORIENTED_EDGE('',*,*,#1933,.F.);
#1933 = EDGE_CURVE('',#1934,#1890,#1936,.T.);
#1934 = VERTEX_POINT('',#1935);
#1935 = CARTESIAN_POINT('',(-5.,92.,67.5));
#1936 = SURFACE_CURVE('',#1937,(#1941,#1948),.PCURVE_S1.);
#1937 = LINE('',#1938,#1939);
#1938 = CARTESIAN_POINT('',(-5.,92.,67.5));
#1939 = VECTOR('',#1940,1.);
#1940 = DIRECTION('',(1.,0.,0.));
#1941 = PCURVE('',#537,#1942);
#1942 = DEFINITIONAL_REPRESENTATION('',(#1943),#1947);
#1943 = LINE('',#1944,#1945);
#1944 = CARTESIAN_POINT('',(0.,0.));
#1945 = VECTOR('',#1946,1.);
#1946 = DIRECTION('',(1.,0.));
#1947 = ( GEOMETRIC_REPRESENTATION_CONTEXT(2) 
PARAMETRIC_REPRESENTATION_CONTEXT() REPRESENTATION_CONTEXT('2D SPACE',''
  ) );
#1948 = PCURVE('',#1614,#1949);
#1949 = DEFINITIONAL_REPRESENTATION('',(#1950),#1954);
#1950 = LINE('',#1951,#1952);
#1951 = CARTESIAN_POINT('',(-5.,92.));
#1952 = VECTOR('',#1953,1.);
#1953 = DIRECTION('',(1.,0.));
#1954 = ( GEOMETRIC_REPRESENTATION_CONTEXT(2) 
PARAMETRIC_REPRESENTATION_CONTEXT() REPRESENTATION_CONTEXT('2D SPACE',''
  ) );
#1955 = ORIENTED_EDGE('',*,*,#1956,.T.);
#1956 = EDGE_CURVE('',#1934,#494,#1957,.T.);
#1957 = SURFACE_CURVE('',#1958,(#1962,#1969),.PCURVE_S1.);
#1958 = LINE('',#1959,#1960);
#1959 = CARTESIAN_POINT('',(-5.,92.,67.5));
#1960 = VECTOR('',#1961,1.);
#1961 = DIRECTION('',(0.,0.,1.));
#1962 = PCURVE('',#537,#1963);
#1963 = DEFINITIONAL_REPRESENTATION('',(#1964),#1968);
#1964 = LINE('',#1965,#1966);
#1965 = CARTESIAN_POINT('',(0.,0.));
#1966 = VECTOR('',#1967,1.);
#1967 = DIRECTION('',(0.,-1.));
#1968 = ( GEOMETRIC_REPRESENTATION_CONTEXT(2) 
PARAMETRIC_REPRESENTATION_CONTEXT() REPRESENTATION_CONTEXT('2D SPACE',''
  ) );
#1969 = PCURVE('',#509,#1970);
#1970 = DEFINITIONAL_REPRESENTATION('',(#1971),#1975);
#1971 = LINE('',#1972,#1973);
#1972 = CARTESIAN_POINT('',(89.95,0.));
#1973 = VECTOR('',#1974,1.);
#1974 = DIRECTION('',(0.,-1.));
#1975 = ( GEOMETRIC_REPRESENTATION_CONTEXT(2) 
PARAMETRIC_REPRESENTATION_CONTEXT() REPRESENTATION_CONTEXT('2D SPACE',''
  ) );
#1976 = ORIENTED_EDGE('',*,*,#521,.T.);
#1977 = ORIENTED_EDGE('',*,*,#1889,.T.);
#1978 = ADVANCED_FACE('',(#1979),#509,.F.);
#1979 = FACE_BOUND('',#1980,.F.);
#1980 = EDGE_LOOP('',(#1981,#2004,#2005,#2006));
#1981 = ORIENTED_EDGE('',*,*,#1982,.T.);
#1982 = EDGE_CURVE('',#1983,#467,#1985,.T.);
#1983 = VERTEX_POINT('',#1984);
#1984 = CARTESIAN_POINT('',(-5.,181.95,67.5));
#1985 = SURFACE_CURVE('',#1986,(#1990,#1997),.PCURVE_S1.);
#1986 = LINE('',#1987,#1988);
#1987 = CARTESIAN_POINT('',(-5.,181.95,67.5));
#1988 = VECTOR('',#1989,1.);
#1989 = DIRECTION('',(0.,0.,1.));
#1990 = PCURVE('',#509,#1991);
#1991 = DEFINITIONAL_REPRESENTATION('',(#1992),#1996);
#1992 = LINE('',#1993,#1994);
#1993 = CARTESIAN_POINT('',(0.,0.));
#1994 = VECTOR('',#1995,1.);
#1995 = DIRECTION('',(0.,-1.));
#1996 = ( GEOMETRIC_REPRESENTATION_CONTEXT(2) 
PARAMETRIC_REPRESENTATION_CONTEXT() REPRESENTATION_CONTEXT('2D SPACE',''
  ) );
#1997 = PCURVE('',#482,#1998);
#1998 = DEFINITIONAL_REPRESENTATION('',(#1999),#2003);
#1999 = LINE('',#2000,#2001);
#2000 = CARTESIAN_POINT('',(278.12,-1.));
#2001 = VECTOR('',#2002,1.);
#2002 = DIRECTION('',(0.,-1.));
#2003 = ( GEOMETRIC_REPRESENTATION_CONTEXT(2) 
PARAMETRIC_REPRESENTATION_CONTEXT() REPRESENTATION_CONTEXT('2D SPACE',''
  ) );
#2004 = ORIENTED_EDGE('',*,*,#493,.T.);
#2005 = ORIENTED_EDGE('',*,*,#1956,.F.);
#2006 = ORIENTED_EDGE('',*,*,#2007,.F.);
#2007 = EDGE_CURVE('',#1983,#1934,#2008,.T.);
#2008 = SURFACE_CURVE('',#2009,(#2013,#2020),.PCURVE_S1.);
#2009 = LINE('',#2010,#2011);
#2010 = CARTESIAN_POINT('',(-5.,181.95,67.5));
#2011 = VECTOR('',#2012,1.);
#2012 = DIRECTION('',(0.,-1.,0.));
#2013 = PCURVE('',#509,#2014);
#2014 = DEFINITIONAL_REPRESENTATION('',(#2015),#2019);
#2015 = LINE('',#2016,#2017);
#2016 = CARTESIAN_POINT('',(0.,0.));
#2017 = VECTOR('',#2018,1.);
#2018 = DIRECTION('',(1.,0.));
#2019 = ( GEOMETRIC_REPRESENTATION_CONTEXT(2) 
PARAMETRIC_REPRESENTATION_CONTEXT() REPRESENTATION_CONTEXT('2D SPACE',''
  ) );
#2020 = PCURVE('',#1614,#2021);
#2021 = DEFINITIONAL_REPRESENTATION('',(#2022),#2026);
#2022 = LINE('',#2023,#2024);
#2023 = CARTESIAN_POINT('',(-5.,181.95));
#2024 = VECTOR('',#2025,1.);
#2025 = DIRECTION('',(0.,-1.));
#2026 = ( GEOMETRIC_REPRESENTATION_CONTEXT(2) 
PARAMETRIC_REPRESENTATION_CONTEXT() REPRESENTATION_CONTEXT('2D SPACE',''
  ) );
#2027 = ADVANCED_FACE('',(#2028),#482,.T.);
#2028 = FACE_BOUND('',#2029,.T.);
#2029 = EDGE_LOOP('',(#2030,#2053,#2073,#2074));
#2030 = ORIENTED_EDGE('',*,*,#2031,.F.);
#2031 = EDGE_CURVE('',#2032,#440,#2034,.T.);
#2032 = VERTEX_POINT('',#2033);
#2033 = CARTESIAN_POINT('',(-273.12,181.95,67.5));
#2034 = SURFACE_CURVE('',#2035,(#2039,#2046),.PCURVE_S1.);
#2035 = LINE('',#2036,#2037);
#2036 = CARTESIAN_POINT('',(-273.12,181.95,66.5));
#2037 = VECTOR('',#2038,1.);
#2038 = DIRECTION('',(0.,0.,1.));
#2039 = PCURVE('',#482,#2040);
#2040 = DEFINITIONAL_REPRESENTATION('',(#2041),#2045);
#2041 = LINE('',#2042,#2043);
#2042 = CARTESIAN_POINT('',(546.24,0.));
#2043 = VECTOR('',#2044,1.);
#2044 = DIRECTION('',(0.,-1.));
#2045 = ( GEOMETRIC_REPRESENTATION_CONTEXT(2) 
PARAMETRIC_REPRESENTATION_CONTEXT() REPRESENTATION_CONTEXT('2D SPACE',''
  ) );
#2046 = PCURVE('',#455,#2047);
#2047 = DEFINITIONAL_REPRESENTATION('',(#2048),#2052);
#2048 = LINE('',#2049,#2050);
#2049 = CARTESIAN_POINT('',(0.,0.));
#2050 = VECTOR('',#2051,1.);
#2051 = DIRECTION('',(0.,-1.));
#2052 = ( GEOMETRIC_REPRESENTATION_CONTEXT(2) 
PARAMETRIC_REPRESENTATION_CONTEXT() REPRESENTATION_CONTEXT('2D SPACE',''
  ) );
#2053 = ORIENTED_EDGE('',*,*,#2054,.T.);
#2054 = EDGE_CURVE('',#2032,#1983,#2055,.T.);
#2055 = SURFACE_CURVE('',#2056,(#2060,#2066),.PCURVE_S1.);
#2056 = LINE('',#2057,#2058);
#2057 = CARTESIAN_POINT('',(136.56,181.95,67.5));
#2058 = VECTOR('',#2059,1.);
#2059 = DIRECTION('',(1.,0.,-0.));
#2060 = PCURVE('',#482,#2061);
#2061 = DEFINITIONAL_REPRESENTATION('',(#2062),#2065);
#2062 = B_SPLINE_CURVE_WITH_KNOTS('',1,(#2063,#2064),.UNSPECIFIED.,.F.,
  .F.,(2,2),(-409.68,136.56),.PIECEWISE_BEZIER_KNOTS.);
#2063 = CARTESIAN_POINT('',(546.24,-1.));
#2064 = CARTESIAN_POINT('',(0.,-1.));
#2065 = ( GEOMETRIC_REPRESENTATION_CONTEXT(2) 
PARAMETRIC_REPRESENTATION_CONTEXT() REPRESENTATION_CONTEXT('2D SPACE',''
  ) );
#2066 = PCURVE('',#1614,#2067);
#2067 = DEFINITIONAL_REPRESENTATION('',(#2068),#2072);
#2068 = LINE('',#2069,#2070);
#2069 = CARTESIAN_POINT('',(136.56,181.95));
#2070 = VECTOR('',#2071,1.);
#2071 = DIRECTION('',(1.,0.));
#2072 = ( GEOMETRIC_REPRESENTATION_CONTEXT(2) 
PARAMETRIC_REPRESENTATION_CONTEXT() REPRESENTATION_CONTEXT('2D SPACE',''
  ) );
#2073 = ORIENTED_EDGE('',*,*,#1982,.T.);
#2074 = ORIENTED_EDGE('',*,*,#466,.F.);
#2075 = ADVANCED_FACE('',(#2076),#455,.T.);
#2076 = FACE_BOUND('',#2077,.T.);
#2077 = EDGE_LOOP('',(#2078,#2101,#2121,#2122));
#2078 = ORIENTED_EDGE('',*,*,#2079,.F.);
#2079 = EDGE_CURVE('',#2080,#412,#2082,.T.);
#2080 = VERTEX_POINT('',#2081);
#2081 = CARTESIAN_POINT('',(-273.12,5.,67.5));
#2082 = SURFACE_CURVE('',#2083,(#2087,#2094),.PCURVE_S1.);
#2083 = LINE('',#2084,#2085);
#2084 = CARTESIAN_POINT('',(-273.12,5.,67.5));
#2085 = VECTOR('',#2086,1.);
#2086 = DIRECTION('',(0.,0.,1.));
#2087 = PCURVE('',#455,#2088);
#2088 = DEFINITIONAL_REPRESENTATION('',(#2089),#2093);
#2089 = LINE('',#2090,#2091);
#2090 = CARTESIAN_POINT('',(176.95,-1.));
#2091 = VECTOR('',#2092,1.);
#2092 = DIRECTION('',(0.,-1.));
#2093 = ( GEOMETRIC_REPRESENTATION_CONTEXT(2) 
PARAMETRIC_REPRESENTATION_CONTEXT() REPRESENTATION_CONTEXT('2D SPACE',''
  ) );
#2094 = PCURVE('',#427,#2095);
#2095 = DEFINITIONAL_REPRESENTATION('',(#2096),#2100);
#2096 = LINE('',#2097,#2098);
#2097 = CARTESIAN_POINT('',(181.12,0.));
#2098 = VECTOR('',#2099,1.);
#2099 = DIRECTION('',(0.,-1.));
#2100 = ( GEOMETRIC_REPRESENTATION_CONTEXT(2) 
PARAMETRIC_REPRESENTATION_CONTEXT() REPRESENTATION_CONTEXT('2D SPACE',''
  ) );
#2101 = ORIENTED_EDGE('',*,*,#2102,.T.);
#2102 = EDGE_CURVE('',#2080,#2032,#2103,.T.);
#2103 = SURFACE_CURVE('',#2104,(#2108,#2114),.PCURVE_S1.);
#2104 = LINE('',#2105,#2106);
#2105 = CARTESIAN_POINT('',(-273.12,90.975,67.5));
#2106 = VECTOR('',#2107,1.);
#2107 = DIRECTION('',(-0.,1.,0.));
#2108 = PCURVE('',#455,#2109);
#2109 = DEFINITIONAL_REPRESENTATION('',(#2110),#2113);
#2110 = B_SPLINE_CURVE_WITH_KNOTS('',1,(#2111,#2112),.UNSPECIFIED.,.F.,
  .F.,(2,2),(-272.925,90.975),.PIECEWISE_BEZIER_KNOTS.);
#2111 = CARTESIAN_POINT('',(363.9,-1.));
#2112 = CARTESIAN_POINT('',(0.,-1.));
#2113 = ( GEOMETRIC_REPRESENTATION_CONTEXT(2) 
PARAMETRIC_REPRESENTATION_CONTEXT() REPRESENTATION_CONTEXT('2D SPACE',''
  ) );
#2114 = PCURVE('',#1614,#2115);
#2115 = DEFINITIONAL_REPRESENTATION('',(#2116),#2120);
#2116 = LINE('',#2117,#2118);
#2117 = CARTESIAN_POINT('',(-273.12,90.975));
#2118 = VECTOR('',#2119,1.);
#2119 = DIRECTION('',(0.,1.));
#2120 = ( GEOMETRIC_REPRESENTATION_CONTEXT(2) 
PARAMETRIC_REPRESENTATION_CONTEXT() REPRESENTATION_CONTEXT('2D SPACE',''
  ) );
#2121 = ORIENTED_EDGE('',*,*,#2031,.T.);
#2122 = ORIENTED_EDGE('',*,*,#439,.F.);
#2123 = ADVANCED_FACE('',(#2124),#427,.F.);
#2124 = FACE_BOUND('',#2125,.F.);
#2125 = EDGE_LOOP('',(#2126,#2149,#2150,#2151));
#2126 = ORIENTED_EDGE('',*,*,#2127,.T.);
#2127 = EDGE_CURVE('',#2128,#384,#2130,.T.);
#2128 = VERTEX_POINT('',#2129);
#2129 = CARTESIAN_POINT('',(-92.,5.,67.5));
#2130 = SURFACE_CURVE('',#2131,(#2135,#2142),.PCURVE_S1.);
#2131 = LINE('',#2132,#2133);
#2132 = CARTESIAN_POINT('',(-92.,5.,67.5));
#2133 = VECTOR('',#2134,1.);
#2134 = DIRECTION('',(0.,0.,1.));
#2135 = PCURVE('',#427,#2136);
#2136 = DEFINITIONAL_REPRESENTATION('',(#2137),#2141);
#2137 = LINE('',#2138,#2139);
#2138 = CARTESIAN_POINT('',(0.,-0.));
#2139 = VECTOR('',#2140,1.);
#2140 = DIRECTION('',(0.,-1.));
#2141 = ( GEOMETRIC_REPRESENTATION_CONTEXT(2) 
PARAMETRIC_REPRESENTATION_CONTEXT() REPRESENTATION_CONTEXT('2D SPACE',''
  ) );
#2142 = PCURVE('',#399,#2143);
#2143 = DEFINITIONAL_REPRESENTATION('',(#2144),#2148);
#2144 = LINE('',#2145,#2146);
#2145 = CARTESIAN_POINT('',(10.,0.));
#2146 = VECTOR('',#2147,1.);
#2147 = DIRECTION('',(0.,-1.));
#2148 = ( GEOMETRIC_REPRESENTATION_CONTEXT(2) 
PARAMETRIC_REPRESENTATION_CONTEXT() REPRESENTATION_CONTEXT('2D SPACE',''
  ) );
#2149 = ORIENTED_EDGE('',*,*,#411,.T.);
#2150 = ORIENTED_EDGE('',*,*,#2079,.F.);
#2151 = ORIENTED_EDGE('',*,*,#2152,.F.);
#2152 = EDGE_CURVE('',#2128,#2080,#2153,.T.);
#2153 = SURFACE_CURVE('',#2154,(#2158,#2165),.PCURVE_S1.);
#2154 = LINE('',#2155,#2156);
#2155 = CARTESIAN_POINT('',(-92.,5.,67.5));
#2156 = VECTOR('',#2157,1.);
#2157 = DIRECTION('',(-1.,0.,0.));
#2158 = PCURVE('',#427,#2159);
#2159 = DEFINITIONAL_REPRESENTATION('',(#2160),#2164);
#2160 = LINE('',#2161,#2162);
#2161 = CARTESIAN_POINT('',(0.,-0.));
#2162 = VECTOR('',#2163,1.);
#2163 = DIRECTION('',(1.,0.));
#2164 = ( GEOMETRIC_REPRESENTATION_CONTEXT(2) 
PARAMETRIC_REPRESENTATION_CONTEXT() REPRESENTATION_CONTEXT('2D SPACE',''
  ) );
#2165 = PCURVE('',#1614,#2166);
#2166 = DEFINITIONAL_REPRESENTATION('',(#2167),#2171);
#2167 = LINE('',#2168,#2169);
#2168 = CARTESIAN_POINT('',(-92.,5.));
#2169 = VECTOR('',#2170,1.);
#2170 = DIRECTION('',(-1.,0.));
#2171 = ( GEOMETRIC_REPRESENTATION_CONTEXT(2) 
PARAMETRIC_REPRESENTATION_CONTEXT() REPRESENTATION_CONTEXT('2D SPACE',''
  ) );
#2172 = ADVANCED_FACE('',(#2173),#399,.F.);
#2173 = FACE_BOUND('',#2174,.F.);
#2174 = EDGE_LOOP('',(#2175,#2198,#2217,#2218));
#2175 = ORIENTED_EDGE('',*,*,#2176,.F.);
#2176 = EDGE_CURVE('',#2177,#2128,#2179,.T.);
#2177 = VERTEX_POINT('',#2178);
#2178 = CARTESIAN_POINT('',(-92.,0.,67.5));
#2179 = SURFACE_CURVE('',#2180,(#2184,#2191),.PCURVE_S1.);
#2180 = LINE('',#2181,#2182);
#2181 = CARTESIAN_POINT('',(-92.,-5.,67.5));
#2182 = VECTOR('',#2183,1.);
#2183 = DIRECTION('',(0.,1.,0.));
#2184 = PCURVE('',#399,#2185);
#2185 = DEFINITIONAL_REPRESENTATION('',(#2186),#2190);
#2186 = LINE('',#2187,#2188);
#2187 = CARTESIAN_POINT('',(0.,0.));
#2188 = VECTOR('',#2189,1.);
#2189 = DIRECTION('',(1.,0.));
#2190 = ( GEOMETRIC_REPRESENTATION_CONTEXT(2) 
PARAMETRIC_REPRESENTATION_CONTEXT() REPRESENTATION_CONTEXT('2D SPACE',''
  ) );
#2191 = PCURVE('',#1614,#2192);
#2192 = DEFINITIONAL_REPRESENTATION('',(#2193),#2197);
#2193 = LINE('',#2194,#2195);
#2194 = CARTESIAN_POINT('',(-92.,-5.));
#2195 = VECTOR('',#2196,1.);
#2196 = DIRECTION('',(0.,1.));
#2197 = ( GEOMETRIC_REPRESENTATION_CONTEXT(2) 
PARAMETRIC_REPRESENTATION_CONTEXT() REPRESENTATION_CONTEXT('2D SPACE',''
  ) );
#2198 = ORIENTED_EDGE('',*,*,#2199,.F.);
#2199 = EDGE_CURVE('',#358,#2177,#2200,.T.);
#2200 = SURFACE_CURVE('',#2201,(#2205,#2211),.PCURVE_S1.);
#2201 = LINE('',#2202,#2203);
#2202 = CARTESIAN_POINT('',(-92.,0.,23.75));
#2203 = VECTOR('',#2204,1.);
#2204 = DIRECTION('',(0.,0.,-1.));
#2205 = PCURVE('',#399,#2206);
#2206 = DEFINITIONAL_REPRESENTATION('',(#2207),#2210);
#2207 = B_SPLINE_CURVE_WITH_KNOTS('',1,(#2208,#2209),.UNSPECIFIED.,.F.,
  .F.,(2,2),(-46.55,-43.75),.PIECEWISE_BEZIER_KNOTS.);
#2208 = CARTESIAN_POINT('',(5.,-2.8));
#2209 = CARTESIAN_POINT('',(5.,0.));
#2210 = ( GEOMETRIC_REPRESENTATION_CONTEXT(2) 
PARAMETRIC_REPRESENTATION_CONTEXT() REPRESENTATION_CONTEXT('2D SPACE',''
  ) );
#2211 = PCURVE('',#372,#2212);
#2212 = DEFINITIONAL_REPRESENTATION('',(#2213),#2216);
#2213 = B_SPLINE_CURVE_WITH_KNOTS('',1,(#2214,#2215),.UNSPECIFIED.,.F.,
  .F.,(2,2),(-46.55,-43.75),.PIECEWISE_BEZIER_KNOTS.);
#2214 = CARTESIAN_POINT('',(90.3,211.12));
#2215 = CARTESIAN_POINT('',(87.5,211.12));
#2216 = ( GEOMETRIC_REPRESENTATION_CONTEXT(2) 
PARAMETRIC_REPRESENTATION_CONTEXT() REPRESENTATION_CONTEXT('2D SPACE',''
  ) );
#2217 = ORIENTED_EDGE('',*,*,#383,.T.);
#2218 = ORIENTED_EDGE('',*,*,#2127,.F.);
#2219 = ADVANCED_FACE('',(#2220),#372,.F.);
#2220 = FACE_BOUND('',#2221,.F.);
#2221 = EDGE_LOOP('',(#2222,#2243,#2264,#2265));
#2222 = ORIENTED_EDGE('',*,*,#2223,.T.);
#2223 = EDGE_CURVE('',#2177,#2224,#2226,.T.);
#2224 = VERTEX_POINT('',#2225);
#2225 = CARTESIAN_POINT('',(-128.3,0.,67.5));
#2226 = SURFACE_CURVE('',#2227,(#2231,#2237),.PCURVE_S1.);
#2227 = LINE('',#2228,#2229);
#2228 = CARTESIAN_POINT('',(-151.56,0.,67.5));
#2229 = VECTOR('',#2230,1.);
#2230 = DIRECTION('',(-1.,0.,0.));
#2231 = PCURVE('',#372,#2232);
#2232 = DEFINITIONAL_REPRESENTATION('',(#2233),#2236);
#2233 = B_SPLINE_CURVE_WITH_KNOTS('',1,(#2234,#2235),.UNSPECIFIED.,.F.,
  .F.,(2,2),(-151.56,138.56),.PIECEWISE_BEZIER_KNOTS.);
#2234 = CARTESIAN_POINT('',(87.5,303.12));
#2235 = CARTESIAN_POINT('',(87.5,13.));
#2236 = ( GEOMETRIC_REPRESENTATION_CONTEXT(2) 
PARAMETRIC_REPRESENTATION_CONTEXT() REPRESENTATION_CONTEXT('2D SPACE',''
  ) );
#2237 = PCURVE('',#1614,#2238);
#2238 = DEFINITIONAL_REPRESENTATION('',(#2239),#2242);
#2239 = B_SPLINE_CURVE_WITH_KNOTS('',1,(#2240,#2241),.UNSPECIFIED.,.F.,
  .F.,(2,2),(-151.56,138.56),.PIECEWISE_BEZIER_KNOTS.);
#2240 = CARTESIAN_POINT('',(0.,7.348412966028E-15));
#2241 = CARTESIAN_POINT('',(-290.12,7.348412966028E-15));
#2242 = ( GEOMETRIC_REPRESENTATION_CONTEXT(2) 
PARAMETRIC_REPRESENTATION_CONTEXT() REPRESENTATION_CONTEXT('2D SPACE',''
  ) );
#2243 = ORIENTED_EDGE('',*,*,#2244,.T.);
#2244 = EDGE_CURVE('',#2224,#325,#2245,.T.);
#2245 = SURFACE_CURVE('',#2246,(#2250,#2257),.PCURVE_S1.);
#2246 = LINE('',#2247,#2248);
#2247 = CARTESIAN_POINT('',(-128.3,0.,66.5));
#2248 = VECTOR('',#2249,1.);
#2249 = DIRECTION('',(0.,0.,1.));
#2250 = PCURVE('',#372,#2251);
#2251 = DEFINITIONAL_REPRESENTATION('',(#2252),#2256);
#2252 = LINE('',#2253,#2254);
#2253 = CARTESIAN_POINT('',(86.5,174.82));
#2254 = VECTOR('',#2255,1.);
#2255 = DIRECTION('',(1.,0.));
#2256 = ( GEOMETRIC_REPRESENTATION_CONTEXT(2) 
PARAMETRIC_REPRESENTATION_CONTEXT() REPRESENTATION_CONTEXT('2D SPACE',''
  ) );
#2257 = PCURVE('',#345,#2258);
#2258 = DEFINITIONAL_REPRESENTATION('',(#2259),#2263);
#2259 = LINE('',#2260,#2261);
#2260 = CARTESIAN_POINT('',(-0.,0.));
#2261 = VECTOR('',#2262,1.);
#2262 = DIRECTION('',(-0.,-1.));
#2263 = ( GEOMETRIC_REPRESENTATION_CONTEXT(2) 
PARAMETRIC_REPRESENTATION_CONTEXT() REPRESENTATION_CONTEXT('2D SPACE',''
  ) );
#2264 = ORIENTED_EDGE('',*,*,#357,.F.);
#2265 = ORIENTED_EDGE('',*,*,#2199,.T.);
#2266 = ADVANCED_FACE('',(#2267),#345,.F.);
#2267 = FACE_BOUND('',#2268,.T.);
#2268 = EDGE_LOOP('',(#2269,#2297,#2298,#2299));
#2269 = ORIENTED_EDGE('',*,*,#2270,.T.);
#2270 = EDGE_CURVE('',#2271,#2224,#2273,.T.);
#2271 = VERTEX_POINT('',#2272);
#2272 = CARTESIAN_POINT('',(-131.7,-2.081899558551E-16,67.5));
#2273 = SURFACE_CURVE('',#2274,(#2279,#2286),.PCURVE_S1.);
#2274 = CIRCLE('',#2275,1.7);
#2275 = AXIS2_PLACEMENT_3D('',#2276,#2277,#2278);
#2276 = CARTESIAN_POINT('',(-130.,0.,67.5));
#2277 = DIRECTION('',(0.,0.,-1.));
#2278 = DIRECTION('',(1.,0.,0.));
#2279 = PCURVE('',#345,#2280);
#2280 = DEFINITIONAL_REPRESENTATION('',(#2281),#2285);
#2281 = LINE('',#2282,#2283);
#2282 = CARTESIAN_POINT('',(-6.28318530718,-1.));
#2283 = VECTOR('',#2284,1.);
#2284 = DIRECTION('',(1.,-0.));
#2285 = ( GEOMETRIC_REPRESENTATION_CONTEXT(2) 
PARAMETRIC_REPRESENTATION_CONTEXT() REPRESENTATION_CONTEXT('2D SPACE',''
  ) );
#2286 = PCURVE('',#1614,#2287);
#2287 = DEFINITIONAL_REPRESENTATION('',(#2288),#2296);
#2288 = ( BOUNDED_CURVE() B_SPLINE_CURVE(2,(#2289,#2290,#2291,#2292,
#2293,#2294,#2295),.UNSPECIFIED.,.T.,.F.) B_SPLINE_CURVE_WITH_KNOTS((1,2
    ,2,2,2,1),(-2.094395102393,0.,2.094395102393,4.188790204786,
6.28318530718,8.377580409573),.UNSPECIFIED.) CURVE() 
GEOMETRIC_REPRESENTATION_ITEM() RATIONAL_B_SPLINE_CURVE((1.,0.5,1.,0.5,
1.,0.5,1.)) REPRESENTATION_ITEM('') );
#2289 = CARTESIAN_POINT('',(-128.3,7.348412966028E-15));
#2290 = CARTESIAN_POINT('',(-128.3,-2.944486372867));
#2291 = CARTESIAN_POINT('',(-130.85,-1.472243186434));
#2292 = CARTESIAN_POINT('',(-133.4,6.932033054318E-15));
#2293 = CARTESIAN_POINT('',(-130.85,1.472243186434));
#2294 = CARTESIAN_POINT('',(-128.3,2.944486372867));
#2295 = CARTESIAN_POINT('',(-128.3,7.348412966028E-15));
#2296 = ( GEOMETRIC_REPRESENTATION_CONTEXT(2) 
PARAMETRIC_REPRESENTATION_CONTEXT() REPRESENTATION_CONTEXT('2D SPACE',''
  ) );
#2297 = ORIENTED_EDGE('',*,*,#2244,.T.);
#2298 = ORIENTED_EDGE('',*,*,#324,.F.);
#2299 = ORIENTED_EDGE('',*,*,#2300,.T.);
#2300 = EDGE_CURVE('',#299,#2271,#2301,.T.);
#2301 = SURFACE_CURVE('',#2302,(#2306,#2312),.PCURVE_S1.);
#2302 = LINE('',#2303,#2304);
#2303 = CARTESIAN_POINT('',(-131.7,0.,66.5));
#2304 = VECTOR('',#2305,1.);
#2305 = DIRECTION('',(-0.,-0.,-1.));
#2306 = PCURVE('',#345,#2307);
#2307 = DEFINITIONAL_REPRESENTATION('',(#2308),#2311);
#2308 = B_SPLINE_CURVE_WITH_KNOTS('',1,(#2309,#2310),.UNSPECIFIED.,.F.,
  .F.,(2,2),(-3.8000006,-0.9999994),.PIECEWISE_BEZIER_KNOTS.);
#2309 = CARTESIAN_POINT('',(-3.14159265359,-3.8000006));
#2310 = CARTESIAN_POINT('',(-3.14159265359,-0.9999994));
#2311 = ( GEOMETRIC_REPRESENTATION_CONTEXT(2) 
PARAMETRIC_REPRESENTATION_CONTEXT() REPRESENTATION_CONTEXT('2D SPACE',''
  ) );
#2312 = PCURVE('',#313,#2313);
#2313 = DEFINITIONAL_REPRESENTATION('',(#2314),#2317);
#2314 = B_SPLINE_CURVE_WITH_KNOTS('',1,(#2315,#2316),.UNSPECIFIED.,.F.,
  .F.,(2,2),(-3.8000006,-0.9999994),.PIECEWISE_BEZIER_KNOTS.);
#2315 = CARTESIAN_POINT('',(90.3000006,171.42));
#2316 = CARTESIAN_POINT('',(87.4999994,171.42));
#2317 = ( GEOMETRIC_REPRESENTATION_CONTEXT(2) 
PARAMETRIC_REPRESENTATION_CONTEXT() REPRESENTATION_CONTEXT('2D SPACE',''
  ) );
#2318 = ADVANCED_FACE('',(#2319),#313,.F.);
#2319 = FACE_BOUND('',#2320,.F.);
#2320 = EDGE_LOOP('',(#2321,#2342,#2363,#2364));
#2321 = ORIENTED_EDGE('',*,*,#2322,.T.);
#2322 = EDGE_CURVE('',#2271,#2323,#2325,.T.);
#2323 = VERTEX_POINT('',#2324);
#2324 = CARTESIAN_POINT('',(-228.3,0.,67.5));
#2325 = SURFACE_CURVE('',#2326,(#2330,#2336),.PCURVE_S1.);
#2326 = LINE('',#2327,#2328);
#2327 = CARTESIAN_POINT('',(-151.56,0.,67.5));
#2328 = VECTOR('',#2329,1.);
#2329 = DIRECTION('',(-1.,0.,0.));
#2330 = PCURVE('',#313,#2331);
#2331 = DEFINITIONAL_REPRESENTATION('',(#2332),#2335);
#2332 = B_SPLINE_CURVE_WITH_KNOTS('',1,(#2333,#2334),.UNSPECIFIED.,.F.,
  .F.,(2,2),(-151.56,138.56),.PIECEWISE_BEZIER_KNOTS.);
#2333 = CARTESIAN_POINT('',(87.5,303.12));
#2334 = CARTESIAN_POINT('',(87.5,13.));
#2335 = ( GEOMETRIC_REPRESENTATION_CONTEXT(2) 
PARAMETRIC_REPRESENTATION_CONTEXT() REPRESENTATION_CONTEXT('2D SPACE',''
  ) );
#2336 = PCURVE('',#1614,#2337);
#2337 = DEFINITIONAL_REPRESENTATION('',(#2338),#2341);
#2338 = B_SPLINE_CURVE_WITH_KNOTS('',1,(#2339,#2340),.UNSPECIFIED.,.F.,
  .F.,(2,2),(-151.56,138.56),.PIECEWISE_BEZIER_KNOTS.);
#2339 = CARTESIAN_POINT('',(0.,7.348412966028E-15));
#2340 = CARTESIAN_POINT('',(-290.12,7.348412966028E-15));
#2341 = ( GEOMETRIC_REPRESENTATION_CONTEXT(2) 
PARAMETRIC_REPRESENTATION_CONTEXT() REPRESENTATION_CONTEXT('2D SPACE',''
  ) );
#2342 = ORIENTED_EDGE('',*,*,#2343,.T.);
#2343 = EDGE_CURVE('',#2323,#266,#2344,.T.);
#2344 = SURFACE_CURVE('',#2345,(#2349,#2356),.PCURVE_S1.);
#2345 = LINE('',#2346,#2347);
#2346 = CARTESIAN_POINT('',(-228.3,0.,66.5));
#2347 = VECTOR('',#2348,1.);
#2348 = DIRECTION('',(0.,0.,1.));
#2349 = PCURVE('',#313,#2350);
#2350 = DEFINITIONAL_REPRESENTATION('',(#2351),#2355);
#2351 = LINE('',#2352,#2353);
#2352 = CARTESIAN_POINT('',(86.5,74.82));
#2353 = VECTOR('',#2354,1.);
#2354 = DIRECTION('',(1.,0.));
#2355 = ( GEOMETRIC_REPRESENTATION_CONTEXT(2) 
PARAMETRIC_REPRESENTATION_CONTEXT() REPRESENTATION_CONTEXT('2D SPACE',''
  ) );
#2356 = PCURVE('',#286,#2357);
#2357 = DEFINITIONAL_REPRESENTATION('',(#2358),#2362);
#2358 = LINE('',#2359,#2360);
#2359 = CARTESIAN_POINT('',(-0.,0.));
#2360 = VECTOR('',#2361,1.);
#2361 = DIRECTION('',(-0.,-1.));
#2362 = ( GEOMETRIC_REPRESENTATION_CONTEXT(2) 
PARAMETRIC_REPRESENTATION_CONTEXT() REPRESENTATION_CONTEXT('2D SPACE',''
  ) );
#2363 = ORIENTED_EDGE('',*,*,#298,.F.);
#2364 = ORIENTED_EDGE('',*,*,#2300,.T.);
#2365 = ADVANCED_FACE('',(#2366),#286,.F.);
#2366 = FACE_BOUND('',#2367,.T.);
#2367 = EDGE_LOOP('',(#2368,#2394,#2395,#2396));
#2368 = ORIENTED_EDGE('',*,*,#2369,.T.);
#2369 = EDGE_CURVE('',#1579,#2323,#2370,.T.);
#2370 = SURFACE_CURVE('',#2371,(#2376,#2383),.PCURVE_S1.);
#2371 = CIRCLE('',#2372,1.7);
#2372 = AXIS2_PLACEMENT_3D('',#2373,#2374,#2375);
#2373 = CARTESIAN_POINT('',(-230.,0.,67.5));
#2374 = DIRECTION('',(0.,0.,-1.));
#2375 = DIRECTION('',(1.,0.,0.));
#2376 = PCURVE('',#286,#2377);
#2377 = DEFINITIONAL_REPRESENTATION('',(#2378),#2382);
#2378 = LINE('',#2379,#2380);
#2379 = CARTESIAN_POINT('',(-6.28318530718,-1.));
#2380 = VECTOR('',#2381,1.);
#2381 = DIRECTION('',(1.,-0.));
#2382 = ( GEOMETRIC_REPRESENTATION_CONTEXT(2) 
PARAMETRIC_REPRESENTATION_CONTEXT() REPRESENTATION_CONTEXT('2D SPACE',''
  ) );
#2383 = PCURVE('',#1614,#2384);
#2384 = DEFINITIONAL_REPRESENTATION('',(#2385),#2393);
#2385 = ( BOUNDED_CURVE() B_SPLINE_CURVE(2,(#2386,#2387,#2388,#2389,
#2390,#2391,#2392),.UNSPECIFIED.,.T.,.F.) B_SPLINE_CURVE_WITH_KNOTS((1,2
    ,2,2,2,1),(-2.094395102393,0.,2.094395102393,4.188790204786,
6.28318530718,8.377580409573),.UNSPECIFIED.) CURVE() 
GEOMETRIC_REPRESENTATION_ITEM() RATIONAL_B_SPLINE_CURVE((1.,0.5,1.,0.5,
1.,0.5,1.)) REPRESENTATION_ITEM('') );
#2386 = CARTESIAN_POINT('',(-228.3,7.348412966028E-15));
#2387 = CARTESIAN_POINT('',(-228.3,-2.944486372867));
#2388 = CARTESIAN_POINT('',(-230.85,-1.472243186434));
#2389 = CARTESIAN_POINT('',(-233.4,6.932033054318E-15));
#2390 = CARTESIAN_POINT('',(-230.85,1.472243186434));
#2391 = CARTESIAN_POINT('',(-228.3,2.944486372867));
#2392 = CARTESIAN_POINT('',(-228.3,7.348412966028E-15));
#2393 = ( GEOMETRIC_REPRESENTATION_CONTEXT(2) 
PARAMETRIC_REPRESENTATION_CONTEXT() REPRESENTATION_CONTEXT('2D SPACE',''
  ) );
#2394 = ORIENTED_EDGE('',*,*,#2343,.T.);
#2395 = ORIENTED_EDGE('',*,*,#265,.F.);
#2396 = ORIENTED_EDGE('',*,*,#1578,.T.);
#2397 = ADVANCED_FACE('',(#2398),#1045,.F.);
#2398 = FACE_BOUND('',#2399,.F.);
#2399 = EDGE_LOOP('',(#2400,#2401,#2402,#2425));
#2400 = ORIENTED_EDGE('',*,*,#1029,.F.);
#2401 = ORIENTED_EDGE('',*,*,#1228,.T.);
#2402 = ORIENTED_EDGE('',*,*,#2403,.T.);
#2403 = EDGE_CURVE('',#1201,#2404,#2406,.T.);
#2404 = VERTEX_POINT('',#2405);
#2405 = CARTESIAN_POINT('',(-251.,207.95,10.));
#2406 = SURFACE_CURVE('',#2407,(#2411,#2418),.PCURVE_S1.);
#2407 = LINE('',#2408,#2409);
#2408 = CARTESIAN_POINT('',(-251.,207.95,0.));
#2409 = VECTOR('',#2410,1.);
#2410 = DIRECTION('',(0.,0.,1.));
#2411 = PCURVE('',#1045,#2412);
#2412 = DEFINITIONAL_REPRESENTATION('',(#2413),#2417);
#2413 = LINE('',#2414,#2415);
#2414 = CARTESIAN_POINT('',(0.,-6.));
#2415 = VECTOR('',#2416,1.);
#2416 = DIRECTION('',(1.,0.));
#2417 = ( GEOMETRIC_REPRESENTATION_CONTEXT(2) 
PARAMETRIC_REPRESENTATION_CONTEXT() REPRESENTATION_CONTEXT('2D SPACE',''
  ) );
#2418 = PCURVE('',#1216,#2419);
#2419 = DEFINITIONAL_REPRESENTATION('',(#2420),#2424);
#2420 = LINE('',#2421,#2422);
#2421 = CARTESIAN_POINT('',(0.,0.));
#2422 = VECTOR('',#2423,1.);
#2423 = DIRECTION('',(1.,0.));
#2424 = ( GEOMETRIC_REPRESENTATION_CONTEXT(2) 
PARAMETRIC_REPRESENTATION_CONTEXT() REPRESENTATION_CONTEXT('2D SPACE',''
  ) );
#2425 = ORIENTED_EDGE('',*,*,#2426,.F.);
#2426 = EDGE_CURVE('',#1002,#2404,#2427,.T.);
#2427 = SURFACE_CURVE('',#2428,(#2432,#2439),.PCURVE_S1.);
#2428 = LINE('',#2429,#2430);
#2429 = CARTESIAN_POINT('',(-251.,201.95,10.));
#2430 = VECTOR('',#2431,1.);
#2431 = DIRECTION('',(0.,1.,0.));
#2432 = PCURVE('',#1045,#2433);
#2433 = DEFINITIONAL_REPRESENTATION('',(#2434),#2438);
#2434 = LINE('',#2435,#2436);
#2435 = CARTESIAN_POINT('',(10.,0.));
#2436 = VECTOR('',#2437,1.);
#2437 = DIRECTION('',(0.,-1.));
#2438 = ( GEOMETRIC_REPRESENTATION_CONTEXT(2) 
PARAMETRIC_REPRESENTATION_CONTEXT() REPRESENTATION_CONTEXT('2D SPACE',''
  ) );
#2439 = PCURVE('',#1017,#2440);
#2440 = DEFINITIONAL_REPRESENTATION('',(#2441),#2445);
#2441 = LINE('',#2442,#2443);
#2442 = CARTESIAN_POINT('',(0.,0.));
#2443 = VECTOR('',#2444,1.);
#2444 = DIRECTION('',(0.,1.));
#2445 = ( GEOMETRIC_REPRESENTATION_CONTEXT(2) 
PARAMETRIC_REPRESENTATION_CONTEXT() REPRESENTATION_CONTEXT('2D SPACE',''
  ) );
#2446 = ADVANCED_FACE('',(#2447),#1017,.T.);
#2447 = FACE_BOUND('',#2448,.T.);
#2448 = EDGE_LOOP('',(#2449,#2450,#2451,#2474));
#2449 = ORIENTED_EDGE('',*,*,#2426,.F.);
#2450 = ORIENTED_EDGE('',*,*,#1001,.T.);
#2451 = ORIENTED_EDGE('',*,*,#2452,.T.);
#2452 = EDGE_CURVE('',#974,#2453,#2455,.T.);
#2453 = VERTEX_POINT('',#2454);
#2454 = CARTESIAN_POINT('',(-229.,207.95,10.));
#2455 = SURFACE_CURVE('',#2456,(#2460,#2467),.PCURVE_S1.);
#2456 = LINE('',#2457,#2458);
#2457 = CARTESIAN_POINT('',(-229.,201.95,10.));
#2458 = VECTOR('',#2459,1.);
#2459 = DIRECTION('',(0.,1.,0.));
#2460 = PCURVE('',#1017,#2461);
#2461 = DEFINITIONAL_REPRESENTATION('',(#2462),#2466);
#2462 = LINE('',#2463,#2464);
#2463 = CARTESIAN_POINT('',(22.,0.));
#2464 = VECTOR('',#2465,1.);
#2465 = DIRECTION('',(0.,1.));
#2466 = ( GEOMETRIC_REPRESENTATION_CONTEXT(2) 
PARAMETRIC_REPRESENTATION_CONTEXT() REPRESENTATION_CONTEXT('2D SPACE',''
  ) );
#2467 = PCURVE('',#989,#2468);
#2468 = DEFINITIONAL_REPRESENTATION('',(#2469),#2473);
#2469 = LINE('',#2470,#2471);
#2470 = CARTESIAN_POINT('',(10.,0.));
#2471 = VECTOR('',#2472,1.);
#2472 = DIRECTION('',(0.,-1.));
#2473 = ( GEOMETRIC_REPRESENTATION_CONTEXT(2) 
PARAMETRIC_REPRESENTATION_CONTEXT() REPRESENTATION_CONTEXT('2D SPACE',''
  ) );
#2474 = ORIENTED_EDGE('',*,*,#2475,.F.);
#2475 = EDGE_CURVE('',#2404,#2453,#2476,.T.);
#2476 = SURFACE_CURVE('',#2477,(#2481,#2488),.PCURVE_S1.);
#2477 = LINE('',#2478,#2479);
#2478 = CARTESIAN_POINT('',(-251.,207.95,10.));
#2479 = VECTOR('',#2480,1.);
#2480 = DIRECTION('',(1.,0.,0.));
#2481 = PCURVE('',#1017,#2482);
#2482 = DEFINITIONAL_REPRESENTATION('',(#2483),#2487);
#2483 = LINE('',#2484,#2485);
#2484 = CARTESIAN_POINT('',(0.,6.));
#2485 = VECTOR('',#2486,1.);
#2486 = DIRECTION('',(1.,0.));
#2487 = ( GEOMETRIC_REPRESENTATION_CONTEXT(2) 
PARAMETRIC_REPRESENTATION_CONTEXT() REPRESENTATION_CONTEXT('2D SPACE',''
  ) );
#2488 = PCURVE('',#1216,#2489);
#2489 = DEFINITIONAL_REPRESENTATION('',(#2490),#2494);
#2490 = LINE('',#2491,#2492);
#2491 = CARTESIAN_POINT('',(10.,0.));
#2492 = VECTOR('',#2493,1.);
#2493 = DIRECTION('',(0.,1.));
#2494 = ( GEOMETRIC_REPRESENTATION_CONTEXT(2) 
PARAMETRIC_REPRESENTATION_CONTEXT() REPRESENTATION_CONTEXT('2D SPACE',''
  ) );
#2495 = ADVANCED_FACE('',(#2496),#989,.T.);
#2496 = FACE_BOUND('',#2497,.T.);
#2497 = EDGE_LOOP('',(#2498,#2499,#2500,#2521));
#2498 = ORIENTED_EDGE('',*,*,#973,.F.);
#2499 = ORIENTED_EDGE('',*,*,#1177,.T.);
#2500 = ORIENTED_EDGE('',*,*,#2501,.T.);
#2501 = EDGE_CURVE('',#1178,#2453,#2502,.T.);
#2502 = SURFACE_CURVE('',#2503,(#2507,#2514),.PCURVE_S1.);
#2503 = LINE('',#2504,#2505);
#2504 = CARTESIAN_POINT('',(-229.,207.95,0.));
#2505 = VECTOR('',#2506,1.);
#2506 = DIRECTION('',(0.,0.,1.));
#2507 = PCURVE('',#989,#2508);
#2508 = DEFINITIONAL_REPRESENTATION('',(#2509),#2513);
#2509 = LINE('',#2510,#2511);
#2510 = CARTESIAN_POINT('',(0.,-6.));
#2511 = VECTOR('',#2512,1.);
#2512 = DIRECTION('',(1.,0.));
#2513 = ( GEOMETRIC_REPRESENTATION_CONTEXT(2) 
PARAMETRIC_REPRESENTATION_CONTEXT() REPRESENTATION_CONTEXT('2D SPACE',''
  ) );
#2514 = PCURVE('',#1216,#2515);
#2515 = DEFINITIONAL_REPRESENTATION('',(#2516),#2520);
#2516 = LINE('',#2517,#2518);
#2517 = CARTESIAN_POINT('',(0.,22.));
#2518 = VECTOR('',#2519,1.);
#2519 = DIRECTION('',(1.,0.));
#2520 = ( GEOMETRIC_REPRESENTATION_CONTEXT(2) 
PARAMETRIC_REPRESENTATION_CONTEXT() REPRESENTATION_CONTEXT('2D SPACE',''
  ) );
#2521 = ORIENTED_EDGE('',*,*,#2452,.F.);
#2522 = ADVANCED_FACE('',(#2523),#938,.F.);
#2523 = FACE_BOUND('',#2524,.F.);
#2524 = EDGE_LOOP('',(#2525,#2526,#2527,#2550));
#2525 = ORIENTED_EDGE('',*,*,#922,.F.);
#2526 = ORIENTED_EDGE('',*,*,#1155,.T.);
#2527 = ORIENTED_EDGE('',*,*,#2528,.T.);
#2528 = EDGE_CURVE('',#1128,#2529,#2531,.T.);
#2529 = VERTEX_POINT('',#2530);
#2530 = CARTESIAN_POINT('',(-121.,207.95,10.));
#2531 = SURFACE_CURVE('',#2532,(#2536,#2543),.PCURVE_S1.);
#2532 = LINE('',#2533,#2534);
#2533 = CARTESIAN_POINT('',(-121.,207.95,0.));
#2534 = VECTOR('',#2535,1.);
#2535 = DIRECTION('',(0.,0.,1.));
#2536 = PCURVE('',#938,#2537);
#2537 = DEFINITIONAL_REPRESENTATION('',(#2538),#2542);
#2538 = LINE('',#2539,#2540);
#2539 = CARTESIAN_POINT('',(0.,-6.));
#2540 = VECTOR('',#2541,1.);
#2541 = DIRECTION('',(1.,0.));
#2542 = ( GEOMETRIC_REPRESENTATION_CONTEXT(2) 
PARAMETRIC_REPRESENTATION_CONTEXT() REPRESENTATION_CONTEXT('2D SPACE',''
  ) );
#2543 = PCURVE('',#1143,#2544);
#2544 = DEFINITIONAL_REPRESENTATION('',(#2545),#2549);
#2545 = LINE('',#2546,#2547);
#2546 = CARTESIAN_POINT('',(0.,0.));
#2547 = VECTOR('',#2548,1.);
#2548 = DIRECTION('',(1.,0.));
#2549 = ( GEOMETRIC_REPRESENTATION_CONTEXT(2) 
PARAMETRIC_REPRESENTATION_CONTEXT() REPRESENTATION_CONTEXT('2D SPACE',''
  ) );
#2550 = ORIENTED_EDGE('',*,*,#2551,.F.);
#2551 = EDGE_CURVE('',#895,#2529,#2552,.T.);
#2552 = SURFACE_CURVE('',#2553,(#2557,#2564),.PCURVE_S1.);
#2553 = LINE('',#2554,#2555);
#2554 = CARTESIAN_POINT('',(-121.,201.95,10.));
#2555 = VECTOR('',#2556,1.);
#2556 = DIRECTION('',(0.,1.,0.));
#2557 = PCURVE('',#938,#2558);
#2558 = DEFINITIONAL_REPRESENTATION('',(#2559),#2563);
#2559 = LINE('',#2560,#2561);
#2560 = CARTESIAN_POINT('',(10.,0.));
#2561 = VECTOR('',#2562,1.);
#2562 = DIRECTION('',(0.,-1.));
#2563 = ( GEOMETRIC_REPRESENTATION_CONTEXT(2) 
PARAMETRIC_REPRESENTATION_CONTEXT() REPRESENTATION_CONTEXT('2D SPACE',''
  ) );
#2564 = PCURVE('',#910,#2565);
#2565 = DEFINITIONAL_REPRESENTATION('',(#2566),#2570);
#2566 = LINE('',#2567,#2568);
#2567 = CARTESIAN_POINT('',(0.,0.));
#2568 = VECTOR('',#2569,1.);
#2569 = DIRECTION('',(0.,1.));
#2570 = ( GEOMETRIC_REPRESENTATION_CONTEXT(2) 
PARAMETRIC_REPRESENTATION_CONTEXT() REPRESENTATION_CONTEXT('2D SPACE',''
  ) );
#2571 = ADVANCED_FACE('',(#2572),#910,.T.);
#2572 = FACE_BOUND('',#2573,.T.);
#2573 = EDGE_LOOP('',(#2574,#2575,#2576,#2599));
#2574 = ORIENTED_EDGE('',*,*,#2551,.F.);
#2575 = ORIENTED_EDGE('',*,*,#894,.T.);
#2576 = ORIENTED_EDGE('',*,*,#2577,.T.);
#2577 = EDGE_CURVE('',#867,#2578,#2580,.T.);
#2578 = VERTEX_POINT('',#2579);
#2579 = CARTESIAN_POINT('',(-99.,207.95,10.));
#2580 = SURFACE_CURVE('',#2581,(#2585,#2592),.PCURVE_S1.);
#2581 = LINE('',#2582,#2583);
#2582 = CARTESIAN_POINT('',(-99.,201.95,10.));
#2583 = VECTOR('',#2584,1.);
#2584 = DIRECTION('',(0.,1.,0.));
#2585 = PCURVE('',#910,#2586);
#2586 = DEFINITIONAL_REPRESENTATION('',(#2587),#2591);
#2587 = LINE('',#2588,#2589);
#2588 = CARTESIAN_POINT('',(22.,0.));
#2589 = VECTOR('',#2590,1.);
#2590 = DIRECTION('',(0.,1.));
#2591 = ( GEOMETRIC_REPRESENTATION_CONTEXT(2) 
PARAMETRIC_REPRESENTATION_CONTEXT() REPRESENTATION_CONTEXT('2D SPACE',''
  ) );
#2592 = PCURVE('',#882,#2593);
#2593 = DEFINITIONAL_REPRESENTATION('',(#2594),#2598);
#2594 = LINE('',#2595,#2596);
#2595 = CARTESIAN_POINT('',(10.,0.));
#2596 = VECTOR('',#2597,1.);
#2597 = DIRECTION('',(0.,-1.));
#2598 = ( GEOMETRIC_REPRESENTATION_CONTEXT(2) 
PARAMETRIC_REPRESENTATION_CONTEXT() REPRESENTATION_CONTEXT('2D SPACE',''
  ) );
#2599 = ORIENTED_EDGE('',*,*,#2600,.F.);
#2600 = EDGE_CURVE('',#2529,#2578,#2601,.T.);
#2601 = SURFACE_CURVE('',#2602,(#2606,#2613),.PCURVE_S1.);
#2602 = LINE('',#2603,#2604);
#2603 = CARTESIAN_POINT('',(-121.,207.95,10.));
#2604 = VECTOR('',#2605,1.);
#2605 = DIRECTION('',(1.,0.,0.));
#2606 = PCURVE('',#910,#2607);
#2607 = DEFINITIONAL_REPRESENTATION('',(#2608),#2612);
#2608 = LINE('',#2609,#2610);
#2609 = CARTESIAN_POINT('',(0.,6.));
#2610 = VECTOR('',#2611,1.);
#2611 = DIRECTION('',(1.,0.));
#2612 = ( GEOMETRIC_REPRESENTATION_CONTEXT(2) 
PARAMETRIC_REPRESENTATION_CONTEXT() REPRESENTATION_CONTEXT('2D SPACE',''
  ) );
#2613 = PCURVE('',#1143,#2614);
#2614 = DEFINITIONAL_REPRESENTATION('',(#2615),#2619);
#2615 = LINE('',#2616,#2617);
#2616 = CARTESIAN_POINT('',(10.,0.));
#2617 = VECTOR('',#2618,1.);
#2618 = DIRECTION('',(0.,1.));
#2619 = ( GEOMETRIC_REPRESENTATION_CONTEXT(2) 
PARAMETRIC_REPRESENTATION_CONTEXT() REPRESENTATION_CONTEXT('2D SPACE',''
  ) );
#2620 = ADVANCED_FACE('',(#2621),#882,.T.);
#2621 = FACE_BOUND('',#2622,.T.);
#2622 = EDGE_LOOP('',(#2623,#2624,#2625,#2646));
#2623 = ORIENTED_EDGE('',*,*,#866,.F.);
#2624 = ORIENTED_EDGE('',*,*,#1104,.T.);
#2625 = ORIENTED_EDGE('',*,*,#2626,.T.);
#2626 = EDGE_CURVE('',#1105,#2578,#2627,.T.);
#2627 = SURFACE_CURVE('',#2628,(#2632,#2639),.PCURVE_S1.);
#2628 = LINE('',#2629,#2630);
#2629 = CARTESIAN_POINT('',(-99.,207.95,0.));
#2630 = VECTOR('',#2631,1.);
#2631 = DIRECTION('',(0.,0.,1.));
#2632 = PCURVE('',#882,#2633);
#2633 = DEFINITIONAL_REPRESENTATION('',(#2634),#2638);
#2634 = LINE('',#2635,#2636);
#2635 = CARTESIAN_POINT('',(0.,-6.));
#2636 = VECTOR('',#2637,1.);
#2637 = DIRECTION('',(1.,0.));
#2638 = ( GEOMETRIC_REPRESENTATION_CONTEXT(2) 
PARAMETRIC_REPRESENTATION_CONTEXT() REPRESENTATION_CONTEXT('2D SPACE',''
  ) );
#2639 = PCURVE('',#1143,#2640);
#2640 = DEFINITIONAL_REPRESENTATION('',(#2641),#2645);
#2641 = LINE('',#2642,#2643);
#2642 = CARTESIAN_POINT('',(0.,22.));
#2643 = VECTOR('',#2644,1.);
#2644 = DIRECTION('',(1.,0.));
#2645 = ( GEOMETRIC_REPRESENTATION_CONTEXT(2) 
PARAMETRIC_REPRESENTATION_CONTEXT() REPRESENTATION_CONTEXT('2D SPACE',''
  ) );
#2646 = ORIENTED_EDGE('',*,*,#2577,.F.);
#2647 = ADVANCED_FACE('',(#2648),#832,.T.);
#2648 = FACE_BOUND('',#2649,.T.);
#2649 = EDGE_LOOP('',(#2650,#2651,#2672,#2691));
#2650 = ORIENTED_EDGE('',*,*,#817,.F.);
#2651 = ORIENTED_EDGE('',*,*,#2652,.F.);
#2652 = EDGE_CURVE('',#2653,#792,#2655,.T.);
#2653 = VERTEX_POINT('',#2654);
#2654 = CARTESIAN_POINT('',(0.,198.95,16.));
#2655 = SURFACE_CURVE('',#2656,(#2660,#2666),.PCURVE_S1.);
#2656 = LINE('',#2657,#2658);
#2657 = CARTESIAN_POINT('',(0.,97.975,16.));
#2658 = VECTOR('',#2659,1.);
#2659 = DIRECTION('',(0.,1.,0.));
#2660 = PCURVE('',#832,#2661);
#2661 = DEFINITIONAL_REPRESENTATION('',(#2662),#2665);
#2662 = B_SPLINE_CURVE_WITH_KNOTS('',1,(#2663,#2664),.UNSPECIFIED.,.F.,
  .F.,(2,2),(100.975,103.975),.PIECEWISE_BEZIER_KNOTS.);
#2663 = CARTESIAN_POINT('',(36.,-198.95));
#2664 = CARTESIAN_POINT('',(36.,-201.95));
#2665 = ( GEOMETRIC_REPRESENTATION_CONTEXT(2) 
PARAMETRIC_REPRESENTATION_CONTEXT() REPRESENTATION_CONTEXT('2D SPACE',''
  ) );
#2666 = PCURVE('',#806,#2667);
#2667 = DEFINITIONAL_REPRESENTATION('',(#2668),#2671);
#2668 = B_SPLINE_CURVE_WITH_KNOTS('',1,(#2669,#2670),.UNSPECIFIED.,.F.,
  .F.,(2,2),(100.975,103.975),.PIECEWISE_BEZIER_KNOTS.);
#2669 = CARTESIAN_POINT('',(260.,3.));
#2670 = CARTESIAN_POINT('',(260.,6.));
#2671 = ( GEOMETRIC_REPRESENTATION_CONTEXT(2) 
PARAMETRIC_REPRESENTATION_CONTEXT() REPRESENTATION_CONTEXT('2D SPACE',''
  ) );
#2672 = ORIENTED_EDGE('',*,*,#2673,.T.);
#2673 = EDGE_CURVE('',#2653,#1083,#2674,.T.);
#2674 = SURFACE_CURVE('',#2675,(#2679,#2685),.PCURVE_S1.);
#2675 = LINE('',#2676,#2677);
#2676 = CARTESIAN_POINT('',(0.,198.95,-10.));
#2677 = VECTOR('',#2678,1.);
#2678 = DIRECTION('',(0.,0.,-1.));
#2679 = PCURVE('',#832,#2680);
#2680 = DEFINITIONAL_REPRESENTATION('',(#2681),#2684);
#2681 = B_SPLINE_CURVE_WITH_KNOTS('',1,(#2682,#2683),.UNSPECIFIED.,.F.,
  .F.,(2,2),(-77.5,-10.),.PIECEWISE_BEZIER_KNOTS.);
#2682 = CARTESIAN_POINT('',(87.5,-198.95));
#2683 = CARTESIAN_POINT('',(20.,-198.95));
#2684 = ( GEOMETRIC_REPRESENTATION_CONTEXT(2) 
PARAMETRIC_REPRESENTATION_CONTEXT() REPRESENTATION_CONTEXT('2D SPACE',''
  ) );
#2685 = PCURVE('',#1314,#2686);
#2686 = DEFINITIONAL_REPRESENTATION('',(#2687),#2690);
#2687 = B_SPLINE_CURVE_WITH_KNOTS('',1,(#2688,#2689),.UNSPECIFIED.,.F.,
  .F.,(2,2),(-77.5,-10.),.PIECEWISE_BEZIER_KNOTS.);
#2688 = CARTESIAN_POINT('',(67.5,293.12));
#2689 = CARTESIAN_POINT('',(0.,293.12));
#2690 = ( GEOMETRIC_REPRESENTATION_CONTEXT(2) 
PARAMETRIC_REPRESENTATION_CONTEXT() REPRESENTATION_CONTEXT('2D SPACE',''
  ) );
#2691 = ORIENTED_EDGE('',*,*,#1082,.T.);
#2692 = ADVANCED_FACE('',(#2693),#806,.T.);
#2693 = FACE_BOUND('',#2694,.T.);
#2694 = EDGE_LOOP('',(#2695,#2718,#2737,#2738));
#2695 = ORIENTED_EDGE('',*,*,#2696,.F.);
#2696 = EDGE_CURVE('',#2697,#766,#2699,.T.);
#2697 = VERTEX_POINT('',#2698);
#2698 = CARTESIAN_POINT('',(-260.,198.95,16.));
#2699 = SURFACE_CURVE('',#2700,(#2704,#2711),.PCURVE_S1.);
#2700 = LINE('',#2701,#2702);
#2701 = CARTESIAN_POINT('',(-260.,195.95,16.));
#2702 = VECTOR('',#2703,1.);
#2703 = DIRECTION('',(0.,1.,0.));
#2704 = PCURVE('',#806,#2705);
#2705 = DEFINITIONAL_REPRESENTATION('',(#2706),#2710);
#2706 = LINE('',#2707,#2708);
#2707 = CARTESIAN_POINT('',(0.,0.));
#2708 = VECTOR('',#2709,1.);
#2709 = DIRECTION('',(0.,1.));
#2710 = ( GEOMETRIC_REPRESENTATION_CONTEXT(2) 
PARAMETRIC_REPRESENTATION_CONTEXT() REPRESENTATION_CONTEXT('2D SPACE',''
  ) );
#2711 = PCURVE('',#780,#2712);
#2712 = DEFINITIONAL_REPRESENTATION('',(#2713),#2717);
#2713 = LINE('',#2714,#2715);
#2714 = CARTESIAN_POINT('',(0.,0.));
#2715 = VECTOR('',#2716,1.);
#2716 = DIRECTION('',(0.,-1.));
#2717 = ( GEOMETRIC_REPRESENTATION_CONTEXT(2) 
PARAMETRIC_REPRESENTATION_CONTEXT() REPRESENTATION_CONTEXT('2D SPACE',''
  ) );
#2718 = ORIENTED_EDGE('',*,*,#2719,.T.);
#2719 = EDGE_CURVE('',#2697,#2653,#2720,.T.);
#2720 = SURFACE_CURVE('',#2721,(#2725,#2731),.PCURVE_S1.);
#2721 = LINE('',#2722,#2723);
#2722 = CARTESIAN_POINT('',(-276.56,198.95,16.));
#2723 = VECTOR('',#2724,1.);
#2724 = DIRECTION('',(1.,0.,0.));
#2725 = PCURVE('',#806,#2726);
#2726 = DEFINITIONAL_REPRESENTATION('',(#2727),#2730);
#2727 = B_SPLINE_CURVE_WITH_KNOTS('',1,(#2728,#2729),.UNSPECIFIED.,.F.,
  .F.,(2,2),(16.56,536.56),.PIECEWISE_BEZIER_KNOTS.);
#2728 = CARTESIAN_POINT('',(0.,3.));
#2729 = CARTESIAN_POINT('',(520.,3.));
#2730 = ( GEOMETRIC_REPRESENTATION_CONTEXT(2) 
PARAMETRIC_REPRESENTATION_CONTEXT() REPRESENTATION_CONTEXT('2D SPACE',''
  ) );
#2731 = PCURVE('',#1314,#2732);
#2732 = DEFINITIONAL_REPRESENTATION('',(#2733),#2736);
#2733 = B_SPLINE_CURVE_WITH_KNOTS('',1,(#2734,#2735),.UNSPECIFIED.,.F.,
  .F.,(2,2),(16.56,536.56),.PIECEWISE_BEZIER_KNOTS.);
#2734 = CARTESIAN_POINT('',(16.,33.12));
#2735 = CARTESIAN_POINT('',(16.,553.12));
#2736 = ( GEOMETRIC_REPRESENTATION_CONTEXT(2) 
PARAMETRIC_REPRESENTATION_CONTEXT() REPRESENTATION_CONTEXT('2D SPACE',''
  ) );
#2737 = ORIENTED_EDGE('',*,*,#2652,.T.);
#2738 = ORIENTED_EDGE('',*,*,#791,.F.);
#2739 = ADVANCED_FACE('',(#2740),#780,.T.);
#2740 = FACE_BOUND('',#2741,.T.);
#2741 = EDGE_LOOP('',(#2742,#2767,#2788,#2807,#2808,#2809));
#2742 = ORIENTED_EDGE('',*,*,#2743,.F.);
#2743 = EDGE_CURVE('',#2744,#2746,#2748,.T.);
#2744 = VERTEX_POINT('',#2745);
#2745 = CARTESIAN_POINT('',(-260.,195.95,67.5));
#2746 = VERTEX_POINT('',#2747);
#2747 = CARTESIAN_POINT('',(-260.,195.95,69.3));
#2748 = SURFACE_CURVE('',#2749,(#2753,#2760),.PCURVE_S1.);
#2749 = LINE('',#2750,#2751);
#2750 = CARTESIAN_POINT('',(-260.,195.95,16.));
#2751 = VECTOR('',#2752,1.);
#2752 = DIRECTION('',(0.,0.,1.));
#2753 = PCURVE('',#780,#2754);
#2754 = DEFINITIONAL_REPRESENTATION('',(#2755),#2759);
#2755 = LINE('',#2756,#2757);
#2756 = CARTESIAN_POINT('',(0.,0.));
#2757 = VECTOR('',#2758,1.);
#2758 = DIRECTION('',(1.,0.));
#2759 = ( GEOMETRIC_REPRESENTATION_CONTEXT(2) 
PARAMETRIC_REPRESENTATION_CONTEXT() REPRESENTATION_CONTEXT('2D SPACE',''
  ) );
#2760 = PCURVE('',#1705,#2761);
#2761 = DEFINITIONAL_REPRESENTATION('',(#2762),#2766);
#2762 = LINE('',#2763,#2764);
#2763 = CARTESIAN_POINT('',(0.,0.));
#2764 = VECTOR('',#2765,1.);
#2765 = DIRECTION('',(1.,0.));
#2766 = ( GEOMETRIC_REPRESENTATION_CONTEXT(2) 
PARAMETRIC_REPRESENTATION_CONTEXT() REPRESENTATION_CONTEXT('2D SPACE',''
  ) );
#2767 = ORIENTED_EDGE('',*,*,#2768,.T.);
#2768 = EDGE_CURVE('',#2744,#2769,#2771,.T.);
#2769 = VERTEX_POINT('',#2770);
#2770 = CARTESIAN_POINT('',(-260.,198.95,67.5));
#2771 = SURFACE_CURVE('',#2772,(#2776,#2782),.PCURVE_S1.);
#2772 = LINE('',#2773,#2774);
#2773 = CARTESIAN_POINT('',(-260.,97.975,67.5));
#2774 = VECTOR('',#2775,1.);
#2775 = DIRECTION('',(0.,1.,0.));
#2776 = PCURVE('',#780,#2777);
#2777 = DEFINITIONAL_REPRESENTATION('',(#2778),#2781);
#2778 = B_SPLINE_CURVE_WITH_KNOTS('',1,(#2779,#2780),.UNSPECIFIED.,.F.,
  .F.,(2,2),(97.975,100.975),.PIECEWISE_BEZIER_KNOTS.);
#2779 = CARTESIAN_POINT('',(51.5,0.));
#2780 = CARTESIAN_POINT('',(51.5,-3.));
#2781 = ( GEOMETRIC_REPRESENTATION_CONTEXT(2) 
PARAMETRIC_REPRESENTATION_CONTEXT() REPRESENTATION_CONTEXT('2D SPACE',''
  ) );
#2782 = PCURVE('',#1614,#2783);
#2783 = DEFINITIONAL_REPRESENTATION('',(#2784),#2787);
#2784 = B_SPLINE_CURVE_WITH_KNOTS('',1,(#2785,#2786),.UNSPECIFIED.,.F.,
  .F.,(2,2),(97.975,100.975),.PIECEWISE_BEZIER_KNOTS.);
#2785 = CARTESIAN_POINT('',(-260.,195.95));
#2786 = CARTESIAN_POINT('',(-260.,198.95));
#2787 = ( GEOMETRIC_REPRESENTATION_CONTEXT(2) 
PARAMETRIC_REPRESENTATION_CONTEXT() REPRESENTATION_CONTEXT('2D SPACE',''
  ) );
#2788 = ORIENTED_EDGE('',*,*,#2789,.T.);
#2789 = EDGE_CURVE('',#2769,#2697,#2790,.T.);
#2790 = SURFACE_CURVE('',#2791,(#2795,#2801),.PCURVE_S1.);
#2791 = LINE('',#2792,#2793);
#2792 = CARTESIAN_POINT('',(-260.,198.95,8.));
#2793 = VECTOR('',#2794,1.);
#2794 = DIRECTION('',(0.,0.,-1.));
#2795 = PCURVE('',#780,#2796);
#2796 = DEFINITIONAL_REPRESENTATION('',(#2797),#2800);
#2797 = B_SPLINE_CURVE_WITH_KNOTS('',1,(#2798,#2799),.UNSPECIFIED.,.F.,
  .F.,(2,2),(-59.5,-8.),.PIECEWISE_BEZIER_KNOTS.);
#2798 = CARTESIAN_POINT('',(51.5,-3.));
#2799 = CARTESIAN_POINT('',(0.,-3.));
#2800 = ( GEOMETRIC_REPRESENTATION_CONTEXT(2) 
PARAMETRIC_REPRESENTATION_CONTEXT() REPRESENTATION_CONTEXT('2D SPACE',''
  ) );
#2801 = PCURVE('',#1314,#2802);
#2802 = DEFINITIONAL_REPRESENTATION('',(#2803),#2806);
#2803 = B_SPLINE_CURVE_WITH_KNOTS('',1,(#2804,#2805),.UNSPECIFIED.,.F.,
  .F.,(2,2),(-59.5,-8.),.PIECEWISE_BEZIER_KNOTS.);
#2804 = CARTESIAN_POINT('',(67.5,33.12));
#2805 = CARTESIAN_POINT('',(16.,33.12));
#2806 = ( GEOMETRIC_REPRESENTATION_CONTEXT(2) 
PARAMETRIC_REPRESENTATION_CONTEXT() REPRESENTATION_CONTEXT('2D SPACE',''
  ) );
#2807 = ORIENTED_EDGE('',*,*,#2696,.T.);
#2808 = ORIENTED_EDGE('',*,*,#765,.F.);
#2809 = ORIENTED_EDGE('',*,*,#2810,.F.);
#2810 = EDGE_CURVE('',#2746,#740,#2811,.T.);
#2811 = SURFACE_CURVE('',#2812,(#2816,#2823),.PCURVE_S1.);
#2812 = LINE('',#2813,#2814);
#2813 = CARTESIAN_POINT('',(-260.,195.95,69.3));
#2814 = VECTOR('',#2815,1.);
#2815 = DIRECTION('',(0.,1.,0.));
#2816 = PCURVE('',#780,#2817);
#2817 = DEFINITIONAL_REPRESENTATION('',(#2818),#2822);
#2818 = LINE('',#2819,#2820);
#2819 = CARTESIAN_POINT('',(53.3,0.));
#2820 = VECTOR('',#2821,1.);
#2821 = DIRECTION('',(0.,-1.));
#2822 = ( GEOMETRIC_REPRESENTATION_CONTEXT(2) 
PARAMETRIC_REPRESENTATION_CONTEXT() REPRESENTATION_CONTEXT('2D SPACE',''
  ) );
#2823 = PCURVE('',#754,#2824);
#2824 = DEFINITIONAL_REPRESENTATION('',(#2825),#2829);
#2825 = LINE('',#2826,#2827);
#2826 = CARTESIAN_POINT('',(0.,0.));
#2827 = VECTOR('',#2828,1.);
#2828 = DIRECTION('',(0.,1.));
#2829 = ( GEOMETRIC_REPRESENTATION_CONTEXT(2) 
PARAMETRIC_REPRESENTATION_CONTEXT() REPRESENTATION_CONTEXT('2D SPACE',''
  ) );
#2830 = ADVANCED_FACE('',(#2831),#754,.F.);
#2831 = FACE_BOUND('',#2832,.F.);
#2832 = EDGE_LOOP('',(#2833,#2834,#2855,#2856));
#2833 = ORIENTED_EDGE('',*,*,#2810,.F.);
#2834 = ORIENTED_EDGE('',*,*,#2835,.T.);
#2835 = EDGE_CURVE('',#2746,#1691,#2836,.T.);
#2836 = SURFACE_CURVE('',#2837,(#2841,#2848),.PCURVE_S1.);
#2837 = LINE('',#2838,#2839);
#2838 = CARTESIAN_POINT('',(-260.,195.95,69.3));
#2839 = VECTOR('',#2840,1.);
#2840 = DIRECTION('',(1.,0.,0.));
#2841 = PCURVE('',#754,#2842);
#2842 = DEFINITIONAL_REPRESENTATION('',(#2843),#2847);
#2843 = LINE('',#2844,#2845);
#2844 = CARTESIAN_POINT('',(0.,0.));
#2845 = VECTOR('',#2846,1.);
#2846 = DIRECTION('',(1.,0.));
#2847 = ( GEOMETRIC_REPRESENTATION_CONTEXT(2) 
PARAMETRIC_REPRESENTATION_CONTEXT() REPRESENTATION_CONTEXT('2D SPACE',''
  ) );
#2848 = PCURVE('',#1705,#2849);
#2849 = DEFINITIONAL_REPRESENTATION('',(#2850),#2854);
#2850 = LINE('',#2851,#2852);
#2851 = CARTESIAN_POINT('',(53.3,0.));
#2852 = VECTOR('',#2853,1.);
#2853 = DIRECTION('',(0.,1.));
#2854 = ( GEOMETRIC_REPRESENTATION_CONTEXT(2) 
PARAMETRIC_REPRESENTATION_CONTEXT() REPRESENTATION_CONTEXT('2D SPACE',''
  ) );
#2855 = ORIENTED_EDGE('',*,*,#1716,.T.);
#2856 = ORIENTED_EDGE('',*,*,#739,.F.);
#2857 = ADVANCED_FACE('',(#2858),#1314,.F.);
#2858 = FACE_BOUND('',#2859,.F.);
#2859 = EDGE_LOOP('',(#2860,#2861,#2882,#2902,#2903,#2904));
#2860 = ORIENTED_EDGE('',*,*,#1300,.F.);
#2861 = ORIENTED_EDGE('',*,*,#2862,.T.);
#2862 = EDGE_CURVE('',#1273,#2863,#2865,.T.);
#2863 = VERTEX_POINT('',#2864);
#2864 = CARTESIAN_POINT('',(-290.12,198.95,67.5));
#2865 = SURFACE_CURVE('',#2866,(#2870,#2876),.PCURVE_S1.);
#2866 = LINE('',#2867,#2868);
#2867 = CARTESIAN_POINT('',(-290.12,198.95,0.));
#2868 = VECTOR('',#2869,1.);
#2869 = DIRECTION('',(0.,0.,1.));
#2870 = PCURVE('',#1314,#2871);
#2871 = DEFINITIONAL_REPRESENTATION('',(#2872),#2875);
#2872 = B_SPLINE_CURVE_WITH_KNOTS('',1,(#2873,#2874),.UNSPECIFIED.,.F.,
  .F.,(2,2),(0.,70.3),.PIECEWISE_BEZIER_KNOTS.);
#2873 = CARTESIAN_POINT('',(0.,3.));
#2874 = CARTESIAN_POINT('',(70.3,3.));
#2875 = ( GEOMETRIC_REPRESENTATION_CONTEXT(2) 
PARAMETRIC_REPRESENTATION_CONTEXT() REPRESENTATION_CONTEXT('2D SPACE',''
  ) );
#2876 = PCURVE('',#1288,#2877);
#2877 = DEFINITIONAL_REPRESENTATION('',(#2878),#2881);
#2878 = B_SPLINE_CURVE_WITH_KNOTS('',1,(#2879,#2880),.UNSPECIFIED.,.F.,
  .F.,(2,2),(0.,70.3),.PIECEWISE_BEZIER_KNOTS.);
#2879 = CARTESIAN_POINT('',(0.,-400.9));
#2880 = CARTESIAN_POINT('',(70.3,-400.9));
#2881 = ( GEOMETRIC_REPRESENTATION_CONTEXT(2) 
PARAMETRIC_REPRESENTATION_CONTEXT() REPRESENTATION_CONTEXT('2D SPACE',''
  ) );
#2882 = ORIENTED_EDGE('',*,*,#2883,.T.);
#2883 = EDGE_CURVE('',#2863,#2769,#2884,.T.);
#2884 = SURFACE_CURVE('',#2885,(#2889,#2895),.PCURVE_S1.);
#2885 = LINE('',#2886,#2887);
#2886 = CARTESIAN_POINT('',(-146.56,198.95,67.5));
#2887 = VECTOR('',#2888,1.);
#2888 = DIRECTION('',(1.,0.,0.));
#2889 = PCURVE('',#1314,#2890);
#2890 = DEFINITIONAL_REPRESENTATION('',(#2891),#2894);
#2891 = B_SPLINE_CURVE_WITH_KNOTS('',1,(#2892,#2893),.UNSPECIFIED.,.F.,
  .F.,(2,2),(-143.56,436.68),.PIECEWISE_BEZIER_KNOTS.);
#2892 = CARTESIAN_POINT('',(67.5,3.));
#2893 = CARTESIAN_POINT('',(67.5,583.24));
#2894 = ( GEOMETRIC_REPRESENTATION_CONTEXT(2) 
PARAMETRIC_REPRESENTATION_CONTEXT() REPRESENTATION_CONTEXT('2D SPACE',''
  ) );
#2895 = PCURVE('',#1614,#2896);
#2896 = DEFINITIONAL_REPRESENTATION('',(#2897),#2901);
#2897 = LINE('',#2898,#2899);
#2898 = CARTESIAN_POINT('',(-146.56,198.95));
#2899 = VECTOR('',#2900,1.);
#2900 = DIRECTION('',(1.,0.));
#2901 = ( GEOMETRIC_REPRESENTATION_CONTEXT(2) 
PARAMETRIC_REPRESENTATION_CONTEXT() REPRESENTATION_CONTEXT('2D SPACE',''
  ) );
#2902 = ORIENTED_EDGE('',*,*,#2789,.T.);
#2903 = ORIENTED_EDGE('',*,*,#2719,.T.);
#2904 = ORIENTED_EDGE('',*,*,#2673,.T.);
#2905 = ADVANCED_FACE('',(#2906),#1288,.T.);
#2906 = FACE_BOUND('',#2907,.T.);
#2907 = EDGE_LOOP('',(#2908,#2909,#2929,#2930,#2931,#2932,#2933,#2934));
#2908 = ORIENTED_EDGE('',*,*,#2862,.T.);
#2909 = ORIENTED_EDGE('',*,*,#2910,.T.);
#2910 = EDGE_CURVE('',#2863,#1600,#2911,.T.);
#2911 = SURFACE_CURVE('',#2912,(#2916,#2922),.PCURVE_S1.);
#2912 = LINE('',#2913,#2914);
#2913 = CARTESIAN_POINT('',(-290.12,-100.975,67.5));
#2914 = VECTOR('',#2915,1.);
#2915 = DIRECTION('',(0.,-1.,0.));
#2916 = PCURVE('',#1288,#2917);
#2917 = DEFINITIONAL_REPRESENTATION('',(#2918),#2921);
#2918 = B_SPLINE_CURVE_WITH_KNOTS('',1,(#2919,#2920),.UNSPECIFIED.,.F.,
  .F.,(2,2),(-299.925,97.975),.PIECEWISE_BEZIER_KNOTS.);
#2919 = CARTESIAN_POINT('',(67.5,-400.9));
#2920 = CARTESIAN_POINT('',(67.5,-3.));
#2921 = ( GEOMETRIC_REPRESENTATION_CONTEXT(2) 
PARAMETRIC_REPRESENTATION_CONTEXT() REPRESENTATION_CONTEXT('2D SPACE',''
  ) );
#2922 = PCURVE('',#1614,#2923);
#2923 = DEFINITIONAL_REPRESENTATION('',(#2924),#2928);
#2924 = LINE('',#2925,#2926);
#2925 = CARTESIAN_POINT('',(-290.12,-100.975));
#2926 = VECTOR('',#2927,1.);
#2927 = DIRECTION('',(0.,-1.));
#2928 = ( GEOMETRIC_REPRESENTATION_CONTEXT(2) 
PARAMETRIC_REPRESENTATION_CONTEXT() REPRESENTATION_CONTEXT('2D SPACE',''
  ) );
#2929 = ORIENTED_EDGE('',*,*,#1625,.F.);
#2930 = ORIENTED_EDGE('',*,*,#1553,.F.);
#2931 = ORIENTED_EDGE('',*,*,#1508,.F.);
#2932 = ORIENTED_EDGE('',*,*,#1461,.T.);
#2933 = ORIENTED_EDGE('',*,*,#1414,.F.);
#2934 = ORIENTED_EDGE('',*,*,#1272,.T.);
#2935 = ADVANCED_FACE('',(#2936),#1216,.T.);
#2936 = FACE_BOUND('',#2937,.T.);
#2937 = EDGE_LOOP('',(#2938,#2939,#2940,#2941));
#2938 = ORIENTED_EDGE('',*,*,#1200,.F.);
#2939 = ORIENTED_EDGE('',*,*,#2403,.T.);
#2940 = ORIENTED_EDGE('',*,*,#2475,.T.);
#2941 = ORIENTED_EDGE('',*,*,#2501,.F.);
#2942 = ADVANCED_FACE('',(#2943),#1143,.T.);
#2943 = FACE_BOUND('',#2944,.T.);
#2944 = EDGE_LOOP('',(#2945,#2946,#2947,#2948));
#2945 = ORIENTED_EDGE('',*,*,#1127,.F.);
#2946 = ORIENTED_EDGE('',*,*,#2528,.T.);
#2947 = ORIENTED_EDGE('',*,*,#2600,.T.);
#2948 = ORIENTED_EDGE('',*,*,#2626,.F.);
#2949 = ADVANCED_FACE('',(#2950),#1345,.F.);
#2950 = FACE_BOUND('',#2951,.T.);
#2951 = EDGE_LOOP('',(#2952,#2975,#3002,#3003));
#2952 = ORIENTED_EDGE('',*,*,#2953,.T.);
#2953 = EDGE_CURVE('',#1329,#2954,#2956,.T.);
#2954 = VERTEX_POINT('',#2955);
#2955 = CARTESIAN_POINT('',(-237.7,204.95,7.2));
#2956 = SEAM_CURVE('',#2957,(#2961,#2968),.PCURVE_S1.);
#2957 = LINE('',#2958,#2959);
#2958 = CARTESIAN_POINT('',(-237.7,204.95,0.));
#2959 = VECTOR('',#2960,1.);
#2960 = DIRECTION('',(0.,0.,1.));
#2961 = PCURVE('',#1345,#2962);
#2962 = DEFINITIONAL_REPRESENTATION('',(#2963),#2967);
#2963 = LINE('',#2964,#2965);
#2964 = CARTESIAN_POINT('',(-0.,0.));
#2965 = VECTOR('',#2966,1.);
#2966 = DIRECTION('',(-0.,-1.));
#2967 = ( GEOMETRIC_REPRESENTATION_CONTEXT(2) 
PARAMETRIC_REPRESENTATION_CONTEXT() REPRESENTATION_CONTEXT('2D SPACE',''
  ) );
#2968 = PCURVE('',#1345,#2969);
#2969 = DEFINITIONAL_REPRESENTATION('',(#2970),#2974);
#2970 = LINE('',#2971,#2972);
#2971 = CARTESIAN_POINT('',(-6.28318530718,0.));
#2972 = VECTOR('',#2973,1.);
#2973 = DIRECTION('',(-0.,-1.));
#2974 = ( GEOMETRIC_REPRESENTATION_CONTEXT(2) 
PARAMETRIC_REPRESENTATION_CONTEXT() REPRESENTATION_CONTEXT('2D SPACE',''
  ) );
#2975 = ORIENTED_EDGE('',*,*,#2976,.T.);
#2976 = EDGE_CURVE('',#2954,#2954,#2977,.T.);
#2977 = SURFACE_CURVE('',#2978,(#2983,#2990),.PCURVE_S1.);
#2978 = CIRCLE('',#2979,2.3);
#2979 = AXIS2_PLACEMENT_3D('',#2980,#2981,#2982);
#2980 = CARTESIAN_POINT('',(-240.,204.95,7.2));
#2981 = DIRECTION('',(0.,0.,1.));
#2982 = DIRECTION('',(1.,0.,0.));
#2983 = PCURVE('',#1345,#2984);
#2984 = DEFINITIONAL_REPRESENTATION('',(#2985),#2989);
#2985 = LINE('',#2986,#2987);
#2986 = CARTESIAN_POINT('',(-0.,-7.2));
#2987 = VECTOR('',#2988,1.);
#2988 = DIRECTION('',(-1.,0.));
#2989 = ( GEOMETRIC_REPRESENTATION_CONTEXT(2) 
PARAMETRIC_REPRESENTATION_CONTEXT() REPRESENTATION_CONTEXT('2D SPACE',''
  ) );
#2990 = PCURVE('',#2991,#2996);
#2991 = PLANE('',#2992);
#2992 = AXIS2_PLACEMENT_3D('',#2993,#2994,#2995);
#2993 = CARTESIAN_POINT('',(-240.,204.95,7.2));
#2994 = DIRECTION('',(0.,0.,1.));
#2995 = DIRECTION('',(1.,0.,-0.));
#2996 = DEFINITIONAL_REPRESENTATION('',(#2997),#3001);
#2997 = CIRCLE('',#2998,2.3);
#2998 = AXIS2_PLACEMENT_2D('',#2999,#3000);
#2999 = CARTESIAN_POINT('',(2.84217094304E-14,-2.84217094304E-14));
#3000 = DIRECTION('',(1.,0.));
#3001 = ( GEOMETRIC_REPRESENTATION_CONTEXT(2) 
PARAMETRIC_REPRESENTATION_CONTEXT() REPRESENTATION_CONTEXT('2D SPACE',''
  ) );
#3002 = ORIENTED_EDGE('',*,*,#2953,.F.);
#3003 = ORIENTED_EDGE('',*,*,#1328,.F.);
#3004 = ADVANCED_FACE('',(#3005),#1376,.F.);
#3005 = FACE_BOUND('',#3006,.T.);
#3006 = EDGE_LOOP('',(#3007,#3030,#3057,#3058));
#3007 = ORIENTED_EDGE('',*,*,#3008,.T.);
#3008 = EDGE_CURVE('',#1360,#3009,#3011,.T.);
#3009 = VERTEX_POINT('',#3010);
#3010 = CARTESIAN_POINT('',(-107.7,204.95,7.2));
#3011 = SEAM_CURVE('',#3012,(#3016,#3023),.PCURVE_S1.);
#3012 = LINE('',#3013,#3014);
#3013 = CARTESIAN_POINT('',(-107.7,204.95,0.));
#3014 = VECTOR('',#3015,1.);
#3015 = DIRECTION('',(0.,0.,1.));
#3016 = PCURVE('',#1376,#3017);
#3017 = DEFINITIONAL_REPRESENTATION('',(#3018),#3022);
#3018 = LINE('',#3019,#3020);
#3019 = CARTESIAN_POINT('',(-0.,0.));
#3020 = VECTOR('',#3021,1.);
#3021 = DIRECTION('',(-0.,-1.));
#3022 = ( GEOMETRIC_REPRESENTATION_CONTEXT(2) 
PARAMETRIC_REPRESENTATION_CONTEXT() REPRESENTATION_CONTEXT('2D SPACE',''
  ) );
#3023 = PCURVE('',#1376,#3024);
#3024 = DEFINITIONAL_REPRESENTATION('',(#3025),#3029);
#3025 = LINE('',#3026,#3027);
#3026 = CARTESIAN_POINT('',(-6.28318530718,0.));
#3027 = VECTOR('',#3028,1.);
#3028 = DIRECTION('',(-0.,-1.));
#3029 = ( GEOMETRIC_REPRESENTATION_CONTEXT(2) 
PARAMETRIC_REPRESENTATION_CONTEXT() REPRESENTATION_CONTEXT('2D SPACE',''
  ) );
#3030 = ORIENTED_EDGE('',*,*,#3031,.T.);
#3031 = EDGE_CURVE('',#3009,#3009,#3032,.T.);
#3032 = SURFACE_CURVE('',#3033,(#3038,#3045),.PCURVE_S1.);
#3033 = CIRCLE('',#3034,2.3);
#3034 = AXIS2_PLACEMENT_3D('',#3035,#3036,#3037);
#3035 = CARTESIAN_POINT('',(-110.,204.95,7.2));
#3036 = DIRECTION('',(0.,0.,1.));
#3037 = DIRECTION('',(1.,0.,0.));
#3038 = PCURVE('',#1376,#3039);
#3039 = DEFINITIONAL_REPRESENTATION('',(#3040),#3044);
#3040 = LINE('',#3041,#3042);
#3041 = CARTESIAN_POINT('',(-0.,-7.2));
#3042 = VECTOR('',#3043,1.);
#3043 = DIRECTION('',(-1.,0.));
#3044 = ( GEOMETRIC_REPRESENTATION_CONTEXT(2) 
PARAMETRIC_REPRESENTATION_CONTEXT() REPRESENTATION_CONTEXT('2D SPACE',''
  ) );
#3045 = PCURVE('',#3046,#3051);
#3046 = PLANE('',#3047);
#3047 = AXIS2_PLACEMENT_3D('',#3048,#3049,#3050);
#3048 = CARTESIAN_POINT('',(-110.,204.95,7.2));
#3049 = DIRECTION('',(0.,0.,1.));
#3050 = DIRECTION('',(1.,0.,-0.));
#3051 = DEFINITIONAL_REPRESENTATION('',(#3052),#3056);
#3052 = CIRCLE('',#3053,2.3);
#3053 = AXIS2_PLACEMENT_2D('',#3054,#3055);
#3054 = CARTESIAN_POINT('',(1.42108547152E-14,0.));
#3055 = DIRECTION('',(1.,0.));
#3056 = ( GEOMETRIC_REPRESENTATION_CONTEXT(2) 
PARAMETRIC_REPRESENTATION_CONTEXT() REPRESENTATION_CONTEXT('2D SPACE',''
  ) );
#3057 = ORIENTED_EDGE('',*,*,#3008,.F.);
#3058 = ORIENTED_EDGE('',*,*,#1359,.F.);
#3059 = ADVANCED_FACE('',(#3060),#1614,.F.);
#3060 = FACE_BOUND('',#3061,.F.);
#3061 = EDGE_LOOP('',(#3062,#3063,#3064,#3065,#3066,#3067,#3068,#3069,
    #3070,#3071,#3072,#3073,#3074,#3075,#3076,#3077,#3078,#3079,#3080,
    #3099));
#3062 = ORIENTED_EDGE('',*,*,#2883,.F.);
#3063 = ORIENTED_EDGE('',*,*,#2910,.T.);
#3064 = ORIENTED_EDGE('',*,*,#1599,.F.);
#3065 = ORIENTED_EDGE('',*,*,#2369,.T.);
#3066 = ORIENTED_EDGE('',*,*,#2322,.F.);
#3067 = ORIENTED_EDGE('',*,*,#2270,.T.);
#3068 = ORIENTED_EDGE('',*,*,#2223,.F.);
#3069 = ORIENTED_EDGE('',*,*,#2176,.T.);
#3070 = ORIENTED_EDGE('',*,*,#2152,.T.);
#3071 = ORIENTED_EDGE('',*,*,#2102,.T.);
#3072 = ORIENTED_EDGE('',*,*,#2054,.T.);
#3073 = ORIENTED_EDGE('',*,*,#2007,.T.);
#3074 = ORIENTED_EDGE('',*,*,#1933,.T.);
#3075 = ORIENTED_EDGE('',*,*,#1910,.T.);
#3076 = ORIENTED_EDGE('',*,*,#1857,.T.);
#3077 = ORIENTED_EDGE('',*,*,#1813,.T.);
#3078 = ORIENTED_EDGE('',*,*,#1760,.T.);
#3079 = ORIENTED_EDGE('',*,*,#1669,.T.);
#3080 = ORIENTED_EDGE('',*,*,#3081,.T.);
#3081 = EDGE_CURVE('',#1670,#2744,#3082,.T.);
#3082 = SURFACE_CURVE('',#3083,(#3087,#3093),.PCURVE_S1.);
#3083 = LINE('',#3084,#3085);
#3084 = CARTESIAN_POINT('',(-130.,195.95,67.5));
#3085 = VECTOR('',#3086,1.);
#3086 = DIRECTION('',(-1.,0.,0.));
#3087 = PCURVE('',#1614,#3088);
#3088 = DEFINITIONAL_REPRESENTATION('',(#3089),#3092);
#3089 = B_SPLINE_CURVE_WITH_KNOTS('',1,(#3090,#3091),.UNSPECIFIED.,.F.,
  .F.,(2,2),(-390.,130.),.PIECEWISE_BEZIER_KNOTS.);
#3090 = CARTESIAN_POINT('',(260.,195.95));
#3091 = CARTESIAN_POINT('',(-260.,195.95));
#3092 = ( GEOMETRIC_REPRESENTATION_CONTEXT(2) 
PARAMETRIC_REPRESENTATION_CONTEXT() REPRESENTATION_CONTEXT('2D SPACE',''
  ) );
#3093 = PCURVE('',#1705,#3094);
#3094 = DEFINITIONAL_REPRESENTATION('',(#3095),#3098);
#3095 = B_SPLINE_CURVE_WITH_KNOTS('',1,(#3096,#3097),.UNSPECIFIED.,.F.,
  .F.,(2,2),(-390.,130.),.PIECEWISE_BEZIER_KNOTS.);
#3096 = CARTESIAN_POINT('',(51.5,520.));
#3097 = CARTESIAN_POINT('',(51.5,0.));
#3098 = ( GEOMETRIC_REPRESENTATION_CONTEXT(2) 
PARAMETRIC_REPRESENTATION_CONTEXT() REPRESENTATION_CONTEXT('2D SPACE',''
  ) );
#3099 = ORIENTED_EDGE('',*,*,#2768,.T.);
#3100 = ADVANCED_FACE('',(#3101),#1705,.T.);
#3101 = FACE_BOUND('',#3102,.T.);
#3102 = EDGE_LOOP('',(#3103,#3104,#3105,#3106));
#3103 = ORIENTED_EDGE('',*,*,#1690,.T.);
#3104 = ORIENTED_EDGE('',*,*,#3081,.T.);
#3105 = ORIENTED_EDGE('',*,*,#2743,.T.);
#3106 = ORIENTED_EDGE('',*,*,#2835,.T.);
#3107 = ADVANCED_FACE('',(#3108),#2991,.F.);
#3108 = FACE_BOUND('',#3109,.F.);
#3109 = EDGE_LOOP('',(#3110));
#3110 = ORIENTED_EDGE('',*,*,#2976,.T.);
#3111 = ADVANCED_FACE('',(#3112),#3046,.F.);
#3112 = FACE_BOUND('',#3113,.F.);
#3113 = EDGE_LOOP('',(#3114));
#3114 = ORIENTED_EDGE('',*,*,#3031,.T.);
#3115 = ( GEOMETRIC_REPRESENTATION_CONTEXT(3) 
GLOBAL_UNCERTAINTY_ASSIGNED_CONTEXT((#3119)) 
GLOBAL_UNIT_ASSIGNED_CONTEXT((#3116,#3117,#3118)) REPRESENTATION_CONTEXT
('Context #1','3D Context with UNIT and UNCERTAINTY') );
#3116 = ( LENGTH_UNIT() NAMED_UNIT(*) SI_UNIT(.MILLI.,.METRE.) );
#3117 = ( NAMED_UNIT(*) PLANE_ANGLE_UNIT() SI_UNIT($,.RADIAN.) );
#3118 = ( NAMED_UNIT(*) SI_UNIT($,.STERADIAN.) SOLID_ANGLE_UNIT() );
#3119 = UNCERTAINTY_MEASURE_WITH_UNIT(LENGTH_MEASURE(1.E-07),#3116,
  'distance_accuracy_value','confusion accuracy');
#3120 = PRODUCT_RELATED_PRODUCT_CATEGORY('part',$,(#7));
ENDSEC;
END-ISO-10303-21;
