ISO-10303-21;
HEADER;
FILE_DESCRIPTION(('Open CASCADE Model'),'2;1');
FILE_NAME('Open CASCADE Shape Model','2026-08-09T18:09:40',('Author'),(
    'Open CASCADE'),'Open CASCADE STEP processor 7.9','Open CASCADE 7.9'
  ,'Unknown');
FILE_SCHEMA(('AUTOMOTIVE_DESIGN { 1 0 10303 214 1 1 1 1 }'));
ENDSEC;
DATA;
#1 = APPLICATION_PROTOCOL_DEFINITION('international standard',
  'automotive_design',2000,#2);
#2 = APPLICATION_CONTEXT(
  'core data for automotive mechanical design processes');
#3 = SHAPE_DEFINITION_REPRESENTATION(#4,#10);
#4 = PRODUCT_DEFINITION_SHAPE('','',#5);
#5 = PRODUCT_DEFINITION('design','',#6,#9);
#6 = PRODUCT_DEFINITION_FORMATION('','',#7);
#7 = PRODUCT('Dell_7450_Wall_Interface_Entry_V3',
  'Dell_7450_Wall_Interface_Entry_V3','',(#8));
#8 = PRODUCT_CONTEXT('',#2,'mechanical');
#9 = PRODUCT_DEFINITION_CONTEXT('part definition',#2,'design');
#10 = SHAPE_REPRESENTATION('',(#11,#15,#19),#23);
#11 = AXIS2_PLACEMENT_3D('',#12,#13,#14);
#12 = CARTESIAN_POINT('',(0.,0.,0.));
#13 = DIRECTION('',(0.,0.,1.));
#14 = DIRECTION('',(1.,0.,-0.));
#15 = AXIS2_PLACEMENT_3D('',#16,#17,#18);
#16 = CARTESIAN_POINT('',(0.,0.,0.));
#17 = DIRECTION('',(0.,0.,1.));
#18 = DIRECTION('',(1.,0.,-0.));
#19 = AXIS2_PLACEMENT_3D('',#20,#21,#22);
#20 = CARTESIAN_POINT('',(0.,0.,0.));
#21 = DIRECTION('',(0.,0.,1.));
#22 = DIRECTION('',(1.,0.,-0.));
#23 = ( GEOMETRIC_REPRESENTATION_CONTEXT(3) 
GLOBAL_UNCERTAINTY_ASSIGNED_CONTEXT((#27)) GLOBAL_UNIT_ASSIGNED_CONTEXT(
(#24,#25,#26)) REPRESENTATION_CONTEXT('Context #1',
  '3D Context with UNIT and UNCERTAINTY') );
#24 = ( LENGTH_UNIT() NAMED_UNIT(*) SI_UNIT(.MILLI.,.METRE.) );
#25 = ( NAMED_UNIT(*) PLANE_ANGLE_UNIT() SI_UNIT($,.RADIAN.) );
#26 = ( NAMED_UNIT(*) SI_UNIT($,.STERADIAN.) SOLID_ANGLE_UNIT() );
#27 = UNCERTAINTY_MEASURE_WITH_UNIT(LENGTH_MEASURE(1.E-07),#24,
  'distance_accuracy_value','confusion accuracy');
#28 = PRODUCT_RELATED_PRODUCT_CATEGORY('part',$,(#7));
#29 = SHAPE_DEFINITION_REPRESENTATION(#30,#36);
#30 = PRODUCT_DEFINITION_SHAPE('','',#31);
#31 = PRODUCT_DEFINITION('design','',#32,#35);
#32 = PRODUCT_DEFINITION_FORMATION('','',#33);
#33 = PRODUCT('wall_plate','wall_plate','',(#34));
#34 = PRODUCT_CONTEXT('',#2,'mechanical');
#35 = PRODUCT_DEFINITION_CONTEXT('part definition',#2,'design');
#36 = SHAPE_REPRESENTATION('',(#11,#37,#5391),#5713);
#37 = MANIFOLD_SOLID_BREP('',#38);
#38 = CLOSED_SHELL('',(#39,#159,#786,#845,#880,#930,#984,#1100,#1175,
    #1274,#1563,#1638,#1912,#2026,#2102,#2245,#2272,#2299,#2306,#2381,
    #2655,#2730,#2989,#3103,#3178,#3274,#3301,#3328,#3335,#3362,#3389,
    #3503,#3579,#3674,#3701,#3728,#3735,#3763,#3790,#3817,#3844,#3906,
    #3961,#3995,#4022,#4050,#4077,#4104,#4131,#4138,#4197,#4232,#4282,
    #4341,#4376,#4426,#4453,#4480,#4525,#4551,#4558,#4617,#4652,#4702,
    #4729,#4788,#4823,#4873,#4932,#4967,#5017,#5088,#5138,#5187,#5241,
    #5290,#5322,#5350));
#39 = ADVANCED_FACE('',(#40),#54,.F.);
#40 = FACE_BOUND('',#41,.F.);
#41 = EDGE_LOOP('',(#42,#77,#105,#133));
#42 = ORIENTED_EDGE('',*,*,#43,.F.);
#43 = EDGE_CURVE('',#44,#46,#48,.T.);
#44 = VERTEX_POINT('',#45);
#45 = CARTESIAN_POINT('',(-110.,-73.,8.));
#46 = VERTEX_POINT('',#47);
#47 = CARTESIAN_POINT('',(-110.,73.,8.));
#48 = SURFACE_CURVE('',#49,(#53,#65),.PCURVE_S1.);
#49 = LINE('',#50,#51);
#50 = CARTESIAN_POINT('',(-110.,-80.,8.));
#51 = VECTOR('',#52,1.);
#52 = DIRECTION('',(0.,1.,0.));
#53 = PCURVE('',#54,#59);
#54 = PLANE('',#55);
#55 = AXIS2_PLACEMENT_3D('',#56,#57,#58);
#56 = CARTESIAN_POINT('',(-110.,-80.,0.));
#57 = DIRECTION('',(1.,0.,0.));
#58 = DIRECTION('',(0.,0.,1.));
#59 = DEFINITIONAL_REPRESENTATION('',(#60),#64);
#60 = LINE('',#61,#62);
#61 = CARTESIAN_POINT('',(8.,0.));
#62 = VECTOR('',#63,1.);
#63 = DIRECTION('',(0.,-1.));
#64 = ( GEOMETRIC_REPRESENTATION_CONTEXT(2) 
PARAMETRIC_REPRESENTATION_CONTEXT() REPRESENTATION_CONTEXT('2D SPACE',''
  ) );
#65 = PCURVE('',#66,#71);
#66 = PLANE('',#67);
#67 = AXIS2_PLACEMENT_3D('',#68,#69,#70);
#68 = CARTESIAN_POINT('',(-110.,-80.,8.));
#69 = DIRECTION('',(0.,0.,1.));
#70 = DIRECTION('',(1.,0.,0.));
#71 = DEFINITIONAL_REPRESENTATION('',(#72),#76);
#72 = LINE('',#73,#74);
#73 = CARTESIAN_POINT('',(0.,0.));
#74 = VECTOR('',#75,1.);
#75 = DIRECTION('',(0.,1.));
#76 = ( GEOMETRIC_REPRESENTATION_CONTEXT(2) 
PARAMETRIC_REPRESENTATION_CONTEXT() REPRESENTATION_CONTEXT('2D SPACE',''
  ) );
#77 = ORIENTED_EDGE('',*,*,#78,.F.);
#78 = EDGE_CURVE('',#79,#44,#81,.T.);
#79 = VERTEX_POINT('',#80);
#80 = CARTESIAN_POINT('',(-110.,-73.,0.));
#81 = SURFACE_CURVE('',#82,(#86,#93),.PCURVE_S1.);
#82 = LINE('',#83,#84);
#83 = CARTESIAN_POINT('',(-110.,-73.,0.));
#84 = VECTOR('',#85,1.);
#85 = DIRECTION('',(0.,0.,1.));
#86 = PCURVE('',#54,#87);
#87 = DEFINITIONAL_REPRESENTATION('',(#88),#92);
#88 = LINE('',#89,#90);
#89 = CARTESIAN_POINT('',(0.,-7.));
#90 = VECTOR('',#91,1.);
#91 = DIRECTION('',(1.,0.));
#92 = ( GEOMETRIC_REPRESENTATION_CONTEXT(2) 
PARAMETRIC_REPRESENTATION_CONTEXT() REPRESENTATION_CONTEXT('2D SPACE',''
  ) );
#93 = PCURVE('',#94,#99);
#94 = CYLINDRICAL_SURFACE('',#95,7.);
#95 = AXIS2_PLACEMENT_3D('',#96,#97,#98);
#96 = CARTESIAN_POINT('',(-103.,-73.,0.));
#97 = DIRECTION('',(0.,0.,1.));
#98 = DIRECTION('',(-1.,-0.,0.));
#99 = DEFINITIONAL_REPRESENTATION('',(#100),#104);
#100 = LINE('',#101,#102);
#101 = CARTESIAN_POINT('',(0.,0.));
#102 = VECTOR('',#103,1.);
#103 = DIRECTION('',(0.,1.));
#104 = ( GEOMETRIC_REPRESENTATION_CONTEXT(2) 
PARAMETRIC_REPRESENTATION_CONTEXT() REPRESENTATION_CONTEXT('2D SPACE',''
  ) );
#105 = ORIENTED_EDGE('',*,*,#106,.T.);
#106 = EDGE_CURVE('',#79,#107,#109,.T.);
#107 = VERTEX_POINT('',#108);
#108 = CARTESIAN_POINT('',(-110.,73.,0.));
#109 = SURFACE_CURVE('',#110,(#114,#121),.PCURVE_S1.);
#110 = LINE('',#111,#112);
#111 = CARTESIAN_POINT('',(-110.,-80.,0.));
#112 = VECTOR('',#113,1.);
#113 = DIRECTION('',(0.,1.,0.));
#114 = PCURVE('',#54,#115);
#115 = DEFINITIONAL_REPRESENTATION('',(#116),#120);
#116 = LINE('',#117,#118);
#117 = CARTESIAN_POINT('',(0.,0.));
#118 = VECTOR('',#119,1.);
#119 = DIRECTION('',(0.,-1.));
#120 = ( GEOMETRIC_REPRESENTATION_CONTEXT(2) 
PARAMETRIC_REPRESENTATION_CONTEXT() REPRESENTATION_CONTEXT('2D SPACE',''
  ) );
#121 = PCURVE('',#122,#127);
#122 = PLANE('',#123);
#123 = AXIS2_PLACEMENT_3D('',#124,#125,#126);
#124 = CARTESIAN_POINT('',(-110.,-80.,0.));
#125 = DIRECTION('',(0.,0.,1.));
#126 = DIRECTION('',(1.,0.,0.));
#127 = DEFINITIONAL_REPRESENTATION('',(#128),#132);
#128 = LINE('',#129,#130);
#129 = CARTESIAN_POINT('',(0.,0.));
#130 = VECTOR('',#131,1.);
#131 = DIRECTION('',(0.,1.));
#132 = ( GEOMETRIC_REPRESENTATION_CONTEXT(2) 
PARAMETRIC_REPRESENTATION_CONTEXT() REPRESENTATION_CONTEXT('2D SPACE',''
  ) );
#133 = ORIENTED_EDGE('',*,*,#134,.T.);
#134 = EDGE_CURVE('',#107,#46,#135,.T.);
#135 = SURFACE_CURVE('',#136,(#140,#147),.PCURVE_S1.);
#136 = LINE('',#137,#138);
#137 = CARTESIAN_POINT('',(-110.,73.,0.));
#138 = VECTOR('',#139,1.);
#139 = DIRECTION('',(0.,0.,1.));
#140 = PCURVE('',#54,#141);
#141 = DEFINITIONAL_REPRESENTATION('',(#142),#146);
#142 = LINE('',#143,#144);
#143 = CARTESIAN_POINT('',(0.,-153.));
#144 = VECTOR('',#145,1.);
#145 = DIRECTION('',(1.,0.));
#146 = ( GEOMETRIC_REPRESENTATION_CONTEXT(2) 
PARAMETRIC_REPRESENTATION_CONTEXT() REPRESENTATION_CONTEXT('2D SPACE',''
  ) );
#147 = PCURVE('',#148,#153);
#148 = CYLINDRICAL_SURFACE('',#149,7.);
#149 = AXIS2_PLACEMENT_3D('',#150,#151,#152);
#150 = CARTESIAN_POINT('',(-103.,73.,0.));
#151 = DIRECTION('',(0.,0.,1.));
#152 = DIRECTION('',(-1.,-0.,0.));
#153 = DEFINITIONAL_REPRESENTATION('',(#154),#158);
#154 = LINE('',#155,#156);
#155 = CARTESIAN_POINT('',(-0.,0.));
#156 = VECTOR('',#157,1.);
#157 = DIRECTION('',(-0.,1.));
#158 = ( GEOMETRIC_REPRESENTATION_CONTEXT(2) 
PARAMETRIC_REPRESENTATION_CONTEXT() REPRESENTATION_CONTEXT('2D SPACE',''
  ) );
#159 = ADVANCED_FACE('',(#160,#359,#394,#429,#460,#495,#584,#619,#650,
    #685,#720,#751),#122,.F.);
#160 = FACE_BOUND('',#161,.F.);
#161 = EDGE_LOOP('',(#162,#163,#187,#215,#248,#276,#305,#333));
#162 = ORIENTED_EDGE('',*,*,#106,.F.);
#163 = ORIENTED_EDGE('',*,*,#164,.T.);
#164 = EDGE_CURVE('',#79,#165,#167,.T.);
#165 = VERTEX_POINT('',#166);
#166 = CARTESIAN_POINT('',(-103.,-80.,0.));
#167 = SURFACE_CURVE('',#168,(#173,#180),.PCURVE_S1.);
#168 = CIRCLE('',#169,7.);
#169 = AXIS2_PLACEMENT_3D('',#170,#171,#172);
#170 = CARTESIAN_POINT('',(-103.,-73.,0.));
#171 = DIRECTION('',(0.,0.,1.));
#172 = DIRECTION('',(0.,-1.,0.));
#173 = PCURVE('',#122,#174);
#174 = DEFINITIONAL_REPRESENTATION('',(#175),#179);
#175 = CIRCLE('',#176,7.);
#176 = AXIS2_PLACEMENT_2D('',#177,#178);
#177 = CARTESIAN_POINT('',(7.,7.));
#178 = DIRECTION('',(0.,-1.));
#179 = ( GEOMETRIC_REPRESENTATION_CONTEXT(2) 
PARAMETRIC_REPRESENTATION_CONTEXT() REPRESENTATION_CONTEXT('2D SPACE',''
  ) );
#180 = PCURVE('',#94,#181);
#181 = DEFINITIONAL_REPRESENTATION('',(#182),#186);
#182 = LINE('',#183,#184);
#183 = CARTESIAN_POINT('',(-4.712388980385,0.));
#184 = VECTOR('',#185,1.);
#185 = DIRECTION('',(1.,0.));
#186 = ( GEOMETRIC_REPRESENTATION_CONTEXT(2) 
PARAMETRIC_REPRESENTATION_CONTEXT() REPRESENTATION_CONTEXT('2D SPACE',''
  ) );
#187 = ORIENTED_EDGE('',*,*,#188,.T.);
#188 = EDGE_CURVE('',#165,#189,#191,.T.);
#189 = VERTEX_POINT('',#190);
#190 = CARTESIAN_POINT('',(103.,-80.,0.));
#191 = SURFACE_CURVE('',#192,(#196,#203),.PCURVE_S1.);
#192 = LINE('',#193,#194);
#193 = CARTESIAN_POINT('',(-110.,-80.,0.));
#194 = VECTOR('',#195,1.);
#195 = DIRECTION('',(1.,0.,0.));
#196 = PCURVE('',#122,#197);
#197 = DEFINITIONAL_REPRESENTATION('',(#198),#202);
#198 = LINE('',#199,#200);
#199 = CARTESIAN_POINT('',(0.,0.));
#200 = VECTOR('',#201,1.);
#201 = DIRECTION('',(1.,0.));
#202 = ( GEOMETRIC_REPRESENTATION_CONTEXT(2) 
PARAMETRIC_REPRESENTATION_CONTEXT() REPRESENTATION_CONTEXT('2D SPACE',''
  ) );
#203 = PCURVE('',#204,#209);
#204 = PLANE('',#205);
#205 = AXIS2_PLACEMENT_3D('',#206,#207,#208);
#206 = CARTESIAN_POINT('',(-110.,-80.,0.));
#207 = DIRECTION('',(0.,1.,0.));
#208 = DIRECTION('',(0.,0.,1.));
#209 = DEFINITIONAL_REPRESENTATION('',(#210),#214);
#210 = LINE('',#211,#212);
#211 = CARTESIAN_POINT('',(0.,0.));
#212 = VECTOR('',#213,1.);
#213 = DIRECTION('',(0.,1.));
#214 = ( GEOMETRIC_REPRESENTATION_CONTEXT(2) 
PARAMETRIC_REPRESENTATION_CONTEXT() REPRESENTATION_CONTEXT('2D SPACE',''
  ) );
#215 = ORIENTED_EDGE('',*,*,#216,.F.);
#216 = EDGE_CURVE('',#217,#189,#219,.T.);
#217 = VERTEX_POINT('',#218);
#218 = CARTESIAN_POINT('',(110.,-73.,0.));
#219 = SURFACE_CURVE('',#220,(#225,#236),.PCURVE_S1.);
#220 = CIRCLE('',#221,7.);
#221 = AXIS2_PLACEMENT_3D('',#222,#223,#224);
#222 = CARTESIAN_POINT('',(103.,-73.,0.));
#223 = DIRECTION('',(-0.,-0.,-1.));
#224 = DIRECTION('',(0.,-1.,0.));
#225 = PCURVE('',#122,#226);
#226 = DEFINITIONAL_REPRESENTATION('',(#227),#235);
#227 = ( BOUNDED_CURVE() B_SPLINE_CURVE(2,(#228,#229,#230,#231,#232,#233
,#234),.UNSPECIFIED.,.T.,.F.) B_SPLINE_CURVE_WITH_KNOTS((1,2,2,2,2,1),(
    -2.094395102393,0.,2.094395102393,4.188790204786,6.28318530718,
8.377580409573),.UNSPECIFIED.) CURVE() GEOMETRIC_REPRESENTATION_ITEM() 
RATIONAL_B_SPLINE_CURVE((1.,0.5,1.,0.5,1.,0.5,1.)) REPRESENTATION_ITEM(
  '') );
#228 = CARTESIAN_POINT('',(213.,0.));
#229 = CARTESIAN_POINT('',(200.87564434701,0.));
#230 = CARTESIAN_POINT('',(206.9378221735,10.5));
#231 = CARTESIAN_POINT('',(213.,21.));
#232 = CARTESIAN_POINT('',(219.06217782649,10.5));
#233 = CARTESIAN_POINT('',(225.12435565298,1.06581410364E-14));
#234 = CARTESIAN_POINT('',(213.,0.));
#235 = ( GEOMETRIC_REPRESENTATION_CONTEXT(2) 
PARAMETRIC_REPRESENTATION_CONTEXT() REPRESENTATION_CONTEXT('2D SPACE',''
  ) );
#236 = PCURVE('',#237,#242);
#237 = CYLINDRICAL_SURFACE('',#238,7.);
#238 = AXIS2_PLACEMENT_3D('',#239,#240,#241);
#239 = CARTESIAN_POINT('',(103.,-73.,0.));
#240 = DIRECTION('',(0.,0.,1.));
#241 = DIRECTION('',(1.,0.,-0.));
#242 = DEFINITIONAL_REPRESENTATION('',(#243),#247);
#243 = LINE('',#244,#245);
#244 = CARTESIAN_POINT('',(4.712388980385,-0.));
#245 = VECTOR('',#246,1.);
#246 = DIRECTION('',(-1.,0.));
#247 = ( GEOMETRIC_REPRESENTATION_CONTEXT(2) 
PARAMETRIC_REPRESENTATION_CONTEXT() REPRESENTATION_CONTEXT('2D SPACE',''
  ) );
#248 = ORIENTED_EDGE('',*,*,#249,.T.);
#249 = EDGE_CURVE('',#217,#250,#252,.T.);
#250 = VERTEX_POINT('',#251);
#251 = CARTESIAN_POINT('',(110.,73.,0.));
#252 = SURFACE_CURVE('',#253,(#257,#264),.PCURVE_S1.);
#253 = LINE('',#254,#255);
#254 = CARTESIAN_POINT('',(110.,-80.,0.));
#255 = VECTOR('',#256,1.);
#256 = DIRECTION('',(0.,1.,0.));
#257 = PCURVE('',#122,#258);
#258 = DEFINITIONAL_REPRESENTATION('',(#259),#263);
#259 = LINE('',#260,#261);
#260 = CARTESIAN_POINT('',(220.,0.));
#261 = VECTOR('',#262,1.);
#262 = DIRECTION('',(0.,1.));
#263 = ( GEOMETRIC_REPRESENTATION_CONTEXT(2) 
PARAMETRIC_REPRESENTATION_CONTEXT() REPRESENTATION_CONTEXT('2D SPACE',''
  ) );
#264 = PCURVE('',#265,#270);
#265 = PLANE('',#266);
#266 = AXIS2_PLACEMENT_3D('',#267,#268,#269);
#267 = CARTESIAN_POINT('',(110.,-80.,0.));
#268 = DIRECTION('',(1.,0.,0.));
#269 = DIRECTION('',(0.,0.,1.));
#270 = DEFINITIONAL_REPRESENTATION('',(#271),#275);
#271 = LINE('',#272,#273);
#272 = CARTESIAN_POINT('',(0.,0.));
#273 = VECTOR('',#274,1.);
#274 = DIRECTION('',(0.,-1.));
#275 = ( GEOMETRIC_REPRESENTATION_CONTEXT(2) 
PARAMETRIC_REPRESENTATION_CONTEXT() REPRESENTATION_CONTEXT('2D SPACE',''
  ) );
#276 = ORIENTED_EDGE('',*,*,#277,.T.);
#277 = EDGE_CURVE('',#250,#278,#280,.T.);
#278 = VERTEX_POINT('',#279);
#279 = CARTESIAN_POINT('',(103.,80.,0.));
#280 = SURFACE_CURVE('',#281,(#286,#293),.PCURVE_S1.);
#281 = CIRCLE('',#282,7.);
#282 = AXIS2_PLACEMENT_3D('',#283,#284,#285);
#283 = CARTESIAN_POINT('',(103.,73.,0.));
#284 = DIRECTION('',(0.,0.,1.));
#285 = DIRECTION('',(0.,-1.,0.));
#286 = PCURVE('',#122,#287);
#287 = DEFINITIONAL_REPRESENTATION('',(#288),#292);
#288 = CIRCLE('',#289,7.);
#289 = AXIS2_PLACEMENT_2D('',#290,#291);
#290 = CARTESIAN_POINT('',(213.,153.));
#291 = DIRECTION('',(0.,-1.));
#292 = ( GEOMETRIC_REPRESENTATION_CONTEXT(2) 
PARAMETRIC_REPRESENTATION_CONTEXT() REPRESENTATION_CONTEXT('2D SPACE',''
  ) );
#293 = PCURVE('',#294,#299);
#294 = CYLINDRICAL_SURFACE('',#295,7.);
#295 = AXIS2_PLACEMENT_3D('',#296,#297,#298);
#296 = CARTESIAN_POINT('',(103.,73.,0.));
#297 = DIRECTION('',(0.,0.,1.));
#298 = DIRECTION('',(1.,0.,-0.));
#299 = DEFINITIONAL_REPRESENTATION('',(#300),#304);
#300 = LINE('',#301,#302);
#301 = CARTESIAN_POINT('',(-1.570796326795,0.));
#302 = VECTOR('',#303,1.);
#303 = DIRECTION('',(1.,0.));
#304 = ( GEOMETRIC_REPRESENTATION_CONTEXT(2) 
PARAMETRIC_REPRESENTATION_CONTEXT() REPRESENTATION_CONTEXT('2D SPACE',''
  ) );
#305 = ORIENTED_EDGE('',*,*,#306,.F.);
#306 = EDGE_CURVE('',#307,#278,#309,.T.);
#307 = VERTEX_POINT('',#308);
#308 = CARTESIAN_POINT('',(-103.,80.,0.));
#309 = SURFACE_CURVE('',#310,(#314,#321),.PCURVE_S1.);
#310 = LINE('',#311,#312);
#311 = CARTESIAN_POINT('',(-110.,80.,0.));
#312 = VECTOR('',#313,1.);
#313 = DIRECTION('',(1.,0.,0.));
#314 = PCURVE('',#122,#315);
#315 = DEFINITIONAL_REPRESENTATION('',(#316),#320);
#316 = LINE('',#317,#318);
#317 = CARTESIAN_POINT('',(0.,160.));
#318 = VECTOR('',#319,1.);
#319 = DIRECTION('',(1.,0.));
#320 = ( GEOMETRIC_REPRESENTATION_CONTEXT(2) 
PARAMETRIC_REPRESENTATION_CONTEXT() REPRESENTATION_CONTEXT('2D SPACE',''
  ) );
#321 = PCURVE('',#322,#327);
#322 = PLANE('',#323);
#323 = AXIS2_PLACEMENT_3D('',#324,#325,#326);
#324 = CARTESIAN_POINT('',(-110.,80.,0.));
#325 = DIRECTION('',(0.,1.,0.));
#326 = DIRECTION('',(0.,0.,1.));
#327 = DEFINITIONAL_REPRESENTATION('',(#328),#332);
#328 = LINE('',#329,#330);
#329 = CARTESIAN_POINT('',(0.,0.));
#330 = VECTOR('',#331,1.);
#331 = DIRECTION('',(0.,1.));
#332 = ( GEOMETRIC_REPRESENTATION_CONTEXT(2) 
PARAMETRIC_REPRESENTATION_CONTEXT() REPRESENTATION_CONTEXT('2D SPACE',''
  ) );
#333 = ORIENTED_EDGE('',*,*,#334,.F.);
#334 = EDGE_CURVE('',#107,#307,#335,.T.);
#335 = SURFACE_CURVE('',#336,(#341,#352),.PCURVE_S1.);
#336 = CIRCLE('',#337,7.);
#337 = AXIS2_PLACEMENT_3D('',#338,#339,#340);
#338 = CARTESIAN_POINT('',(-103.,73.,0.));
#339 = DIRECTION('',(-0.,-0.,-1.));
#340 = DIRECTION('',(0.,-1.,0.));
#341 = PCURVE('',#122,#342);
#342 = DEFINITIONAL_REPRESENTATION('',(#343),#351);
#343 = ( BOUNDED_CURVE() B_SPLINE_CURVE(2,(#344,#345,#346,#347,#348,#349
,#350),.UNSPECIFIED.,.T.,.F.) B_SPLINE_CURVE_WITH_KNOTS((1,2,2,2,2,1),(
    -2.094395102393,0.,2.094395102393,4.188790204786,6.28318530718,
8.377580409573),.UNSPECIFIED.) CURVE() GEOMETRIC_REPRESENTATION_ITEM() 
RATIONAL_B_SPLINE_CURVE((1.,0.5,1.,0.5,1.,0.5,1.)) REPRESENTATION_ITEM(
  '') );
#344 = CARTESIAN_POINT('',(7.,146.));
#345 = CARTESIAN_POINT('',(-5.124355652982,146.));
#346 = CARTESIAN_POINT('',(0.937822173509,156.5));
#347 = CARTESIAN_POINT('',(7.,167.));
#348 = CARTESIAN_POINT('',(13.062177826491,156.5));
#349 = CARTESIAN_POINT('',(19.124355652982,146.));
#350 = CARTESIAN_POINT('',(7.,146.));
#351 = ( GEOMETRIC_REPRESENTATION_CONTEXT(2) 
PARAMETRIC_REPRESENTATION_CONTEXT() REPRESENTATION_CONTEXT('2D SPACE',''
  ) );
#352 = PCURVE('',#148,#353);
#353 = DEFINITIONAL_REPRESENTATION('',(#354),#358);
#354 = LINE('',#355,#356);
#355 = CARTESIAN_POINT('',(1.570796326795,-0.));
#356 = VECTOR('',#357,1.);
#357 = DIRECTION('',(-1.,0.));
#358 = ( GEOMETRIC_REPRESENTATION_CONTEXT(2) 
PARAMETRIC_REPRESENTATION_CONTEXT() REPRESENTATION_CONTEXT('2D SPACE',''
  ) );
#359 = FACE_BOUND('',#360,.F.);
#360 = EDGE_LOOP('',(#361));
#361 = ORIENTED_EDGE('',*,*,#362,.T.);
#362 = EDGE_CURVE('',#363,#363,#365,.T.);
#363 = VERTEX_POINT('',#364);
#364 = CARTESIAN_POINT('',(-91.4,-60.,0.));
#365 = SURFACE_CURVE('',#366,(#371,#382),.PCURVE_S1.);
#366 = CIRCLE('',#367,3.6);
#367 = AXIS2_PLACEMENT_3D('',#368,#369,#370);
#368 = CARTESIAN_POINT('',(-95.,-60.,0.));
#369 = DIRECTION('',(0.,0.,-1.));
#370 = DIRECTION('',(1.,0.,0.));
#371 = PCURVE('',#122,#372);
#372 = DEFINITIONAL_REPRESENTATION('',(#373),#381);
#373 = ( BOUNDED_CURVE() B_SPLINE_CURVE(2,(#374,#375,#376,#377,#378,#379
,#380),.UNSPECIFIED.,.T.,.F.) B_SPLINE_CURVE_WITH_KNOTS((1,2,2,2,2,1),(
    -2.094395102393,0.,2.094395102393,4.188790204786,6.28318530718,
8.377580409573),.UNSPECIFIED.) CURVE() GEOMETRIC_REPRESENTATION_ITEM() 
RATIONAL_B_SPLINE_CURVE((1.,0.5,1.,0.5,1.,0.5,1.)) REPRESENTATION_ITEM(
  '') );
#374 = CARTESIAN_POINT('',(18.6,20.));
#375 = CARTESIAN_POINT('',(18.6,13.764617092752));
#376 = CARTESIAN_POINT('',(13.2,16.882308546376));
#377 = CARTESIAN_POINT('',(7.8,20.));
#378 = CARTESIAN_POINT('',(13.2,23.117691453624));
#379 = CARTESIAN_POINT('',(18.6,26.235382907248));
#380 = CARTESIAN_POINT('',(18.6,20.));
#381 = ( GEOMETRIC_REPRESENTATION_CONTEXT(2) 
PARAMETRIC_REPRESENTATION_CONTEXT() REPRESENTATION_CONTEXT('2D SPACE',''
  ) );
#382 = PCURVE('',#383,#388);
#383 = CYLINDRICAL_SURFACE('',#384,3.6);
#384 = AXIS2_PLACEMENT_3D('',#385,#386,#387);
#385 = CARTESIAN_POINT('',(-95.,-60.,-1.));
#386 = DIRECTION('',(-0.,-0.,-1.));
#387 = DIRECTION('',(1.,0.,0.));
#388 = DEFINITIONAL_REPRESENTATION('',(#389),#393);
#389 = LINE('',#390,#391);
#390 = CARTESIAN_POINT('',(-6.28318530718,-1.));
#391 = VECTOR('',#392,1.);
#392 = DIRECTION('',(1.,-0.));
#393 = ( GEOMETRIC_REPRESENTATION_CONTEXT(2) 
PARAMETRIC_REPRESENTATION_CONTEXT() REPRESENTATION_CONTEXT('2D SPACE',''
  ) );
#394 = FACE_BOUND('',#395,.F.);
#395 = EDGE_LOOP('',(#396));
#396 = ORIENTED_EDGE('',*,*,#397,.T.);
#397 = EDGE_CURVE('',#398,#398,#400,.T.);
#398 = VERTEX_POINT('',#399);
#399 = CARTESIAN_POINT('',(3.6,-60.,0.));
#400 = SURFACE_CURVE('',#401,(#406,#417),.PCURVE_S1.);
#401 = CIRCLE('',#402,3.6);
#402 = AXIS2_PLACEMENT_3D('',#403,#404,#405);
#403 = CARTESIAN_POINT('',(0.,-60.,0.));
#404 = DIRECTION('',(0.,0.,-1.));
#405 = DIRECTION('',(1.,0.,0.));
#406 = PCURVE('',#122,#407);
#407 = DEFINITIONAL_REPRESENTATION('',(#408),#416);
#408 = ( BOUNDED_CURVE() B_SPLINE_CURVE(2,(#409,#410,#411,#412,#413,#414
,#415),.UNSPECIFIED.,.T.,.F.) B_SPLINE_CURVE_WITH_KNOTS((1,2,2,2,2,1),(
    -2.094395102393,0.,2.094395102393,4.188790204786,6.28318530718,
8.377580409573),.UNSPECIFIED.) CURVE() GEOMETRIC_REPRESENTATION_ITEM() 
RATIONAL_B_SPLINE_CURVE((1.,0.5,1.,0.5,1.,0.5,1.)) REPRESENTATION_ITEM(
  '') );
#409 = CARTESIAN_POINT('',(113.6,20.));
#410 = CARTESIAN_POINT('',(113.6,13.764617092752));
#411 = CARTESIAN_POINT('',(108.2,16.882308546376));
#412 = CARTESIAN_POINT('',(102.8,20.));
#413 = CARTESIAN_POINT('',(108.2,23.117691453624));
#414 = CARTESIAN_POINT('',(113.6,26.235382907248));
#415 = CARTESIAN_POINT('',(113.6,20.));
#416 = ( GEOMETRIC_REPRESENTATION_CONTEXT(2) 
PARAMETRIC_REPRESENTATION_CONTEXT() REPRESENTATION_CONTEXT('2D SPACE',''
  ) );
#417 = PCURVE('',#418,#423);
#418 = CYLINDRICAL_SURFACE('',#419,3.6);
#419 = AXIS2_PLACEMENT_3D('',#420,#421,#422);
#420 = CARTESIAN_POINT('',(0.,-60.,-1.));
#421 = DIRECTION('',(-0.,-0.,-1.));
#422 = DIRECTION('',(1.,0.,0.));
#423 = DEFINITIONAL_REPRESENTATION('',(#424),#428);
#424 = LINE('',#425,#426);
#425 = CARTESIAN_POINT('',(-6.28318530718,-1.));
#426 = VECTOR('',#427,1.);
#427 = DIRECTION('',(1.,-0.));
#428 = ( GEOMETRIC_REPRESENTATION_CONTEXT(2) 
PARAMETRIC_REPRESENTATION_CONTEXT() REPRESENTATION_CONTEXT('2D SPACE',''
  ) );
#429 = FACE_BOUND('',#430,.F.);
#430 = EDGE_LOOP('',(#431));
#431 = ORIENTED_EDGE('',*,*,#432,.F.);
#432 = EDGE_CURVE('',#433,#433,#435,.T.);
#433 = VERTEX_POINT('',#434);
#434 = CARTESIAN_POINT('',(-28.,-28.,0.));
#435 = SURFACE_CURVE('',#436,(#441,#448),.PCURVE_S1.);
#436 = CIRCLE('',#437,10.);
#437 = AXIS2_PLACEMENT_3D('',#438,#439,#440);
#438 = CARTESIAN_POINT('',(-38.,-28.,0.));
#439 = DIRECTION('',(0.,0.,1.));
#440 = DIRECTION('',(1.,0.,0.));
#441 = PCURVE('',#122,#442);
#442 = DEFINITIONAL_REPRESENTATION('',(#443),#447);
#443 = CIRCLE('',#444,10.);
#444 = AXIS2_PLACEMENT_2D('',#445,#446);
#445 = CARTESIAN_POINT('',(72.,52.));
#446 = DIRECTION('',(1.,0.));
#447 = ( GEOMETRIC_REPRESENTATION_CONTEXT(2) 
PARAMETRIC_REPRESENTATION_CONTEXT() REPRESENTATION_CONTEXT('2D SPACE',''
  ) );
#448 = PCURVE('',#449,#454);
#449 = CYLINDRICAL_SURFACE('',#450,10.);
#450 = AXIS2_PLACEMENT_3D('',#451,#452,#453);
#451 = CARTESIAN_POINT('',(-38.,-28.,0.));
#452 = DIRECTION('',(-0.,-0.,-1.));
#453 = DIRECTION('',(1.,0.,0.));
#454 = DEFINITIONAL_REPRESENTATION('',(#455),#459);
#455 = LINE('',#456,#457);
#456 = CARTESIAN_POINT('',(-0.,0.));
#457 = VECTOR('',#458,1.);
#458 = DIRECTION('',(-1.,0.));
#459 = ( GEOMETRIC_REPRESENTATION_CONTEXT(2) 
PARAMETRIC_REPRESENTATION_CONTEXT() REPRESENTATION_CONTEXT('2D SPACE',''
  ) );
#460 = FACE_BOUND('',#461,.F.);
#461 = EDGE_LOOP('',(#462));
#462 = ORIENTED_EDGE('',*,*,#463,.T.);
#463 = EDGE_CURVE('',#464,#464,#466,.T.);
#464 = VERTEX_POINT('',#465);
#465 = CARTESIAN_POINT('',(98.6,-60.,0.));
#466 = SURFACE_CURVE('',#467,(#472,#483),.PCURVE_S1.);
#467 = CIRCLE('',#468,3.6);
#468 = AXIS2_PLACEMENT_3D('',#469,#470,#471);
#469 = CARTESIAN_POINT('',(95.,-60.,0.));
#470 = DIRECTION('',(0.,0.,-1.));
#471 = DIRECTION('',(1.,0.,0.));
#472 = PCURVE('',#122,#473);
#473 = DEFINITIONAL_REPRESENTATION('',(#474),#482);
#474 = ( BOUNDED_CURVE() B_SPLINE_CURVE(2,(#475,#476,#477,#478,#479,#480
,#481),.UNSPECIFIED.,.T.,.F.) B_SPLINE_CURVE_WITH_KNOTS((1,2,2,2,2,1),(
    -2.094395102393,0.,2.094395102393,4.188790204786,6.28318530718,
8.377580409573),.UNSPECIFIED.) CURVE() GEOMETRIC_REPRESENTATION_ITEM() 
RATIONAL_B_SPLINE_CURVE((1.,0.5,1.,0.5,1.,0.5,1.)) REPRESENTATION_ITEM(
  '') );
#475 = CARTESIAN_POINT('',(208.6,20.));
#476 = CARTESIAN_POINT('',(208.6,13.764617092752));
#477 = CARTESIAN_POINT('',(203.2,16.882308546376));
#478 = CARTESIAN_POINT('',(197.8,20.));
#479 = CARTESIAN_POINT('',(203.2,23.117691453624));
#480 = CARTESIAN_POINT('',(208.6,26.235382907248));
#481 = CARTESIAN_POINT('',(208.6,20.));
#482 = ( GEOMETRIC_REPRESENTATION_CONTEXT(2) 
PARAMETRIC_REPRESENTATION_CONTEXT() REPRESENTATION_CONTEXT('2D SPACE',''
  ) );
#483 = PCURVE('',#484,#489);
#484 = CYLINDRICAL_SURFACE('',#485,3.6);
#485 = AXIS2_PLACEMENT_3D('',#486,#487,#488);
#486 = CARTESIAN_POINT('',(95.,-60.,-1.));
#487 = DIRECTION('',(-0.,-0.,-1.));
#488 = DIRECTION('',(1.,0.,0.));
#489 = DEFINITIONAL_REPRESENTATION('',(#490),#494);
#490 = LINE('',#491,#492);
#491 = CARTESIAN_POINT('',(-6.28318530718,-1.));
#492 = VECTOR('',#493,1.);
#493 = DIRECTION('',(1.,-0.));
#494 = ( GEOMETRIC_REPRESENTATION_CONTEXT(2) 
PARAMETRIC_REPRESENTATION_CONTEXT() REPRESENTATION_CONTEXT('2D SPACE',''
  ) );
#495 = FACE_BOUND('',#496,.F.);
#496 = EDGE_LOOP('',(#497,#528,#557));
#497 = ORIENTED_EDGE('',*,*,#498,.F.);
#498 = EDGE_CURVE('',#499,#501,#503,.T.);
#499 = VERTEX_POINT('',#500);
#500 = CARTESIAN_POINT('',(44.,-20.,0.));
#501 = VERTEX_POINT('',#502);
#502 = CARTESIAN_POINT('',(32.,-20.,0.));
#503 = SURFACE_CURVE('',#504,(#509,#516),.PCURVE_S1.);
#504 = CIRCLE('',#505,10.);
#505 = AXIS2_PLACEMENT_3D('',#506,#507,#508);
#506 = CARTESIAN_POINT('',(38.,-28.,0.));
#507 = DIRECTION('',(0.,0.,1.));
#508 = DIRECTION('',(1.,0.,0.));
#509 = PCURVE('',#122,#510);
#510 = DEFINITIONAL_REPRESENTATION('',(#511),#515);
#511 = CIRCLE('',#512,10.);
#512 = AXIS2_PLACEMENT_2D('',#513,#514);
#513 = CARTESIAN_POINT('',(148.,52.));
#514 = DIRECTION('',(1.,0.));
#515 = ( GEOMETRIC_REPRESENTATION_CONTEXT(2) 
PARAMETRIC_REPRESENTATION_CONTEXT() REPRESENTATION_CONTEXT('2D SPACE',''
  ) );
#516 = PCURVE('',#517,#522);
#517 = CYLINDRICAL_SURFACE('',#518,10.);
#518 = AXIS2_PLACEMENT_3D('',#519,#520,#521);
#519 = CARTESIAN_POINT('',(38.,-28.,0.));
#520 = DIRECTION('',(-0.,-0.,-1.));
#521 = DIRECTION('',(1.,0.,0.));
#522 = DEFINITIONAL_REPRESENTATION('',(#523),#527);
#523 = LINE('',#524,#525);
#524 = CARTESIAN_POINT('',(-0.,0.));
#525 = VECTOR('',#526,1.);
#526 = DIRECTION('',(-1.,0.));
#527 = ( GEOMETRIC_REPRESENTATION_CONTEXT(2) 
PARAMETRIC_REPRESENTATION_CONTEXT() REPRESENTATION_CONTEXT('2D SPACE',''
  ) );
#528 = ORIENTED_EDGE('',*,*,#529,.F.);
#529 = EDGE_CURVE('',#530,#499,#532,.T.);
#530 = VERTEX_POINT('',#531);
#531 = CARTESIAN_POINT('',(30.,-22.,0.));
#532 = SURFACE_CURVE('',#533,(#538,#545),.PCURVE_S1.);
#533 = CIRCLE('',#534,10.);
#534 = AXIS2_PLACEMENT_3D('',#535,#536,#537);
#535 = CARTESIAN_POINT('',(38.,-28.,0.));
#536 = DIRECTION('',(0.,0.,1.));
#537 = DIRECTION('',(-0.8,0.6,0.));
#538 = PCURVE('',#122,#539);
#539 = DEFINITIONAL_REPRESENTATION('',(#540),#544);
#540 = CIRCLE('',#541,10.);
#541 = AXIS2_PLACEMENT_2D('',#542,#543);
#542 = CARTESIAN_POINT('',(148.,52.));
#543 = DIRECTION('',(-0.8,0.6));
#544 = ( GEOMETRIC_REPRESENTATION_CONTEXT(2) 
PARAMETRIC_REPRESENTATION_CONTEXT() REPRESENTATION_CONTEXT('2D SPACE',''
  ) );
#545 = PCURVE('',#546,#551);
#546 = CYLINDRICAL_SURFACE('',#547,10.);
#547 = AXIS2_PLACEMENT_3D('',#548,#549,#550);
#548 = CARTESIAN_POINT('',(38.,-28.,0.));
#549 = DIRECTION('',(-0.,-0.,-1.));
#550 = DIRECTION('',(1.,0.,0.));
#551 = DEFINITIONAL_REPRESENTATION('',(#552),#556);
#552 = LINE('',#553,#554);
#553 = CARTESIAN_POINT('',(-2.498091544797,0.));
#554 = VECTOR('',#555,1.);
#555 = DIRECTION('',(-1.,0.));
#556 = ( GEOMETRIC_REPRESENTATION_CONTEXT(2) 
PARAMETRIC_REPRESENTATION_CONTEXT() REPRESENTATION_CONTEXT('2D SPACE',''
  ) );
#557 = ORIENTED_EDGE('',*,*,#558,.F.);
#558 = EDGE_CURVE('',#501,#530,#559,.T.);
#559 = SURFACE_CURVE('',#560,(#565,#572),.PCURVE_S1.);
#560 = CIRCLE('',#561,10.);
#561 = AXIS2_PLACEMENT_3D('',#562,#563,#564);
#562 = CARTESIAN_POINT('',(38.,-28.,0.));
#563 = DIRECTION('',(0.,0.,1.));
#564 = DIRECTION('',(-0.8,-0.6,0.));
#565 = PCURVE('',#122,#566);
#566 = DEFINITIONAL_REPRESENTATION('',(#567),#571);
#567 = CIRCLE('',#568,10.);
#568 = AXIS2_PLACEMENT_2D('',#569,#570);
#569 = CARTESIAN_POINT('',(148.,52.));
#570 = DIRECTION('',(-0.8,-0.6));
#571 = ( GEOMETRIC_REPRESENTATION_CONTEXT(2) 
PARAMETRIC_REPRESENTATION_CONTEXT() REPRESENTATION_CONTEXT('2D SPACE',''
  ) );
#572 = PCURVE('',#573,#578);
#573 = CYLINDRICAL_SURFACE('',#574,10.);
#574 = AXIS2_PLACEMENT_3D('',#575,#576,#577);
#575 = CARTESIAN_POINT('',(38.,-28.,0.));
#576 = DIRECTION('',(-0.,-0.,-1.));
#577 = DIRECTION('',(1.,0.,0.));
#578 = DEFINITIONAL_REPRESENTATION('',(#579),#583);
#579 = LINE('',#580,#581);
#580 = CARTESIAN_POINT('',(-3.785093762383,0.));
#581 = VECTOR('',#582,1.);
#582 = DIRECTION('',(-1.,0.));
#583 = ( GEOMETRIC_REPRESENTATION_CONTEXT(2) 
PARAMETRIC_REPRESENTATION_CONTEXT() REPRESENTATION_CONTEXT('2D SPACE',''
  ) );
#584 = FACE_BOUND('',#585,.F.);
#585 = EDGE_LOOP('',(#586));
#586 = ORIENTED_EDGE('',*,*,#587,.T.);
#587 = EDGE_CURVE('',#588,#588,#590,.T.);
#588 = VERTEX_POINT('',#589);
#589 = CARTESIAN_POINT('',(3.6,0.,0.));
#590 = SURFACE_CURVE('',#591,(#596,#607),.PCURVE_S1.);
#591 = CIRCLE('',#592,3.6);
#592 = AXIS2_PLACEMENT_3D('',#593,#594,#595);
#593 = CARTESIAN_POINT('',(0.,0.,0.));
#594 = DIRECTION('',(0.,0.,-1.));
#595 = DIRECTION('',(1.,0.,0.));
#596 = PCURVE('',#122,#597);
#597 = DEFINITIONAL_REPRESENTATION('',(#598),#606);
#598 = ( BOUNDED_CURVE() B_SPLINE_CURVE(2,(#599,#600,#601,#602,#603,#604
,#605),.UNSPECIFIED.,.T.,.F.) B_SPLINE_CURVE_WITH_KNOTS((1,2,2,2,2,1),(
    -2.094395102393,0.,2.094395102393,4.188790204786,6.28318530718,
8.377580409573),.UNSPECIFIED.) CURVE() GEOMETRIC_REPRESENTATION_ITEM() 
RATIONAL_B_SPLINE_CURVE((1.,0.5,1.,0.5,1.,0.5,1.)) REPRESENTATION_ITEM(
  '') );
#599 = CARTESIAN_POINT('',(113.6,80.));
#600 = CARTESIAN_POINT('',(113.6,73.764617092752));
#601 = CARTESIAN_POINT('',(108.2,76.882308546376));
#602 = CARTESIAN_POINT('',(102.8,80.));
#603 = CARTESIAN_POINT('',(108.2,83.117691453624));
#604 = CARTESIAN_POINT('',(113.6,86.235382907248));
#605 = CARTESIAN_POINT('',(113.6,80.));
#606 = ( GEOMETRIC_REPRESENTATION_CONTEXT(2) 
PARAMETRIC_REPRESENTATION_CONTEXT() REPRESENTATION_CONTEXT('2D SPACE',''
  ) );
#607 = PCURVE('',#608,#613);
#608 = CYLINDRICAL_SURFACE('',#609,3.6);
#609 = AXIS2_PLACEMENT_3D('',#610,#611,#612);
#610 = CARTESIAN_POINT('',(0.,0.,-1.));
#611 = DIRECTION('',(-0.,-0.,-1.));
#612 = DIRECTION('',(1.,0.,0.));
#613 = DEFINITIONAL_REPRESENTATION('',(#614),#618);
#614 = LINE('',#615,#616);
#615 = CARTESIAN_POINT('',(-6.28318530718,-1.));
#616 = VECTOR('',#617,1.);
#617 = DIRECTION('',(1.,-0.));
#618 = ( GEOMETRIC_REPRESENTATION_CONTEXT(2) 
PARAMETRIC_REPRESENTATION_CONTEXT() REPRESENTATION_CONTEXT('2D SPACE',''
  ) );
#619 = FACE_BOUND('',#620,.F.);
#620 = EDGE_LOOP('',(#621));
#621 = ORIENTED_EDGE('',*,*,#622,.F.);
#622 = EDGE_CURVE('',#623,#623,#625,.T.);
#623 = VERTEX_POINT('',#624);
#624 = CARTESIAN_POINT('',(-28.,28.,0.));
#625 = SURFACE_CURVE('',#626,(#631,#638),.PCURVE_S1.);
#626 = CIRCLE('',#627,10.);
#627 = AXIS2_PLACEMENT_3D('',#628,#629,#630);
#628 = CARTESIAN_POINT('',(-38.,28.,0.));
#629 = DIRECTION('',(0.,0.,1.));
#630 = DIRECTION('',(1.,0.,0.));
#631 = PCURVE('',#122,#632);
#632 = DEFINITIONAL_REPRESENTATION('',(#633),#637);
#633 = CIRCLE('',#634,10.);
#634 = AXIS2_PLACEMENT_2D('',#635,#636);
#635 = CARTESIAN_POINT('',(72.,108.));
#636 = DIRECTION('',(1.,0.));
#637 = ( GEOMETRIC_REPRESENTATION_CONTEXT(2) 
PARAMETRIC_REPRESENTATION_CONTEXT() REPRESENTATION_CONTEXT('2D SPACE',''
  ) );
#638 = PCURVE('',#639,#644);
#639 = CYLINDRICAL_SURFACE('',#640,10.);
#640 = AXIS2_PLACEMENT_3D('',#641,#642,#643);
#641 = CARTESIAN_POINT('',(-38.,28.,0.));
#642 = DIRECTION('',(-0.,-0.,-1.));
#643 = DIRECTION('',(1.,0.,0.));
#644 = DEFINITIONAL_REPRESENTATION('',(#645),#649);
#645 = LINE('',#646,#647);
#646 = CARTESIAN_POINT('',(-0.,0.));
#647 = VECTOR('',#648,1.);
#648 = DIRECTION('',(-1.,0.));
#649 = ( GEOMETRIC_REPRESENTATION_CONTEXT(2) 
PARAMETRIC_REPRESENTATION_CONTEXT() REPRESENTATION_CONTEXT('2D SPACE',''
  ) );
#650 = FACE_BOUND('',#651,.F.);
#651 = EDGE_LOOP('',(#652));
#652 = ORIENTED_EDGE('',*,*,#653,.T.);
#653 = EDGE_CURVE('',#654,#654,#656,.T.);
#654 = VERTEX_POINT('',#655);
#655 = CARTESIAN_POINT('',(-91.4,60.,0.));
#656 = SURFACE_CURVE('',#657,(#662,#673),.PCURVE_S1.);
#657 = CIRCLE('',#658,3.6);
#658 = AXIS2_PLACEMENT_3D('',#659,#660,#661);
#659 = CARTESIAN_POINT('',(-95.,60.,0.));
#660 = DIRECTION('',(0.,0.,-1.));
#661 = DIRECTION('',(1.,0.,0.));
#662 = PCURVE('',#122,#663);
#663 = DEFINITIONAL_REPRESENTATION('',(#664),#672);
#664 = ( BOUNDED_CURVE() B_SPLINE_CURVE(2,(#665,#666,#667,#668,#669,#670
,#671),.UNSPECIFIED.,.T.,.F.) B_SPLINE_CURVE_WITH_KNOTS((1,2,2,2,2,1),(
    -2.094395102393,0.,2.094395102393,4.188790204786,6.28318530718,
8.377580409573),.UNSPECIFIED.) CURVE() GEOMETRIC_REPRESENTATION_ITEM() 
RATIONAL_B_SPLINE_CURVE((1.,0.5,1.,0.5,1.,0.5,1.)) REPRESENTATION_ITEM(
  '') );
#665 = CARTESIAN_POINT('',(18.6,140.));
#666 = CARTESIAN_POINT('',(18.6,133.76461709275));
#667 = CARTESIAN_POINT('',(13.2,136.88230854637));
#668 = CARTESIAN_POINT('',(7.8,140.));
#669 = CARTESIAN_POINT('',(13.2,143.11769145362));
#670 = CARTESIAN_POINT('',(18.6,146.23538290724));
#671 = CARTESIAN_POINT('',(18.6,140.));
#672 = ( GEOMETRIC_REPRESENTATION_CONTEXT(2) 
PARAMETRIC_REPRESENTATION_CONTEXT() REPRESENTATION_CONTEXT('2D SPACE',''
  ) );
#673 = PCURVE('',#674,#679);
#674 = CYLINDRICAL_SURFACE('',#675,3.6);
#675 = AXIS2_PLACEMENT_3D('',#676,#677,#678);
#676 = CARTESIAN_POINT('',(-95.,60.,-1.));
#677 = DIRECTION('',(-0.,-0.,-1.));
#678 = DIRECTION('',(1.,0.,0.));
#679 = DEFINITIONAL_REPRESENTATION('',(#680),#684);
#680 = LINE('',#681,#682);
#681 = CARTESIAN_POINT('',(-6.28318530718,-1.));
#682 = VECTOR('',#683,1.);
#683 = DIRECTION('',(1.,-0.));
#684 = ( GEOMETRIC_REPRESENTATION_CONTEXT(2) 
PARAMETRIC_REPRESENTATION_CONTEXT() REPRESENTATION_CONTEXT('2D SPACE',''
  ) );
#685 = FACE_BOUND('',#686,.F.);
#686 = EDGE_LOOP('',(#687));
#687 = ORIENTED_EDGE('',*,*,#688,.T.);
#688 = EDGE_CURVE('',#689,#689,#691,.T.);
#689 = VERTEX_POINT('',#690);
#690 = CARTESIAN_POINT('',(3.6,60.,0.));
#691 = SURFACE_CURVE('',#692,(#697,#708),.PCURVE_S1.);
#692 = CIRCLE('',#693,3.6);
#693 = AXIS2_PLACEMENT_3D('',#694,#695,#696);
#694 = CARTESIAN_POINT('',(0.,60.,0.));
#695 = DIRECTION('',(0.,0.,-1.));
#696 = DIRECTION('',(1.,0.,0.));
#697 = PCURVE('',#122,#698);
#698 = DEFINITIONAL_REPRESENTATION('',(#699),#707);
#699 = ( BOUNDED_CURVE() B_SPLINE_CURVE(2,(#700,#701,#702,#703,#704,#705
,#706),.UNSPECIFIED.,.T.,.F.) B_SPLINE_CURVE_WITH_KNOTS((1,2,2,2,2,1),(
    -2.094395102393,0.,2.094395102393,4.188790204786,6.28318530718,
8.377580409573),.UNSPECIFIED.) CURVE() GEOMETRIC_REPRESENTATION_ITEM() 
RATIONAL_B_SPLINE_CURVE((1.,0.5,1.,0.5,1.,0.5,1.)) REPRESENTATION_ITEM(
  '') );
#700 = CARTESIAN_POINT('',(113.6,140.));
#701 = CARTESIAN_POINT('',(113.6,133.76461709275));
#702 = CARTESIAN_POINT('',(108.2,136.88230854637));
#703 = CARTESIAN_POINT('',(102.8,140.));
#704 = CARTESIAN_POINT('',(108.2,143.11769145362));
#705 = CARTESIAN_POINT('',(113.6,146.23538290724));
#706 = CARTESIAN_POINT('',(113.6,140.));
#707 = ( GEOMETRIC_REPRESENTATION_CONTEXT(2) 
PARAMETRIC_REPRESENTATION_CONTEXT() REPRESENTATION_CONTEXT('2D SPACE',''
  ) );
#708 = PCURVE('',#709,#714);
#709 = CYLINDRICAL_SURFACE('',#710,3.6);
#710 = AXIS2_PLACEMENT_3D('',#711,#712,#713);
#711 = CARTESIAN_POINT('',(0.,60.,-1.));
#712 = DIRECTION('',(-0.,-0.,-1.));
#713 = DIRECTION('',(1.,0.,0.));
#714 = DEFINITIONAL_REPRESENTATION('',(#715),#719);
#715 = LINE('',#716,#717);
#716 = CARTESIAN_POINT('',(-6.28318530718,-1.));
#717 = VECTOR('',#718,1.);
#718 = DIRECTION('',(1.,-0.));
#719 = ( GEOMETRIC_REPRESENTATION_CONTEXT(2) 
PARAMETRIC_REPRESENTATION_CONTEXT() REPRESENTATION_CONTEXT('2D SPACE',''
  ) );
#720 = FACE_BOUND('',#721,.F.);
#721 = EDGE_LOOP('',(#722));
#722 = ORIENTED_EDGE('',*,*,#723,.F.);
#723 = EDGE_CURVE('',#724,#724,#726,.T.);
#724 = VERTEX_POINT('',#725);
#725 = CARTESIAN_POINT('',(30.,34.,0.));
#726 = SURFACE_CURVE('',#727,(#732,#739),.PCURVE_S1.);
#727 = CIRCLE('',#728,10.);
#728 = AXIS2_PLACEMENT_3D('',#729,#730,#731);
#729 = CARTESIAN_POINT('',(38.,28.,0.));
#730 = DIRECTION('',(0.,0.,1.));
#731 = DIRECTION('',(-0.8,0.6,0.));
#732 = PCURVE('',#122,#733);
#733 = DEFINITIONAL_REPRESENTATION('',(#734),#738);
#734 = CIRCLE('',#735,10.);
#735 = AXIS2_PLACEMENT_2D('',#736,#737);
#736 = CARTESIAN_POINT('',(148.,108.));
#737 = DIRECTION('',(-0.8,0.6));
#738 = ( GEOMETRIC_REPRESENTATION_CONTEXT(2) 
PARAMETRIC_REPRESENTATION_CONTEXT() REPRESENTATION_CONTEXT('2D SPACE',''
  ) );
#739 = PCURVE('',#740,#745);
#740 = CYLINDRICAL_SURFACE('',#741,10.);
#741 = AXIS2_PLACEMENT_3D('',#742,#743,#744);
#742 = CARTESIAN_POINT('',(38.,28.,0.));
#743 = DIRECTION('',(-0.,-0.,-1.));
#744 = DIRECTION('',(1.,0.,0.));
#745 = DEFINITIONAL_REPRESENTATION('',(#746),#750);
#746 = LINE('',#747,#748);
#747 = CARTESIAN_POINT('',(-2.498091544797,0.));
#748 = VECTOR('',#749,1.);
#749 = DIRECTION('',(-1.,0.));
#750 = ( GEOMETRIC_REPRESENTATION_CONTEXT(2) 
PARAMETRIC_REPRESENTATION_CONTEXT() REPRESENTATION_CONTEXT('2D SPACE',''
  ) );
#751 = FACE_BOUND('',#752,.F.);
#752 = EDGE_LOOP('',(#753));
#753 = ORIENTED_EDGE('',*,*,#754,.T.);
#754 = EDGE_CURVE('',#755,#755,#757,.T.);
#755 = VERTEX_POINT('',#756);
#756 = CARTESIAN_POINT('',(98.6,60.,0.));
#757 = SURFACE_CURVE('',#758,(#763,#774),.PCURVE_S1.);
#758 = CIRCLE('',#759,3.6);
#759 = AXIS2_PLACEMENT_3D('',#760,#761,#762);
#760 = CARTESIAN_POINT('',(95.,60.,0.));
#761 = DIRECTION('',(0.,0.,-1.));
#762 = DIRECTION('',(1.,0.,0.));
#763 = PCURVE('',#122,#764);
#764 = DEFINITIONAL_REPRESENTATION('',(#765),#773);
#765 = ( BOUNDED_CURVE() B_SPLINE_CURVE(2,(#766,#767,#768,#769,#770,#771
,#772),.UNSPECIFIED.,.T.,.F.) B_SPLINE_CURVE_WITH_KNOTS((1,2,2,2,2,1),(
    -2.094395102393,0.,2.094395102393,4.188790204786,6.28318530718,
8.377580409573),.UNSPECIFIED.) CURVE() GEOMETRIC_REPRESENTATION_ITEM() 
RATIONAL_B_SPLINE_CURVE((1.,0.5,1.,0.5,1.,0.5,1.)) REPRESENTATION_ITEM(
  '') );
#766 = CARTESIAN_POINT('',(208.6,140.));
#767 = CARTESIAN_POINT('',(208.6,133.76461709275));
#768 = CARTESIAN_POINT('',(203.2,136.88230854637));
#769 = CARTESIAN_POINT('',(197.8,140.));
#770 = CARTESIAN_POINT('',(203.2,143.11769145362));
#771 = CARTESIAN_POINT('',(208.6,146.23538290724));
#772 = CARTESIAN_POINT('',(208.6,140.));
#773 = ( GEOMETRIC_REPRESENTATION_CONTEXT(2) 
PARAMETRIC_REPRESENTATION_CONTEXT() REPRESENTATION_CONTEXT('2D SPACE',''
  ) );
#774 = PCURVE('',#775,#780);
#775 = CYLINDRICAL_SURFACE('',#776,3.6);
#776 = AXIS2_PLACEMENT_3D('',#777,#778,#779);
#777 = CARTESIAN_POINT('',(95.,60.,-1.));
#778 = DIRECTION('',(-0.,-0.,-1.));
#779 = DIRECTION('',(1.,0.,0.));
#780 = DEFINITIONAL_REPRESENTATION('',(#781),#785);
#781 = LINE('',#782,#783);
#782 = CARTESIAN_POINT('',(-6.28318530718,-1.));
#783 = VECTOR('',#784,1.);
#784 = DIRECTION('',(1.,-0.));
#785 = ( GEOMETRIC_REPRESENTATION_CONTEXT(2) 
PARAMETRIC_REPRESENTATION_CONTEXT() REPRESENTATION_CONTEXT('2D SPACE',''
  ) );
#786 = ADVANCED_FACE('',(#787),#775,.F.);
#787 = FACE_BOUND('',#788,.T.);
#788 = EDGE_LOOP('',(#789,#812,#813,#814));
#789 = ORIENTED_EDGE('',*,*,#790,.F.);
#790 = EDGE_CURVE('',#755,#791,#793,.T.);
#791 = VERTEX_POINT('',#792);
#792 = CARTESIAN_POINT('',(98.6,60.,5.));
#793 = SEAM_CURVE('',#794,(#798,#805),.PCURVE_S1.);
#794 = LINE('',#795,#796);
#795 = CARTESIAN_POINT('',(98.6,60.,-1.));
#796 = VECTOR('',#797,1.);
#797 = DIRECTION('',(0.,0.,1.));
#798 = PCURVE('',#775,#799);
#799 = DEFINITIONAL_REPRESENTATION('',(#800),#804);
#800 = LINE('',#801,#802);
#801 = CARTESIAN_POINT('',(-6.28318530718,0.));
#802 = VECTOR('',#803,1.);
#803 = DIRECTION('',(-0.,-1.));
#804 = ( GEOMETRIC_REPRESENTATION_CONTEXT(2) 
PARAMETRIC_REPRESENTATION_CONTEXT() REPRESENTATION_CONTEXT('2D SPACE',''
  ) );
#805 = PCURVE('',#775,#806);
#806 = DEFINITIONAL_REPRESENTATION('',(#807),#811);
#807 = LINE('',#808,#809);
#808 = CARTESIAN_POINT('',(-0.,0.));
#809 = VECTOR('',#810,1.);
#810 = DIRECTION('',(-0.,-1.));
#811 = ( GEOMETRIC_REPRESENTATION_CONTEXT(2) 
PARAMETRIC_REPRESENTATION_CONTEXT() REPRESENTATION_CONTEXT('2D SPACE',''
  ) );
#812 = ORIENTED_EDGE('',*,*,#754,.T.);
#813 = ORIENTED_EDGE('',*,*,#790,.T.);
#814 = ORIENTED_EDGE('',*,*,#815,.F.);
#815 = EDGE_CURVE('',#791,#791,#816,.T.);
#816 = SURFACE_CURVE('',#817,(#822,#829),.PCURVE_S1.);
#817 = CIRCLE('',#818,3.6);
#818 = AXIS2_PLACEMENT_3D('',#819,#820,#821);
#819 = CARTESIAN_POINT('',(95.,60.,5.));
#820 = DIRECTION('',(0.,0.,-1.));
#821 = DIRECTION('',(1.,0.,0.));
#822 = PCURVE('',#775,#823);
#823 = DEFINITIONAL_REPRESENTATION('',(#824),#828);
#824 = LINE('',#825,#826);
#825 = CARTESIAN_POINT('',(-6.28318530718,-6.));
#826 = VECTOR('',#827,1.);
#827 = DIRECTION('',(1.,-0.));
#828 = ( GEOMETRIC_REPRESENTATION_CONTEXT(2) 
PARAMETRIC_REPRESENTATION_CONTEXT() REPRESENTATION_CONTEXT('2D SPACE',''
  ) );
#829 = PCURVE('',#830,#835);
#830 = PLANE('',#831);
#831 = AXIS2_PLACEMENT_3D('',#832,#833,#834);
#832 = CARTESIAN_POINT('',(95.,60.,5.));
#833 = DIRECTION('',(0.,0.,1.));
#834 = DIRECTION('',(1.,0.,-0.));
#835 = DEFINITIONAL_REPRESENTATION('',(#836),#844);
#836 = ( BOUNDED_CURVE() B_SPLINE_CURVE(2,(#837,#838,#839,#840,#841,#842
,#843),.UNSPECIFIED.,.T.,.F.) B_SPLINE_CURVE_WITH_KNOTS((1,2,2,2,2,1),(
    -2.094395102393,0.,2.094395102393,4.188790204786,6.28318530718,
8.377580409573),.UNSPECIFIED.) CURVE() GEOMETRIC_REPRESENTATION_ITEM() 
RATIONAL_B_SPLINE_CURVE((1.,0.5,1.,0.5,1.,0.5,1.)) REPRESENTATION_ITEM(
  '') );
#837 = CARTESIAN_POINT('',(3.6,-1.42108547152E-14));
#838 = CARTESIAN_POINT('',(3.6,-6.235382907248));
#839 = CARTESIAN_POINT('',(-1.8,-3.117691453624));
#840 = CARTESIAN_POINT('',(-7.2,-1.509260041059E-14));
#841 = CARTESIAN_POINT('',(-1.8,3.117691453624));
#842 = CARTESIAN_POINT('',(3.6,6.235382907248));
#843 = CARTESIAN_POINT('',(3.6,-1.42108547152E-14));
#844 = ( GEOMETRIC_REPRESENTATION_CONTEXT(2) 
PARAMETRIC_REPRESENTATION_CONTEXT() REPRESENTATION_CONTEXT('2D SPACE',''
  ) );
#845 = ADVANCED_FACE('',(#846,#877),#830,.T.);
#846 = FACE_BOUND('',#847,.T.);
#847 = EDGE_LOOP('',(#848));
#848 = ORIENTED_EDGE('',*,*,#849,.T.);
#849 = EDGE_CURVE('',#850,#850,#852,.T.);
#850 = VERTEX_POINT('',#851);
#851 = CARTESIAN_POINT('',(103.,60.,5.));
#852 = SURFACE_CURVE('',#853,(#858,#865),.PCURVE_S1.);
#853 = CIRCLE('',#854,8.);
#854 = AXIS2_PLACEMENT_3D('',#855,#856,#857);
#855 = CARTESIAN_POINT('',(95.,60.,5.));
#856 = DIRECTION('',(0.,0.,1.));
#857 = DIRECTION('',(1.,0.,0.));
#858 = PCURVE('',#830,#859);
#859 = DEFINITIONAL_REPRESENTATION('',(#860),#864);
#860 = CIRCLE('',#861,8.);
#861 = AXIS2_PLACEMENT_2D('',#862,#863);
#862 = CARTESIAN_POINT('',(0.,-1.42108547152E-14));
#863 = DIRECTION('',(1.,0.));
#864 = ( GEOMETRIC_REPRESENTATION_CONTEXT(2) 
PARAMETRIC_REPRESENTATION_CONTEXT() REPRESENTATION_CONTEXT('2D SPACE',''
  ) );
#865 = PCURVE('',#866,#871);
#866 = CYLINDRICAL_SURFACE('',#867,8.);
#867 = AXIS2_PLACEMENT_3D('',#868,#869,#870);
#868 = CARTESIAN_POINT('',(95.,60.,5.));
#869 = DIRECTION('',(-0.,-0.,-1.));
#870 = DIRECTION('',(1.,0.,0.));
#871 = DEFINITIONAL_REPRESENTATION('',(#872),#876);
#872 = LINE('',#873,#874);
#873 = CARTESIAN_POINT('',(-0.,0.));
#874 = VECTOR('',#875,1.);
#875 = DIRECTION('',(-1.,0.));
#876 = ( GEOMETRIC_REPRESENTATION_CONTEXT(2) 
PARAMETRIC_REPRESENTATION_CONTEXT() REPRESENTATION_CONTEXT('2D SPACE',''
  ) );
#877 = FACE_BOUND('',#878,.T.);
#878 = EDGE_LOOP('',(#879));
#879 = ORIENTED_EDGE('',*,*,#815,.T.);
#880 = ADVANCED_FACE('',(#881),#866,.F.);
#881 = FACE_BOUND('',#882,.T.);
#882 = EDGE_LOOP('',(#883,#906,#928,#929));
#883 = ORIENTED_EDGE('',*,*,#884,.T.);
#884 = EDGE_CURVE('',#850,#885,#887,.T.);
#885 = VERTEX_POINT('',#886);
#886 = CARTESIAN_POINT('',(103.,60.,8.));
#887 = SEAM_CURVE('',#888,(#892,#899),.PCURVE_S1.);
#888 = LINE('',#889,#890);
#889 = CARTESIAN_POINT('',(103.,60.,5.));
#890 = VECTOR('',#891,1.);
#891 = DIRECTION('',(0.,0.,1.));
#892 = PCURVE('',#866,#893);
#893 = DEFINITIONAL_REPRESENTATION('',(#894),#898);
#894 = LINE('',#895,#896);
#895 = CARTESIAN_POINT('',(-0.,0.));
#896 = VECTOR('',#897,1.);
#897 = DIRECTION('',(-0.,-1.));
#898 = ( GEOMETRIC_REPRESENTATION_CONTEXT(2) 
PARAMETRIC_REPRESENTATION_CONTEXT() REPRESENTATION_CONTEXT('2D SPACE',''
  ) );
#899 = PCURVE('',#866,#900);
#900 = DEFINITIONAL_REPRESENTATION('',(#901),#905);
#901 = LINE('',#902,#903);
#902 = CARTESIAN_POINT('',(-6.28318530718,0.));
#903 = VECTOR('',#904,1.);
#904 = DIRECTION('',(-0.,-1.));
#905 = ( GEOMETRIC_REPRESENTATION_CONTEXT(2) 
PARAMETRIC_REPRESENTATION_CONTEXT() REPRESENTATION_CONTEXT('2D SPACE',''
  ) );
#906 = ORIENTED_EDGE('',*,*,#907,.T.);
#907 = EDGE_CURVE('',#885,#885,#908,.T.);
#908 = SURFACE_CURVE('',#909,(#914,#921),.PCURVE_S1.);
#909 = CIRCLE('',#910,8.);
#910 = AXIS2_PLACEMENT_3D('',#911,#912,#913);
#911 = CARTESIAN_POINT('',(95.,60.,8.));
#912 = DIRECTION('',(0.,0.,1.));
#913 = DIRECTION('',(1.,0.,0.));
#914 = PCURVE('',#866,#915);
#915 = DEFINITIONAL_REPRESENTATION('',(#916),#920);
#916 = LINE('',#917,#918);
#917 = CARTESIAN_POINT('',(-0.,-3.));
#918 = VECTOR('',#919,1.);
#919 = DIRECTION('',(-1.,0.));
#920 = ( GEOMETRIC_REPRESENTATION_CONTEXT(2) 
PARAMETRIC_REPRESENTATION_CONTEXT() REPRESENTATION_CONTEXT('2D SPACE',''
  ) );
#921 = PCURVE('',#66,#922);
#922 = DEFINITIONAL_REPRESENTATION('',(#923),#927);
#923 = CIRCLE('',#924,8.);
#924 = AXIS2_PLACEMENT_2D('',#925,#926);
#925 = CARTESIAN_POINT('',(205.,140.));
#926 = DIRECTION('',(1.,0.));
#927 = ( GEOMETRIC_REPRESENTATION_CONTEXT(2) 
PARAMETRIC_REPRESENTATION_CONTEXT() REPRESENTATION_CONTEXT('2D SPACE',''
  ) );
#928 = ORIENTED_EDGE('',*,*,#884,.F.);
#929 = ORIENTED_EDGE('',*,*,#849,.F.);
#930 = ADVANCED_FACE('',(#931),#740,.F.);
#931 = FACE_BOUND('',#932,.T.);
#932 = EDGE_LOOP('',(#933,#934,#956,#983));
#933 = ORIENTED_EDGE('',*,*,#723,.F.);
#934 = ORIENTED_EDGE('',*,*,#935,.F.);
#935 = EDGE_CURVE('',#936,#724,#938,.T.);
#936 = VERTEX_POINT('',#937);
#937 = CARTESIAN_POINT('',(30.,34.,4.5));
#938 = SEAM_CURVE('',#939,(#943,#950),.PCURVE_S1.);
#939 = LINE('',#940,#941);
#940 = CARTESIAN_POINT('',(30.,34.,0.));
#941 = VECTOR('',#942,1.);
#942 = DIRECTION('',(-0.,-0.,-1.));
#943 = PCURVE('',#740,#944);
#944 = DEFINITIONAL_REPRESENTATION('',(#945),#949);
#945 = LINE('',#946,#947);
#946 = CARTESIAN_POINT('',(-2.498091544797,0.));
#947 = VECTOR('',#948,1.);
#948 = DIRECTION('',(-0.,1.));
#949 = ( GEOMETRIC_REPRESENTATION_CONTEXT(2) 
PARAMETRIC_REPRESENTATION_CONTEXT() REPRESENTATION_CONTEXT('2D SPACE',''
  ) );
#950 = PCURVE('',#740,#951);
#951 = DEFINITIONAL_REPRESENTATION('',(#952),#955);
#952 = B_SPLINE_CURVE_WITH_KNOTS('',1,(#953,#954),.UNSPECIFIED.,.F.,.F.,
  (2,2),(-4.5,0.),.PIECEWISE_BEZIER_KNOTS.);
#953 = CARTESIAN_POINT('',(-8.781276851976,-4.5));
#954 = CARTESIAN_POINT('',(-8.781276851976,0.));
#955 = ( GEOMETRIC_REPRESENTATION_CONTEXT(2) 
PARAMETRIC_REPRESENTATION_CONTEXT() REPRESENTATION_CONTEXT('2D SPACE',''
  ) );
#956 = ORIENTED_EDGE('',*,*,#957,.T.);
#957 = EDGE_CURVE('',#936,#936,#958,.T.);
#958 = SURFACE_CURVE('',#959,(#964,#971),.PCURVE_S1.);
#959 = CIRCLE('',#960,10.);
#960 = AXIS2_PLACEMENT_3D('',#961,#962,#963);
#961 = CARTESIAN_POINT('',(38.,28.,4.5));
#962 = DIRECTION('',(0.,0.,1.));
#963 = DIRECTION('',(-0.8,0.6,0.));
#964 = PCURVE('',#740,#965);
#965 = DEFINITIONAL_REPRESENTATION('',(#966),#970);
#966 = LINE('',#967,#968);
#967 = CARTESIAN_POINT('',(-2.498091544797,-4.5));
#968 = VECTOR('',#969,1.);
#969 = DIRECTION('',(-1.,0.));
#970 = ( GEOMETRIC_REPRESENTATION_CONTEXT(2) 
PARAMETRIC_REPRESENTATION_CONTEXT() REPRESENTATION_CONTEXT('2D SPACE',''
  ) );
#971 = PCURVE('',#972,#977);
#972 = PLANE('',#973);
#973 = AXIS2_PLACEMENT_3D('',#974,#975,#976);
#974 = CARTESIAN_POINT('',(38.,28.,4.5));
#975 = DIRECTION('',(0.,0.,1.));
#976 = DIRECTION('',(1.,0.,-0.));
#977 = DEFINITIONAL_REPRESENTATION('',(#978),#982);
#978 = CIRCLE('',#979,10.);
#979 = AXIS2_PLACEMENT_2D('',#980,#981);
#980 = CARTESIAN_POINT('',(7.105427357601E-15,0.));
#981 = DIRECTION('',(-0.8,0.6));
#982 = ( GEOMETRIC_REPRESENTATION_CONTEXT(2) 
PARAMETRIC_REPRESENTATION_CONTEXT() REPRESENTATION_CONTEXT('2D SPACE',''
  ) );
#983 = ORIENTED_EDGE('',*,*,#935,.T.);
#984 = ADVANCED_FACE('',(#985,#988),#972,.F.);
#985 = FACE_BOUND('',#986,.F.);
#986 = EDGE_LOOP('',(#987));
#987 = ORIENTED_EDGE('',*,*,#957,.T.);
#988 = FACE_BOUND('',#989,.F.);
#989 = EDGE_LOOP('',(#990,#1020,#1048,#1075));
#990 = ORIENTED_EDGE('',*,*,#991,.F.);
#991 = EDGE_CURVE('',#992,#994,#996,.T.);
#992 = VERTEX_POINT('',#993);
#993 = CARTESIAN_POINT('',(42.35,32.35,4.5));
#994 = VERTEX_POINT('',#995);
#995 = CARTESIAN_POINT('',(33.65,32.35,4.5));
#996 = SURFACE_CURVE('',#997,(#1001,#1008),.PCURVE_S1.);
#997 = LINE('',#998,#999);
#998 = CARTESIAN_POINT('',(42.35,32.35,4.5));
#999 = VECTOR('',#1000,1.);
#1000 = DIRECTION('',(-1.,0.,0.));
#1001 = PCURVE('',#972,#1002);
#1002 = DEFINITIONAL_REPRESENTATION('',(#1003),#1007);
#1003 = LINE('',#1004,#1005);
#1004 = CARTESIAN_POINT('',(4.35,4.35));
#1005 = VECTOR('',#1006,1.);
#1006 = DIRECTION('',(-1.,0.));
#1007 = ( GEOMETRIC_REPRESENTATION_CONTEXT(2) 
PARAMETRIC_REPRESENTATION_CONTEXT() REPRESENTATION_CONTEXT('2D SPACE',''
  ) );
#1008 = PCURVE('',#1009,#1014);
#1009 = PLANE('',#1010);
#1010 = AXIS2_PLACEMENT_3D('',#1011,#1012,#1013);
#1011 = CARTESIAN_POINT('',(42.35,32.35,-1.));
#1012 = DIRECTION('',(0.,-1.,0.));
#1013 = DIRECTION('',(-1.,0.,0.));
#1014 = DEFINITIONAL_REPRESENTATION('',(#1015),#1019);
#1015 = LINE('',#1016,#1017);
#1016 = CARTESIAN_POINT('',(0.,-5.5));
#1017 = VECTOR('',#1018,1.);
#1018 = DIRECTION('',(1.,0.));
#1019 = ( GEOMETRIC_REPRESENTATION_CONTEXT(2) 
PARAMETRIC_REPRESENTATION_CONTEXT() REPRESENTATION_CONTEXT('2D SPACE',''
  ) );
#1020 = ORIENTED_EDGE('',*,*,#1021,.F.);
#1021 = EDGE_CURVE('',#1022,#992,#1024,.T.);
#1022 = VERTEX_POINT('',#1023);
#1023 = CARTESIAN_POINT('',(42.35,23.65,4.5));
#1024 = SURFACE_CURVE('',#1025,(#1029,#1036),.PCURVE_S1.);
#1025 = LINE('',#1026,#1027);
#1026 = CARTESIAN_POINT('',(42.35,23.65,4.5));
#1027 = VECTOR('',#1028,1.);
#1028 = DIRECTION('',(0.,1.,0.));
#1029 = PCURVE('',#972,#1030);
#1030 = DEFINITIONAL_REPRESENTATION('',(#1031),#1035);
#1031 = LINE('',#1032,#1033);
#1032 = CARTESIAN_POINT('',(4.35,-4.35));
#1033 = VECTOR('',#1034,1.);
#1034 = DIRECTION('',(0.,1.));
#1035 = ( GEOMETRIC_REPRESENTATION_CONTEXT(2) 
PARAMETRIC_REPRESENTATION_CONTEXT() REPRESENTATION_CONTEXT('2D SPACE',''
  ) );
#1036 = PCURVE('',#1037,#1042);
#1037 = PLANE('',#1038);
#1038 = AXIS2_PLACEMENT_3D('',#1039,#1040,#1041);
#1039 = CARTESIAN_POINT('',(42.35,23.65,-1.));
#1040 = DIRECTION('',(-1.,0.,0.));
#1041 = DIRECTION('',(0.,1.,0.));
#1042 = DEFINITIONAL_REPRESENTATION('',(#1043),#1047);
#1043 = LINE('',#1044,#1045);
#1044 = CARTESIAN_POINT('',(0.,-5.5));
#1045 = VECTOR('',#1046,1.);
#1046 = DIRECTION('',(1.,0.));
#1047 = ( GEOMETRIC_REPRESENTATION_CONTEXT(2) 
PARAMETRIC_REPRESENTATION_CONTEXT() REPRESENTATION_CONTEXT('2D SPACE',''
  ) );
#1048 = ORIENTED_EDGE('',*,*,#1049,.F.);
#1049 = EDGE_CURVE('',#1050,#1022,#1052,.T.);
#1050 = VERTEX_POINT('',#1051);
#1051 = CARTESIAN_POINT('',(33.65,23.65,4.5));
#1052 = SURFACE_CURVE('',#1053,(#1057,#1064),.PCURVE_S1.);
#1053 = LINE('',#1054,#1055);
#1054 = CARTESIAN_POINT('',(35.825,23.65,4.5));
#1055 = VECTOR('',#1056,1.);
#1056 = DIRECTION('',(1.,0.,0.));
#1057 = PCURVE('',#972,#1058);
#1058 = DEFINITIONAL_REPRESENTATION('',(#1059),#1063);
#1059 = LINE('',#1060,#1061);
#1060 = CARTESIAN_POINT('',(-2.175,-4.35));
#1061 = VECTOR('',#1062,1.);
#1062 = DIRECTION('',(1.,0.));
#1063 = ( GEOMETRIC_REPRESENTATION_CONTEXT(2) 
PARAMETRIC_REPRESENTATION_CONTEXT() REPRESENTATION_CONTEXT('2D SPACE',''
  ) );
#1064 = PCURVE('',#1065,#1070);
#1065 = PLANE('',#1066);
#1066 = AXIS2_PLACEMENT_3D('',#1067,#1068,#1069);
#1067 = CARTESIAN_POINT('',(33.65,23.65,-1.));
#1068 = DIRECTION('',(0.,1.,0.));
#1069 = DIRECTION('',(1.,0.,0.));
#1070 = DEFINITIONAL_REPRESENTATION('',(#1071),#1074);
#1071 = B_SPLINE_CURVE_WITH_KNOTS('',1,(#1072,#1073),.UNSPECIFIED.,.F.,
  .F.,(2,2),(-2.175,6.525),.PIECEWISE_BEZIER_KNOTS.);
#1072 = CARTESIAN_POINT('',(0.,-5.5));
#1073 = CARTESIAN_POINT('',(8.7,-5.5));
#1074 = ( GEOMETRIC_REPRESENTATION_CONTEXT(2) 
PARAMETRIC_REPRESENTATION_CONTEXT() REPRESENTATION_CONTEXT('2D SPACE',''
  ) );
#1075 = ORIENTED_EDGE('',*,*,#1076,.F.);
#1076 = EDGE_CURVE('',#994,#1050,#1077,.T.);
#1077 = SURFACE_CURVE('',#1078,(#1082,#1089),.PCURVE_S1.);
#1078 = LINE('',#1079,#1080);
#1079 = CARTESIAN_POINT('',(33.65,30.175,4.5));
#1080 = VECTOR('',#1081,1.);
#1081 = DIRECTION('',(0.,-1.,0.));
#1082 = PCURVE('',#972,#1083);
#1083 = DEFINITIONAL_REPRESENTATION('',(#1084),#1088);
#1084 = LINE('',#1085,#1086);
#1085 = CARTESIAN_POINT('',(-4.35,2.175));
#1086 = VECTOR('',#1087,1.);
#1087 = DIRECTION('',(0.,-1.));
#1088 = ( GEOMETRIC_REPRESENTATION_CONTEXT(2) 
PARAMETRIC_REPRESENTATION_CONTEXT() REPRESENTATION_CONTEXT('2D SPACE',''
  ) );
#1089 = PCURVE('',#1090,#1095);
#1090 = PLANE('',#1091);
#1091 = AXIS2_PLACEMENT_3D('',#1092,#1093,#1094);
#1092 = CARTESIAN_POINT('',(33.65,32.35,-1.));
#1093 = DIRECTION('',(1.,0.,-0.));
#1094 = DIRECTION('',(0.,-1.,0.));
#1095 = DEFINITIONAL_REPRESENTATION('',(#1096),#1099);
#1096 = B_SPLINE_CURVE_WITH_KNOTS('',1,(#1097,#1098),.UNSPECIFIED.,.F.,
  .F.,(2,2),(-2.175,6.525),.PIECEWISE_BEZIER_KNOTS.);
#1097 = CARTESIAN_POINT('',(0.,-5.5));
#1098 = CARTESIAN_POINT('',(8.7,-5.5));
#1099 = ( GEOMETRIC_REPRESENTATION_CONTEXT(2) 
PARAMETRIC_REPRESENTATION_CONTEXT() REPRESENTATION_CONTEXT('2D SPACE',''
  ) );
#1100 = ADVANCED_FACE('',(#1101),#1090,.T.);
#1101 = FACE_BOUND('',#1102,.T.);
#1102 = EDGE_LOOP('',(#1103,#1126,#1153,#1174));
#1103 = ORIENTED_EDGE('',*,*,#1104,.F.);
#1104 = EDGE_CURVE('',#1105,#994,#1107,.T.);
#1105 = VERTEX_POINT('',#1106);
#1106 = CARTESIAN_POINT('',(33.65,32.35,36.));
#1107 = SURFACE_CURVE('',#1108,(#1112,#1119),.PCURVE_S1.);
#1108 = LINE('',#1109,#1110);
#1109 = CARTESIAN_POINT('',(33.65,32.35,36.));
#1110 = VECTOR('',#1111,1.);
#1111 = DIRECTION('',(0.,0.,-1.));
#1112 = PCURVE('',#1090,#1113);
#1113 = DEFINITIONAL_REPRESENTATION('',(#1114),#1118);
#1114 = LINE('',#1115,#1116);
#1115 = CARTESIAN_POINT('',(0.,-37.));
#1116 = VECTOR('',#1117,1.);
#1117 = DIRECTION('',(0.,1.));
#1118 = ( GEOMETRIC_REPRESENTATION_CONTEXT(2) 
PARAMETRIC_REPRESENTATION_CONTEXT() REPRESENTATION_CONTEXT('2D SPACE',''
  ) );
#1119 = PCURVE('',#1009,#1120);
#1120 = DEFINITIONAL_REPRESENTATION('',(#1121),#1125);
#1121 = LINE('',#1122,#1123);
#1122 = CARTESIAN_POINT('',(8.7,-37.));
#1123 = VECTOR('',#1124,1.);
#1124 = DIRECTION('',(0.,1.));
#1125 = ( GEOMETRIC_REPRESENTATION_CONTEXT(2) 
PARAMETRIC_REPRESENTATION_CONTEXT() REPRESENTATION_CONTEXT('2D SPACE',''
  ) );
#1126 = ORIENTED_EDGE('',*,*,#1127,.F.);
#1127 = EDGE_CURVE('',#1128,#1105,#1130,.T.);
#1128 = VERTEX_POINT('',#1129);
#1129 = CARTESIAN_POINT('',(33.65,23.65,36.));
#1130 = SURFACE_CURVE('',#1131,(#1135,#1142),.PCURVE_S1.);
#1131 = LINE('',#1132,#1133);
#1132 = CARTESIAN_POINT('',(33.65,30.175,36.));
#1133 = VECTOR('',#1134,1.);
#1134 = DIRECTION('',(-0.,1.,0.));
#1135 = PCURVE('',#1090,#1136);
#1136 = DEFINITIONAL_REPRESENTATION('',(#1137),#1141);
#1137 = LINE('',#1138,#1139);
#1138 = CARTESIAN_POINT('',(2.175,-37.));
#1139 = VECTOR('',#1140,1.);
#1140 = DIRECTION('',(-1.,-0.));
#1141 = ( GEOMETRIC_REPRESENTATION_CONTEXT(2) 
PARAMETRIC_REPRESENTATION_CONTEXT() REPRESENTATION_CONTEXT('2D SPACE',''
  ) );
#1142 = PCURVE('',#1143,#1148);
#1143 = PLANE('',#1144);
#1144 = AXIS2_PLACEMENT_3D('',#1145,#1146,#1147);
#1145 = CARTESIAN_POINT('',(38.,28.,36.));
#1146 = DIRECTION('',(0.,0.,1.));
#1147 = DIRECTION('',(1.,0.,-0.));
#1148 = DEFINITIONAL_REPRESENTATION('',(#1149),#1152);
#1149 = B_SPLINE_CURVE_WITH_KNOTS('',1,(#1150,#1151),.UNSPECIFIED.,.F.,
  .F.,(2,2),(-6.525,2.175),.PIECEWISE_BEZIER_KNOTS.);
#1150 = CARTESIAN_POINT('',(-4.35,-4.35));
#1151 = CARTESIAN_POINT('',(-4.35,4.35));
#1152 = ( GEOMETRIC_REPRESENTATION_CONTEXT(2) 
PARAMETRIC_REPRESENTATION_CONTEXT() REPRESENTATION_CONTEXT('2D SPACE',''
  ) );
#1153 = ORIENTED_EDGE('',*,*,#1154,.T.);
#1154 = EDGE_CURVE('',#1128,#1050,#1155,.T.);
#1155 = SURFACE_CURVE('',#1156,(#1160,#1167),.PCURVE_S1.);
#1156 = LINE('',#1157,#1158);
#1157 = CARTESIAN_POINT('',(33.65,23.65,36.));
#1158 = VECTOR('',#1159,1.);
#1159 = DIRECTION('',(0.,0.,-1.));
#1160 = PCURVE('',#1090,#1161);
#1161 = DEFINITIONAL_REPRESENTATION('',(#1162),#1166);
#1162 = LINE('',#1163,#1164);
#1163 = CARTESIAN_POINT('',(8.7,-37.));
#1164 = VECTOR('',#1165,1.);
#1165 = DIRECTION('',(0.,1.));
#1166 = ( GEOMETRIC_REPRESENTATION_CONTEXT(2) 
PARAMETRIC_REPRESENTATION_CONTEXT() REPRESENTATION_CONTEXT('2D SPACE',''
  ) );
#1167 = PCURVE('',#1065,#1168);
#1168 = DEFINITIONAL_REPRESENTATION('',(#1169),#1173);
#1169 = LINE('',#1170,#1171);
#1170 = CARTESIAN_POINT('',(0.,-37.));
#1171 = VECTOR('',#1172,1.);
#1172 = DIRECTION('',(0.,1.));
#1173 = ( GEOMETRIC_REPRESENTATION_CONTEXT(2) 
PARAMETRIC_REPRESENTATION_CONTEXT() REPRESENTATION_CONTEXT('2D SPACE',''
  ) );
#1174 = ORIENTED_EDGE('',*,*,#1076,.F.);
#1175 = ADVANCED_FACE('',(#1176,#1207),#1143,.T.);
#1176 = FACE_BOUND('',#1177,.T.);
#1177 = EDGE_LOOP('',(#1178));
#1178 = ORIENTED_EDGE('',*,*,#1179,.T.);
#1179 = EDGE_CURVE('',#1180,#1180,#1182,.T.);
#1180 = VERTEX_POINT('',#1181);
#1181 = CARTESIAN_POINT('',(50.,28.,36.));
#1182 = SURFACE_CURVE('',#1183,(#1188,#1195),.PCURVE_S1.);
#1183 = CIRCLE('',#1184,12.);
#1184 = AXIS2_PLACEMENT_3D('',#1185,#1186,#1187);
#1185 = CARTESIAN_POINT('',(38.,28.,36.));
#1186 = DIRECTION('',(0.,0.,1.));
#1187 = DIRECTION('',(1.,0.,0.));
#1188 = PCURVE('',#1143,#1189);
#1189 = DEFINITIONAL_REPRESENTATION('',(#1190),#1194);
#1190 = CIRCLE('',#1191,12.);
#1191 = AXIS2_PLACEMENT_2D('',#1192,#1193);
#1192 = CARTESIAN_POINT('',(0.,0.));
#1193 = DIRECTION('',(1.,0.));
#1194 = ( GEOMETRIC_REPRESENTATION_CONTEXT(2) 
PARAMETRIC_REPRESENTATION_CONTEXT() REPRESENTATION_CONTEXT('2D SPACE',''
  ) );
#1195 = PCURVE('',#1196,#1201);
#1196 = CYLINDRICAL_SURFACE('',#1197,12.);
#1197 = AXIS2_PLACEMENT_3D('',#1198,#1199,#1200);
#1198 = CARTESIAN_POINT('',(38.,28.,0.));
#1199 = DIRECTION('',(-0.,-0.,-1.));
#1200 = DIRECTION('',(1.,0.,0.));
#1201 = DEFINITIONAL_REPRESENTATION('',(#1202),#1206);
#1202 = LINE('',#1203,#1204);
#1203 = CARTESIAN_POINT('',(-0.,-36.));
#1204 = VECTOR('',#1205,1.);
#1205 = DIRECTION('',(-1.,0.));
#1206 = ( GEOMETRIC_REPRESENTATION_CONTEXT(2) 
PARAMETRIC_REPRESENTATION_CONTEXT() REPRESENTATION_CONTEXT('2D SPACE',''
  ) );
#1207 = FACE_BOUND('',#1208,.T.);
#1208 = EDGE_LOOP('',(#1209,#1233,#1253,#1254));
#1209 = ORIENTED_EDGE('',*,*,#1210,.T.);
#1210 = EDGE_CURVE('',#1211,#1213,#1215,.T.);
#1211 = VERTEX_POINT('',#1212);
#1212 = CARTESIAN_POINT('',(42.35,32.35,36.));
#1213 = VERTEX_POINT('',#1214);
#1214 = CARTESIAN_POINT('',(42.35,23.65,36.));
#1215 = SURFACE_CURVE('',#1216,(#1220,#1226),.PCURVE_S1.);
#1216 = LINE('',#1217,#1218);
#1217 = CARTESIAN_POINT('',(42.35,25.825,36.));
#1218 = VECTOR('',#1219,1.);
#1219 = DIRECTION('',(0.,-1.,0.));
#1220 = PCURVE('',#1143,#1221);
#1221 = DEFINITIONAL_REPRESENTATION('',(#1222),#1225);
#1222 = B_SPLINE_CURVE_WITH_KNOTS('',1,(#1223,#1224),.UNSPECIFIED.,.F.,
  .F.,(2,2),(-6.525,2.175),.PIECEWISE_BEZIER_KNOTS.);
#1223 = CARTESIAN_POINT('',(4.35,4.35));
#1224 = CARTESIAN_POINT('',(4.35,-4.35));
#1225 = ( GEOMETRIC_REPRESENTATION_CONTEXT(2) 
PARAMETRIC_REPRESENTATION_CONTEXT() REPRESENTATION_CONTEXT('2D SPACE',''
  ) );
#1226 = PCURVE('',#1037,#1227);
#1227 = DEFINITIONAL_REPRESENTATION('',(#1228),#1232);
#1228 = LINE('',#1229,#1230);
#1229 = CARTESIAN_POINT('',(2.175,-37.));
#1230 = VECTOR('',#1231,1.);
#1231 = DIRECTION('',(-1.,0.));
#1232 = ( GEOMETRIC_REPRESENTATION_CONTEXT(2) 
PARAMETRIC_REPRESENTATION_CONTEXT() REPRESENTATION_CONTEXT('2D SPACE',''
  ) );
#1233 = ORIENTED_EDGE('',*,*,#1234,.T.);
#1234 = EDGE_CURVE('',#1213,#1128,#1235,.T.);
#1235 = SURFACE_CURVE('',#1236,(#1240,#1246),.PCURVE_S1.);
#1236 = LINE('',#1237,#1238);
#1237 = CARTESIAN_POINT('',(35.825,23.65,36.));
#1238 = VECTOR('',#1239,1.);
#1239 = DIRECTION('',(-1.,0.,0.));
#1240 = PCURVE('',#1143,#1241);
#1241 = DEFINITIONAL_REPRESENTATION('',(#1242),#1245);
#1242 = B_SPLINE_CURVE_WITH_KNOTS('',1,(#1243,#1244),.UNSPECIFIED.,.F.,
  .F.,(2,2),(-6.525,2.175),.PIECEWISE_BEZIER_KNOTS.);
#1243 = CARTESIAN_POINT('',(4.35,-4.35));
#1244 = CARTESIAN_POINT('',(-4.35,-4.35));
#1245 = ( GEOMETRIC_REPRESENTATION_CONTEXT(2) 
PARAMETRIC_REPRESENTATION_CONTEXT() REPRESENTATION_CONTEXT('2D SPACE',''
  ) );
#1246 = PCURVE('',#1065,#1247);
#1247 = DEFINITIONAL_REPRESENTATION('',(#1248),#1252);
#1248 = LINE('',#1249,#1250);
#1249 = CARTESIAN_POINT('',(2.175,-37.));
#1250 = VECTOR('',#1251,1.);
#1251 = DIRECTION('',(-1.,0.));
#1252 = ( GEOMETRIC_REPRESENTATION_CONTEXT(2) 
PARAMETRIC_REPRESENTATION_CONTEXT() REPRESENTATION_CONTEXT('2D SPACE',''
  ) );
#1253 = ORIENTED_EDGE('',*,*,#1127,.T.);
#1254 = ORIENTED_EDGE('',*,*,#1255,.T.);
#1255 = EDGE_CURVE('',#1105,#1211,#1256,.T.);
#1256 = SURFACE_CURVE('',#1257,(#1261,#1267),.PCURVE_S1.);
#1257 = LINE('',#1258,#1259);
#1258 = CARTESIAN_POINT('',(40.175,32.35,36.));
#1259 = VECTOR('',#1260,1.);
#1260 = DIRECTION('',(1.,0.,-0.));
#1261 = PCURVE('',#1143,#1262);
#1262 = DEFINITIONAL_REPRESENTATION('',(#1263),#1266);
#1263 = B_SPLINE_CURVE_WITH_KNOTS('',1,(#1264,#1265),.UNSPECIFIED.,.F.,
  .F.,(2,2),(-6.525,2.175),.PIECEWISE_BEZIER_KNOTS.);
#1264 = CARTESIAN_POINT('',(-4.35,4.35));
#1265 = CARTESIAN_POINT('',(4.35,4.35));
#1266 = ( GEOMETRIC_REPRESENTATION_CONTEXT(2) 
PARAMETRIC_REPRESENTATION_CONTEXT() REPRESENTATION_CONTEXT('2D SPACE',''
  ) );
#1267 = PCURVE('',#1009,#1268);
#1268 = DEFINITIONAL_REPRESENTATION('',(#1269),#1273);
#1269 = LINE('',#1270,#1271);
#1270 = CARTESIAN_POINT('',(2.175,-37.));
#1271 = VECTOR('',#1272,1.);
#1272 = DIRECTION('',(-1.,0.));
#1273 = ( GEOMETRIC_REPRESENTATION_CONTEXT(2) 
PARAMETRIC_REPRESENTATION_CONTEXT() REPRESENTATION_CONTEXT('2D SPACE',''
  ) );
#1274 = ADVANCED_FACE('',(#1275),#1196,.T.);
#1275 = FACE_BOUND('',#1276,.F.);
#1276 = EDGE_LOOP('',(#1277,#1307,#1328,#1329,#1330,#1358,#1385,#1418,
    #1445,#1478,#1505,#1538));
#1277 = ORIENTED_EDGE('',*,*,#1278,.T.);
#1278 = EDGE_CURVE('',#1279,#1281,#1283,.T.);
#1279 = VERTEX_POINT('',#1280);
#1280 = CARTESIAN_POINT('',(27.607695154587,34.,8.));
#1281 = VERTEX_POINT('',#1282);
#1282 = CARTESIAN_POINT('',(50.,28.,8.));
#1283 = SURFACE_CURVE('',#1284,(#1289,#1296),.PCURVE_S1.);
#1284 = CIRCLE('',#1285,12.);
#1285 = AXIS2_PLACEMENT_3D('',#1286,#1287,#1288);
#1286 = CARTESIAN_POINT('',(38.,28.,8.));
#1287 = DIRECTION('',(0.,0.,-1.));
#1288 = DIRECTION('',(1.,0.,0.));
#1289 = PCURVE('',#1196,#1290);
#1290 = DEFINITIONAL_REPRESENTATION('',(#1291),#1295);
#1291 = LINE('',#1292,#1293);
#1292 = CARTESIAN_POINT('',(-6.28318530718,-8.));
#1293 = VECTOR('',#1294,1.);
#1294 = DIRECTION('',(1.,-0.));
#1295 = ( GEOMETRIC_REPRESENTATION_CONTEXT(2) 
PARAMETRIC_REPRESENTATION_CONTEXT() REPRESENTATION_CONTEXT('2D SPACE',''
  ) );
#1296 = PCURVE('',#66,#1297);
#1297 = DEFINITIONAL_REPRESENTATION('',(#1298),#1306);
#1298 = ( BOUNDED_CURVE() B_SPLINE_CURVE(2,(#1299,#1300,#1301,#1302,
#1303,#1304,#1305),.UNSPECIFIED.,.T.,.F.) B_SPLINE_CURVE_WITH_KNOTS((1,2
    ,2,2,2,1),(-2.094395102393,0.,2.094395102393,4.188790204786,
6.28318530718,8.377580409573),.UNSPECIFIED.) CURVE() 
GEOMETRIC_REPRESENTATION_ITEM() RATIONAL_B_SPLINE_CURVE((1.,0.5,1.,0.5,
1.,0.5,1.)) REPRESENTATION_ITEM('') );
#1299 = CARTESIAN_POINT('',(160.,108.));
#1300 = CARTESIAN_POINT('',(160.,87.215390309173));
#1301 = CARTESIAN_POINT('',(142.,97.607695154587));
#1302 = CARTESIAN_POINT('',(124.,108.));
#1303 = CARTESIAN_POINT('',(142.,118.39230484541));
#1304 = CARTESIAN_POINT('',(160.,128.78460969082));
#1305 = CARTESIAN_POINT('',(160.,108.));
#1306 = ( GEOMETRIC_REPRESENTATION_CONTEXT(2) 
PARAMETRIC_REPRESENTATION_CONTEXT() REPRESENTATION_CONTEXT('2D SPACE',''
  ) );
#1307 = ORIENTED_EDGE('',*,*,#1308,.T.);
#1308 = EDGE_CURVE('',#1281,#1180,#1309,.T.);
#1309 = SEAM_CURVE('',#1310,(#1314,#1321),.PCURVE_S1.);
#1310 = LINE('',#1311,#1312);
#1311 = CARTESIAN_POINT('',(50.,28.,0.));
#1312 = VECTOR('',#1313,1.);
#1313 = DIRECTION('',(0.,0.,1.));
#1314 = PCURVE('',#1196,#1315);
#1315 = DEFINITIONAL_REPRESENTATION('',(#1316),#1320);
#1316 = LINE('',#1317,#1318);
#1317 = CARTESIAN_POINT('',(-6.28318530718,0.));
#1318 = VECTOR('',#1319,1.);
#1319 = DIRECTION('',(-0.,-1.));
#1320 = ( GEOMETRIC_REPRESENTATION_CONTEXT(2) 
PARAMETRIC_REPRESENTATION_CONTEXT() REPRESENTATION_CONTEXT('2D SPACE',''
  ) );
#1321 = PCURVE('',#1196,#1322);
#1322 = DEFINITIONAL_REPRESENTATION('',(#1323),#1327);
#1323 = LINE('',#1324,#1325);
#1324 = CARTESIAN_POINT('',(-0.,0.));
#1325 = VECTOR('',#1326,1.);
#1326 = DIRECTION('',(-0.,-1.));
#1327 = ( GEOMETRIC_REPRESENTATION_CONTEXT(2) 
PARAMETRIC_REPRESENTATION_CONTEXT() REPRESENTATION_CONTEXT('2D SPACE',''
  ) );
#1328 = ORIENTED_EDGE('',*,*,#1179,.T.);
#1329 = ORIENTED_EDGE('',*,*,#1308,.F.);
#1330 = ORIENTED_EDGE('',*,*,#1331,.T.);
#1331 = EDGE_CURVE('',#1281,#1332,#1334,.T.);
#1332 = VERTEX_POINT('',#1333);
#1333 = CARTESIAN_POINT('',(44.,17.607695154587,8.));
#1334 = SURFACE_CURVE('',#1335,(#1340,#1347),.PCURVE_S1.);
#1335 = CIRCLE('',#1336,12.);
#1336 = AXIS2_PLACEMENT_3D('',#1337,#1338,#1339);
#1337 = CARTESIAN_POINT('',(38.,28.,8.));
#1338 = DIRECTION('',(0.,0.,-1.));
#1339 = DIRECTION('',(1.,0.,0.));
#1340 = PCURVE('',#1196,#1341);
#1341 = DEFINITIONAL_REPRESENTATION('',(#1342),#1346);
#1342 = LINE('',#1343,#1344);
#1343 = CARTESIAN_POINT('',(-6.28318530718,-8.));
#1344 = VECTOR('',#1345,1.);
#1345 = DIRECTION('',(1.,-0.));
#1346 = ( GEOMETRIC_REPRESENTATION_CONTEXT(2) 
PARAMETRIC_REPRESENTATION_CONTEXT() REPRESENTATION_CONTEXT('2D SPACE',''
  ) );
#1347 = PCURVE('',#66,#1348);
#1348 = DEFINITIONAL_REPRESENTATION('',(#1349),#1357);
#1349 = ( BOUNDED_CURVE() B_SPLINE_CURVE(2,(#1350,#1351,#1352,#1353,
#1354,#1355,#1356),.UNSPECIFIED.,.T.,.F.) B_SPLINE_CURVE_WITH_KNOTS((1,2
    ,2,2,2,1),(-2.094395102393,0.,2.094395102393,4.188790204786,
6.28318530718,8.377580409573),.UNSPECIFIED.) CURVE() 
GEOMETRIC_REPRESENTATION_ITEM() RATIONAL_B_SPLINE_CURVE((1.,0.5,1.,0.5,
1.,0.5,1.)) REPRESENTATION_ITEM('') );
#1350 = CARTESIAN_POINT('',(160.,108.));
#1351 = CARTESIAN_POINT('',(160.,87.215390309173));
#1352 = CARTESIAN_POINT('',(142.,97.607695154587));
#1353 = CARTESIAN_POINT('',(124.,108.));
#1354 = CARTESIAN_POINT('',(142.,118.39230484541));
#1355 = CARTESIAN_POINT('',(160.,128.78460969082));
#1356 = CARTESIAN_POINT('',(160.,108.));
#1357 = ( GEOMETRIC_REPRESENTATION_CONTEXT(2) 
PARAMETRIC_REPRESENTATION_CONTEXT() REPRESENTATION_CONTEXT('2D SPACE',''
  ) );
#1358 = ORIENTED_EDGE('',*,*,#1359,.F.);
#1359 = EDGE_CURVE('',#1360,#1332,#1362,.T.);
#1360 = VERTEX_POINT('',#1361);
#1361 = CARTESIAN_POINT('',(44.,17.607695154587,18.));
#1362 = SURFACE_CURVE('',#1363,(#1367,#1373),.PCURVE_S1.);
#1363 = LINE('',#1364,#1365);
#1364 = CARTESIAN_POINT('',(44.,17.607695154587,0.));
#1365 = VECTOR('',#1366,1.);
#1366 = DIRECTION('',(-0.,-0.,-1.));
#1367 = PCURVE('',#1196,#1368);
#1368 = DEFINITIONAL_REPRESENTATION('',(#1369),#1372);
#1369 = B_SPLINE_CURVE_WITH_KNOTS('',1,(#1370,#1371),.UNSPECIFIED.,.F.,
  .F.,(2,2),(-19.8,-7.9999994),.PIECEWISE_BEZIER_KNOTS.);
#1370 = CARTESIAN_POINT('',(-5.235987755983,-19.8));
#1371 = CARTESIAN_POINT('',(-5.235987755983,-7.9999994));
#1372 = ( GEOMETRIC_REPRESENTATION_CONTEXT(2) 
PARAMETRIC_REPRESENTATION_CONTEXT() REPRESENTATION_CONTEXT('2D SPACE',''
  ) );
#1373 = PCURVE('',#1374,#1379);
#1374 = PLANE('',#1375);
#1375 = AXIS2_PLACEMENT_3D('',#1376,#1377,#1378);
#1376 = CARTESIAN_POINT('',(44.,0.,0.));
#1377 = DIRECTION('',(-1.,0.,0.));
#1378 = DIRECTION('',(0.,1.,0.));
#1379 = DEFINITIONAL_REPRESENTATION('',(#1380),#1384);
#1380 = LINE('',#1381,#1382);
#1381 = CARTESIAN_POINT('',(17.607695154587,0.));
#1382 = VECTOR('',#1383,1.);
#1383 = DIRECTION('',(0.,1.));
#1384 = ( GEOMETRIC_REPRESENTATION_CONTEXT(2) 
PARAMETRIC_REPRESENTATION_CONTEXT() REPRESENTATION_CONTEXT('2D SPACE',''
  ) );
#1385 = ORIENTED_EDGE('',*,*,#1386,.T.);
#1386 = EDGE_CURVE('',#1360,#1387,#1389,.T.);
#1387 = VERTEX_POINT('',#1388);
#1388 = CARTESIAN_POINT('',(32.,17.607695154587,18.));
#1389 = SURFACE_CURVE('',#1390,(#1395,#1402),.PCURVE_S1.);
#1390 = CIRCLE('',#1391,12.);
#1391 = AXIS2_PLACEMENT_3D('',#1392,#1393,#1394);
#1392 = CARTESIAN_POINT('',(38.,28.,18.));
#1393 = DIRECTION('',(0.,0.,-1.));
#1394 = DIRECTION('',(1.,0.,0.));
#1395 = PCURVE('',#1196,#1396);
#1396 = DEFINITIONAL_REPRESENTATION('',(#1397),#1401);
#1397 = LINE('',#1398,#1399);
#1398 = CARTESIAN_POINT('',(-6.28318530718,-18.));
#1399 = VECTOR('',#1400,1.);
#1400 = DIRECTION('',(1.,-0.));
#1401 = ( GEOMETRIC_REPRESENTATION_CONTEXT(2) 
PARAMETRIC_REPRESENTATION_CONTEXT() REPRESENTATION_CONTEXT('2D SPACE',''
  ) );
#1402 = PCURVE('',#1403,#1408);
#1403 = PLANE('',#1404);
#1404 = AXIS2_PLACEMENT_3D('',#1405,#1406,#1407);
#1405 = CARTESIAN_POINT('',(38.,14.,18.));
#1406 = DIRECTION('',(0.,0.,1.));
#1407 = DIRECTION('',(1.,0.,-0.));
#1408 = DEFINITIONAL_REPRESENTATION('',(#1409),#1417);
#1409 = ( BOUNDED_CURVE() B_SPLINE_CURVE(2,(#1410,#1411,#1412,#1413,
#1414,#1415,#1416),.UNSPECIFIED.,.T.,.F.) B_SPLINE_CURVE_WITH_KNOTS((1,2
    ,2,2,2,1),(-2.094395102393,0.,2.094395102393,4.188790204786,
6.28318530718,8.377580409573),.UNSPECIFIED.) CURVE() 
GEOMETRIC_REPRESENTATION_ITEM() RATIONAL_B_SPLINE_CURVE((1.,0.5,1.,0.5,
1.,0.5,1.)) REPRESENTATION_ITEM('') );
#1410 = CARTESIAN_POINT('',(12.,14.));
#1411 = CARTESIAN_POINT('',(12.,-6.784609690827));
#1412 = CARTESIAN_POINT('',(-6.,3.607695154587));
#1413 = CARTESIAN_POINT('',(-24.,14.));
#1414 = CARTESIAN_POINT('',(-6.,24.392304845413));
#1415 = CARTESIAN_POINT('',(12.,34.784609690827));
#1416 = CARTESIAN_POINT('',(12.,14.));
#1417 = ( GEOMETRIC_REPRESENTATION_CONTEXT(2) 
PARAMETRIC_REPRESENTATION_CONTEXT() REPRESENTATION_CONTEXT('2D SPACE',''
  ) );
#1418 = ORIENTED_EDGE('',*,*,#1419,.T.);
#1419 = EDGE_CURVE('',#1387,#1420,#1422,.T.);
#1420 = VERTEX_POINT('',#1421);
#1421 = CARTESIAN_POINT('',(32.,17.607695154587,8.));
#1422 = SURFACE_CURVE('',#1423,(#1427,#1433),.PCURVE_S1.);
#1423 = LINE('',#1424,#1425);
#1424 = CARTESIAN_POINT('',(32.,17.607695154587,0.));
#1425 = VECTOR('',#1426,1.);
#1426 = DIRECTION('',(-0.,-0.,-1.));
#1427 = PCURVE('',#1196,#1428);
#1428 = DEFINITIONAL_REPRESENTATION('',(#1429),#1432);
#1429 = B_SPLINE_CURVE_WITH_KNOTS('',1,(#1430,#1431),.UNSPECIFIED.,.F.,
  .F.,(2,2),(-19.8,-7.9999994),.PIECEWISE_BEZIER_KNOTS.);
#1430 = CARTESIAN_POINT('',(-4.188790204786,-19.8));
#1431 = CARTESIAN_POINT('',(-4.188790204786,-7.9999994));
#1432 = ( GEOMETRIC_REPRESENTATION_CONTEXT(2) 
PARAMETRIC_REPRESENTATION_CONTEXT() REPRESENTATION_CONTEXT('2D SPACE',''
  ) );
#1433 = PCURVE('',#1434,#1439);
#1434 = PLANE('',#1435);
#1435 = AXIS2_PLACEMENT_3D('',#1436,#1437,#1438);
#1436 = CARTESIAN_POINT('',(32.,28.,0.));
#1437 = DIRECTION('',(1.,0.,-0.));
#1438 = DIRECTION('',(0.,-1.,0.));
#1439 = DEFINITIONAL_REPRESENTATION('',(#1440),#1444);
#1440 = LINE('',#1441,#1442);
#1441 = CARTESIAN_POINT('',(10.392304845413,0.));
#1442 = VECTOR('',#1443,1.);
#1443 = DIRECTION('',(0.,1.));
#1444 = ( GEOMETRIC_REPRESENTATION_CONTEXT(2) 
PARAMETRIC_REPRESENTATION_CONTEXT() REPRESENTATION_CONTEXT('2D SPACE',''
  ) );
#1445 = ORIENTED_EDGE('',*,*,#1446,.T.);
#1446 = EDGE_CURVE('',#1420,#1447,#1449,.T.);
#1447 = VERTEX_POINT('',#1448);
#1448 = CARTESIAN_POINT('',(27.607695154587,22.,8.));
#1449 = SURFACE_CURVE('',#1450,(#1455,#1462),.PCURVE_S1.);
#1450 = CIRCLE('',#1451,12.);
#1451 = AXIS2_PLACEMENT_3D('',#1452,#1453,#1454);
#1452 = CARTESIAN_POINT('',(38.,28.,8.));
#1453 = DIRECTION('',(0.,0.,-1.));
#1454 = DIRECTION('',(1.,0.,0.));
#1455 = PCURVE('',#1196,#1456);
#1456 = DEFINITIONAL_REPRESENTATION('',(#1457),#1461);
#1457 = LINE('',#1458,#1459);
#1458 = CARTESIAN_POINT('',(-6.28318530718,-8.));
#1459 = VECTOR('',#1460,1.);
#1460 = DIRECTION('',(1.,-0.));
#1461 = ( GEOMETRIC_REPRESENTATION_CONTEXT(2) 
PARAMETRIC_REPRESENTATION_CONTEXT() REPRESENTATION_CONTEXT('2D SPACE',''
  ) );
#1462 = PCURVE('',#1463,#1468);
#1463 = PLANE('',#1464);
#1464 = AXIS2_PLACEMENT_3D('',#1465,#1466,#1467);
#1465 = CARTESIAN_POINT('',(-110.,-80.,8.));
#1466 = DIRECTION('',(0.,0.,1.));
#1467 = DIRECTION('',(1.,0.,0.));
#1468 = DEFINITIONAL_REPRESENTATION('',(#1469),#1477);
#1469 = ( BOUNDED_CURVE() B_SPLINE_CURVE(2,(#1470,#1471,#1472,#1473,
#1474,#1475,#1476),.UNSPECIFIED.,.T.,.F.) B_SPLINE_CURVE_WITH_KNOTS((1,2
    ,2,2,2,1),(-2.094395102393,0.,2.094395102393,4.188790204786,
6.28318530718,8.377580409573),.UNSPECIFIED.) CURVE() 
GEOMETRIC_REPRESENTATION_ITEM() RATIONAL_B_SPLINE_CURVE((1.,0.5,1.,0.5,
1.,0.5,1.)) REPRESENTATION_ITEM('') );
#1470 = CARTESIAN_POINT('',(160.,108.));
#1471 = CARTESIAN_POINT('',(160.,87.215390309173));
#1472 = CARTESIAN_POINT('',(142.,97.607695154587));
#1473 = CARTESIAN_POINT('',(124.,108.));
#1474 = CARTESIAN_POINT('',(142.,118.39230484541));
#1475 = CARTESIAN_POINT('',(160.,128.78460969082));
#1476 = CARTESIAN_POINT('',(160.,108.));
#1477 = ( GEOMETRIC_REPRESENTATION_CONTEXT(2) 
PARAMETRIC_REPRESENTATION_CONTEXT() REPRESENTATION_CONTEXT('2D SPACE',''
  ) );
#1478 = ORIENTED_EDGE('',*,*,#1479,.F.);
#1479 = EDGE_CURVE('',#1480,#1447,#1482,.T.);
#1480 = VERTEX_POINT('',#1481);
#1481 = CARTESIAN_POINT('',(27.607695154587,22.,18.));
#1482 = SURFACE_CURVE('',#1483,(#1487,#1493),.PCURVE_S1.);
#1483 = LINE('',#1484,#1485);
#1484 = CARTESIAN_POINT('',(27.607695154587,22.,0.));
#1485 = VECTOR('',#1486,1.);
#1486 = DIRECTION('',(-0.,-0.,-1.));
#1487 = PCURVE('',#1196,#1488);
#1488 = DEFINITIONAL_REPRESENTATION('',(#1489),#1492);
#1489 = B_SPLINE_CURVE_WITH_KNOTS('',1,(#1490,#1491),.UNSPECIFIED.,.F.,
  .F.,(2,2),(-19.8,-7.9999994),.PIECEWISE_BEZIER_KNOTS.);
#1490 = CARTESIAN_POINT('',(-3.665191429188,-19.8));
#1491 = CARTESIAN_POINT('',(-3.665191429188,-7.9999994));
#1492 = ( GEOMETRIC_REPRESENTATION_CONTEXT(2) 
PARAMETRIC_REPRESENTATION_CONTEXT() REPRESENTATION_CONTEXT('2D SPACE',''
  ) );
#1493 = PCURVE('',#1494,#1499);
#1494 = PLANE('',#1495);
#1495 = AXIS2_PLACEMENT_3D('',#1496,#1497,#1498);
#1496 = CARTESIAN_POINT('',(-38.,22.,0.));
#1497 = DIRECTION('',(0.,1.,0.));
#1498 = DIRECTION('',(1.,0.,0.));
#1499 = DEFINITIONAL_REPRESENTATION('',(#1500),#1504);
#1500 = LINE('',#1501,#1502);
#1501 = CARTESIAN_POINT('',(65.607695154587,0.));
#1502 = VECTOR('',#1503,1.);
#1503 = DIRECTION('',(0.,1.));
#1504 = ( GEOMETRIC_REPRESENTATION_CONTEXT(2) 
PARAMETRIC_REPRESENTATION_CONTEXT() REPRESENTATION_CONTEXT('2D SPACE',''
  ) );
#1505 = ORIENTED_EDGE('',*,*,#1506,.T.);
#1506 = EDGE_CURVE('',#1480,#1507,#1509,.T.);
#1507 = VERTEX_POINT('',#1508);
#1508 = CARTESIAN_POINT('',(27.607695154587,34.,18.));
#1509 = SURFACE_CURVE('',#1510,(#1515,#1522),.PCURVE_S1.);
#1510 = CIRCLE('',#1511,12.);
#1511 = AXIS2_PLACEMENT_3D('',#1512,#1513,#1514);
#1512 = CARTESIAN_POINT('',(38.,28.,18.));
#1513 = DIRECTION('',(0.,0.,-1.));
#1514 = DIRECTION('',(1.,0.,0.));
#1515 = PCURVE('',#1196,#1516);
#1516 = DEFINITIONAL_REPRESENTATION('',(#1517),#1521);
#1517 = LINE('',#1518,#1519);
#1518 = CARTESIAN_POINT('',(-6.28318530718,-18.));
#1519 = VECTOR('',#1520,1.);
#1520 = DIRECTION('',(1.,-0.));
#1521 = ( GEOMETRIC_REPRESENTATION_CONTEXT(2) 
PARAMETRIC_REPRESENTATION_CONTEXT() REPRESENTATION_CONTEXT('2D SPACE',''
  ) );
#1522 = PCURVE('',#1523,#1528);
#1523 = PLANE('',#1524);
#1524 = AXIS2_PLACEMENT_3D('',#1525,#1526,#1527);
#1525 = CARTESIAN_POINT('',(-19.,28.,18.));
#1526 = DIRECTION('',(0.,0.,1.));
#1527 = DIRECTION('',(1.,0.,-0.));
#1528 = DEFINITIONAL_REPRESENTATION('',(#1529),#1537);
#1529 = ( BOUNDED_CURVE() B_SPLINE_CURVE(2,(#1530,#1531,#1532,#1533,
#1534,#1535,#1536),.UNSPECIFIED.,.T.,.F.) B_SPLINE_CURVE_WITH_KNOTS((1,2
    ,2,2,2,1),(-2.094395102393,0.,2.094395102393,4.188790204786,
6.28318530718,8.377580409573),.UNSPECIFIED.) CURVE() 
GEOMETRIC_REPRESENTATION_ITEM() RATIONAL_B_SPLINE_CURVE((1.,0.5,1.,0.5,
1.,0.5,1.)) REPRESENTATION_ITEM('') );
#1530 = CARTESIAN_POINT('',(69.,0.));
#1531 = CARTESIAN_POINT('',(69.,-20.78460969082));
#1532 = CARTESIAN_POINT('',(51.,-10.39230484541));
#1533 = CARTESIAN_POINT('',(33.,-2.939152317954E-15));
#1534 = CARTESIAN_POINT('',(51.,10.392304845413));
#1535 = CARTESIAN_POINT('',(69.,20.784609690827));
#1536 = CARTESIAN_POINT('',(69.,0.));
#1537 = ( GEOMETRIC_REPRESENTATION_CONTEXT(2) 
PARAMETRIC_REPRESENTATION_CONTEXT() REPRESENTATION_CONTEXT('2D SPACE',''
  ) );
#1538 = ORIENTED_EDGE('',*,*,#1539,.T.);
#1539 = EDGE_CURVE('',#1507,#1279,#1540,.T.);
#1540 = SURFACE_CURVE('',#1541,(#1545,#1551),.PCURVE_S1.);
#1541 = LINE('',#1542,#1543);
#1542 = CARTESIAN_POINT('',(27.607695154587,34.,0.));
#1543 = VECTOR('',#1544,1.);
#1544 = DIRECTION('',(-0.,-0.,-1.));
#1545 = PCURVE('',#1196,#1546);
#1546 = DEFINITIONAL_REPRESENTATION('',(#1547),#1550);
#1547 = B_SPLINE_CURVE_WITH_KNOTS('',1,(#1548,#1549),.UNSPECIFIED.,.F.,
  .F.,(2,2),(-19.8,-7.9999994),.PIECEWISE_BEZIER_KNOTS.);
#1548 = CARTESIAN_POINT('',(-2.617993877991,-19.8));
#1549 = CARTESIAN_POINT('',(-2.617993877991,-7.9999994));
#1550 = ( GEOMETRIC_REPRESENTATION_CONTEXT(2) 
PARAMETRIC_REPRESENTATION_CONTEXT() REPRESENTATION_CONTEXT('2D SPACE',''
  ) );
#1551 = PCURVE('',#1552,#1557);
#1552 = PLANE('',#1553);
#1553 = AXIS2_PLACEMENT_3D('',#1554,#1555,#1556);
#1554 = CARTESIAN_POINT('',(38.,34.,0.));
#1555 = DIRECTION('',(0.,-1.,0.));
#1556 = DIRECTION('',(-1.,0.,0.));
#1557 = DEFINITIONAL_REPRESENTATION('',(#1558),#1562);
#1558 = LINE('',#1559,#1560);
#1559 = CARTESIAN_POINT('',(10.392304845413,0.));
#1560 = VECTOR('',#1561,1.);
#1561 = DIRECTION('',(0.,1.));
#1562 = ( GEOMETRIC_REPRESENTATION_CONTEXT(2) 
PARAMETRIC_REPRESENTATION_CONTEXT() REPRESENTATION_CONTEXT('2D SPACE',''
  ) );
#1563 = ADVANCED_FACE('',(#1564),#1374,.F.);
#1564 = FACE_BOUND('',#1565,.F.);
#1565 = EDGE_LOOP('',(#1566,#1589,#1616,#1637));
#1566 = ORIENTED_EDGE('',*,*,#1567,.T.);
#1567 = EDGE_CURVE('',#1332,#1568,#1570,.T.);
#1568 = VERTEX_POINT('',#1569);
#1569 = CARTESIAN_POINT('',(44.,-17.60769515458,8.));
#1570 = SURFACE_CURVE('',#1571,(#1575,#1582),.PCURVE_S1.);
#1571 = LINE('',#1572,#1573);
#1572 = CARTESIAN_POINT('',(44.,17.607695154587,8.));
#1573 = VECTOR('',#1574,1.);
#1574 = DIRECTION('',(-2.017705126997E-16,-1.,0.));
#1575 = PCURVE('',#1374,#1576);
#1576 = DEFINITIONAL_REPRESENTATION('',(#1577),#1581);
#1577 = LINE('',#1578,#1579);
#1578 = CARTESIAN_POINT('',(17.607695154587,-8.));
#1579 = VECTOR('',#1580,1.);
#1580 = DIRECTION('',(-1.,0.));
#1581 = ( GEOMETRIC_REPRESENTATION_CONTEXT(2) 
PARAMETRIC_REPRESENTATION_CONTEXT() REPRESENTATION_CONTEXT('2D SPACE',''
  ) );
#1582 = PCURVE('',#66,#1583);
#1583 = DEFINITIONAL_REPRESENTATION('',(#1584),#1588);
#1584 = LINE('',#1585,#1586);
#1585 = CARTESIAN_POINT('',(154.,97.607695154587));
#1586 = VECTOR('',#1587,1.);
#1587 = DIRECTION('',(-2.017705126997E-16,-1.));
#1588 = ( GEOMETRIC_REPRESENTATION_CONTEXT(2) 
PARAMETRIC_REPRESENTATION_CONTEXT() REPRESENTATION_CONTEXT('2D SPACE',''
  ) );
#1589 = ORIENTED_EDGE('',*,*,#1590,.F.);
#1590 = EDGE_CURVE('',#1591,#1568,#1593,.T.);
#1591 = VERTEX_POINT('',#1592);
#1592 = CARTESIAN_POINT('',(44.,-17.60769515458,18.));
#1593 = SURFACE_CURVE('',#1594,(#1598,#1605),.PCURVE_S1.);
#1594 = LINE('',#1595,#1596);
#1595 = CARTESIAN_POINT('',(44.,-17.60769515458,0.));
#1596 = VECTOR('',#1597,1.);
#1597 = DIRECTION('',(-0.,-0.,-1.));
#1598 = PCURVE('',#1374,#1599);
#1599 = DEFINITIONAL_REPRESENTATION('',(#1600),#1604);
#1600 = LINE('',#1601,#1602);
#1601 = CARTESIAN_POINT('',(-17.60769515458,0.));
#1602 = VECTOR('',#1603,1.);
#1603 = DIRECTION('',(0.,1.));
#1604 = ( GEOMETRIC_REPRESENTATION_CONTEXT(2) 
PARAMETRIC_REPRESENTATION_CONTEXT() REPRESENTATION_CONTEXT('2D SPACE',''
  ) );
#1605 = PCURVE('',#1606,#1611);
#1606 = CYLINDRICAL_SURFACE('',#1607,12.);
#1607 = AXIS2_PLACEMENT_3D('',#1608,#1609,#1610);
#1608 = CARTESIAN_POINT('',(38.,-28.,0.));
#1609 = DIRECTION('',(-0.,-0.,-1.));
#1610 = DIRECTION('',(1.,0.,0.));
#1611 = DEFINITIONAL_REPRESENTATION('',(#1612),#1615);
#1612 = B_SPLINE_CURVE_WITH_KNOTS('',1,(#1613,#1614),.UNSPECIFIED.,.F.,
  .F.,(2,2),(-19.8,-7.9999994),.PIECEWISE_BEZIER_KNOTS.);
#1613 = CARTESIAN_POINT('',(-1.047197551197,-19.8));
#1614 = CARTESIAN_POINT('',(-1.047197551197,-7.9999994));
#1615 = ( GEOMETRIC_REPRESENTATION_CONTEXT(2) 
PARAMETRIC_REPRESENTATION_CONTEXT() REPRESENTATION_CONTEXT('2D SPACE',''
  ) );
#1616 = ORIENTED_EDGE('',*,*,#1617,.F.);
#1617 = EDGE_CURVE('',#1360,#1591,#1618,.T.);
#1618 = SURFACE_CURVE('',#1619,(#1623,#1630),.PCURVE_S1.);
#1619 = LINE('',#1620,#1621);
#1620 = CARTESIAN_POINT('',(44.,17.607695154587,18.));
#1621 = VECTOR('',#1622,1.);
#1622 = DIRECTION('',(0.,-1.,0.));
#1623 = PCURVE('',#1374,#1624);
#1624 = DEFINITIONAL_REPRESENTATION('',(#1625),#1629);
#1625 = LINE('',#1626,#1627);
#1626 = CARTESIAN_POINT('',(17.607695154587,-18.));
#1627 = VECTOR('',#1628,1.);
#1628 = DIRECTION('',(-1.,0.));
#1629 = ( GEOMETRIC_REPRESENTATION_CONTEXT(2) 
PARAMETRIC_REPRESENTATION_CONTEXT() REPRESENTATION_CONTEXT('2D SPACE',''
  ) );
#1630 = PCURVE('',#1403,#1631);
#1631 = DEFINITIONAL_REPRESENTATION('',(#1632),#1636);
#1632 = LINE('',#1633,#1634);
#1633 = CARTESIAN_POINT('',(6.,3.607695154587));
#1634 = VECTOR('',#1635,1.);
#1635 = DIRECTION('',(0.,-1.));
#1636 = ( GEOMETRIC_REPRESENTATION_CONTEXT(2) 
PARAMETRIC_REPRESENTATION_CONTEXT() REPRESENTATION_CONTEXT('2D SPACE',''
  ) );
#1637 = ORIENTED_EDGE('',*,*,#1359,.T.);
#1638 = ADVANCED_FACE('',(#1639),#1606,.T.);
#1639 = FACE_BOUND('',#1640,.F.);
#1640 = EDGE_LOOP('',(#1641,#1669,#1692,#1719,#1720,#1748,#1775,#1808,
    #1835,#1863,#1885,#1911));
#1641 = ORIENTED_EDGE('',*,*,#1642,.T.);
#1642 = EDGE_CURVE('',#1568,#1643,#1645,.T.);
#1643 = VERTEX_POINT('',#1644);
#1644 = CARTESIAN_POINT('',(50.,-28.,8.));
#1645 = SURFACE_CURVE('',#1646,(#1651,#1658),.PCURVE_S1.);
#1646 = CIRCLE('',#1647,12.);
#1647 = AXIS2_PLACEMENT_3D('',#1648,#1649,#1650);
#1648 = CARTESIAN_POINT('',(38.,-28.,8.));
#1649 = DIRECTION('',(0.,0.,-1.));
#1650 = DIRECTION('',(1.,0.,0.));
#1651 = PCURVE('',#1606,#1652);
#1652 = DEFINITIONAL_REPRESENTATION('',(#1653),#1657);
#1653 = LINE('',#1654,#1655);
#1654 = CARTESIAN_POINT('',(-6.28318530718,-8.));
#1655 = VECTOR('',#1656,1.);
#1656 = DIRECTION('',(1.,-0.));
#1657 = ( GEOMETRIC_REPRESENTATION_CONTEXT(2) 
PARAMETRIC_REPRESENTATION_CONTEXT() REPRESENTATION_CONTEXT('2D SPACE',''
  ) );
#1658 = PCURVE('',#66,#1659);
#1659 = DEFINITIONAL_REPRESENTATION('',(#1660),#1668);
#1660 = ( BOUNDED_CURVE() B_SPLINE_CURVE(2,(#1661,#1662,#1663,#1664,
#1665,#1666,#1667),.UNSPECIFIED.,.T.,.F.) B_SPLINE_CURVE_WITH_KNOTS((1,2
    ,2,2,2,1),(-2.094395102393,0.,2.094395102393,4.188790204786,
6.28318530718,8.377580409573),.UNSPECIFIED.) CURVE() 
GEOMETRIC_REPRESENTATION_ITEM() RATIONAL_B_SPLINE_CURVE((1.,0.5,1.,0.5,
1.,0.5,1.)) REPRESENTATION_ITEM('') );
#1661 = CARTESIAN_POINT('',(160.,52.));
#1662 = CARTESIAN_POINT('',(160.,31.215390309173));
#1663 = CARTESIAN_POINT('',(142.,41.607695154587));
#1664 = CARTESIAN_POINT('',(124.,52.));
#1665 = CARTESIAN_POINT('',(142.,62.392304845413));
#1666 = CARTESIAN_POINT('',(160.,72.784609690827));
#1667 = CARTESIAN_POINT('',(160.,52.));
#1668 = ( GEOMETRIC_REPRESENTATION_CONTEXT(2) 
PARAMETRIC_REPRESENTATION_CONTEXT() REPRESENTATION_CONTEXT('2D SPACE',''
  ) );
#1669 = ORIENTED_EDGE('',*,*,#1670,.T.);
#1670 = EDGE_CURVE('',#1643,#1671,#1673,.T.);
#1671 = VERTEX_POINT('',#1672);
#1672 = CARTESIAN_POINT('',(50.,-28.,36.));
#1673 = SEAM_CURVE('',#1674,(#1678,#1685),.PCURVE_S1.);
#1674 = LINE('',#1675,#1676);
#1675 = CARTESIAN_POINT('',(50.,-28.,0.));
#1676 = VECTOR('',#1677,1.);
#1677 = DIRECTION('',(0.,0.,1.));
#1678 = PCURVE('',#1606,#1679);
#1679 = DEFINITIONAL_REPRESENTATION('',(#1680),#1684);
#1680 = LINE('',#1681,#1682);
#1681 = CARTESIAN_POINT('',(-6.28318530718,0.));
#1682 = VECTOR('',#1683,1.);
#1683 = DIRECTION('',(-0.,-1.));
#1684 = ( GEOMETRIC_REPRESENTATION_CONTEXT(2) 
PARAMETRIC_REPRESENTATION_CONTEXT() REPRESENTATION_CONTEXT('2D SPACE',''
  ) );
#1685 = PCURVE('',#1606,#1686);
#1686 = DEFINITIONAL_REPRESENTATION('',(#1687),#1691);
#1687 = LINE('',#1688,#1689);
#1688 = CARTESIAN_POINT('',(-0.,0.));
#1689 = VECTOR('',#1690,1.);
#1690 = DIRECTION('',(-0.,-1.));
#1691 = ( GEOMETRIC_REPRESENTATION_CONTEXT(2) 
PARAMETRIC_REPRESENTATION_CONTEXT() REPRESENTATION_CONTEXT('2D SPACE',''
  ) );
#1692 = ORIENTED_EDGE('',*,*,#1693,.T.);
#1693 = EDGE_CURVE('',#1671,#1671,#1694,.T.);
#1694 = SURFACE_CURVE('',#1695,(#1700,#1707),.PCURVE_S1.);
#1695 = CIRCLE('',#1696,12.);
#1696 = AXIS2_PLACEMENT_3D('',#1697,#1698,#1699);
#1697 = CARTESIAN_POINT('',(38.,-28.,36.));
#1698 = DIRECTION('',(0.,0.,1.));
#1699 = DIRECTION('',(1.,0.,0.));
#1700 = PCURVE('',#1606,#1701);
#1701 = DEFINITIONAL_REPRESENTATION('',(#1702),#1706);
#1702 = LINE('',#1703,#1704);
#1703 = CARTESIAN_POINT('',(-0.,-36.));
#1704 = VECTOR('',#1705,1.);
#1705 = DIRECTION('',(-1.,0.));
#1706 = ( GEOMETRIC_REPRESENTATION_CONTEXT(2) 
PARAMETRIC_REPRESENTATION_CONTEXT() REPRESENTATION_CONTEXT('2D SPACE',''
  ) );
#1707 = PCURVE('',#1708,#1713);
#1708 = PLANE('',#1709);
#1709 = AXIS2_PLACEMENT_3D('',#1710,#1711,#1712);
#1710 = CARTESIAN_POINT('',(38.,-28.,36.));
#1711 = DIRECTION('',(0.,0.,1.));
#1712 = DIRECTION('',(1.,0.,-0.));
#1713 = DEFINITIONAL_REPRESENTATION('',(#1714),#1718);
#1714 = CIRCLE('',#1715,12.);
#1715 = AXIS2_PLACEMENT_2D('',#1716,#1717);
#1716 = CARTESIAN_POINT('',(0.,0.));
#1717 = DIRECTION('',(1.,0.));
#1718 = ( GEOMETRIC_REPRESENTATION_CONTEXT(2) 
PARAMETRIC_REPRESENTATION_CONTEXT() REPRESENTATION_CONTEXT('2D SPACE',''
  ) );
#1719 = ORIENTED_EDGE('',*,*,#1670,.F.);
#1720 = ORIENTED_EDGE('',*,*,#1721,.T.);
#1721 = EDGE_CURVE('',#1643,#1722,#1724,.T.);
#1722 = VERTEX_POINT('',#1723);
#1723 = CARTESIAN_POINT('',(27.607695154587,-34.,8.));
#1724 = SURFACE_CURVE('',#1725,(#1730,#1737),.PCURVE_S1.);
#1725 = CIRCLE('',#1726,12.);
#1726 = AXIS2_PLACEMENT_3D('',#1727,#1728,#1729);
#1727 = CARTESIAN_POINT('',(38.,-28.,8.));
#1728 = DIRECTION('',(0.,0.,-1.));
#1729 = DIRECTION('',(1.,0.,0.));
#1730 = PCURVE('',#1606,#1731);
#1731 = DEFINITIONAL_REPRESENTATION('',(#1732),#1736);
#1732 = LINE('',#1733,#1734);
#1733 = CARTESIAN_POINT('',(-6.28318530718,-8.));
#1734 = VECTOR('',#1735,1.);
#1735 = DIRECTION('',(1.,-0.));
#1736 = ( GEOMETRIC_REPRESENTATION_CONTEXT(2) 
PARAMETRIC_REPRESENTATION_CONTEXT() REPRESENTATION_CONTEXT('2D SPACE',''
  ) );
#1737 = PCURVE('',#66,#1738);
#1738 = DEFINITIONAL_REPRESENTATION('',(#1739),#1747);
#1739 = ( BOUNDED_CURVE() B_SPLINE_CURVE(2,(#1740,#1741,#1742,#1743,
#1744,#1745,#1746),.UNSPECIFIED.,.T.,.F.) B_SPLINE_CURVE_WITH_KNOTS((1,2
    ,2,2,2,1),(-2.094395102393,0.,2.094395102393,4.188790204786,
6.28318530718,8.377580409573),.UNSPECIFIED.) CURVE() 
GEOMETRIC_REPRESENTATION_ITEM() RATIONAL_B_SPLINE_CURVE((1.,0.5,1.,0.5,
1.,0.5,1.)) REPRESENTATION_ITEM('') );
#1740 = CARTESIAN_POINT('',(160.,52.));
#1741 = CARTESIAN_POINT('',(160.,31.215390309173));
#1742 = CARTESIAN_POINT('',(142.,41.607695154587));
#1743 = CARTESIAN_POINT('',(124.,52.));
#1744 = CARTESIAN_POINT('',(142.,62.392304845413));
#1745 = CARTESIAN_POINT('',(160.,72.784609690827));
#1746 = CARTESIAN_POINT('',(160.,52.));
#1747 = ( GEOMETRIC_REPRESENTATION_CONTEXT(2) 
PARAMETRIC_REPRESENTATION_CONTEXT() REPRESENTATION_CONTEXT('2D SPACE',''
  ) );
#1748 = ORIENTED_EDGE('',*,*,#1749,.F.);
#1749 = EDGE_CURVE('',#1750,#1722,#1752,.T.);
#1750 = VERTEX_POINT('',#1751);
#1751 = CARTESIAN_POINT('',(27.607695154587,-34.,18.));
#1752 = SURFACE_CURVE('',#1753,(#1757,#1763),.PCURVE_S1.);
#1753 = LINE('',#1754,#1755);
#1754 = CARTESIAN_POINT('',(27.607695154587,-34.,0.));
#1755 = VECTOR('',#1756,1.);
#1756 = DIRECTION('',(-0.,-0.,-1.));
#1757 = PCURVE('',#1606,#1758);
#1758 = DEFINITIONAL_REPRESENTATION('',(#1759),#1762);
#1759 = B_SPLINE_CURVE_WITH_KNOTS('',1,(#1760,#1761),.UNSPECIFIED.,.F.,
  .F.,(2,2),(-19.8,-7.9999994),.PIECEWISE_BEZIER_KNOTS.);
#1760 = CARTESIAN_POINT('',(-3.665191429188,-19.8));
#1761 = CARTESIAN_POINT('',(-3.665191429188,-7.9999994));
#1762 = ( GEOMETRIC_REPRESENTATION_CONTEXT(2) 
PARAMETRIC_REPRESENTATION_CONTEXT() REPRESENTATION_CONTEXT('2D SPACE',''
  ) );
#1763 = PCURVE('',#1764,#1769);
#1764 = PLANE('',#1765);
#1765 = AXIS2_PLACEMENT_3D('',#1766,#1767,#1768);
#1766 = CARTESIAN_POINT('',(-38.,-34.,0.));
#1767 = DIRECTION('',(0.,1.,0.));
#1768 = DIRECTION('',(1.,0.,0.));
#1769 = DEFINITIONAL_REPRESENTATION('',(#1770),#1774);
#1770 = LINE('',#1771,#1772);
#1771 = CARTESIAN_POINT('',(65.607695154587,0.));
#1772 = VECTOR('',#1773,1.);
#1773 = DIRECTION('',(0.,1.));
#1774 = ( GEOMETRIC_REPRESENTATION_CONTEXT(2) 
PARAMETRIC_REPRESENTATION_CONTEXT() REPRESENTATION_CONTEXT('2D SPACE',''
  ) );
#1775 = ORIENTED_EDGE('',*,*,#1776,.T.);
#1776 = EDGE_CURVE('',#1750,#1777,#1779,.T.);
#1777 = VERTEX_POINT('',#1778);
#1778 = CARTESIAN_POINT('',(27.607695154587,-22.,18.));
#1779 = SURFACE_CURVE('',#1780,(#1785,#1792),.PCURVE_S1.);
#1780 = CIRCLE('',#1781,12.);
#1781 = AXIS2_PLACEMENT_3D('',#1782,#1783,#1784);
#1782 = CARTESIAN_POINT('',(38.,-28.,18.));
#1783 = DIRECTION('',(0.,0.,-1.));
#1784 = DIRECTION('',(1.,0.,0.));
#1785 = PCURVE('',#1606,#1786);
#1786 = DEFINITIONAL_REPRESENTATION('',(#1787),#1791);
#1787 = LINE('',#1788,#1789);
#1788 = CARTESIAN_POINT('',(-6.28318530718,-18.));
#1789 = VECTOR('',#1790,1.);
#1790 = DIRECTION('',(1.,-0.));
#1791 = ( GEOMETRIC_REPRESENTATION_CONTEXT(2) 
PARAMETRIC_REPRESENTATION_CONTEXT() REPRESENTATION_CONTEXT('2D SPACE',''
  ) );
#1792 = PCURVE('',#1793,#1798);
#1793 = PLANE('',#1794);
#1794 = AXIS2_PLACEMENT_3D('',#1795,#1796,#1797);
#1795 = CARTESIAN_POINT('',(19.,-28.,18.));
#1796 = DIRECTION('',(0.,0.,1.));
#1797 = DIRECTION('',(1.,0.,-0.));
#1798 = DEFINITIONAL_REPRESENTATION('',(#1799),#1807);
#1799 = ( BOUNDED_CURVE() B_SPLINE_CURVE(2,(#1800,#1801,#1802,#1803,
#1804,#1805,#1806),.UNSPECIFIED.,.T.,.F.) B_SPLINE_CURVE_WITH_KNOTS((1,2
    ,2,2,2,1),(-2.094395102393,0.,2.094395102393,4.188790204786,
6.28318530718,8.377580409573),.UNSPECIFIED.) CURVE() 
GEOMETRIC_REPRESENTATION_ITEM() RATIONAL_B_SPLINE_CURVE((1.,0.5,1.,0.5,
1.,0.5,1.)) REPRESENTATION_ITEM('') );
#1800 = CARTESIAN_POINT('',(31.,0.));
#1801 = CARTESIAN_POINT('',(31.,-20.78460969082));
#1802 = CARTESIAN_POINT('',(13.,-10.39230484541));
#1803 = CARTESIAN_POINT('',(-5.,-2.939152317954E-15));
#1804 = CARTESIAN_POINT('',(13.,10.392304845413));
#1805 = CARTESIAN_POINT('',(31.,20.784609690827));
#1806 = CARTESIAN_POINT('',(31.,0.));
#1807 = ( GEOMETRIC_REPRESENTATION_CONTEXT(2) 
PARAMETRIC_REPRESENTATION_CONTEXT() REPRESENTATION_CONTEXT('2D SPACE',''
  ) );
#1808 = ORIENTED_EDGE('',*,*,#1809,.T.);
#1809 = EDGE_CURVE('',#1777,#1810,#1812,.T.);
#1810 = VERTEX_POINT('',#1811);
#1811 = CARTESIAN_POINT('',(27.607695154587,-22.,8.));
#1812 = SURFACE_CURVE('',#1813,(#1817,#1823),.PCURVE_S1.);
#1813 = LINE('',#1814,#1815);
#1814 = CARTESIAN_POINT('',(27.607695154587,-22.,0.));
#1815 = VECTOR('',#1816,1.);
#1816 = DIRECTION('',(-0.,-0.,-1.));
#1817 = PCURVE('',#1606,#1818);
#1818 = DEFINITIONAL_REPRESENTATION('',(#1819),#1822);
#1819 = B_SPLINE_CURVE_WITH_KNOTS('',1,(#1820,#1821),.UNSPECIFIED.,.F.,
  .F.,(2,2),(-19.8,-7.9999994),.PIECEWISE_BEZIER_KNOTS.);
#1820 = CARTESIAN_POINT('',(-2.617993877991,-19.8));
#1821 = CARTESIAN_POINT('',(-2.617993877991,-7.9999994));
#1822 = ( GEOMETRIC_REPRESENTATION_CONTEXT(2) 
PARAMETRIC_REPRESENTATION_CONTEXT() REPRESENTATION_CONTEXT('2D SPACE',''
  ) );
#1823 = PCURVE('',#1824,#1829);
#1824 = PLANE('',#1825);
#1825 = AXIS2_PLACEMENT_3D('',#1826,#1827,#1828);
#1826 = CARTESIAN_POINT('',(38.,-22.,0.));
#1827 = DIRECTION('',(0.,-1.,0.));
#1828 = DIRECTION('',(-1.,0.,0.));
#1829 = DEFINITIONAL_REPRESENTATION('',(#1830),#1834);
#1830 = LINE('',#1831,#1832);
#1831 = CARTESIAN_POINT('',(10.392304845413,0.));
#1832 = VECTOR('',#1833,1.);
#1833 = DIRECTION('',(0.,1.));
#1834 = ( GEOMETRIC_REPRESENTATION_CONTEXT(2) 
PARAMETRIC_REPRESENTATION_CONTEXT() REPRESENTATION_CONTEXT('2D SPACE',''
  ) );
#1835 = ORIENTED_EDGE('',*,*,#1836,.T.);
#1836 = EDGE_CURVE('',#1810,#1837,#1839,.T.);
#1837 = VERTEX_POINT('',#1838);
#1838 = CARTESIAN_POINT('',(32.,-17.60769515458,8.));
#1839 = SURFACE_CURVE('',#1840,(#1845,#1852),.PCURVE_S1.);
#1840 = CIRCLE('',#1841,12.);
#1841 = AXIS2_PLACEMENT_3D('',#1842,#1843,#1844);
#1842 = CARTESIAN_POINT('',(38.,-28.,8.));
#1843 = DIRECTION('',(0.,0.,-1.));
#1844 = DIRECTION('',(1.,0.,0.));
#1845 = PCURVE('',#1606,#1846);
#1846 = DEFINITIONAL_REPRESENTATION('',(#1847),#1851);
#1847 = LINE('',#1848,#1849);
#1848 = CARTESIAN_POINT('',(-6.28318530718,-8.));
#1849 = VECTOR('',#1850,1.);
#1850 = DIRECTION('',(1.,-0.));
#1851 = ( GEOMETRIC_REPRESENTATION_CONTEXT(2) 
PARAMETRIC_REPRESENTATION_CONTEXT() REPRESENTATION_CONTEXT('2D SPACE',''
  ) );
#1852 = PCURVE('',#1463,#1853);
#1853 = DEFINITIONAL_REPRESENTATION('',(#1854),#1862);
#1854 = ( BOUNDED_CURVE() B_SPLINE_CURVE(2,(#1855,#1856,#1857,#1858,
#1859,#1860,#1861),.UNSPECIFIED.,.T.,.F.) B_SPLINE_CURVE_WITH_KNOTS((1,2
    ,2,2,2,1),(-2.094395102393,0.,2.094395102393,4.188790204786,
6.28318530718,8.377580409573),.UNSPECIFIED.) CURVE() 
GEOMETRIC_REPRESENTATION_ITEM() RATIONAL_B_SPLINE_CURVE((1.,0.5,1.,0.5,
1.,0.5,1.)) REPRESENTATION_ITEM('') );
#1855 = CARTESIAN_POINT('',(160.,52.));
#1856 = CARTESIAN_POINT('',(160.,31.215390309173));
#1857 = CARTESIAN_POINT('',(142.,41.607695154587));
#1858 = CARTESIAN_POINT('',(124.,52.));
#1859 = CARTESIAN_POINT('',(142.,62.392304845413));
#1860 = CARTESIAN_POINT('',(160.,72.784609690827));
#1861 = CARTESIAN_POINT('',(160.,52.));
#1862 = ( GEOMETRIC_REPRESENTATION_CONTEXT(2) 
PARAMETRIC_REPRESENTATION_CONTEXT() REPRESENTATION_CONTEXT('2D SPACE',''
  ) );
#1863 = ORIENTED_EDGE('',*,*,#1864,.F.);
#1864 = EDGE_CURVE('',#1865,#1837,#1867,.T.);
#1865 = VERTEX_POINT('',#1866);
#1866 = CARTESIAN_POINT('',(32.,-17.60769515458,18.));
#1867 = SURFACE_CURVE('',#1868,(#1872,#1878),.PCURVE_S1.);
#1868 = LINE('',#1869,#1870);
#1869 = CARTESIAN_POINT('',(32.,-17.60769515458,0.));
#1870 = VECTOR('',#1871,1.);
#1871 = DIRECTION('',(-0.,-0.,-1.));
#1872 = PCURVE('',#1606,#1873);
#1873 = DEFINITIONAL_REPRESENTATION('',(#1874),#1877);
#1874 = B_SPLINE_CURVE_WITH_KNOTS('',1,(#1875,#1876),.UNSPECIFIED.,.F.,
  .F.,(2,2),(-19.8,-7.9999994),.PIECEWISE_BEZIER_KNOTS.);
#1875 = CARTESIAN_POINT('',(-2.094395102393,-19.8));
#1876 = CARTESIAN_POINT('',(-2.094395102393,-7.9999994));
#1877 = ( GEOMETRIC_REPRESENTATION_CONTEXT(2) 
PARAMETRIC_REPRESENTATION_CONTEXT() REPRESENTATION_CONTEXT('2D SPACE',''
  ) );
#1878 = PCURVE('',#1434,#1879);
#1879 = DEFINITIONAL_REPRESENTATION('',(#1880),#1884);
#1880 = LINE('',#1881,#1882);
#1881 = CARTESIAN_POINT('',(45.607695154587,0.));
#1882 = VECTOR('',#1883,1.);
#1883 = DIRECTION('',(0.,1.));
#1884 = ( GEOMETRIC_REPRESENTATION_CONTEXT(2) 
PARAMETRIC_REPRESENTATION_CONTEXT() REPRESENTATION_CONTEXT('2D SPACE',''
  ) );
#1885 = ORIENTED_EDGE('',*,*,#1886,.T.);
#1886 = EDGE_CURVE('',#1865,#1591,#1887,.T.);
#1887 = SURFACE_CURVE('',#1888,(#1893,#1900),.PCURVE_S1.);
#1888 = CIRCLE('',#1889,12.);
#1889 = AXIS2_PLACEMENT_3D('',#1890,#1891,#1892);
#1890 = CARTESIAN_POINT('',(38.,-28.,18.));
#1891 = DIRECTION('',(0.,0.,-1.));
#1892 = DIRECTION('',(1.,0.,0.));
#1893 = PCURVE('',#1606,#1894);
#1894 = DEFINITIONAL_REPRESENTATION('',(#1895),#1899);
#1895 = LINE('',#1896,#1897);
#1896 = CARTESIAN_POINT('',(-6.28318530718,-18.));
#1897 = VECTOR('',#1898,1.);
#1898 = DIRECTION('',(1.,-0.));
#1899 = ( GEOMETRIC_REPRESENTATION_CONTEXT(2) 
PARAMETRIC_REPRESENTATION_CONTEXT() REPRESENTATION_CONTEXT('2D SPACE',''
  ) );
#1900 = PCURVE('',#1403,#1901);
#1901 = DEFINITIONAL_REPRESENTATION('',(#1902),#1910);
#1902 = ( BOUNDED_CURVE() B_SPLINE_CURVE(2,(#1903,#1904,#1905,#1906,
#1907,#1908,#1909),.UNSPECIFIED.,.T.,.F.) B_SPLINE_CURVE_WITH_KNOTS((1,2
    ,2,2,2,1),(-2.094395102393,0.,2.094395102393,4.188790204786,
6.28318530718,8.377580409573),.UNSPECIFIED.) CURVE() 
GEOMETRIC_REPRESENTATION_ITEM() RATIONAL_B_SPLINE_CURVE((1.,0.5,1.,0.5,
1.,0.5,1.)) REPRESENTATION_ITEM('') );
#1903 = CARTESIAN_POINT('',(12.,-42.));
#1904 = CARTESIAN_POINT('',(12.,-62.78460969082));
#1905 = CARTESIAN_POINT('',(-6.,-52.39230484541));
#1906 = CARTESIAN_POINT('',(-24.,-42.));
#1907 = CARTESIAN_POINT('',(-6.,-31.60769515458));
#1908 = CARTESIAN_POINT('',(12.,-21.21539030917));
#1909 = CARTESIAN_POINT('',(12.,-42.));
#1910 = ( GEOMETRIC_REPRESENTATION_CONTEXT(2) 
PARAMETRIC_REPRESENTATION_CONTEXT() REPRESENTATION_CONTEXT('2D SPACE',''
  ) );
#1911 = ORIENTED_EDGE('',*,*,#1590,.T.);
#1912 = ADVANCED_FACE('',(#1913,#1916),#1708,.T.);
#1913 = FACE_BOUND('',#1914,.T.);
#1914 = EDGE_LOOP('',(#1915));
#1915 = ORIENTED_EDGE('',*,*,#1693,.T.);
#1916 = FACE_BOUND('',#1917,.T.);
#1917 = EDGE_LOOP('',(#1918,#1947,#1974,#2001));
#1918 = ORIENTED_EDGE('',*,*,#1919,.T.);
#1919 = EDGE_CURVE('',#1920,#1922,#1924,.T.);
#1920 = VERTEX_POINT('',#1921);
#1921 = CARTESIAN_POINT('',(42.35,-23.65,36.));
#1922 = VERTEX_POINT('',#1923);
#1923 = CARTESIAN_POINT('',(42.35,-32.35,36.));
#1924 = SURFACE_CURVE('',#1925,(#1929,#1935),.PCURVE_S1.);
#1925 = LINE('',#1926,#1927);
#1926 = CARTESIAN_POINT('',(42.35,-30.175,36.));
#1927 = VECTOR('',#1928,1.);
#1928 = DIRECTION('',(0.,-1.,0.));
#1929 = PCURVE('',#1708,#1930);
#1930 = DEFINITIONAL_REPRESENTATION('',(#1931),#1934);
#1931 = B_SPLINE_CURVE_WITH_KNOTS('',1,(#1932,#1933),.UNSPECIFIED.,.F.,
  .F.,(2,2),(-6.525,2.175),.PIECEWISE_BEZIER_KNOTS.);
#1932 = CARTESIAN_POINT('',(4.35,4.35));
#1933 = CARTESIAN_POINT('',(4.35,-4.35));
#1934 = ( GEOMETRIC_REPRESENTATION_CONTEXT(2) 
PARAMETRIC_REPRESENTATION_CONTEXT() REPRESENTATION_CONTEXT('2D SPACE',''
  ) );
#1935 = PCURVE('',#1936,#1941);
#1936 = PLANE('',#1937);
#1937 = AXIS2_PLACEMENT_3D('',#1938,#1939,#1940);
#1938 = CARTESIAN_POINT('',(42.35,-32.35,-1.));
#1939 = DIRECTION('',(-1.,0.,0.));
#1940 = DIRECTION('',(0.,1.,0.));
#1941 = DEFINITIONAL_REPRESENTATION('',(#1942),#1946);
#1942 = LINE('',#1943,#1944);
#1943 = CARTESIAN_POINT('',(2.175,-37.));
#1944 = VECTOR('',#1945,1.);
#1945 = DIRECTION('',(-1.,0.));
#1946 = ( GEOMETRIC_REPRESENTATION_CONTEXT(2) 
PARAMETRIC_REPRESENTATION_CONTEXT() REPRESENTATION_CONTEXT('2D SPACE',''
  ) );
#1947 = ORIENTED_EDGE('',*,*,#1948,.T.);
#1948 = EDGE_CURVE('',#1922,#1949,#1951,.T.);
#1949 = VERTEX_POINT('',#1950);
#1950 = CARTESIAN_POINT('',(33.65,-32.35,36.));
#1951 = SURFACE_CURVE('',#1952,(#1956,#1962),.PCURVE_S1.);
#1952 = LINE('',#1953,#1954);
#1953 = CARTESIAN_POINT('',(35.825,-32.35,36.));
#1954 = VECTOR('',#1955,1.);
#1955 = DIRECTION('',(-1.,0.,0.));
#1956 = PCURVE('',#1708,#1957);
#1957 = DEFINITIONAL_REPRESENTATION('',(#1958),#1961);
#1958 = B_SPLINE_CURVE_WITH_KNOTS('',1,(#1959,#1960),.UNSPECIFIED.,.F.,
  .F.,(2,2),(-6.525,2.175),.PIECEWISE_BEZIER_KNOTS.);
#1959 = CARTESIAN_POINT('',(4.35,-4.35));
#1960 = CARTESIAN_POINT('',(-4.35,-4.35));
#1961 = ( GEOMETRIC_REPRESENTATION_CONTEXT(2) 
PARAMETRIC_REPRESENTATION_CONTEXT() REPRESENTATION_CONTEXT('2D SPACE',''
  ) );
#1962 = PCURVE('',#1963,#1968);
#1963 = PLANE('',#1964);
#1964 = AXIS2_PLACEMENT_3D('',#1965,#1966,#1967);
#1965 = CARTESIAN_POINT('',(33.65,-32.35,-1.));
#1966 = DIRECTION('',(0.,1.,0.));
#1967 = DIRECTION('',(1.,0.,0.));
#1968 = DEFINITIONAL_REPRESENTATION('',(#1969),#1973);
#1969 = LINE('',#1970,#1971);
#1970 = CARTESIAN_POINT('',(2.175,-37.));
#1971 = VECTOR('',#1972,1.);
#1972 = DIRECTION('',(-1.,0.));
#1973 = ( GEOMETRIC_REPRESENTATION_CONTEXT(2) 
PARAMETRIC_REPRESENTATION_CONTEXT() REPRESENTATION_CONTEXT('2D SPACE',''
  ) );
#1974 = ORIENTED_EDGE('',*,*,#1975,.T.);
#1975 = EDGE_CURVE('',#1949,#1976,#1978,.T.);
#1976 = VERTEX_POINT('',#1977);
#1977 = CARTESIAN_POINT('',(33.65,-23.65,36.));
#1978 = SURFACE_CURVE('',#1979,(#1983,#1989),.PCURVE_S1.);
#1979 = LINE('',#1980,#1981);
#1980 = CARTESIAN_POINT('',(33.65,-25.825,36.));
#1981 = VECTOR('',#1982,1.);
#1982 = DIRECTION('',(-0.,1.,0.));
#1983 = PCURVE('',#1708,#1984);
#1984 = DEFINITIONAL_REPRESENTATION('',(#1985),#1988);
#1985 = B_SPLINE_CURVE_WITH_KNOTS('',1,(#1986,#1987),.UNSPECIFIED.,.F.,
  .F.,(2,2),(-6.525,2.175),.PIECEWISE_BEZIER_KNOTS.);
#1986 = CARTESIAN_POINT('',(-4.35,-4.35));
#1987 = CARTESIAN_POINT('',(-4.35,4.35));
#1988 = ( GEOMETRIC_REPRESENTATION_CONTEXT(2) 
PARAMETRIC_REPRESENTATION_CONTEXT() REPRESENTATION_CONTEXT('2D SPACE',''
  ) );
#1989 = PCURVE('',#1990,#1995);
#1990 = PLANE('',#1991);
#1991 = AXIS2_PLACEMENT_3D('',#1992,#1993,#1994);
#1992 = CARTESIAN_POINT('',(33.65,-23.65,-1.));
#1993 = DIRECTION('',(1.,0.,-0.));
#1994 = DIRECTION('',(0.,-1.,0.));
#1995 = DEFINITIONAL_REPRESENTATION('',(#1996),#2000);
#1996 = LINE('',#1997,#1998);
#1997 = CARTESIAN_POINT('',(2.175,-37.));
#1998 = VECTOR('',#1999,1.);
#1999 = DIRECTION('',(-1.,-0.));
#2000 = ( GEOMETRIC_REPRESENTATION_CONTEXT(2) 
PARAMETRIC_REPRESENTATION_CONTEXT() REPRESENTATION_CONTEXT('2D SPACE',''
  ) );
#2001 = ORIENTED_EDGE('',*,*,#2002,.T.);
#2002 = EDGE_CURVE('',#1976,#1920,#2003,.T.);
#2003 = SURFACE_CURVE('',#2004,(#2008,#2014),.PCURVE_S1.);
#2004 = LINE('',#2005,#2006);
#2005 = CARTESIAN_POINT('',(40.175,-23.65,36.));
#2006 = VECTOR('',#2007,1.);
#2007 = DIRECTION('',(1.,0.,-0.));
#2008 = PCURVE('',#1708,#2009);
#2009 = DEFINITIONAL_REPRESENTATION('',(#2010),#2013);
#2010 = B_SPLINE_CURVE_WITH_KNOTS('',1,(#2011,#2012),.UNSPECIFIED.,.F.,
  .F.,(2,2),(-6.525,2.175),.PIECEWISE_BEZIER_KNOTS.);
#2011 = CARTESIAN_POINT('',(-4.35,4.35));
#2012 = CARTESIAN_POINT('',(4.35,4.35));
#2013 = ( GEOMETRIC_REPRESENTATION_CONTEXT(2) 
PARAMETRIC_REPRESENTATION_CONTEXT() REPRESENTATION_CONTEXT('2D SPACE',''
  ) );
#2014 = PCURVE('',#2015,#2020);
#2015 = PLANE('',#2016);
#2016 = AXIS2_PLACEMENT_3D('',#2017,#2018,#2019);
#2017 = CARTESIAN_POINT('',(42.35,-23.65,-1.));
#2018 = DIRECTION('',(0.,-1.,0.));
#2019 = DIRECTION('',(-1.,0.,0.));
#2020 = DEFINITIONAL_REPRESENTATION('',(#2021),#2025);
#2021 = LINE('',#2022,#2023);
#2022 = CARTESIAN_POINT('',(2.175,-37.));
#2023 = VECTOR('',#2024,1.);
#2024 = DIRECTION('',(-1.,0.));
#2025 = ( GEOMETRIC_REPRESENTATION_CONTEXT(2) 
PARAMETRIC_REPRESENTATION_CONTEXT() REPRESENTATION_CONTEXT('2D SPACE',''
  ) );
#2026 = ADVANCED_FACE('',(#2027),#1963,.T.);
#2027 = FACE_BOUND('',#2028,.T.);
#2028 = EDGE_LOOP('',(#2029,#2052,#2053,#2076));
#2029 = ORIENTED_EDGE('',*,*,#2030,.F.);
#2030 = EDGE_CURVE('',#1949,#2031,#2033,.T.);
#2031 = VERTEX_POINT('',#2032);
#2032 = CARTESIAN_POINT('',(33.65,-32.35,4.5));
#2033 = SURFACE_CURVE('',#2034,(#2038,#2045),.PCURVE_S1.);
#2034 = LINE('',#2035,#2036);
#2035 = CARTESIAN_POINT('',(33.65,-32.35,36.));
#2036 = VECTOR('',#2037,1.);
#2037 = DIRECTION('',(0.,0.,-1.));
#2038 = PCURVE('',#1963,#2039);
#2039 = DEFINITIONAL_REPRESENTATION('',(#2040),#2044);
#2040 = LINE('',#2041,#2042);
#2041 = CARTESIAN_POINT('',(0.,-37.));
#2042 = VECTOR('',#2043,1.);
#2043 = DIRECTION('',(0.,1.));
#2044 = ( GEOMETRIC_REPRESENTATION_CONTEXT(2) 
PARAMETRIC_REPRESENTATION_CONTEXT() REPRESENTATION_CONTEXT('2D SPACE',''
  ) );
#2045 = PCURVE('',#1990,#2046);
#2046 = DEFINITIONAL_REPRESENTATION('',(#2047),#2051);
#2047 = LINE('',#2048,#2049);
#2048 = CARTESIAN_POINT('',(8.7,-37.));
#2049 = VECTOR('',#2050,1.);
#2050 = DIRECTION('',(0.,1.));
#2051 = ( GEOMETRIC_REPRESENTATION_CONTEXT(2) 
PARAMETRIC_REPRESENTATION_CONTEXT() REPRESENTATION_CONTEXT('2D SPACE',''
  ) );
#2052 = ORIENTED_EDGE('',*,*,#1948,.F.);
#2053 = ORIENTED_EDGE('',*,*,#2054,.F.);
#2054 = EDGE_CURVE('',#2055,#1922,#2057,.T.);
#2055 = VERTEX_POINT('',#2056);
#2056 = CARTESIAN_POINT('',(42.35,-32.35,4.5));
#2057 = SURFACE_CURVE('',#2058,(#2062,#2069),.PCURVE_S1.);
#2058 = LINE('',#2059,#2060);
#2059 = CARTESIAN_POINT('',(42.35,-32.35,-1.));
#2060 = VECTOR('',#2061,1.);
#2061 = DIRECTION('',(0.,0.,1.));
#2062 = PCURVE('',#1963,#2063);
#2063 = DEFINITIONAL_REPRESENTATION('',(#2064),#2068);
#2064 = LINE('',#2065,#2066);
#2065 = CARTESIAN_POINT('',(8.7,0.));
#2066 = VECTOR('',#2067,1.);
#2067 = DIRECTION('',(0.,-1.));
#2068 = ( GEOMETRIC_REPRESENTATION_CONTEXT(2) 
PARAMETRIC_REPRESENTATION_CONTEXT() REPRESENTATION_CONTEXT('2D SPACE',''
  ) );
#2069 = PCURVE('',#1936,#2070);
#2070 = DEFINITIONAL_REPRESENTATION('',(#2071),#2075);
#2071 = LINE('',#2072,#2073);
#2072 = CARTESIAN_POINT('',(0.,0.));
#2073 = VECTOR('',#2074,1.);
#2074 = DIRECTION('',(0.,-1.));
#2075 = ( GEOMETRIC_REPRESENTATION_CONTEXT(2) 
PARAMETRIC_REPRESENTATION_CONTEXT() REPRESENTATION_CONTEXT('2D SPACE',''
  ) );
#2076 = ORIENTED_EDGE('',*,*,#2077,.F.);
#2077 = EDGE_CURVE('',#2031,#2055,#2078,.T.);
#2078 = SURFACE_CURVE('',#2079,(#2083,#2090),.PCURVE_S1.);
#2079 = LINE('',#2080,#2081);
#2080 = CARTESIAN_POINT('',(33.65,-32.35,4.5));
#2081 = VECTOR('',#2082,1.);
#2082 = DIRECTION('',(1.,0.,0.));
#2083 = PCURVE('',#1963,#2084);
#2084 = DEFINITIONAL_REPRESENTATION('',(#2085),#2089);
#2085 = LINE('',#2086,#2087);
#2086 = CARTESIAN_POINT('',(0.,-5.5));
#2087 = VECTOR('',#2088,1.);
#2088 = DIRECTION('',(1.,0.));
#2089 = ( GEOMETRIC_REPRESENTATION_CONTEXT(2) 
PARAMETRIC_REPRESENTATION_CONTEXT() REPRESENTATION_CONTEXT('2D SPACE',''
  ) );
#2090 = PCURVE('',#2091,#2096);
#2091 = PLANE('',#2092);
#2092 = AXIS2_PLACEMENT_3D('',#2093,#2094,#2095);
#2093 = CARTESIAN_POINT('',(38.,-28.,4.5));
#2094 = DIRECTION('',(0.,0.,1.));
#2095 = DIRECTION('',(1.,0.,-0.));
#2096 = DEFINITIONAL_REPRESENTATION('',(#2097),#2101);
#2097 = LINE('',#2098,#2099);
#2098 = CARTESIAN_POINT('',(-4.35,-4.35));
#2099 = VECTOR('',#2100,1.);
#2100 = DIRECTION('',(1.,0.));
#2101 = ( GEOMETRIC_REPRESENTATION_CONTEXT(2) 
PARAMETRIC_REPRESENTATION_CONTEXT() REPRESENTATION_CONTEXT('2D SPACE',''
  ) );
#2102 = ADVANCED_FACE('',(#2103,#2171),#2091,.F.);
#2103 = FACE_BOUND('',#2104,.F.);
#2104 = EDGE_LOOP('',(#2105,#2106,#2128,#2150));
#2105 = ORIENTED_EDGE('',*,*,#2077,.F.);
#2106 = ORIENTED_EDGE('',*,*,#2107,.F.);
#2107 = EDGE_CURVE('',#2108,#2031,#2110,.T.);
#2108 = VERTEX_POINT('',#2109);
#2109 = CARTESIAN_POINT('',(33.65,-23.65,4.5));
#2110 = SURFACE_CURVE('',#2111,(#2115,#2122),.PCURVE_S1.);
#2111 = LINE('',#2112,#2113);
#2112 = CARTESIAN_POINT('',(33.65,-25.825,4.5));
#2113 = VECTOR('',#2114,1.);
#2114 = DIRECTION('',(0.,-1.,0.));
#2115 = PCURVE('',#2091,#2116);
#2116 = DEFINITIONAL_REPRESENTATION('',(#2117),#2121);
#2117 = LINE('',#2118,#2119);
#2118 = CARTESIAN_POINT('',(-4.35,2.175));
#2119 = VECTOR('',#2120,1.);
#2120 = DIRECTION('',(0.,-1.));
#2121 = ( GEOMETRIC_REPRESENTATION_CONTEXT(2) 
PARAMETRIC_REPRESENTATION_CONTEXT() REPRESENTATION_CONTEXT('2D SPACE',''
  ) );
#2122 = PCURVE('',#1990,#2123);
#2123 = DEFINITIONAL_REPRESENTATION('',(#2124),#2127);
#2124 = B_SPLINE_CURVE_WITH_KNOTS('',1,(#2125,#2126),.UNSPECIFIED.,.F.,
  .F.,(2,2),(-2.175,6.525),.PIECEWISE_BEZIER_KNOTS.);
#2125 = CARTESIAN_POINT('',(0.,-5.5));
#2126 = CARTESIAN_POINT('',(8.7,-5.5));
#2127 = ( GEOMETRIC_REPRESENTATION_CONTEXT(2) 
PARAMETRIC_REPRESENTATION_CONTEXT() REPRESENTATION_CONTEXT('2D SPACE',''
  ) );
#2128 = ORIENTED_EDGE('',*,*,#2129,.F.);
#2129 = EDGE_CURVE('',#2130,#2108,#2132,.T.);
#2130 = VERTEX_POINT('',#2131);
#2131 = CARTESIAN_POINT('',(42.35,-23.65,4.5));
#2132 = SURFACE_CURVE('',#2133,(#2137,#2144),.PCURVE_S1.);
#2133 = LINE('',#2134,#2135);
#2134 = CARTESIAN_POINT('',(40.175,-23.65,4.5));
#2135 = VECTOR('',#2136,1.);
#2136 = DIRECTION('',(-1.,0.,0.));
#2137 = PCURVE('',#2091,#2138);
#2138 = DEFINITIONAL_REPRESENTATION('',(#2139),#2143);
#2139 = LINE('',#2140,#2141);
#2140 = CARTESIAN_POINT('',(2.175,4.35));
#2141 = VECTOR('',#2142,1.);
#2142 = DIRECTION('',(-1.,0.));
#2143 = ( GEOMETRIC_REPRESENTATION_CONTEXT(2) 
PARAMETRIC_REPRESENTATION_CONTEXT() REPRESENTATION_CONTEXT('2D SPACE',''
  ) );
#2144 = PCURVE('',#2015,#2145);
#2145 = DEFINITIONAL_REPRESENTATION('',(#2146),#2149);
#2146 = B_SPLINE_CURVE_WITH_KNOTS('',1,(#2147,#2148),.UNSPECIFIED.,.F.,
  .F.,(2,2),(-2.175,6.525),.PIECEWISE_BEZIER_KNOTS.);
#2147 = CARTESIAN_POINT('',(0.,-5.5));
#2148 = CARTESIAN_POINT('',(8.7,-5.5));
#2149 = ( GEOMETRIC_REPRESENTATION_CONTEXT(2) 
PARAMETRIC_REPRESENTATION_CONTEXT() REPRESENTATION_CONTEXT('2D SPACE',''
  ) );
#2150 = ORIENTED_EDGE('',*,*,#2151,.F.);
#2151 = EDGE_CURVE('',#2055,#2130,#2152,.T.);
#2152 = SURFACE_CURVE('',#2153,(#2157,#2164),.PCURVE_S1.);
#2153 = LINE('',#2154,#2155);
#2154 = CARTESIAN_POINT('',(42.35,-32.35,4.5));
#2155 = VECTOR('',#2156,1.);
#2156 = DIRECTION('',(0.,1.,0.));
#2157 = PCURVE('',#2091,#2158);
#2158 = DEFINITIONAL_REPRESENTATION('',(#2159),#2163);
#2159 = LINE('',#2160,#2161);
#2160 = CARTESIAN_POINT('',(4.35,-4.35));
#2161 = VECTOR('',#2162,1.);
#2162 = DIRECTION('',(0.,1.));
#2163 = ( GEOMETRIC_REPRESENTATION_CONTEXT(2) 
PARAMETRIC_REPRESENTATION_CONTEXT() REPRESENTATION_CONTEXT('2D SPACE',''
  ) );
#2164 = PCURVE('',#1936,#2165);
#2165 = DEFINITIONAL_REPRESENTATION('',(#2166),#2170);
#2166 = LINE('',#2167,#2168);
#2167 = CARTESIAN_POINT('',(0.,-5.5));
#2168 = VECTOR('',#2169,1.);
#2169 = DIRECTION('',(1.,0.));
#2170 = ( GEOMETRIC_REPRESENTATION_CONTEXT(2) 
PARAMETRIC_REPRESENTATION_CONTEXT() REPRESENTATION_CONTEXT('2D SPACE',''
  ) );
#2171 = FACE_BOUND('',#2172,.F.);
#2172 = EDGE_LOOP('',(#2173,#2199,#2223));
#2173 = ORIENTED_EDGE('',*,*,#2174,.T.);
#2174 = EDGE_CURVE('',#2175,#2177,#2179,.T.);
#2175 = VERTEX_POINT('',#2176);
#2176 = CARTESIAN_POINT('',(44.,-20.,4.5));
#2177 = VERTEX_POINT('',#2178);
#2178 = CARTESIAN_POINT('',(32.,-20.,4.5));
#2179 = SURFACE_CURVE('',#2180,(#2185,#2192),.PCURVE_S1.);
#2180 = CIRCLE('',#2181,10.);
#2181 = AXIS2_PLACEMENT_3D('',#2182,#2183,#2184);
#2182 = CARTESIAN_POINT('',(38.,-28.,4.5));
#2183 = DIRECTION('',(0.,0.,1.));
#2184 = DIRECTION('',(1.,0.,0.));
#2185 = PCURVE('',#2091,#2186);
#2186 = DEFINITIONAL_REPRESENTATION('',(#2187),#2191);
#2187 = CIRCLE('',#2188,10.);
#2188 = AXIS2_PLACEMENT_2D('',#2189,#2190);
#2189 = CARTESIAN_POINT('',(7.105427357601E-15,0.));
#2190 = DIRECTION('',(1.,0.));
#2191 = ( GEOMETRIC_REPRESENTATION_CONTEXT(2) 
PARAMETRIC_REPRESENTATION_CONTEXT() REPRESENTATION_CONTEXT('2D SPACE',''
  ) );
#2192 = PCURVE('',#517,#2193);
#2193 = DEFINITIONAL_REPRESENTATION('',(#2194),#2198);
#2194 = LINE('',#2195,#2196);
#2195 = CARTESIAN_POINT('',(-0.,-4.5));
#2196 = VECTOR('',#2197,1.);
#2197 = DIRECTION('',(-1.,0.));
#2198 = ( GEOMETRIC_REPRESENTATION_CONTEXT(2) 
PARAMETRIC_REPRESENTATION_CONTEXT() REPRESENTATION_CONTEXT('2D SPACE',''
  ) );
#2199 = ORIENTED_EDGE('',*,*,#2200,.T.);
#2200 = EDGE_CURVE('',#2177,#2201,#2203,.T.);
#2201 = VERTEX_POINT('',#2202);
#2202 = CARTESIAN_POINT('',(30.,-22.,4.5));
#2203 = SURFACE_CURVE('',#2204,(#2209,#2216),.PCURVE_S1.);
#2204 = CIRCLE('',#2205,10.);
#2205 = AXIS2_PLACEMENT_3D('',#2206,#2207,#2208);
#2206 = CARTESIAN_POINT('',(38.,-28.,4.5));
#2207 = DIRECTION('',(0.,0.,1.));
#2208 = DIRECTION('',(-0.8,-0.6,0.));
#2209 = PCURVE('',#2091,#2210);
#2210 = DEFINITIONAL_REPRESENTATION('',(#2211),#2215);
#2211 = CIRCLE('',#2212,10.);
#2212 = AXIS2_PLACEMENT_2D('',#2213,#2214);
#2213 = CARTESIAN_POINT('',(7.105427357601E-15,0.));
#2214 = DIRECTION('',(-0.8,-0.6));
#2215 = ( GEOMETRIC_REPRESENTATION_CONTEXT(2) 
PARAMETRIC_REPRESENTATION_CONTEXT() REPRESENTATION_CONTEXT('2D SPACE',''
  ) );
#2216 = PCURVE('',#573,#2217);
#2217 = DEFINITIONAL_REPRESENTATION('',(#2218),#2222);
#2218 = LINE('',#2219,#2220);
#2219 = CARTESIAN_POINT('',(-3.785093762383,-4.5));
#2220 = VECTOR('',#2221,1.);
#2221 = DIRECTION('',(-1.,0.));
#2222 = ( GEOMETRIC_REPRESENTATION_CONTEXT(2) 
PARAMETRIC_REPRESENTATION_CONTEXT() REPRESENTATION_CONTEXT('2D SPACE',''
  ) );
#2223 = ORIENTED_EDGE('',*,*,#2224,.T.);
#2224 = EDGE_CURVE('',#2201,#2175,#2225,.T.);
#2225 = SURFACE_CURVE('',#2226,(#2231,#2238),.PCURVE_S1.);
#2226 = CIRCLE('',#2227,10.);
#2227 = AXIS2_PLACEMENT_3D('',#2228,#2229,#2230);
#2228 = CARTESIAN_POINT('',(38.,-28.,4.5));
#2229 = DIRECTION('',(0.,0.,1.));
#2230 = DIRECTION('',(-0.8,0.6,0.));
#2231 = PCURVE('',#2091,#2232);
#2232 = DEFINITIONAL_REPRESENTATION('',(#2233),#2237);
#2233 = CIRCLE('',#2234,10.);
#2234 = AXIS2_PLACEMENT_2D('',#2235,#2236);
#2235 = CARTESIAN_POINT('',(7.105427357601E-15,0.));
#2236 = DIRECTION('',(-0.8,0.6));
#2237 = ( GEOMETRIC_REPRESENTATION_CONTEXT(2) 
PARAMETRIC_REPRESENTATION_CONTEXT() REPRESENTATION_CONTEXT('2D SPACE',''
  ) );
#2238 = PCURVE('',#546,#2239);
#2239 = DEFINITIONAL_REPRESENTATION('',(#2240),#2244);
#2240 = LINE('',#2241,#2242);
#2241 = CARTESIAN_POINT('',(-2.498091544797,-4.5));
#2242 = VECTOR('',#2243,1.);
#2243 = DIRECTION('',(-1.,0.));
#2244 = ( GEOMETRIC_REPRESENTATION_CONTEXT(2) 
PARAMETRIC_REPRESENTATION_CONTEXT() REPRESENTATION_CONTEXT('2D SPACE',''
  ) );
#2245 = ADVANCED_FACE('',(#2246),#1990,.T.);
#2246 = FACE_BOUND('',#2247,.T.);
#2247 = EDGE_LOOP('',(#2248,#2269,#2270,#2271));
#2248 = ORIENTED_EDGE('',*,*,#2249,.F.);
#2249 = EDGE_CURVE('',#1976,#2108,#2250,.T.);
#2250 = SURFACE_CURVE('',#2251,(#2255,#2262),.PCURVE_S1.);
#2251 = LINE('',#2252,#2253);
#2252 = CARTESIAN_POINT('',(33.65,-23.65,36.));
#2253 = VECTOR('',#2254,1.);
#2254 = DIRECTION('',(0.,0.,-1.));
#2255 = PCURVE('',#1990,#2256);
#2256 = DEFINITIONAL_REPRESENTATION('',(#2257),#2261);
#2257 = LINE('',#2258,#2259);
#2258 = CARTESIAN_POINT('',(0.,-37.));
#2259 = VECTOR('',#2260,1.);
#2260 = DIRECTION('',(0.,1.));
#2261 = ( GEOMETRIC_REPRESENTATION_CONTEXT(2) 
PARAMETRIC_REPRESENTATION_CONTEXT() REPRESENTATION_CONTEXT('2D SPACE',''
  ) );
#2262 = PCURVE('',#2015,#2263);
#2263 = DEFINITIONAL_REPRESENTATION('',(#2264),#2268);
#2264 = LINE('',#2265,#2266);
#2265 = CARTESIAN_POINT('',(8.7,-37.));
#2266 = VECTOR('',#2267,1.);
#2267 = DIRECTION('',(0.,1.));
#2268 = ( GEOMETRIC_REPRESENTATION_CONTEXT(2) 
PARAMETRIC_REPRESENTATION_CONTEXT() REPRESENTATION_CONTEXT('2D SPACE',''
  ) );
#2269 = ORIENTED_EDGE('',*,*,#1975,.F.);
#2270 = ORIENTED_EDGE('',*,*,#2030,.T.);
#2271 = ORIENTED_EDGE('',*,*,#2107,.F.);
#2272 = ADVANCED_FACE('',(#2273),#2015,.T.);
#2273 = FACE_BOUND('',#2274,.T.);
#2274 = EDGE_LOOP('',(#2275,#2296,#2297,#2298));
#2275 = ORIENTED_EDGE('',*,*,#2276,.F.);
#2276 = EDGE_CURVE('',#1920,#2130,#2277,.T.);
#2277 = SURFACE_CURVE('',#2278,(#2282,#2289),.PCURVE_S1.);
#2278 = LINE('',#2279,#2280);
#2279 = CARTESIAN_POINT('',(42.35,-23.65,36.));
#2280 = VECTOR('',#2281,1.);
#2281 = DIRECTION('',(0.,0.,-1.));
#2282 = PCURVE('',#2015,#2283);
#2283 = DEFINITIONAL_REPRESENTATION('',(#2284),#2288);
#2284 = LINE('',#2285,#2286);
#2285 = CARTESIAN_POINT('',(0.,-37.));
#2286 = VECTOR('',#2287,1.);
#2287 = DIRECTION('',(0.,1.));
#2288 = ( GEOMETRIC_REPRESENTATION_CONTEXT(2) 
PARAMETRIC_REPRESENTATION_CONTEXT() REPRESENTATION_CONTEXT('2D SPACE',''
  ) );
#2289 = PCURVE('',#1936,#2290);
#2290 = DEFINITIONAL_REPRESENTATION('',(#2291),#2295);
#2291 = LINE('',#2292,#2293);
#2292 = CARTESIAN_POINT('',(8.7,-37.));
#2293 = VECTOR('',#2294,1.);
#2294 = DIRECTION('',(0.,1.));
#2295 = ( GEOMETRIC_REPRESENTATION_CONTEXT(2) 
PARAMETRIC_REPRESENTATION_CONTEXT() REPRESENTATION_CONTEXT('2D SPACE',''
  ) );
#2296 = ORIENTED_EDGE('',*,*,#2002,.F.);
#2297 = ORIENTED_EDGE('',*,*,#2249,.T.);
#2298 = ORIENTED_EDGE('',*,*,#2129,.F.);
#2299 = ADVANCED_FACE('',(#2300),#1936,.T.);
#2300 = FACE_BOUND('',#2301,.T.);
#2301 = EDGE_LOOP('',(#2302,#2303,#2304,#2305));
#2302 = ORIENTED_EDGE('',*,*,#2276,.T.);
#2303 = ORIENTED_EDGE('',*,*,#2151,.F.);
#2304 = ORIENTED_EDGE('',*,*,#2054,.T.);
#2305 = ORIENTED_EDGE('',*,*,#1919,.F.);
#2306 = ADVANCED_FACE('',(#2307),#1764,.F.);
#2307 = FACE_BOUND('',#2308,.F.);
#2308 = EDGE_LOOP('',(#2309,#2338,#2359,#2360));
#2309 = ORIENTED_EDGE('',*,*,#2310,.F.);
#2310 = EDGE_CURVE('',#2311,#2313,#2315,.T.);
#2311 = VERTEX_POINT('',#2312);
#2312 = CARTESIAN_POINT('',(-27.60769515458,-34.,18.));
#2313 = VERTEX_POINT('',#2314);
#2314 = CARTESIAN_POINT('',(-27.60769515458,-34.,8.));
#2315 = SURFACE_CURVE('',#2316,(#2320,#2327),.PCURVE_S1.);
#2316 = LINE('',#2317,#2318);
#2317 = CARTESIAN_POINT('',(-27.60769515458,-34.,0.));
#2318 = VECTOR('',#2319,1.);
#2319 = DIRECTION('',(-0.,-0.,-1.));
#2320 = PCURVE('',#1764,#2321);
#2321 = DEFINITIONAL_REPRESENTATION('',(#2322),#2326);
#2322 = LINE('',#2323,#2324);
#2323 = CARTESIAN_POINT('',(10.392304845413,0.));
#2324 = VECTOR('',#2325,1.);
#2325 = DIRECTION('',(0.,1.));
#2326 = ( GEOMETRIC_REPRESENTATION_CONTEXT(2) 
PARAMETRIC_REPRESENTATION_CONTEXT() REPRESENTATION_CONTEXT('2D SPACE',''
  ) );
#2327 = PCURVE('',#2328,#2333);
#2328 = CYLINDRICAL_SURFACE('',#2329,12.);
#2329 = AXIS2_PLACEMENT_3D('',#2330,#2331,#2332);
#2330 = CARTESIAN_POINT('',(-38.,-28.,0.));
#2331 = DIRECTION('',(-0.,-0.,-1.));
#2332 = DIRECTION('',(1.,0.,0.));
#2333 = DEFINITIONAL_REPRESENTATION('',(#2334),#2337);
#2334 = B_SPLINE_CURVE_WITH_KNOTS('',1,(#2335,#2336),.UNSPECIFIED.,.F.,
  .F.,(2,2),(-19.8,-7.9999994),.PIECEWISE_BEZIER_KNOTS.);
#2335 = CARTESIAN_POINT('',(-5.759586531581,-19.8));
#2336 = CARTESIAN_POINT('',(-5.759586531581,-7.9999994));
#2337 = ( GEOMETRIC_REPRESENTATION_CONTEXT(2) 
PARAMETRIC_REPRESENTATION_CONTEXT() REPRESENTATION_CONTEXT('2D SPACE',''
  ) );
#2338 = ORIENTED_EDGE('',*,*,#2339,.F.);
#2339 = EDGE_CURVE('',#1750,#2311,#2340,.T.);
#2340 = SURFACE_CURVE('',#2341,(#2345,#2352),.PCURVE_S1.);
#2341 = LINE('',#2342,#2343);
#2342 = CARTESIAN_POINT('',(27.607695154587,-34.,18.));
#2343 = VECTOR('',#2344,1.);
#2344 = DIRECTION('',(-1.,0.,0.));
#2345 = PCURVE('',#1764,#2346);
#2346 = DEFINITIONAL_REPRESENTATION('',(#2347),#2351);
#2347 = LINE('',#2348,#2349);
#2348 = CARTESIAN_POINT('',(65.607695154587,-18.));
#2349 = VECTOR('',#2350,1.);
#2350 = DIRECTION('',(-1.,0.));
#2351 = ( GEOMETRIC_REPRESENTATION_CONTEXT(2) 
PARAMETRIC_REPRESENTATION_CONTEXT() REPRESENTATION_CONTEXT('2D SPACE',''
  ) );
#2352 = PCURVE('',#1793,#2353);
#2353 = DEFINITIONAL_REPRESENTATION('',(#2354),#2358);
#2354 = LINE('',#2355,#2356);
#2355 = CARTESIAN_POINT('',(8.607695154587,-6.));
#2356 = VECTOR('',#2357,1.);
#2357 = DIRECTION('',(-1.,0.));
#2358 = ( GEOMETRIC_REPRESENTATION_CONTEXT(2) 
PARAMETRIC_REPRESENTATION_CONTEXT() REPRESENTATION_CONTEXT('2D SPACE',''
  ) );
#2359 = ORIENTED_EDGE('',*,*,#1749,.T.);
#2360 = ORIENTED_EDGE('',*,*,#2361,.T.);
#2361 = EDGE_CURVE('',#1722,#2313,#2362,.T.);
#2362 = SURFACE_CURVE('',#2363,(#2367,#2374),.PCURVE_S1.);
#2363 = LINE('',#2364,#2365);
#2364 = CARTESIAN_POINT('',(27.607695154587,-34.,8.));
#2365 = VECTOR('',#2366,1.);
#2366 = DIRECTION('',(-1.,0.,0.));
#2367 = PCURVE('',#1764,#2368);
#2368 = DEFINITIONAL_REPRESENTATION('',(#2369),#2373);
#2369 = LINE('',#2370,#2371);
#2370 = CARTESIAN_POINT('',(65.607695154587,-8.));
#2371 = VECTOR('',#2372,1.);
#2372 = DIRECTION('',(-1.,0.));
#2373 = ( GEOMETRIC_REPRESENTATION_CONTEXT(2) 
PARAMETRIC_REPRESENTATION_CONTEXT() REPRESENTATION_CONTEXT('2D SPACE',''
  ) );
#2374 = PCURVE('',#66,#2375);
#2375 = DEFINITIONAL_REPRESENTATION('',(#2376),#2380);
#2376 = LINE('',#2377,#2378);
#2377 = CARTESIAN_POINT('',(137.60769515458,46.));
#2378 = VECTOR('',#2379,1.);
#2379 = DIRECTION('',(-1.,0.));
#2380 = ( GEOMETRIC_REPRESENTATION_CONTEXT(2) 
PARAMETRIC_REPRESENTATION_CONTEXT() REPRESENTATION_CONTEXT('2D SPACE',''
  ) );
#2381 = ADVANCED_FACE('',(#2382),#2328,.T.);
#2382 = FACE_BOUND('',#2383,.F.);
#2383 = EDGE_LOOP('',(#2384,#2412,#2413,#2441,#2468,#2501,#2528,#2556,
    #2578,#2604,#2627,#2654));
#2384 = ORIENTED_EDGE('',*,*,#2385,.T.);
#2385 = EDGE_CURVE('',#2386,#2311,#2388,.T.);
#2386 = VERTEX_POINT('',#2387);
#2387 = CARTESIAN_POINT('',(-26.,-28.,18.));
#2388 = SURFACE_CURVE('',#2389,(#2394,#2401),.PCURVE_S1.);
#2389 = CIRCLE('',#2390,12.);
#2390 = AXIS2_PLACEMENT_3D('',#2391,#2392,#2393);
#2391 = CARTESIAN_POINT('',(-38.,-28.,18.));
#2392 = DIRECTION('',(0.,0.,-1.));
#2393 = DIRECTION('',(1.,0.,0.));
#2394 = PCURVE('',#2328,#2395);
#2395 = DEFINITIONAL_REPRESENTATION('',(#2396),#2400);
#2396 = LINE('',#2397,#2398);
#2397 = CARTESIAN_POINT('',(-6.28318530718,-18.));
#2398 = VECTOR('',#2399,1.);
#2399 = DIRECTION('',(1.,-0.));
#2400 = ( GEOMETRIC_REPRESENTATION_CONTEXT(2) 
PARAMETRIC_REPRESENTATION_CONTEXT() REPRESENTATION_CONTEXT('2D SPACE',''
  ) );
#2401 = PCURVE('',#1793,#2402);
#2402 = DEFINITIONAL_REPRESENTATION('',(#2403),#2411);
#2403 = ( BOUNDED_CURVE() B_SPLINE_CURVE(2,(#2404,#2405,#2406,#2407,
#2408,#2409,#2410),.UNSPECIFIED.,.T.,.F.) B_SPLINE_CURVE_WITH_KNOTS((1,2
    ,2,2,2,1),(-2.094395102393,0.,2.094395102393,4.188790204786,
6.28318530718,8.377580409573),.UNSPECIFIED.) CURVE() 
GEOMETRIC_REPRESENTATION_ITEM() RATIONAL_B_SPLINE_CURVE((1.,0.5,1.,0.5,
1.,0.5,1.)) REPRESENTATION_ITEM('') );
#2404 = CARTESIAN_POINT('',(-45.,0.));
#2405 = CARTESIAN_POINT('',(-45.,-20.78460969082));
#2406 = CARTESIAN_POINT('',(-63.,-10.39230484541));
#2407 = CARTESIAN_POINT('',(-81.,-2.939152317954E-15));
#2408 = CARTESIAN_POINT('',(-63.,10.392304845413));
#2409 = CARTESIAN_POINT('',(-45.,20.784609690827));
#2410 = CARTESIAN_POINT('',(-45.,0.));
#2411 = ( GEOMETRIC_REPRESENTATION_CONTEXT(2) 
PARAMETRIC_REPRESENTATION_CONTEXT() REPRESENTATION_CONTEXT('2D SPACE',''
  ) );
#2412 = ORIENTED_EDGE('',*,*,#2310,.T.);
#2413 = ORIENTED_EDGE('',*,*,#2414,.T.);
#2414 = EDGE_CURVE('',#2313,#2415,#2417,.T.);
#2415 = VERTEX_POINT('',#2416);
#2416 = CARTESIAN_POINT('',(-44.,-17.60769515458,8.));
#2417 = SURFACE_CURVE('',#2418,(#2423,#2430),.PCURVE_S1.);
#2418 = CIRCLE('',#2419,12.);
#2419 = AXIS2_PLACEMENT_3D('',#2420,#2421,#2422);
#2420 = CARTESIAN_POINT('',(-38.,-28.,8.));
#2421 = DIRECTION('',(0.,0.,-1.));
#2422 = DIRECTION('',(1.,0.,0.));
#2423 = PCURVE('',#2328,#2424);
#2424 = DEFINITIONAL_REPRESENTATION('',(#2425),#2429);
#2425 = LINE('',#2426,#2427);
#2426 = CARTESIAN_POINT('',(-6.28318530718,-8.));
#2427 = VECTOR('',#2428,1.);
#2428 = DIRECTION('',(1.,-0.));
#2429 = ( GEOMETRIC_REPRESENTATION_CONTEXT(2) 
PARAMETRIC_REPRESENTATION_CONTEXT() REPRESENTATION_CONTEXT('2D SPACE',''
  ) );
#2430 = PCURVE('',#66,#2431);
#2431 = DEFINITIONAL_REPRESENTATION('',(#2432),#2440);
#2432 = ( BOUNDED_CURVE() B_SPLINE_CURVE(2,(#2433,#2434,#2435,#2436,
#2437,#2438,#2439),.UNSPECIFIED.,.T.,.F.) B_SPLINE_CURVE_WITH_KNOTS((1,2
    ,2,2,2,1),(-2.094395102393,0.,2.094395102393,4.188790204786,
6.28318530718,8.377580409573),.UNSPECIFIED.) CURVE() 
GEOMETRIC_REPRESENTATION_ITEM() RATIONAL_B_SPLINE_CURVE((1.,0.5,1.,0.5,
1.,0.5,1.)) REPRESENTATION_ITEM('') );
#2433 = CARTESIAN_POINT('',(84.,52.));
#2434 = CARTESIAN_POINT('',(84.,31.215390309173));
#2435 = CARTESIAN_POINT('',(66.,41.607695154587));
#2436 = CARTESIAN_POINT('',(48.,52.));
#2437 = CARTESIAN_POINT('',(66.,62.392304845413));
#2438 = CARTESIAN_POINT('',(84.,72.784609690827));
#2439 = CARTESIAN_POINT('',(84.,52.));
#2440 = ( GEOMETRIC_REPRESENTATION_CONTEXT(2) 
PARAMETRIC_REPRESENTATION_CONTEXT() REPRESENTATION_CONTEXT('2D SPACE',''
  ) );
#2441 = ORIENTED_EDGE('',*,*,#2442,.F.);
#2442 = EDGE_CURVE('',#2443,#2415,#2445,.T.);
#2443 = VERTEX_POINT('',#2444);
#2444 = CARTESIAN_POINT('',(-44.,-17.60769515458,18.));
#2445 = SURFACE_CURVE('',#2446,(#2450,#2456),.PCURVE_S1.);
#2446 = LINE('',#2447,#2448);
#2447 = CARTESIAN_POINT('',(-44.,-17.60769515458,0.));
#2448 = VECTOR('',#2449,1.);
#2449 = DIRECTION('',(-0.,-0.,-1.));
#2450 = PCURVE('',#2328,#2451);
#2451 = DEFINITIONAL_REPRESENTATION('',(#2452),#2455);
#2452 = B_SPLINE_CURVE_WITH_KNOTS('',1,(#2453,#2454),.UNSPECIFIED.,.F.,
  .F.,(2,2),(-19.8,-7.9999994),.PIECEWISE_BEZIER_KNOTS.);
#2453 = CARTESIAN_POINT('',(-2.094395102393,-19.8));
#2454 = CARTESIAN_POINT('',(-2.094395102393,-7.9999994));
#2455 = ( GEOMETRIC_REPRESENTATION_CONTEXT(2) 
PARAMETRIC_REPRESENTATION_CONTEXT() REPRESENTATION_CONTEXT('2D SPACE',''
  ) );
#2456 = PCURVE('',#2457,#2462);
#2457 = PLANE('',#2458);
#2458 = AXIS2_PLACEMENT_3D('',#2459,#2460,#2461);
#2459 = CARTESIAN_POINT('',(-44.,28.,0.));
#2460 = DIRECTION('',(1.,0.,-0.));
#2461 = DIRECTION('',(0.,-1.,0.));
#2462 = DEFINITIONAL_REPRESENTATION('',(#2463),#2467);
#2463 = LINE('',#2464,#2465);
#2464 = CARTESIAN_POINT('',(45.607695154587,0.));
#2465 = VECTOR('',#2466,1.);
#2466 = DIRECTION('',(0.,1.));
#2467 = ( GEOMETRIC_REPRESENTATION_CONTEXT(2) 
PARAMETRIC_REPRESENTATION_CONTEXT() REPRESENTATION_CONTEXT('2D SPACE',''
  ) );
#2468 = ORIENTED_EDGE('',*,*,#2469,.T.);
#2469 = EDGE_CURVE('',#2443,#2470,#2472,.T.);
#2470 = VERTEX_POINT('',#2471);
#2471 = CARTESIAN_POINT('',(-32.,-17.60769515458,18.));
#2472 = SURFACE_CURVE('',#2473,(#2478,#2485),.PCURVE_S1.);
#2473 = CIRCLE('',#2474,12.);
#2474 = AXIS2_PLACEMENT_3D('',#2475,#2476,#2477);
#2475 = CARTESIAN_POINT('',(-38.,-28.,18.));
#2476 = DIRECTION('',(0.,0.,-1.));
#2477 = DIRECTION('',(1.,0.,0.));
#2478 = PCURVE('',#2328,#2479);
#2479 = DEFINITIONAL_REPRESENTATION('',(#2480),#2484);
#2480 = LINE('',#2481,#2482);
#2481 = CARTESIAN_POINT('',(-6.28318530718,-18.));
#2482 = VECTOR('',#2483,1.);
#2483 = DIRECTION('',(1.,-0.));
#2484 = ( GEOMETRIC_REPRESENTATION_CONTEXT(2) 
PARAMETRIC_REPRESENTATION_CONTEXT() REPRESENTATION_CONTEXT('2D SPACE',''
  ) );
#2485 = PCURVE('',#2486,#2491);
#2486 = PLANE('',#2487);
#2487 = AXIS2_PLACEMENT_3D('',#2488,#2489,#2490);
#2488 = CARTESIAN_POINT('',(-38.,-14.,18.));
#2489 = DIRECTION('',(0.,0.,1.));
#2490 = DIRECTION('',(1.,0.,-0.));
#2491 = DEFINITIONAL_REPRESENTATION('',(#2492),#2500);
#2492 = ( BOUNDED_CURVE() B_SPLINE_CURVE(2,(#2493,#2494,#2495,#2496,
#2497,#2498,#2499),.UNSPECIFIED.,.T.,.F.) B_SPLINE_CURVE_WITH_KNOTS((1,2
    ,2,2,2,1),(-2.094395102393,0.,2.094395102393,4.188790204786,
6.28318530718,8.377580409573),.UNSPECIFIED.) CURVE() 
GEOMETRIC_REPRESENTATION_ITEM() RATIONAL_B_SPLINE_CURVE((1.,0.5,1.,0.5,
1.,0.5,1.)) REPRESENTATION_ITEM('') );
#2493 = CARTESIAN_POINT('',(12.,-14.));
#2494 = CARTESIAN_POINT('',(12.,-34.78460969082));
#2495 = CARTESIAN_POINT('',(-6.,-24.39230484541));
#2496 = CARTESIAN_POINT('',(-24.,-14.));
#2497 = CARTESIAN_POINT('',(-6.,-3.607695154587));
#2498 = CARTESIAN_POINT('',(12.,6.784609690827));
#2499 = CARTESIAN_POINT('',(12.,-14.));
#2500 = ( GEOMETRIC_REPRESENTATION_CONTEXT(2) 
PARAMETRIC_REPRESENTATION_CONTEXT() REPRESENTATION_CONTEXT('2D SPACE',''
  ) );
#2501 = ORIENTED_EDGE('',*,*,#2502,.T.);
#2502 = EDGE_CURVE('',#2470,#2503,#2505,.T.);
#2503 = VERTEX_POINT('',#2504);
#2504 = CARTESIAN_POINT('',(-32.,-17.60769515458,8.));
#2505 = SURFACE_CURVE('',#2506,(#2510,#2516),.PCURVE_S1.);
#2506 = LINE('',#2507,#2508);
#2507 = CARTESIAN_POINT('',(-32.,-17.60769515458,0.));
#2508 = VECTOR('',#2509,1.);
#2509 = DIRECTION('',(-0.,-0.,-1.));
#2510 = PCURVE('',#2328,#2511);
#2511 = DEFINITIONAL_REPRESENTATION('',(#2512),#2515);
#2512 = B_SPLINE_CURVE_WITH_KNOTS('',1,(#2513,#2514),.UNSPECIFIED.,.F.,
  .F.,(2,2),(-19.8,-7.9999994),.PIECEWISE_BEZIER_KNOTS.);
#2513 = CARTESIAN_POINT('',(-1.047197551197,-19.8));
#2514 = CARTESIAN_POINT('',(-1.047197551197,-7.9999994));
#2515 = ( GEOMETRIC_REPRESENTATION_CONTEXT(2) 
PARAMETRIC_REPRESENTATION_CONTEXT() REPRESENTATION_CONTEXT('2D SPACE',''
  ) );
#2516 = PCURVE('',#2517,#2522);
#2517 = PLANE('',#2518);
#2518 = AXIS2_PLACEMENT_3D('',#2519,#2520,#2521);
#2519 = CARTESIAN_POINT('',(-32.,-28.,0.));
#2520 = DIRECTION('',(-1.,0.,0.));
#2521 = DIRECTION('',(0.,1.,0.));
#2522 = DEFINITIONAL_REPRESENTATION('',(#2523),#2527);
#2523 = LINE('',#2524,#2525);
#2524 = CARTESIAN_POINT('',(10.392304845413,0.));
#2525 = VECTOR('',#2526,1.);
#2526 = DIRECTION('',(0.,1.));
#2527 = ( GEOMETRIC_REPRESENTATION_CONTEXT(2) 
PARAMETRIC_REPRESENTATION_CONTEXT() REPRESENTATION_CONTEXT('2D SPACE',''
  ) );
#2528 = ORIENTED_EDGE('',*,*,#2529,.T.);
#2529 = EDGE_CURVE('',#2503,#2530,#2532,.T.);
#2530 = VERTEX_POINT('',#2531);
#2531 = CARTESIAN_POINT('',(-27.60769515458,-22.,8.));
#2532 = SURFACE_CURVE('',#2533,(#2538,#2545),.PCURVE_S1.);
#2533 = CIRCLE('',#2534,12.);
#2534 = AXIS2_PLACEMENT_3D('',#2535,#2536,#2537);
#2535 = CARTESIAN_POINT('',(-38.,-28.,8.));
#2536 = DIRECTION('',(0.,0.,-1.));
#2537 = DIRECTION('',(1.,0.,0.));
#2538 = PCURVE('',#2328,#2539);
#2539 = DEFINITIONAL_REPRESENTATION('',(#2540),#2544);
#2540 = LINE('',#2541,#2542);
#2541 = CARTESIAN_POINT('',(-6.28318530718,-8.));
#2542 = VECTOR('',#2543,1.);
#2543 = DIRECTION('',(1.,-0.));
#2544 = ( GEOMETRIC_REPRESENTATION_CONTEXT(2) 
PARAMETRIC_REPRESENTATION_CONTEXT() REPRESENTATION_CONTEXT('2D SPACE',''
  ) );
#2545 = PCURVE('',#1463,#2546);
#2546 = DEFINITIONAL_REPRESENTATION('',(#2547),#2555);
#2547 = ( BOUNDED_CURVE() B_SPLINE_CURVE(2,(#2548,#2549,#2550,#2551,
#2552,#2553,#2554),.UNSPECIFIED.,.T.,.F.) B_SPLINE_CURVE_WITH_KNOTS((1,2
    ,2,2,2,1),(-2.094395102393,0.,2.094395102393,4.188790204786,
6.28318530718,8.377580409573),.UNSPECIFIED.) CURVE() 
GEOMETRIC_REPRESENTATION_ITEM() RATIONAL_B_SPLINE_CURVE((1.,0.5,1.,0.5,
1.,0.5,1.)) REPRESENTATION_ITEM('') );
#2548 = CARTESIAN_POINT('',(84.,52.));
#2549 = CARTESIAN_POINT('',(84.,31.215390309173));
#2550 = CARTESIAN_POINT('',(66.,41.607695154587));
#2551 = CARTESIAN_POINT('',(48.,52.));
#2552 = CARTESIAN_POINT('',(66.,62.392304845413));
#2553 = CARTESIAN_POINT('',(84.,72.784609690827));
#2554 = CARTESIAN_POINT('',(84.,52.));
#2555 = ( GEOMETRIC_REPRESENTATION_CONTEXT(2) 
PARAMETRIC_REPRESENTATION_CONTEXT() REPRESENTATION_CONTEXT('2D SPACE',''
  ) );
#2556 = ORIENTED_EDGE('',*,*,#2557,.F.);
#2557 = EDGE_CURVE('',#2558,#2530,#2560,.T.);
#2558 = VERTEX_POINT('',#2559);
#2559 = CARTESIAN_POINT('',(-27.60769515458,-22.,18.));
#2560 = SURFACE_CURVE('',#2561,(#2565,#2571),.PCURVE_S1.);
#2561 = LINE('',#2562,#2563);
#2562 = CARTESIAN_POINT('',(-27.60769515458,-22.,0.));
#2563 = VECTOR('',#2564,1.);
#2564 = DIRECTION('',(-0.,-0.,-1.));
#2565 = PCURVE('',#2328,#2566);
#2566 = DEFINITIONAL_REPRESENTATION('',(#2567),#2570);
#2567 = B_SPLINE_CURVE_WITH_KNOTS('',1,(#2568,#2569),.UNSPECIFIED.,.F.,
  .F.,(2,2),(-19.8,-7.9999994),.PIECEWISE_BEZIER_KNOTS.);
#2568 = CARTESIAN_POINT('',(-0.523598775598,-19.8));
#2569 = CARTESIAN_POINT('',(-0.523598775598,-7.9999994));
#2570 = ( GEOMETRIC_REPRESENTATION_CONTEXT(2) 
PARAMETRIC_REPRESENTATION_CONTEXT() REPRESENTATION_CONTEXT('2D SPACE',''
  ) );
#2571 = PCURVE('',#1824,#2572);
#2572 = DEFINITIONAL_REPRESENTATION('',(#2573),#2577);
#2573 = LINE('',#2574,#2575);
#2574 = CARTESIAN_POINT('',(65.607695154587,0.));
#2575 = VECTOR('',#2576,1.);
#2576 = DIRECTION('',(0.,1.));
#2577 = ( GEOMETRIC_REPRESENTATION_CONTEXT(2) 
PARAMETRIC_REPRESENTATION_CONTEXT() REPRESENTATION_CONTEXT('2D SPACE',''
  ) );
#2578 = ORIENTED_EDGE('',*,*,#2579,.T.);
#2579 = EDGE_CURVE('',#2558,#2386,#2580,.T.);
#2580 = SURFACE_CURVE('',#2581,(#2586,#2593),.PCURVE_S1.);
#2581 = CIRCLE('',#2582,12.);
#2582 = AXIS2_PLACEMENT_3D('',#2583,#2584,#2585);
#2583 = CARTESIAN_POINT('',(-38.,-28.,18.));
#2584 = DIRECTION('',(0.,0.,-1.));
#2585 = DIRECTION('',(1.,0.,0.));
#2586 = PCURVE('',#2328,#2587);
#2587 = DEFINITIONAL_REPRESENTATION('',(#2588),#2592);
#2588 = LINE('',#2589,#2590);
#2589 = CARTESIAN_POINT('',(-6.28318530718,-18.));
#2590 = VECTOR('',#2591,1.);
#2591 = DIRECTION('',(1.,-0.));
#2592 = ( GEOMETRIC_REPRESENTATION_CONTEXT(2) 
PARAMETRIC_REPRESENTATION_CONTEXT() REPRESENTATION_CONTEXT('2D SPACE',''
  ) );
#2593 = PCURVE('',#1793,#2594);
#2594 = DEFINITIONAL_REPRESENTATION('',(#2595),#2603);
#2595 = ( BOUNDED_CURVE() B_SPLINE_CURVE(2,(#2596,#2597,#2598,#2599,
#2600,#2601,#2602),.UNSPECIFIED.,.T.,.F.) B_SPLINE_CURVE_WITH_KNOTS((1,2
    ,2,2,2,1),(-2.094395102393,0.,2.094395102393,4.188790204786,
6.28318530718,8.377580409573),.UNSPECIFIED.) CURVE() 
GEOMETRIC_REPRESENTATION_ITEM() RATIONAL_B_SPLINE_CURVE((1.,0.5,1.,0.5,
1.,0.5,1.)) REPRESENTATION_ITEM('') );
#2596 = CARTESIAN_POINT('',(-45.,0.));
#2597 = CARTESIAN_POINT('',(-45.,-20.78460969082));
#2598 = CARTESIAN_POINT('',(-63.,-10.39230484541));
#2599 = CARTESIAN_POINT('',(-81.,-2.939152317954E-15));
#2600 = CARTESIAN_POINT('',(-63.,10.392304845413));
#2601 = CARTESIAN_POINT('',(-45.,20.784609690827));
#2602 = CARTESIAN_POINT('',(-45.,0.));
#2603 = ( GEOMETRIC_REPRESENTATION_CONTEXT(2) 
PARAMETRIC_REPRESENTATION_CONTEXT() REPRESENTATION_CONTEXT('2D SPACE',''
  ) );
#2604 = ORIENTED_EDGE('',*,*,#2605,.T.);
#2605 = EDGE_CURVE('',#2386,#2606,#2608,.T.);
#2606 = VERTEX_POINT('',#2607);
#2607 = CARTESIAN_POINT('',(-26.,-28.,36.));
#2608 = SEAM_CURVE('',#2609,(#2613,#2620),.PCURVE_S1.);
#2609 = LINE('',#2610,#2611);
#2610 = CARTESIAN_POINT('',(-26.,-28.,0.));
#2611 = VECTOR('',#2612,1.);
#2612 = DIRECTION('',(0.,0.,1.));
#2613 = PCURVE('',#2328,#2614);
#2614 = DEFINITIONAL_REPRESENTATION('',(#2615),#2619);
#2615 = LINE('',#2616,#2617);
#2616 = CARTESIAN_POINT('',(-6.28318530718,0.));
#2617 = VECTOR('',#2618,1.);
#2618 = DIRECTION('',(-0.,-1.));
#2619 = ( GEOMETRIC_REPRESENTATION_CONTEXT(2) 
PARAMETRIC_REPRESENTATION_CONTEXT() REPRESENTATION_CONTEXT('2D SPACE',''
  ) );
#2620 = PCURVE('',#2328,#2621);
#2621 = DEFINITIONAL_REPRESENTATION('',(#2622),#2626);
#2622 = LINE('',#2623,#2624);
#2623 = CARTESIAN_POINT('',(-0.,0.));
#2624 = VECTOR('',#2625,1.);
#2625 = DIRECTION('',(-0.,-1.));
#2626 = ( GEOMETRIC_REPRESENTATION_CONTEXT(2) 
PARAMETRIC_REPRESENTATION_CONTEXT() REPRESENTATION_CONTEXT('2D SPACE',''
  ) );
#2627 = ORIENTED_EDGE('',*,*,#2628,.T.);
#2628 = EDGE_CURVE('',#2606,#2606,#2629,.T.);
#2629 = SURFACE_CURVE('',#2630,(#2635,#2642),.PCURVE_S1.);
#2630 = CIRCLE('',#2631,12.);
#2631 = AXIS2_PLACEMENT_3D('',#2632,#2633,#2634);
#2632 = CARTESIAN_POINT('',(-38.,-28.,36.));
#2633 = DIRECTION('',(0.,0.,1.));
#2634 = DIRECTION('',(1.,0.,0.));
#2635 = PCURVE('',#2328,#2636);
#2636 = DEFINITIONAL_REPRESENTATION('',(#2637),#2641);
#2637 = LINE('',#2638,#2639);
#2638 = CARTESIAN_POINT('',(-0.,-36.));
#2639 = VECTOR('',#2640,1.);
#2640 = DIRECTION('',(-1.,0.));
#2641 = ( GEOMETRIC_REPRESENTATION_CONTEXT(2) 
PARAMETRIC_REPRESENTATION_CONTEXT() REPRESENTATION_CONTEXT('2D SPACE',''
  ) );
#2642 = PCURVE('',#2643,#2648);
#2643 = PLANE('',#2644);
#2644 = AXIS2_PLACEMENT_3D('',#2645,#2646,#2647);
#2645 = CARTESIAN_POINT('',(-38.,-28.,36.));
#2646 = DIRECTION('',(0.,0.,1.));
#2647 = DIRECTION('',(1.,0.,-0.));
#2648 = DEFINITIONAL_REPRESENTATION('',(#2649),#2653);
#2649 = CIRCLE('',#2650,12.);
#2650 = AXIS2_PLACEMENT_2D('',#2651,#2652);
#2651 = CARTESIAN_POINT('',(0.,0.));
#2652 = DIRECTION('',(1.,0.));
#2653 = ( GEOMETRIC_REPRESENTATION_CONTEXT(2) 
PARAMETRIC_REPRESENTATION_CONTEXT() REPRESENTATION_CONTEXT('2D SPACE',''
  ) );
#2654 = ORIENTED_EDGE('',*,*,#2605,.F.);
#2655 = ADVANCED_FACE('',(#2656),#2457,.F.);
#2656 = FACE_BOUND('',#2657,.F.);
#2657 = EDGE_LOOP('',(#2658,#2687,#2708,#2709));
#2658 = ORIENTED_EDGE('',*,*,#2659,.F.);
#2659 = EDGE_CURVE('',#2660,#2662,#2664,.T.);
#2660 = VERTEX_POINT('',#2661);
#2661 = CARTESIAN_POINT('',(-44.,17.607695154587,18.));
#2662 = VERTEX_POINT('',#2663);
#2663 = CARTESIAN_POINT('',(-44.,17.607695154587,8.));
#2664 = SURFACE_CURVE('',#2665,(#2669,#2676),.PCURVE_S1.);
#2665 = LINE('',#2666,#2667);
#2666 = CARTESIAN_POINT('',(-44.,17.607695154587,0.));
#2667 = VECTOR('',#2668,1.);
#2668 = DIRECTION('',(-0.,-0.,-1.));
#2669 = PCURVE('',#2457,#2670);
#2670 = DEFINITIONAL_REPRESENTATION('',(#2671),#2675);
#2671 = LINE('',#2672,#2673);
#2672 = CARTESIAN_POINT('',(10.392304845413,0.));
#2673 = VECTOR('',#2674,1.);
#2674 = DIRECTION('',(0.,1.));
#2675 = ( GEOMETRIC_REPRESENTATION_CONTEXT(2) 
PARAMETRIC_REPRESENTATION_CONTEXT() REPRESENTATION_CONTEXT('2D SPACE',''
  ) );
#2676 = PCURVE('',#2677,#2682);
#2677 = CYLINDRICAL_SURFACE('',#2678,12.);
#2678 = AXIS2_PLACEMENT_3D('',#2679,#2680,#2681);
#2679 = CARTESIAN_POINT('',(-38.,28.,0.));
#2680 = DIRECTION('',(-0.,-0.,-1.));
#2681 = DIRECTION('',(1.,0.,0.));
#2682 = DEFINITIONAL_REPRESENTATION('',(#2683),#2686);
#2683 = B_SPLINE_CURVE_WITH_KNOTS('',1,(#2684,#2685),.UNSPECIFIED.,.F.,
  .F.,(2,2),(-19.8,-7.9999994),.PIECEWISE_BEZIER_KNOTS.);
#2684 = CARTESIAN_POINT('',(-4.188790204786,-19.8));
#2685 = CARTESIAN_POINT('',(-4.188790204786,-7.9999994));
#2686 = ( GEOMETRIC_REPRESENTATION_CONTEXT(2) 
PARAMETRIC_REPRESENTATION_CONTEXT() REPRESENTATION_CONTEXT('2D SPACE',''
  ) );
#2687 = ORIENTED_EDGE('',*,*,#2688,.F.);
#2688 = EDGE_CURVE('',#2443,#2660,#2689,.T.);
#2689 = SURFACE_CURVE('',#2690,(#2694,#2701),.PCURVE_S1.);
#2690 = LINE('',#2691,#2692);
#2691 = CARTESIAN_POINT('',(-44.,-17.60769515458,18.));
#2692 = VECTOR('',#2693,1.);
#2693 = DIRECTION('',(0.,1.,0.));
#2694 = PCURVE('',#2457,#2695);
#2695 = DEFINITIONAL_REPRESENTATION('',(#2696),#2700);
#2696 = LINE('',#2697,#2698);
#2697 = CARTESIAN_POINT('',(45.607695154587,-18.));
#2698 = VECTOR('',#2699,1.);
#2699 = DIRECTION('',(-1.,0.));
#2700 = ( GEOMETRIC_REPRESENTATION_CONTEXT(2) 
PARAMETRIC_REPRESENTATION_CONTEXT() REPRESENTATION_CONTEXT('2D SPACE',''
  ) );
#2701 = PCURVE('',#2486,#2702);
#2702 = DEFINITIONAL_REPRESENTATION('',(#2703),#2707);
#2703 = LINE('',#2704,#2705);
#2704 = CARTESIAN_POINT('',(-6.,-3.607695154587));
#2705 = VECTOR('',#2706,1.);
#2706 = DIRECTION('',(0.,1.));
#2707 = ( GEOMETRIC_REPRESENTATION_CONTEXT(2) 
PARAMETRIC_REPRESENTATION_CONTEXT() REPRESENTATION_CONTEXT('2D SPACE',''
  ) );
#2708 = ORIENTED_EDGE('',*,*,#2442,.T.);
#2709 = ORIENTED_EDGE('',*,*,#2710,.T.);
#2710 = EDGE_CURVE('',#2415,#2662,#2711,.T.);
#2711 = SURFACE_CURVE('',#2712,(#2716,#2723),.PCURVE_S1.);
#2712 = LINE('',#2713,#2714);
#2713 = CARTESIAN_POINT('',(-44.,-17.60769515458,8.));
#2714 = VECTOR('',#2715,1.);
#2715 = DIRECTION('',(2.017705126997E-16,1.,0.));
#2716 = PCURVE('',#2457,#2717);
#2717 = DEFINITIONAL_REPRESENTATION('',(#2718),#2722);
#2718 = LINE('',#2719,#2720);
#2719 = CARTESIAN_POINT('',(45.607695154587,-8.));
#2720 = VECTOR('',#2721,1.);
#2721 = DIRECTION('',(-1.,0.));
#2722 = ( GEOMETRIC_REPRESENTATION_CONTEXT(2) 
PARAMETRIC_REPRESENTATION_CONTEXT() REPRESENTATION_CONTEXT('2D SPACE',''
  ) );
#2723 = PCURVE('',#66,#2724);
#2724 = DEFINITIONAL_REPRESENTATION('',(#2725),#2729);
#2725 = LINE('',#2726,#2727);
#2726 = CARTESIAN_POINT('',(66.,62.392304845413));
#2727 = VECTOR('',#2728,1.);
#2728 = DIRECTION('',(2.017705126997E-16,1.));
#2729 = ( GEOMETRIC_REPRESENTATION_CONTEXT(2) 
PARAMETRIC_REPRESENTATION_CONTEXT() REPRESENTATION_CONTEXT('2D SPACE',''
  ) );
#2730 = ADVANCED_FACE('',(#2731),#2677,.T.);
#2731 = FACE_BOUND('',#2732,.F.);
#2732 = EDGE_LOOP('',(#2733,#2763,#2785,#2813,#2835,#2861,#2862,#2890,
    #2912,#2938,#2961,#2988));
#2733 = ORIENTED_EDGE('',*,*,#2734,.T.);
#2734 = EDGE_CURVE('',#2735,#2737,#2739,.T.);
#2735 = VERTEX_POINT('',#2736);
#2736 = CARTESIAN_POINT('',(-26.,28.,18.));
#2737 = VERTEX_POINT('',#2738);
#2738 = CARTESIAN_POINT('',(-27.60769515458,22.,18.));
#2739 = SURFACE_CURVE('',#2740,(#2745,#2752),.PCURVE_S1.);
#2740 = CIRCLE('',#2741,12.);
#2741 = AXIS2_PLACEMENT_3D('',#2742,#2743,#2744);
#2742 = CARTESIAN_POINT('',(-38.,28.,18.));
#2743 = DIRECTION('',(0.,0.,-1.));
#2744 = DIRECTION('',(1.,0.,0.));
#2745 = PCURVE('',#2677,#2746);
#2746 = DEFINITIONAL_REPRESENTATION('',(#2747),#2751);
#2747 = LINE('',#2748,#2749);
#2748 = CARTESIAN_POINT('',(-6.28318530718,-18.));
#2749 = VECTOR('',#2750,1.);
#2750 = DIRECTION('',(1.,-0.));
#2751 = ( GEOMETRIC_REPRESENTATION_CONTEXT(2) 
PARAMETRIC_REPRESENTATION_CONTEXT() REPRESENTATION_CONTEXT('2D SPACE',''
  ) );
#2752 = PCURVE('',#1523,#2753);
#2753 = DEFINITIONAL_REPRESENTATION('',(#2754),#2762);
#2754 = ( BOUNDED_CURVE() B_SPLINE_CURVE(2,(#2755,#2756,#2757,#2758,
#2759,#2760,#2761),.UNSPECIFIED.,.T.,.F.) B_SPLINE_CURVE_WITH_KNOTS((1,2
    ,2,2,2,1),(-2.094395102393,0.,2.094395102393,4.188790204786,
6.28318530718,8.377580409573),.UNSPECIFIED.) CURVE() 
GEOMETRIC_REPRESENTATION_ITEM() RATIONAL_B_SPLINE_CURVE((1.,0.5,1.,0.5,
1.,0.5,1.)) REPRESENTATION_ITEM('') );
#2755 = CARTESIAN_POINT('',(-7.,0.));
#2756 = CARTESIAN_POINT('',(-7.,-20.78460969082));
#2757 = CARTESIAN_POINT('',(-25.,-10.39230484541));
#2758 = CARTESIAN_POINT('',(-43.,-2.939152317954E-15));
#2759 = CARTESIAN_POINT('',(-25.,10.392304845413));
#2760 = CARTESIAN_POINT('',(-7.,20.784609690827));
#2761 = CARTESIAN_POINT('',(-7.,0.));
#2762 = ( GEOMETRIC_REPRESENTATION_CONTEXT(2) 
PARAMETRIC_REPRESENTATION_CONTEXT() REPRESENTATION_CONTEXT('2D SPACE',''
  ) );
#2763 = ORIENTED_EDGE('',*,*,#2764,.T.);
#2764 = EDGE_CURVE('',#2737,#2765,#2767,.T.);
#2765 = VERTEX_POINT('',#2766);
#2766 = CARTESIAN_POINT('',(-27.60769515458,22.,8.));
#2767 = SURFACE_CURVE('',#2768,(#2772,#2778),.PCURVE_S1.);
#2768 = LINE('',#2769,#2770);
#2769 = CARTESIAN_POINT('',(-27.60769515458,22.,0.));
#2770 = VECTOR('',#2771,1.);
#2771 = DIRECTION('',(-0.,-0.,-1.));
#2772 = PCURVE('',#2677,#2773);
#2773 = DEFINITIONAL_REPRESENTATION('',(#2774),#2777);
#2774 = B_SPLINE_CURVE_WITH_KNOTS('',1,(#2775,#2776),.UNSPECIFIED.,.F.,
  .F.,(2,2),(-19.8,-7.9999994),.PIECEWISE_BEZIER_KNOTS.);
#2775 = CARTESIAN_POINT('',(-5.759586531581,-19.8));
#2776 = CARTESIAN_POINT('',(-5.759586531581,-7.9999994));
#2777 = ( GEOMETRIC_REPRESENTATION_CONTEXT(2) 
PARAMETRIC_REPRESENTATION_CONTEXT() REPRESENTATION_CONTEXT('2D SPACE',''
  ) );
#2778 = PCURVE('',#1494,#2779);
#2779 = DEFINITIONAL_REPRESENTATION('',(#2780),#2784);
#2780 = LINE('',#2781,#2782);
#2781 = CARTESIAN_POINT('',(10.392304845413,0.));
#2782 = VECTOR('',#2783,1.);
#2783 = DIRECTION('',(0.,1.));
#2784 = ( GEOMETRIC_REPRESENTATION_CONTEXT(2) 
PARAMETRIC_REPRESENTATION_CONTEXT() REPRESENTATION_CONTEXT('2D SPACE',''
  ) );
#2785 = ORIENTED_EDGE('',*,*,#2786,.T.);
#2786 = EDGE_CURVE('',#2765,#2787,#2789,.T.);
#2787 = VERTEX_POINT('',#2788);
#2788 = CARTESIAN_POINT('',(-32.,17.607695154587,8.));
#2789 = SURFACE_CURVE('',#2790,(#2795,#2802),.PCURVE_S1.);
#2790 = CIRCLE('',#2791,12.);
#2791 = AXIS2_PLACEMENT_3D('',#2792,#2793,#2794);
#2792 = CARTESIAN_POINT('',(-38.,28.,8.));
#2793 = DIRECTION('',(0.,0.,-1.));
#2794 = DIRECTION('',(1.,0.,0.));
#2795 = PCURVE('',#2677,#2796);
#2796 = DEFINITIONAL_REPRESENTATION('',(#2797),#2801);
#2797 = LINE('',#2798,#2799);
#2798 = CARTESIAN_POINT('',(-6.28318530718,-8.));
#2799 = VECTOR('',#2800,1.);
#2800 = DIRECTION('',(1.,-0.));
#2801 = ( GEOMETRIC_REPRESENTATION_CONTEXT(2) 
PARAMETRIC_REPRESENTATION_CONTEXT() REPRESENTATION_CONTEXT('2D SPACE',''
  ) );
#2802 = PCURVE('',#1463,#2803);
#2803 = DEFINITIONAL_REPRESENTATION('',(#2804),#2812);
#2804 = ( BOUNDED_CURVE() B_SPLINE_CURVE(2,(#2805,#2806,#2807,#2808,
#2809,#2810,#2811),.UNSPECIFIED.,.T.,.F.) B_SPLINE_CURVE_WITH_KNOTS((1,2
    ,2,2,2,1),(-2.094395102393,0.,2.094395102393,4.188790204786,
6.28318530718,8.377580409573),.UNSPECIFIED.) CURVE() 
GEOMETRIC_REPRESENTATION_ITEM() RATIONAL_B_SPLINE_CURVE((1.,0.5,1.,0.5,
1.,0.5,1.)) REPRESENTATION_ITEM('') );
#2805 = CARTESIAN_POINT('',(84.,108.));
#2806 = CARTESIAN_POINT('',(84.,87.215390309173));
#2807 = CARTESIAN_POINT('',(66.,97.607695154587));
#2808 = CARTESIAN_POINT('',(48.,108.));
#2809 = CARTESIAN_POINT('',(66.,118.39230484541));
#2810 = CARTESIAN_POINT('',(84.,128.78460969082));
#2811 = CARTESIAN_POINT('',(84.,108.));
#2812 = ( GEOMETRIC_REPRESENTATION_CONTEXT(2) 
PARAMETRIC_REPRESENTATION_CONTEXT() REPRESENTATION_CONTEXT('2D SPACE',''
  ) );
#2813 = ORIENTED_EDGE('',*,*,#2814,.F.);
#2814 = EDGE_CURVE('',#2815,#2787,#2817,.T.);
#2815 = VERTEX_POINT('',#2816);
#2816 = CARTESIAN_POINT('',(-32.,17.607695154587,18.));
#2817 = SURFACE_CURVE('',#2818,(#2822,#2828),.PCURVE_S1.);
#2818 = LINE('',#2819,#2820);
#2819 = CARTESIAN_POINT('',(-32.,17.607695154587,0.));
#2820 = VECTOR('',#2821,1.);
#2821 = DIRECTION('',(-0.,-0.,-1.));
#2822 = PCURVE('',#2677,#2823);
#2823 = DEFINITIONAL_REPRESENTATION('',(#2824),#2827);
#2824 = B_SPLINE_CURVE_WITH_KNOTS('',1,(#2825,#2826),.UNSPECIFIED.,.F.,
  .F.,(2,2),(-19.8,-7.9999994),.PIECEWISE_BEZIER_KNOTS.);
#2825 = CARTESIAN_POINT('',(-5.235987755983,-19.8));
#2826 = CARTESIAN_POINT('',(-5.235987755983,-7.9999994));
#2827 = ( GEOMETRIC_REPRESENTATION_CONTEXT(2) 
PARAMETRIC_REPRESENTATION_CONTEXT() REPRESENTATION_CONTEXT('2D SPACE',''
  ) );
#2828 = PCURVE('',#2517,#2829);
#2829 = DEFINITIONAL_REPRESENTATION('',(#2830),#2834);
#2830 = LINE('',#2831,#2832);
#2831 = CARTESIAN_POINT('',(45.607695154587,0.));
#2832 = VECTOR('',#2833,1.);
#2833 = DIRECTION('',(0.,1.));
#2834 = ( GEOMETRIC_REPRESENTATION_CONTEXT(2) 
PARAMETRIC_REPRESENTATION_CONTEXT() REPRESENTATION_CONTEXT('2D SPACE',''
  ) );
#2835 = ORIENTED_EDGE('',*,*,#2836,.T.);
#2836 = EDGE_CURVE('',#2815,#2660,#2837,.T.);
#2837 = SURFACE_CURVE('',#2838,(#2843,#2850),.PCURVE_S1.);
#2838 = CIRCLE('',#2839,12.);
#2839 = AXIS2_PLACEMENT_3D('',#2840,#2841,#2842);
#2840 = CARTESIAN_POINT('',(-38.,28.,18.));
#2841 = DIRECTION('',(0.,0.,-1.));
#2842 = DIRECTION('',(1.,0.,0.));
#2843 = PCURVE('',#2677,#2844);
#2844 = DEFINITIONAL_REPRESENTATION('',(#2845),#2849);
#2845 = LINE('',#2846,#2847);
#2846 = CARTESIAN_POINT('',(-6.28318530718,-18.));
#2847 = VECTOR('',#2848,1.);
#2848 = DIRECTION('',(1.,-0.));
#2849 = ( GEOMETRIC_REPRESENTATION_CONTEXT(2) 
PARAMETRIC_REPRESENTATION_CONTEXT() REPRESENTATION_CONTEXT('2D SPACE',''
  ) );
#2850 = PCURVE('',#2486,#2851);
#2851 = DEFINITIONAL_REPRESENTATION('',(#2852),#2860);
#2852 = ( BOUNDED_CURVE() B_SPLINE_CURVE(2,(#2853,#2854,#2855,#2856,
#2857,#2858,#2859),.UNSPECIFIED.,.T.,.F.) B_SPLINE_CURVE_WITH_KNOTS((1,2
    ,2,2,2,1),(-2.094395102393,0.,2.094395102393,4.188790204786,
6.28318530718,8.377580409573),.UNSPECIFIED.) CURVE() 
GEOMETRIC_REPRESENTATION_ITEM() RATIONAL_B_SPLINE_CURVE((1.,0.5,1.,0.5,
1.,0.5,1.)) REPRESENTATION_ITEM('') );
#2853 = CARTESIAN_POINT('',(12.,42.));
#2854 = CARTESIAN_POINT('',(12.,21.215390309173));
#2855 = CARTESIAN_POINT('',(-6.,31.607695154587));
#2856 = CARTESIAN_POINT('',(-24.,42.));
#2857 = CARTESIAN_POINT('',(-6.,52.392304845413));
#2858 = CARTESIAN_POINT('',(12.,62.784609690827));
#2859 = CARTESIAN_POINT('',(12.,42.));
#2860 = ( GEOMETRIC_REPRESENTATION_CONTEXT(2) 
PARAMETRIC_REPRESENTATION_CONTEXT() REPRESENTATION_CONTEXT('2D SPACE',''
  ) );
#2861 = ORIENTED_EDGE('',*,*,#2659,.T.);
#2862 = ORIENTED_EDGE('',*,*,#2863,.T.);
#2863 = EDGE_CURVE('',#2662,#2864,#2866,.T.);
#2864 = VERTEX_POINT('',#2865);
#2865 = CARTESIAN_POINT('',(-27.60769515458,34.,8.));
#2866 = SURFACE_CURVE('',#2867,(#2872,#2879),.PCURVE_S1.);
#2867 = CIRCLE('',#2868,12.);
#2868 = AXIS2_PLACEMENT_3D('',#2869,#2870,#2871);
#2869 = CARTESIAN_POINT('',(-38.,28.,8.));
#2870 = DIRECTION('',(0.,0.,-1.));
#2871 = DIRECTION('',(1.,0.,0.));
#2872 = PCURVE('',#2677,#2873);
#2873 = DEFINITIONAL_REPRESENTATION('',(#2874),#2878);
#2874 = LINE('',#2875,#2876);
#2875 = CARTESIAN_POINT('',(-6.28318530718,-8.));
#2876 = VECTOR('',#2877,1.);
#2877 = DIRECTION('',(1.,-0.));
#2878 = ( GEOMETRIC_REPRESENTATION_CONTEXT(2) 
PARAMETRIC_REPRESENTATION_CONTEXT() REPRESENTATION_CONTEXT('2D SPACE',''
  ) );
#2879 = PCURVE('',#66,#2880);
#2880 = DEFINITIONAL_REPRESENTATION('',(#2881),#2889);
#2881 = ( BOUNDED_CURVE() B_SPLINE_CURVE(2,(#2882,#2883,#2884,#2885,
#2886,#2887,#2888),.UNSPECIFIED.,.T.,.F.) B_SPLINE_CURVE_WITH_KNOTS((1,2
    ,2,2,2,1),(-2.094395102393,0.,2.094395102393,4.188790204786,
6.28318530718,8.377580409573),.UNSPECIFIED.) CURVE() 
GEOMETRIC_REPRESENTATION_ITEM() RATIONAL_B_SPLINE_CURVE((1.,0.5,1.,0.5,
1.,0.5,1.)) REPRESENTATION_ITEM('') );
#2882 = CARTESIAN_POINT('',(84.,108.));
#2883 = CARTESIAN_POINT('',(84.,87.215390309173));
#2884 = CARTESIAN_POINT('',(66.,97.607695154587));
#2885 = CARTESIAN_POINT('',(48.,108.));
#2886 = CARTESIAN_POINT('',(66.,118.39230484541));
#2887 = CARTESIAN_POINT('',(84.,128.78460969082));
#2888 = CARTESIAN_POINT('',(84.,108.));
#2889 = ( GEOMETRIC_REPRESENTATION_CONTEXT(2) 
PARAMETRIC_REPRESENTATION_CONTEXT() REPRESENTATION_CONTEXT('2D SPACE',''
  ) );
#2890 = ORIENTED_EDGE('',*,*,#2891,.F.);
#2891 = EDGE_CURVE('',#2892,#2864,#2894,.T.);
#2892 = VERTEX_POINT('',#2893);
#2893 = CARTESIAN_POINT('',(-27.60769515458,34.,18.));
#2894 = SURFACE_CURVE('',#2895,(#2899,#2905),.PCURVE_S1.);
#2895 = LINE('',#2896,#2897);
#2896 = CARTESIAN_POINT('',(-27.60769515458,34.,0.));
#2897 = VECTOR('',#2898,1.);
#2898 = DIRECTION('',(-0.,-0.,-1.));
#2899 = PCURVE('',#2677,#2900);
#2900 = DEFINITIONAL_REPRESENTATION('',(#2901),#2904);
#2901 = B_SPLINE_CURVE_WITH_KNOTS('',1,(#2902,#2903),.UNSPECIFIED.,.F.,
  .F.,(2,2),(-19.8,-7.9999994),.PIECEWISE_BEZIER_KNOTS.);
#2902 = CARTESIAN_POINT('',(-0.523598775598,-19.8));
#2903 = CARTESIAN_POINT('',(-0.523598775598,-7.9999994));
#2904 = ( GEOMETRIC_REPRESENTATION_CONTEXT(2) 
PARAMETRIC_REPRESENTATION_CONTEXT() REPRESENTATION_CONTEXT('2D SPACE',''
  ) );
#2905 = PCURVE('',#1552,#2906);
#2906 = DEFINITIONAL_REPRESENTATION('',(#2907),#2911);
#2907 = LINE('',#2908,#2909);
#2908 = CARTESIAN_POINT('',(65.607695154587,0.));
#2909 = VECTOR('',#2910,1.);
#2910 = DIRECTION('',(0.,1.));
#2911 = ( GEOMETRIC_REPRESENTATION_CONTEXT(2) 
PARAMETRIC_REPRESENTATION_CONTEXT() REPRESENTATION_CONTEXT('2D SPACE',''
  ) );
#2912 = ORIENTED_EDGE('',*,*,#2913,.T.);
#2913 = EDGE_CURVE('',#2892,#2735,#2914,.T.);
#2914 = SURFACE_CURVE('',#2915,(#2920,#2927),.PCURVE_S1.);
#2915 = CIRCLE('',#2916,12.);
#2916 = AXIS2_PLACEMENT_3D('',#2917,#2918,#2919);
#2917 = CARTESIAN_POINT('',(-38.,28.,18.));
#2918 = DIRECTION('',(0.,0.,-1.));
#2919 = DIRECTION('',(1.,0.,0.));
#2920 = PCURVE('',#2677,#2921);
#2921 = DEFINITIONAL_REPRESENTATION('',(#2922),#2926);
#2922 = LINE('',#2923,#2924);
#2923 = CARTESIAN_POINT('',(-6.28318530718,-18.));
#2924 = VECTOR('',#2925,1.);
#2925 = DIRECTION('',(1.,-0.));
#2926 = ( GEOMETRIC_REPRESENTATION_CONTEXT(2) 
PARAMETRIC_REPRESENTATION_CONTEXT() REPRESENTATION_CONTEXT('2D SPACE',''
  ) );
#2927 = PCURVE('',#1523,#2928);
#2928 = DEFINITIONAL_REPRESENTATION('',(#2929),#2937);
#2929 = ( BOUNDED_CURVE() B_SPLINE_CURVE(2,(#2930,#2931,#2932,#2933,
#2934,#2935,#2936),.UNSPECIFIED.,.T.,.F.) B_SPLINE_CURVE_WITH_KNOTS((1,2
    ,2,2,2,1),(-2.094395102393,0.,2.094395102393,4.188790204786,
6.28318530718,8.377580409573),.UNSPECIFIED.) CURVE() 
GEOMETRIC_REPRESENTATION_ITEM() RATIONAL_B_SPLINE_CURVE((1.,0.5,1.,0.5,
1.,0.5,1.)) REPRESENTATION_ITEM('') );
#2930 = CARTESIAN_POINT('',(-7.,0.));
#2931 = CARTESIAN_POINT('',(-7.,-20.78460969082));
#2932 = CARTESIAN_POINT('',(-25.,-10.39230484541));
#2933 = CARTESIAN_POINT('',(-43.,-2.939152317954E-15));
#2934 = CARTESIAN_POINT('',(-25.,10.392304845413));
#2935 = CARTESIAN_POINT('',(-7.,20.784609690827));
#2936 = CARTESIAN_POINT('',(-7.,0.));
#2937 = ( GEOMETRIC_REPRESENTATION_CONTEXT(2) 
PARAMETRIC_REPRESENTATION_CONTEXT() REPRESENTATION_CONTEXT('2D SPACE',''
  ) );
#2938 = ORIENTED_EDGE('',*,*,#2939,.T.);
#2939 = EDGE_CURVE('',#2735,#2940,#2942,.T.);
#2940 = VERTEX_POINT('',#2941);
#2941 = CARTESIAN_POINT('',(-26.,28.,36.));
#2942 = SEAM_CURVE('',#2943,(#2947,#2954),.PCURVE_S1.);
#2943 = LINE('',#2944,#2945);
#2944 = CARTESIAN_POINT('',(-26.,28.,0.));
#2945 = VECTOR('',#2946,1.);
#2946 = DIRECTION('',(0.,0.,1.));
#2947 = PCURVE('',#2677,#2948);
#2948 = DEFINITIONAL_REPRESENTATION('',(#2949),#2953);
#2949 = LINE('',#2950,#2951);
#2950 = CARTESIAN_POINT('',(-6.28318530718,0.));
#2951 = VECTOR('',#2952,1.);
#2952 = DIRECTION('',(-0.,-1.));
#2953 = ( GEOMETRIC_REPRESENTATION_CONTEXT(2) 
PARAMETRIC_REPRESENTATION_CONTEXT() REPRESENTATION_CONTEXT('2D SPACE',''
  ) );
#2954 = PCURVE('',#2677,#2955);
#2955 = DEFINITIONAL_REPRESENTATION('',(#2956),#2960);
#2956 = LINE('',#2957,#2958);
#2957 = CARTESIAN_POINT('',(-0.,0.));
#2958 = VECTOR('',#2959,1.);
#2959 = DIRECTION('',(-0.,-1.));
#2960 = ( GEOMETRIC_REPRESENTATION_CONTEXT(2) 
PARAMETRIC_REPRESENTATION_CONTEXT() REPRESENTATION_CONTEXT('2D SPACE',''
  ) );
#2961 = ORIENTED_EDGE('',*,*,#2962,.T.);
#2962 = EDGE_CURVE('',#2940,#2940,#2963,.T.);
#2963 = SURFACE_CURVE('',#2964,(#2969,#2976),.PCURVE_S1.);
#2964 = CIRCLE('',#2965,12.);
#2965 = AXIS2_PLACEMENT_3D('',#2966,#2967,#2968);
#2966 = CARTESIAN_POINT('',(-38.,28.,36.));
#2967 = DIRECTION('',(0.,0.,1.));
#2968 = DIRECTION('',(1.,0.,0.));
#2969 = PCURVE('',#2677,#2970);
#2970 = DEFINITIONAL_REPRESENTATION('',(#2971),#2975);
#2971 = LINE('',#2972,#2973);
#2972 = CARTESIAN_POINT('',(-0.,-36.));
#2973 = VECTOR('',#2974,1.);
#2974 = DIRECTION('',(-1.,0.));
#2975 = ( GEOMETRIC_REPRESENTATION_CONTEXT(2) 
PARAMETRIC_REPRESENTATION_CONTEXT() REPRESENTATION_CONTEXT('2D SPACE',''
  ) );
#2976 = PCURVE('',#2977,#2982);
#2977 = PLANE('',#2978);
#2978 = AXIS2_PLACEMENT_3D('',#2979,#2980,#2981);
#2979 = CARTESIAN_POINT('',(-38.,28.,36.));
#2980 = DIRECTION('',(0.,0.,1.));
#2981 = DIRECTION('',(1.,0.,-0.));
#2982 = DEFINITIONAL_REPRESENTATION('',(#2983),#2987);
#2983 = CIRCLE('',#2984,12.);
#2984 = AXIS2_PLACEMENT_2D('',#2985,#2986);
#2985 = CARTESIAN_POINT('',(0.,0.));
#2986 = DIRECTION('',(1.,0.));
#2987 = ( GEOMETRIC_REPRESENTATION_CONTEXT(2) 
PARAMETRIC_REPRESENTATION_CONTEXT() REPRESENTATION_CONTEXT('2D SPACE',''
  ) );
#2988 = ORIENTED_EDGE('',*,*,#2939,.F.);
#2989 = ADVANCED_FACE('',(#2990,#2993),#2977,.T.);
#2990 = FACE_BOUND('',#2991,.T.);
#2991 = EDGE_LOOP('',(#2992));
#2992 = ORIENTED_EDGE('',*,*,#2962,.T.);
#2993 = FACE_BOUND('',#2994,.T.);
#2994 = EDGE_LOOP('',(#2995,#3024,#3051,#3078));
#2995 = ORIENTED_EDGE('',*,*,#2996,.T.);
#2996 = EDGE_CURVE('',#2997,#2999,#3001,.T.);
#2997 = VERTEX_POINT('',#2998);
#2998 = CARTESIAN_POINT('',(-33.65,32.35,36.));
#2999 = VERTEX_POINT('',#3000);
#3000 = CARTESIAN_POINT('',(-33.65,23.65,36.));
#3001 = SURFACE_CURVE('',#3002,(#3006,#3012),.PCURVE_S1.);
#3002 = LINE('',#3003,#3004);
#3003 = CARTESIAN_POINT('',(-33.65,25.825,36.));
#3004 = VECTOR('',#3005,1.);
#3005 = DIRECTION('',(0.,-1.,0.));
#3006 = PCURVE('',#2977,#3007);
#3007 = DEFINITIONAL_REPRESENTATION('',(#3008),#3011);
#3008 = B_SPLINE_CURVE_WITH_KNOTS('',1,(#3009,#3010),.UNSPECIFIED.,.F.,
  .F.,(2,2),(-6.525,2.175),.PIECEWISE_BEZIER_KNOTS.);
#3009 = CARTESIAN_POINT('',(4.35,4.35));
#3010 = CARTESIAN_POINT('',(4.35,-4.35));
#3011 = ( GEOMETRIC_REPRESENTATION_CONTEXT(2) 
PARAMETRIC_REPRESENTATION_CONTEXT() REPRESENTATION_CONTEXT('2D SPACE',''
  ) );
#3012 = PCURVE('',#3013,#3018);
#3013 = PLANE('',#3014);
#3014 = AXIS2_PLACEMENT_3D('',#3015,#3016,#3017);
#3015 = CARTESIAN_POINT('',(-33.65,23.65,-1.));
#3016 = DIRECTION('',(-1.,0.,0.));
#3017 = DIRECTION('',(0.,1.,0.));
#3018 = DEFINITIONAL_REPRESENTATION('',(#3019),#3023);
#3019 = LINE('',#3020,#3021);
#3020 = CARTESIAN_POINT('',(2.175,-37.));
#3021 = VECTOR('',#3022,1.);
#3022 = DIRECTION('',(-1.,0.));
#3023 = ( GEOMETRIC_REPRESENTATION_CONTEXT(2) 
PARAMETRIC_REPRESENTATION_CONTEXT() REPRESENTATION_CONTEXT('2D SPACE',''
  ) );
#3024 = ORIENTED_EDGE('',*,*,#3025,.T.);
#3025 = EDGE_CURVE('',#2999,#3026,#3028,.T.);
#3026 = VERTEX_POINT('',#3027);
#3027 = CARTESIAN_POINT('',(-42.35,23.65,36.));
#3028 = SURFACE_CURVE('',#3029,(#3033,#3039),.PCURVE_S1.);
#3029 = LINE('',#3030,#3031);
#3030 = CARTESIAN_POINT('',(-40.175,23.65,36.));
#3031 = VECTOR('',#3032,1.);
#3032 = DIRECTION('',(-1.,0.,0.));
#3033 = PCURVE('',#2977,#3034);
#3034 = DEFINITIONAL_REPRESENTATION('',(#3035),#3038);
#3035 = B_SPLINE_CURVE_WITH_KNOTS('',1,(#3036,#3037),.UNSPECIFIED.,.F.,
  .F.,(2,2),(-6.525,2.175),.PIECEWISE_BEZIER_KNOTS.);
#3036 = CARTESIAN_POINT('',(4.35,-4.35));
#3037 = CARTESIAN_POINT('',(-4.35,-4.35));
#3038 = ( GEOMETRIC_REPRESENTATION_CONTEXT(2) 
PARAMETRIC_REPRESENTATION_CONTEXT() REPRESENTATION_CONTEXT('2D SPACE',''
  ) );
#3039 = PCURVE('',#3040,#3045);
#3040 = PLANE('',#3041);
#3041 = AXIS2_PLACEMENT_3D('',#3042,#3043,#3044);
#3042 = CARTESIAN_POINT('',(-42.35,23.65,-1.));
#3043 = DIRECTION('',(0.,1.,0.));
#3044 = DIRECTION('',(1.,0.,0.));
#3045 = DEFINITIONAL_REPRESENTATION('',(#3046),#3050);
#3046 = LINE('',#3047,#3048);
#3047 = CARTESIAN_POINT('',(2.175,-37.));
#3048 = VECTOR('',#3049,1.);
#3049 = DIRECTION('',(-1.,0.));
#3050 = ( GEOMETRIC_REPRESENTATION_CONTEXT(2) 
PARAMETRIC_REPRESENTATION_CONTEXT() REPRESENTATION_CONTEXT('2D SPACE',''
  ) );
#3051 = ORIENTED_EDGE('',*,*,#3052,.T.);
#3052 = EDGE_CURVE('',#3026,#3053,#3055,.T.);
#3053 = VERTEX_POINT('',#3054);
#3054 = CARTESIAN_POINT('',(-42.35,32.35,36.));
#3055 = SURFACE_CURVE('',#3056,(#3060,#3066),.PCURVE_S1.);
#3056 = LINE('',#3057,#3058);
#3057 = CARTESIAN_POINT('',(-42.35,30.175,36.));
#3058 = VECTOR('',#3059,1.);
#3059 = DIRECTION('',(-0.,1.,0.));
#3060 = PCURVE('',#2977,#3061);
#3061 = DEFINITIONAL_REPRESENTATION('',(#3062),#3065);
#3062 = B_SPLINE_CURVE_WITH_KNOTS('',1,(#3063,#3064),.UNSPECIFIED.,.F.,
  .F.,(2,2),(-6.525,2.175),.PIECEWISE_BEZIER_KNOTS.);
#3063 = CARTESIAN_POINT('',(-4.35,-4.35));
#3064 = CARTESIAN_POINT('',(-4.35,4.35));
#3065 = ( GEOMETRIC_REPRESENTATION_CONTEXT(2) 
PARAMETRIC_REPRESENTATION_CONTEXT() REPRESENTATION_CONTEXT('2D SPACE',''
  ) );
#3066 = PCURVE('',#3067,#3072);
#3067 = PLANE('',#3068);
#3068 = AXIS2_PLACEMENT_3D('',#3069,#3070,#3071);
#3069 = CARTESIAN_POINT('',(-42.35,32.35,-1.));
#3070 = DIRECTION('',(1.,0.,-0.));
#3071 = DIRECTION('',(0.,-1.,0.));
#3072 = DEFINITIONAL_REPRESENTATION('',(#3073),#3077);
#3073 = LINE('',#3074,#3075);
#3074 = CARTESIAN_POINT('',(2.175,-37.));
#3075 = VECTOR('',#3076,1.);
#3076 = DIRECTION('',(-1.,-0.));
#3077 = ( GEOMETRIC_REPRESENTATION_CONTEXT(2) 
PARAMETRIC_REPRESENTATION_CONTEXT() REPRESENTATION_CONTEXT('2D SPACE',''
  ) );
#3078 = ORIENTED_EDGE('',*,*,#3079,.T.);
#3079 = EDGE_CURVE('',#3053,#2997,#3080,.T.);
#3080 = SURFACE_CURVE('',#3081,(#3085,#3091),.PCURVE_S1.);
#3081 = LINE('',#3082,#3083);
#3082 = CARTESIAN_POINT('',(-35.825,32.35,36.));
#3083 = VECTOR('',#3084,1.);
#3084 = DIRECTION('',(1.,0.,-0.));
#3085 = PCURVE('',#2977,#3086);
#3086 = DEFINITIONAL_REPRESENTATION('',(#3087),#3090);
#3087 = B_SPLINE_CURVE_WITH_KNOTS('',1,(#3088,#3089),.UNSPECIFIED.,.F.,
  .F.,(2,2),(-6.525,2.175),.PIECEWISE_BEZIER_KNOTS.);
#3088 = CARTESIAN_POINT('',(-4.35,4.35));
#3089 = CARTESIAN_POINT('',(4.35,4.35));
#3090 = ( GEOMETRIC_REPRESENTATION_CONTEXT(2) 
PARAMETRIC_REPRESENTATION_CONTEXT() REPRESENTATION_CONTEXT('2D SPACE',''
  ) );
#3091 = PCURVE('',#3092,#3097);
#3092 = PLANE('',#3093);
#3093 = AXIS2_PLACEMENT_3D('',#3094,#3095,#3096);
#3094 = CARTESIAN_POINT('',(-33.65,32.35,-1.));
#3095 = DIRECTION('',(0.,-1.,0.));
#3096 = DIRECTION('',(-1.,0.,0.));
#3097 = DEFINITIONAL_REPRESENTATION('',(#3098),#3102);
#3098 = LINE('',#3099,#3100);
#3099 = CARTESIAN_POINT('',(2.175,-37.));
#3100 = VECTOR('',#3101,1.);
#3101 = DIRECTION('',(-1.,0.));
#3102 = ( GEOMETRIC_REPRESENTATION_CONTEXT(2) 
PARAMETRIC_REPRESENTATION_CONTEXT() REPRESENTATION_CONTEXT('2D SPACE',''
  ) );
#3103 = ADVANCED_FACE('',(#3104),#3040,.T.);
#3104 = FACE_BOUND('',#3105,.T.);
#3105 = EDGE_LOOP('',(#3106,#3129,#3130,#3153));
#3106 = ORIENTED_EDGE('',*,*,#3107,.F.);
#3107 = EDGE_CURVE('',#3026,#3108,#3110,.T.);
#3108 = VERTEX_POINT('',#3109);
#3109 = CARTESIAN_POINT('',(-42.35,23.65,4.5));
#3110 = SURFACE_CURVE('',#3111,(#3115,#3122),.PCURVE_S1.);
#3111 = LINE('',#3112,#3113);
#3112 = CARTESIAN_POINT('',(-42.35,23.65,36.));
#3113 = VECTOR('',#3114,1.);
#3114 = DIRECTION('',(0.,0.,-1.));
#3115 = PCURVE('',#3040,#3116);
#3116 = DEFINITIONAL_REPRESENTATION('',(#3117),#3121);
#3117 = LINE('',#3118,#3119);
#3118 = CARTESIAN_POINT('',(0.,-37.));
#3119 = VECTOR('',#3120,1.);
#3120 = DIRECTION('',(0.,1.));
#3121 = ( GEOMETRIC_REPRESENTATION_CONTEXT(2) 
PARAMETRIC_REPRESENTATION_CONTEXT() REPRESENTATION_CONTEXT('2D SPACE',''
  ) );
#3122 = PCURVE('',#3067,#3123);
#3123 = DEFINITIONAL_REPRESENTATION('',(#3124),#3128);
#3124 = LINE('',#3125,#3126);
#3125 = CARTESIAN_POINT('',(8.7,-37.));
#3126 = VECTOR('',#3127,1.);
#3127 = DIRECTION('',(0.,1.));
#3128 = ( GEOMETRIC_REPRESENTATION_CONTEXT(2) 
PARAMETRIC_REPRESENTATION_CONTEXT() REPRESENTATION_CONTEXT('2D SPACE',''
  ) );
#3129 = ORIENTED_EDGE('',*,*,#3025,.F.);
#3130 = ORIENTED_EDGE('',*,*,#3131,.T.);
#3131 = EDGE_CURVE('',#2999,#3132,#3134,.T.);
#3132 = VERTEX_POINT('',#3133);
#3133 = CARTESIAN_POINT('',(-33.65,23.65,4.5));
#3134 = SURFACE_CURVE('',#3135,(#3139,#3146),.PCURVE_S1.);
#3135 = LINE('',#3136,#3137);
#3136 = CARTESIAN_POINT('',(-33.65,23.65,36.));
#3137 = VECTOR('',#3138,1.);
#3138 = DIRECTION('',(0.,0.,-1.));
#3139 = PCURVE('',#3040,#3140);
#3140 = DEFINITIONAL_REPRESENTATION('',(#3141),#3145);
#3141 = LINE('',#3142,#3143);
#3142 = CARTESIAN_POINT('',(8.7,-37.));
#3143 = VECTOR('',#3144,1.);
#3144 = DIRECTION('',(0.,1.));
#3145 = ( GEOMETRIC_REPRESENTATION_CONTEXT(2) 
PARAMETRIC_REPRESENTATION_CONTEXT() REPRESENTATION_CONTEXT('2D SPACE',''
  ) );
#3146 = PCURVE('',#3013,#3147);
#3147 = DEFINITIONAL_REPRESENTATION('',(#3148),#3152);
#3148 = LINE('',#3149,#3150);
#3149 = CARTESIAN_POINT('',(0.,-37.));
#3150 = VECTOR('',#3151,1.);
#3151 = DIRECTION('',(0.,1.));
#3152 = ( GEOMETRIC_REPRESENTATION_CONTEXT(2) 
PARAMETRIC_REPRESENTATION_CONTEXT() REPRESENTATION_CONTEXT('2D SPACE',''
  ) );
#3153 = ORIENTED_EDGE('',*,*,#3154,.F.);
#3154 = EDGE_CURVE('',#3108,#3132,#3155,.T.);
#3155 = SURFACE_CURVE('',#3156,(#3160,#3166),.PCURVE_S1.);
#3156 = LINE('',#3157,#3158);
#3157 = CARTESIAN_POINT('',(-40.175,23.65,4.5));
#3158 = VECTOR('',#3159,1.);
#3159 = DIRECTION('',(1.,0.,0.));
#3160 = PCURVE('',#3040,#3161);
#3161 = DEFINITIONAL_REPRESENTATION('',(#3162),#3165);
#3162 = B_SPLINE_CURVE_WITH_KNOTS('',1,(#3163,#3164),.UNSPECIFIED.,.F.,
  .F.,(2,2),(-2.175,6.525),.PIECEWISE_BEZIER_KNOTS.);
#3163 = CARTESIAN_POINT('',(0.,-5.5));
#3164 = CARTESIAN_POINT('',(8.7,-5.5));
#3165 = ( GEOMETRIC_REPRESENTATION_CONTEXT(2) 
PARAMETRIC_REPRESENTATION_CONTEXT() REPRESENTATION_CONTEXT('2D SPACE',''
  ) );
#3166 = PCURVE('',#3167,#3172);
#3167 = PLANE('',#3168);
#3168 = AXIS2_PLACEMENT_3D('',#3169,#3170,#3171);
#3169 = CARTESIAN_POINT('',(-38.,28.,4.5));
#3170 = DIRECTION('',(0.,0.,1.));
#3171 = DIRECTION('',(1.,0.,-0.));
#3172 = DEFINITIONAL_REPRESENTATION('',(#3173),#3177);
#3173 = LINE('',#3174,#3175);
#3174 = CARTESIAN_POINT('',(-2.175,-4.35));
#3175 = VECTOR('',#3176,1.);
#3176 = DIRECTION('',(1.,0.));
#3177 = ( GEOMETRIC_REPRESENTATION_CONTEXT(2) 
PARAMETRIC_REPRESENTATION_CONTEXT() REPRESENTATION_CONTEXT('2D SPACE',''
  ) );
#3178 = ADVANCED_FACE('',(#3179,#3205),#3167,.F.);
#3179 = FACE_BOUND('',#3180,.F.);
#3180 = EDGE_LOOP('',(#3181));
#3181 = ORIENTED_EDGE('',*,*,#3182,.T.);
#3182 = EDGE_CURVE('',#3183,#3183,#3185,.T.);
#3183 = VERTEX_POINT('',#3184);
#3184 = CARTESIAN_POINT('',(-28.,28.,4.5));
#3185 = SURFACE_CURVE('',#3186,(#3191,#3198),.PCURVE_S1.);
#3186 = CIRCLE('',#3187,10.);
#3187 = AXIS2_PLACEMENT_3D('',#3188,#3189,#3190);
#3188 = CARTESIAN_POINT('',(-38.,28.,4.5));
#3189 = DIRECTION('',(0.,0.,1.));
#3190 = DIRECTION('',(1.,0.,0.));
#3191 = PCURVE('',#3167,#3192);
#3192 = DEFINITIONAL_REPRESENTATION('',(#3193),#3197);
#3193 = CIRCLE('',#3194,10.);
#3194 = AXIS2_PLACEMENT_2D('',#3195,#3196);
#3195 = CARTESIAN_POINT('',(-7.105427357601E-15,0.));
#3196 = DIRECTION('',(1.,0.));
#3197 = ( GEOMETRIC_REPRESENTATION_CONTEXT(2) 
PARAMETRIC_REPRESENTATION_CONTEXT() REPRESENTATION_CONTEXT('2D SPACE',''
  ) );
#3198 = PCURVE('',#639,#3199);
#3199 = DEFINITIONAL_REPRESENTATION('',(#3200),#3204);
#3200 = LINE('',#3201,#3202);
#3201 = CARTESIAN_POINT('',(-0.,-4.5));
#3202 = VECTOR('',#3203,1.);
#3203 = DIRECTION('',(-1.,0.));
#3204 = ( GEOMETRIC_REPRESENTATION_CONTEXT(2) 
PARAMETRIC_REPRESENTATION_CONTEXT() REPRESENTATION_CONTEXT('2D SPACE',''
  ) );
#3205 = FACE_BOUND('',#3206,.F.);
#3206 = EDGE_LOOP('',(#3207,#3230,#3253,#3273));
#3207 = ORIENTED_EDGE('',*,*,#3208,.F.);
#3208 = EDGE_CURVE('',#3209,#3108,#3211,.T.);
#3209 = VERTEX_POINT('',#3210);
#3210 = CARTESIAN_POINT('',(-42.35,32.35,4.5));
#3211 = SURFACE_CURVE('',#3212,(#3216,#3223),.PCURVE_S1.);
#3212 = LINE('',#3213,#3214);
#3213 = CARTESIAN_POINT('',(-42.35,32.35,4.5));
#3214 = VECTOR('',#3215,1.);
#3215 = DIRECTION('',(0.,-1.,0.));
#3216 = PCURVE('',#3167,#3217);
#3217 = DEFINITIONAL_REPRESENTATION('',(#3218),#3222);
#3218 = LINE('',#3219,#3220);
#3219 = CARTESIAN_POINT('',(-4.35,4.35));
#3220 = VECTOR('',#3221,1.);
#3221 = DIRECTION('',(0.,-1.));
#3222 = ( GEOMETRIC_REPRESENTATION_CONTEXT(2) 
PARAMETRIC_REPRESENTATION_CONTEXT() REPRESENTATION_CONTEXT('2D SPACE',''
  ) );
#3223 = PCURVE('',#3067,#3224);
#3224 = DEFINITIONAL_REPRESENTATION('',(#3225),#3229);
#3225 = LINE('',#3226,#3227);
#3226 = CARTESIAN_POINT('',(0.,-5.5));
#3227 = VECTOR('',#3228,1.);
#3228 = DIRECTION('',(1.,0.));
#3229 = ( GEOMETRIC_REPRESENTATION_CONTEXT(2) 
PARAMETRIC_REPRESENTATION_CONTEXT() REPRESENTATION_CONTEXT('2D SPACE',''
  ) );
#3230 = ORIENTED_EDGE('',*,*,#3231,.F.);
#3231 = EDGE_CURVE('',#3232,#3209,#3234,.T.);
#3232 = VERTEX_POINT('',#3233);
#3233 = CARTESIAN_POINT('',(-33.65,32.35,4.5));
#3234 = SURFACE_CURVE('',#3235,(#3239,#3246),.PCURVE_S1.);
#3235 = LINE('',#3236,#3237);
#3236 = CARTESIAN_POINT('',(-33.65,32.35,4.5));
#3237 = VECTOR('',#3238,1.);
#3238 = DIRECTION('',(-1.,0.,0.));
#3239 = PCURVE('',#3167,#3240);
#3240 = DEFINITIONAL_REPRESENTATION('',(#3241),#3245);
#3241 = LINE('',#3242,#3243);
#3242 = CARTESIAN_POINT('',(4.35,4.35));
#3243 = VECTOR('',#3244,1.);
#3244 = DIRECTION('',(-1.,0.));
#3245 = ( GEOMETRIC_REPRESENTATION_CONTEXT(2) 
PARAMETRIC_REPRESENTATION_CONTEXT() REPRESENTATION_CONTEXT('2D SPACE',''
  ) );
#3246 = PCURVE('',#3092,#3247);
#3247 = DEFINITIONAL_REPRESENTATION('',(#3248),#3252);
#3248 = LINE('',#3249,#3250);
#3249 = CARTESIAN_POINT('',(0.,-5.5));
#3250 = VECTOR('',#3251,1.);
#3251 = DIRECTION('',(1.,0.));
#3252 = ( GEOMETRIC_REPRESENTATION_CONTEXT(2) 
PARAMETRIC_REPRESENTATION_CONTEXT() REPRESENTATION_CONTEXT('2D SPACE',''
  ) );
#3253 = ORIENTED_EDGE('',*,*,#3254,.F.);
#3254 = EDGE_CURVE('',#3132,#3232,#3255,.T.);
#3255 = SURFACE_CURVE('',#3256,(#3260,#3267),.PCURVE_S1.);
#3256 = LINE('',#3257,#3258);
#3257 = CARTESIAN_POINT('',(-33.65,25.825,4.5));
#3258 = VECTOR('',#3259,1.);
#3259 = DIRECTION('',(0.,1.,-0.));
#3260 = PCURVE('',#3167,#3261);
#3261 = DEFINITIONAL_REPRESENTATION('',(#3262),#3266);
#3262 = LINE('',#3263,#3264);
#3263 = CARTESIAN_POINT('',(4.35,-2.175));
#3264 = VECTOR('',#3265,1.);
#3265 = DIRECTION('',(0.,1.));
#3266 = ( GEOMETRIC_REPRESENTATION_CONTEXT(2) 
PARAMETRIC_REPRESENTATION_CONTEXT() REPRESENTATION_CONTEXT('2D SPACE',''
  ) );
#3267 = PCURVE('',#3013,#3268);
#3268 = DEFINITIONAL_REPRESENTATION('',(#3269),#3272);
#3269 = B_SPLINE_CURVE_WITH_KNOTS('',1,(#3270,#3271),.UNSPECIFIED.,.F.,
  .F.,(2,2),(-2.175,6.525),.PIECEWISE_BEZIER_KNOTS.);
#3270 = CARTESIAN_POINT('',(0.,-5.5));
#3271 = CARTESIAN_POINT('',(8.7,-5.5));
#3272 = ( GEOMETRIC_REPRESENTATION_CONTEXT(2) 
PARAMETRIC_REPRESENTATION_CONTEXT() REPRESENTATION_CONTEXT('2D SPACE',''
  ) );
#3273 = ORIENTED_EDGE('',*,*,#3154,.F.);
#3274 = ADVANCED_FACE('',(#3275),#3067,.T.);
#3275 = FACE_BOUND('',#3276,.T.);
#3276 = EDGE_LOOP('',(#3277,#3278,#3279,#3300));
#3277 = ORIENTED_EDGE('',*,*,#3107,.T.);
#3278 = ORIENTED_EDGE('',*,*,#3208,.F.);
#3279 = ORIENTED_EDGE('',*,*,#3280,.T.);
#3280 = EDGE_CURVE('',#3209,#3053,#3281,.T.);
#3281 = SURFACE_CURVE('',#3282,(#3286,#3293),.PCURVE_S1.);
#3282 = LINE('',#3283,#3284);
#3283 = CARTESIAN_POINT('',(-42.35,32.35,-1.));
#3284 = VECTOR('',#3285,1.);
#3285 = DIRECTION('',(0.,0.,1.));
#3286 = PCURVE('',#3067,#3287);
#3287 = DEFINITIONAL_REPRESENTATION('',(#3288),#3292);
#3288 = LINE('',#3289,#3290);
#3289 = CARTESIAN_POINT('',(0.,0.));
#3290 = VECTOR('',#3291,1.);
#3291 = DIRECTION('',(0.,-1.));
#3292 = ( GEOMETRIC_REPRESENTATION_CONTEXT(2) 
PARAMETRIC_REPRESENTATION_CONTEXT() REPRESENTATION_CONTEXT('2D SPACE',''
  ) );
#3293 = PCURVE('',#3092,#3294);
#3294 = DEFINITIONAL_REPRESENTATION('',(#3295),#3299);
#3295 = LINE('',#3296,#3297);
#3296 = CARTESIAN_POINT('',(8.7,0.));
#3297 = VECTOR('',#3298,1.);
#3298 = DIRECTION('',(0.,-1.));
#3299 = ( GEOMETRIC_REPRESENTATION_CONTEXT(2) 
PARAMETRIC_REPRESENTATION_CONTEXT() REPRESENTATION_CONTEXT('2D SPACE',''
  ) );
#3300 = ORIENTED_EDGE('',*,*,#3052,.F.);
#3301 = ADVANCED_FACE('',(#3302),#3092,.T.);
#3302 = FACE_BOUND('',#3303,.T.);
#3303 = EDGE_LOOP('',(#3304,#3325,#3326,#3327));
#3304 = ORIENTED_EDGE('',*,*,#3305,.F.);
#3305 = EDGE_CURVE('',#2997,#3232,#3306,.T.);
#3306 = SURFACE_CURVE('',#3307,(#3311,#3318),.PCURVE_S1.);
#3307 = LINE('',#3308,#3309);
#3308 = CARTESIAN_POINT('',(-33.65,32.35,36.));
#3309 = VECTOR('',#3310,1.);
#3310 = DIRECTION('',(0.,0.,-1.));
#3311 = PCURVE('',#3092,#3312);
#3312 = DEFINITIONAL_REPRESENTATION('',(#3313),#3317);
#3313 = LINE('',#3314,#3315);
#3314 = CARTESIAN_POINT('',(0.,-37.));
#3315 = VECTOR('',#3316,1.);
#3316 = DIRECTION('',(0.,1.));
#3317 = ( GEOMETRIC_REPRESENTATION_CONTEXT(2) 
PARAMETRIC_REPRESENTATION_CONTEXT() REPRESENTATION_CONTEXT('2D SPACE',''
  ) );
#3318 = PCURVE('',#3013,#3319);
#3319 = DEFINITIONAL_REPRESENTATION('',(#3320),#3324);
#3320 = LINE('',#3321,#3322);
#3321 = CARTESIAN_POINT('',(8.7,-37.));
#3322 = VECTOR('',#3323,1.);
#3323 = DIRECTION('',(0.,1.));
#3324 = ( GEOMETRIC_REPRESENTATION_CONTEXT(2) 
PARAMETRIC_REPRESENTATION_CONTEXT() REPRESENTATION_CONTEXT('2D SPACE',''
  ) );
#3325 = ORIENTED_EDGE('',*,*,#3079,.F.);
#3326 = ORIENTED_EDGE('',*,*,#3280,.F.);
#3327 = ORIENTED_EDGE('',*,*,#3231,.F.);
#3328 = ADVANCED_FACE('',(#3329),#3013,.T.);
#3329 = FACE_BOUND('',#3330,.T.);
#3330 = EDGE_LOOP('',(#3331,#3332,#3333,#3334));
#3331 = ORIENTED_EDGE('',*,*,#3131,.F.);
#3332 = ORIENTED_EDGE('',*,*,#2996,.F.);
#3333 = ORIENTED_EDGE('',*,*,#3305,.T.);
#3334 = ORIENTED_EDGE('',*,*,#3254,.F.);
#3335 = ADVANCED_FACE('',(#3336),#2486,.T.);
#3336 = FACE_BOUND('',#3337,.T.);
#3337 = EDGE_LOOP('',(#3338,#3339,#3360,#3361));
#3338 = ORIENTED_EDGE('',*,*,#2469,.T.);
#3339 = ORIENTED_EDGE('',*,*,#3340,.F.);
#3340 = EDGE_CURVE('',#2815,#2470,#3341,.T.);
#3341 = SURFACE_CURVE('',#3342,(#3346,#3353),.PCURVE_S1.);
#3342 = LINE('',#3343,#3344);
#3343 = CARTESIAN_POINT('',(-32.,17.607695154587,18.));
#3344 = VECTOR('',#3345,1.);
#3345 = DIRECTION('',(0.,-1.,0.));
#3346 = PCURVE('',#2486,#3347);
#3347 = DEFINITIONAL_REPRESENTATION('',(#3348),#3352);
#3348 = LINE('',#3349,#3350);
#3349 = CARTESIAN_POINT('',(6.,31.607695154587));
#3350 = VECTOR('',#3351,1.);
#3351 = DIRECTION('',(0.,-1.));
#3352 = ( GEOMETRIC_REPRESENTATION_CONTEXT(2) 
PARAMETRIC_REPRESENTATION_CONTEXT() REPRESENTATION_CONTEXT('2D SPACE',''
  ) );
#3353 = PCURVE('',#2517,#3354);
#3354 = DEFINITIONAL_REPRESENTATION('',(#3355),#3359);
#3355 = LINE('',#3356,#3357);
#3356 = CARTESIAN_POINT('',(45.607695154587,-18.));
#3357 = VECTOR('',#3358,1.);
#3358 = DIRECTION('',(-1.,0.));
#3359 = ( GEOMETRIC_REPRESENTATION_CONTEXT(2) 
PARAMETRIC_REPRESENTATION_CONTEXT() REPRESENTATION_CONTEXT('2D SPACE',''
  ) );
#3360 = ORIENTED_EDGE('',*,*,#2836,.T.);
#3361 = ORIENTED_EDGE('',*,*,#2688,.F.);
#3362 = ADVANCED_FACE('',(#3363),#2517,.F.);
#3363 = FACE_BOUND('',#3364,.F.);
#3364 = EDGE_LOOP('',(#3365,#3366,#3367,#3368));
#3365 = ORIENTED_EDGE('',*,*,#2502,.F.);
#3366 = ORIENTED_EDGE('',*,*,#3340,.F.);
#3367 = ORIENTED_EDGE('',*,*,#2814,.T.);
#3368 = ORIENTED_EDGE('',*,*,#3369,.T.);
#3369 = EDGE_CURVE('',#2787,#2503,#3370,.T.);
#3370 = SURFACE_CURVE('',#3371,(#3375,#3382),.PCURVE_S1.);
#3371 = LINE('',#3372,#3373);
#3372 = CARTESIAN_POINT('',(-32.,17.607695154587,8.));
#3373 = VECTOR('',#3374,1.);
#3374 = DIRECTION('',(-2.017705126997E-16,-1.,0.));
#3375 = PCURVE('',#2517,#3376);
#3376 = DEFINITIONAL_REPRESENTATION('',(#3377),#3381);
#3377 = LINE('',#3378,#3379);
#3378 = CARTESIAN_POINT('',(45.607695154587,-8.));
#3379 = VECTOR('',#3380,1.);
#3380 = DIRECTION('',(-1.,0.));
#3381 = ( GEOMETRIC_REPRESENTATION_CONTEXT(2) 
PARAMETRIC_REPRESENTATION_CONTEXT() REPRESENTATION_CONTEXT('2D SPACE',''
  ) );
#3382 = PCURVE('',#1463,#3383);
#3383 = DEFINITIONAL_REPRESENTATION('',(#3384),#3388);
#3384 = LINE('',#3385,#3386);
#3385 = CARTESIAN_POINT('',(78.,97.607695154587));
#3386 = VECTOR('',#3387,1.);
#3387 = DIRECTION('',(-2.017705126997E-16,-1.));
#3388 = ( GEOMETRIC_REPRESENTATION_CONTEXT(2) 
PARAMETRIC_REPRESENTATION_CONTEXT() REPRESENTATION_CONTEXT('2D SPACE',''
  ) );
#3389 = ADVANCED_FACE('',(#3390,#3393),#2643,.T.);
#3390 = FACE_BOUND('',#3391,.T.);
#3391 = EDGE_LOOP('',(#3392));
#3392 = ORIENTED_EDGE('',*,*,#2628,.T.);
#3393 = FACE_BOUND('',#3394,.T.);
#3394 = EDGE_LOOP('',(#3395,#3424,#3451,#3478));
#3395 = ORIENTED_EDGE('',*,*,#3396,.T.);
#3396 = EDGE_CURVE('',#3397,#3399,#3401,.T.);
#3397 = VERTEX_POINT('',#3398);
#3398 = CARTESIAN_POINT('',(-33.65,-23.65,36.));
#3399 = VERTEX_POINT('',#3400);
#3400 = CARTESIAN_POINT('',(-33.65,-32.35,36.));
#3401 = SURFACE_CURVE('',#3402,(#3406,#3412),.PCURVE_S1.);
#3402 = LINE('',#3403,#3404);
#3403 = CARTESIAN_POINT('',(-33.65,-30.175,36.));
#3404 = VECTOR('',#3405,1.);
#3405 = DIRECTION('',(0.,-1.,0.));
#3406 = PCURVE('',#2643,#3407);
#3407 = DEFINITIONAL_REPRESENTATION('',(#3408),#3411);
#3408 = B_SPLINE_CURVE_WITH_KNOTS('',1,(#3409,#3410),.UNSPECIFIED.,.F.,
  .F.,(2,2),(-6.525,2.175),.PIECEWISE_BEZIER_KNOTS.);
#3409 = CARTESIAN_POINT('',(4.35,4.35));
#3410 = CARTESIAN_POINT('',(4.35,-4.35));
#3411 = ( GEOMETRIC_REPRESENTATION_CONTEXT(2) 
PARAMETRIC_REPRESENTATION_CONTEXT() REPRESENTATION_CONTEXT('2D SPACE',''
  ) );
#3412 = PCURVE('',#3413,#3418);
#3413 = PLANE('',#3414);
#3414 = AXIS2_PLACEMENT_3D('',#3415,#3416,#3417);
#3415 = CARTESIAN_POINT('',(-33.65,-32.35,-1.));
#3416 = DIRECTION('',(-1.,0.,0.));
#3417 = DIRECTION('',(0.,1.,0.));
#3418 = DEFINITIONAL_REPRESENTATION('',(#3419),#3423);
#3419 = LINE('',#3420,#3421);
#3420 = CARTESIAN_POINT('',(2.175,-37.));
#3421 = VECTOR('',#3422,1.);
#3422 = DIRECTION('',(-1.,0.));
#3423 = ( GEOMETRIC_REPRESENTATION_CONTEXT(2) 
PARAMETRIC_REPRESENTATION_CONTEXT() REPRESENTATION_CONTEXT('2D SPACE',''
  ) );
#3424 = ORIENTED_EDGE('',*,*,#3425,.T.);
#3425 = EDGE_CURVE('',#3399,#3426,#3428,.T.);
#3426 = VERTEX_POINT('',#3427);
#3427 = CARTESIAN_POINT('',(-42.35,-32.35,36.));
#3428 = SURFACE_CURVE('',#3429,(#3433,#3439),.PCURVE_S1.);
#3429 = LINE('',#3430,#3431);
#3430 = CARTESIAN_POINT('',(-40.175,-32.35,36.));
#3431 = VECTOR('',#3432,1.);
#3432 = DIRECTION('',(-1.,0.,0.));
#3433 = PCURVE('',#2643,#3434);
#3434 = DEFINITIONAL_REPRESENTATION('',(#3435),#3438);
#3435 = B_SPLINE_CURVE_WITH_KNOTS('',1,(#3436,#3437),.UNSPECIFIED.,.F.,
  .F.,(2,2),(-6.525,2.175),.PIECEWISE_BEZIER_KNOTS.);
#3436 = CARTESIAN_POINT('',(4.35,-4.35));
#3437 = CARTESIAN_POINT('',(-4.35,-4.35));
#3438 = ( GEOMETRIC_REPRESENTATION_CONTEXT(2) 
PARAMETRIC_REPRESENTATION_CONTEXT() REPRESENTATION_CONTEXT('2D SPACE',''
  ) );
#3439 = PCURVE('',#3440,#3445);
#3440 = PLANE('',#3441);
#3441 = AXIS2_PLACEMENT_3D('',#3442,#3443,#3444);
#3442 = CARTESIAN_POINT('',(-42.35,-32.35,-1.));
#3443 = DIRECTION('',(0.,1.,0.));
#3444 = DIRECTION('',(1.,0.,0.));
#3445 = DEFINITIONAL_REPRESENTATION('',(#3446),#3450);
#3446 = LINE('',#3447,#3448);
#3447 = CARTESIAN_POINT('',(2.175,-37.));
#3448 = VECTOR('',#3449,1.);
#3449 = DIRECTION('',(-1.,0.));
#3450 = ( GEOMETRIC_REPRESENTATION_CONTEXT(2) 
PARAMETRIC_REPRESENTATION_CONTEXT() REPRESENTATION_CONTEXT('2D SPACE',''
  ) );
#3451 = ORIENTED_EDGE('',*,*,#3452,.T.);
#3452 = EDGE_CURVE('',#3426,#3453,#3455,.T.);
#3453 = VERTEX_POINT('',#3454);
#3454 = CARTESIAN_POINT('',(-42.35,-23.65,36.));
#3455 = SURFACE_CURVE('',#3456,(#3460,#3466),.PCURVE_S1.);
#3456 = LINE('',#3457,#3458);
#3457 = CARTESIAN_POINT('',(-42.35,-25.825,36.));
#3458 = VECTOR('',#3459,1.);
#3459 = DIRECTION('',(-0.,1.,0.));
#3460 = PCURVE('',#2643,#3461);
#3461 = DEFINITIONAL_REPRESENTATION('',(#3462),#3465);
#3462 = B_SPLINE_CURVE_WITH_KNOTS('',1,(#3463,#3464),.UNSPECIFIED.,.F.,
  .F.,(2,2),(-6.525,2.175),.PIECEWISE_BEZIER_KNOTS.);
#3463 = CARTESIAN_POINT('',(-4.35,-4.35));
#3464 = CARTESIAN_POINT('',(-4.35,4.35));
#3465 = ( GEOMETRIC_REPRESENTATION_CONTEXT(2) 
PARAMETRIC_REPRESENTATION_CONTEXT() REPRESENTATION_CONTEXT('2D SPACE',''
  ) );
#3466 = PCURVE('',#3467,#3472);
#3467 = PLANE('',#3468);
#3468 = AXIS2_PLACEMENT_3D('',#3469,#3470,#3471);
#3469 = CARTESIAN_POINT('',(-42.35,-23.65,-1.));
#3470 = DIRECTION('',(1.,0.,-0.));
#3471 = DIRECTION('',(0.,-1.,0.));
#3472 = DEFINITIONAL_REPRESENTATION('',(#3473),#3477);
#3473 = LINE('',#3474,#3475);
#3474 = CARTESIAN_POINT('',(2.175,-37.));
#3475 = VECTOR('',#3476,1.);
#3476 = DIRECTION('',(-1.,-0.));
#3477 = ( GEOMETRIC_REPRESENTATION_CONTEXT(2) 
PARAMETRIC_REPRESENTATION_CONTEXT() REPRESENTATION_CONTEXT('2D SPACE',''
  ) );
#3478 = ORIENTED_EDGE('',*,*,#3479,.T.);
#3479 = EDGE_CURVE('',#3453,#3397,#3480,.T.);
#3480 = SURFACE_CURVE('',#3481,(#3485,#3491),.PCURVE_S1.);
#3481 = LINE('',#3482,#3483);
#3482 = CARTESIAN_POINT('',(-35.825,-23.65,36.));
#3483 = VECTOR('',#3484,1.);
#3484 = DIRECTION('',(1.,0.,-0.));
#3485 = PCURVE('',#2643,#3486);
#3486 = DEFINITIONAL_REPRESENTATION('',(#3487),#3490);
#3487 = B_SPLINE_CURVE_WITH_KNOTS('',1,(#3488,#3489),.UNSPECIFIED.,.F.,
  .F.,(2,2),(-6.525,2.175),.PIECEWISE_BEZIER_KNOTS.);
#3488 = CARTESIAN_POINT('',(-4.35,4.35));
#3489 = CARTESIAN_POINT('',(4.35,4.35));
#3490 = ( GEOMETRIC_REPRESENTATION_CONTEXT(2) 
PARAMETRIC_REPRESENTATION_CONTEXT() REPRESENTATION_CONTEXT('2D SPACE',''
  ) );
#3491 = PCURVE('',#3492,#3497);
#3492 = PLANE('',#3493);
#3493 = AXIS2_PLACEMENT_3D('',#3494,#3495,#3496);
#3494 = CARTESIAN_POINT('',(-33.65,-23.65,-1.));
#3495 = DIRECTION('',(0.,-1.,0.));
#3496 = DIRECTION('',(-1.,0.,0.));
#3497 = DEFINITIONAL_REPRESENTATION('',(#3498),#3502);
#3498 = LINE('',#3499,#3500);
#3499 = CARTESIAN_POINT('',(2.175,-37.));
#3500 = VECTOR('',#3501,1.);
#3501 = DIRECTION('',(-1.,0.));
#3502 = ( GEOMETRIC_REPRESENTATION_CONTEXT(2) 
PARAMETRIC_REPRESENTATION_CONTEXT() REPRESENTATION_CONTEXT('2D SPACE',''
  ) );
#3503 = ADVANCED_FACE('',(#3504),#3440,.T.);
#3504 = FACE_BOUND('',#3505,.T.);
#3505 = EDGE_LOOP('',(#3506,#3529,#3557,#3578));
#3506 = ORIENTED_EDGE('',*,*,#3507,.T.);
#3507 = EDGE_CURVE('',#3399,#3508,#3510,.T.);
#3508 = VERTEX_POINT('',#3509);
#3509 = CARTESIAN_POINT('',(-33.65,-32.35,4.5));
#3510 = SURFACE_CURVE('',#3511,(#3515,#3522),.PCURVE_S1.);
#3511 = LINE('',#3512,#3513);
#3512 = CARTESIAN_POINT('',(-33.65,-32.35,36.));
#3513 = VECTOR('',#3514,1.);
#3514 = DIRECTION('',(0.,0.,-1.));
#3515 = PCURVE('',#3440,#3516);
#3516 = DEFINITIONAL_REPRESENTATION('',(#3517),#3521);
#3517 = LINE('',#3518,#3519);
#3518 = CARTESIAN_POINT('',(8.7,-37.));
#3519 = VECTOR('',#3520,1.);
#3520 = DIRECTION('',(0.,1.));
#3521 = ( GEOMETRIC_REPRESENTATION_CONTEXT(2) 
PARAMETRIC_REPRESENTATION_CONTEXT() REPRESENTATION_CONTEXT('2D SPACE',''
  ) );
#3522 = PCURVE('',#3413,#3523);
#3523 = DEFINITIONAL_REPRESENTATION('',(#3524),#3528);
#3524 = LINE('',#3525,#3526);
#3525 = CARTESIAN_POINT('',(0.,-37.));
#3526 = VECTOR('',#3527,1.);
#3527 = DIRECTION('',(0.,1.));
#3528 = ( GEOMETRIC_REPRESENTATION_CONTEXT(2) 
PARAMETRIC_REPRESENTATION_CONTEXT() REPRESENTATION_CONTEXT('2D SPACE',''
  ) );
#3529 = ORIENTED_EDGE('',*,*,#3530,.F.);
#3530 = EDGE_CURVE('',#3531,#3508,#3533,.T.);
#3531 = VERTEX_POINT('',#3532);
#3532 = CARTESIAN_POINT('',(-42.35,-32.35,4.5));
#3533 = SURFACE_CURVE('',#3534,(#3538,#3545),.PCURVE_S1.);
#3534 = LINE('',#3535,#3536);
#3535 = CARTESIAN_POINT('',(-42.35,-32.35,4.5));
#3536 = VECTOR('',#3537,1.);
#3537 = DIRECTION('',(1.,0.,0.));
#3538 = PCURVE('',#3440,#3539);
#3539 = DEFINITIONAL_REPRESENTATION('',(#3540),#3544);
#3540 = LINE('',#3541,#3542);
#3541 = CARTESIAN_POINT('',(0.,-5.5));
#3542 = VECTOR('',#3543,1.);
#3543 = DIRECTION('',(1.,0.));
#3544 = ( GEOMETRIC_REPRESENTATION_CONTEXT(2) 
PARAMETRIC_REPRESENTATION_CONTEXT() REPRESENTATION_CONTEXT('2D SPACE',''
  ) );
#3545 = PCURVE('',#3546,#3551);
#3546 = PLANE('',#3547);
#3547 = AXIS2_PLACEMENT_3D('',#3548,#3549,#3550);
#3548 = CARTESIAN_POINT('',(-38.,-28.,4.5));
#3549 = DIRECTION('',(0.,0.,1.));
#3550 = DIRECTION('',(1.,0.,-0.));
#3551 = DEFINITIONAL_REPRESENTATION('',(#3552),#3556);
#3552 = LINE('',#3553,#3554);
#3553 = CARTESIAN_POINT('',(-4.35,-4.35));
#3554 = VECTOR('',#3555,1.);
#3555 = DIRECTION('',(1.,0.));
#3556 = ( GEOMETRIC_REPRESENTATION_CONTEXT(2) 
PARAMETRIC_REPRESENTATION_CONTEXT() REPRESENTATION_CONTEXT('2D SPACE',''
  ) );
#3557 = ORIENTED_EDGE('',*,*,#3558,.T.);
#3558 = EDGE_CURVE('',#3531,#3426,#3559,.T.);
#3559 = SURFACE_CURVE('',#3560,(#3564,#3571),.PCURVE_S1.);
#3560 = LINE('',#3561,#3562);
#3561 = CARTESIAN_POINT('',(-42.35,-32.35,-1.));
#3562 = VECTOR('',#3563,1.);
#3563 = DIRECTION('',(0.,0.,1.));
#3564 = PCURVE('',#3440,#3565);
#3565 = DEFINITIONAL_REPRESENTATION('',(#3566),#3570);
#3566 = LINE('',#3567,#3568);
#3567 = CARTESIAN_POINT('',(0.,0.));
#3568 = VECTOR('',#3569,1.);
#3569 = DIRECTION('',(0.,-1.));
#3570 = ( GEOMETRIC_REPRESENTATION_CONTEXT(2) 
PARAMETRIC_REPRESENTATION_CONTEXT() REPRESENTATION_CONTEXT('2D SPACE',''
  ) );
#3571 = PCURVE('',#3467,#3572);
#3572 = DEFINITIONAL_REPRESENTATION('',(#3573),#3577);
#3573 = LINE('',#3574,#3575);
#3574 = CARTESIAN_POINT('',(8.7,0.));
#3575 = VECTOR('',#3576,1.);
#3576 = DIRECTION('',(0.,-1.));
#3577 = ( GEOMETRIC_REPRESENTATION_CONTEXT(2) 
PARAMETRIC_REPRESENTATION_CONTEXT() REPRESENTATION_CONTEXT('2D SPACE',''
  ) );
#3578 = ORIENTED_EDGE('',*,*,#3425,.F.);
#3579 = ADVANCED_FACE('',(#3580,#3648),#3546,.F.);
#3580 = FACE_BOUND('',#3581,.F.);
#3581 = EDGE_LOOP('',(#3582,#3605,#3627,#3647));
#3582 = ORIENTED_EDGE('',*,*,#3583,.F.);
#3583 = EDGE_CURVE('',#3584,#3531,#3586,.T.);
#3584 = VERTEX_POINT('',#3585);
#3585 = CARTESIAN_POINT('',(-42.35,-23.65,4.5));
#3586 = SURFACE_CURVE('',#3587,(#3591,#3598),.PCURVE_S1.);
#3587 = LINE('',#3588,#3589);
#3588 = CARTESIAN_POINT('',(-42.35,-23.65,4.5));
#3589 = VECTOR('',#3590,1.);
#3590 = DIRECTION('',(0.,-1.,0.));
#3591 = PCURVE('',#3546,#3592);
#3592 = DEFINITIONAL_REPRESENTATION('',(#3593),#3597);
#3593 = LINE('',#3594,#3595);
#3594 = CARTESIAN_POINT('',(-4.35,4.35));
#3595 = VECTOR('',#3596,1.);
#3596 = DIRECTION('',(0.,-1.));
#3597 = ( GEOMETRIC_REPRESENTATION_CONTEXT(2) 
PARAMETRIC_REPRESENTATION_CONTEXT() REPRESENTATION_CONTEXT('2D SPACE',''
  ) );
#3598 = PCURVE('',#3467,#3599);
#3599 = DEFINITIONAL_REPRESENTATION('',(#3600),#3604);
#3600 = LINE('',#3601,#3602);
#3601 = CARTESIAN_POINT('',(0.,-5.5));
#3602 = VECTOR('',#3603,1.);
#3603 = DIRECTION('',(1.,0.));
#3604 = ( GEOMETRIC_REPRESENTATION_CONTEXT(2) 
PARAMETRIC_REPRESENTATION_CONTEXT() REPRESENTATION_CONTEXT('2D SPACE',''
  ) );
#3605 = ORIENTED_EDGE('',*,*,#3606,.F.);
#3606 = EDGE_CURVE('',#3607,#3584,#3609,.T.);
#3607 = VERTEX_POINT('',#3608);
#3608 = CARTESIAN_POINT('',(-33.65,-23.65,4.5));
#3609 = SURFACE_CURVE('',#3610,(#3614,#3621),.PCURVE_S1.);
#3610 = LINE('',#3611,#3612);
#3611 = CARTESIAN_POINT('',(-35.825,-23.65,4.5));
#3612 = VECTOR('',#3613,1.);
#3613 = DIRECTION('',(-1.,0.,0.));
#3614 = PCURVE('',#3546,#3615);
#3615 = DEFINITIONAL_REPRESENTATION('',(#3616),#3620);
#3616 = LINE('',#3617,#3618);
#3617 = CARTESIAN_POINT('',(2.175,4.35));
#3618 = VECTOR('',#3619,1.);
#3619 = DIRECTION('',(-1.,0.));
#3620 = ( GEOMETRIC_REPRESENTATION_CONTEXT(2) 
PARAMETRIC_REPRESENTATION_CONTEXT() REPRESENTATION_CONTEXT('2D SPACE',''
  ) );
#3621 = PCURVE('',#3492,#3622);
#3622 = DEFINITIONAL_REPRESENTATION('',(#3623),#3626);
#3623 = B_SPLINE_CURVE_WITH_KNOTS('',1,(#3624,#3625),.UNSPECIFIED.,.F.,
  .F.,(2,2),(-2.175,6.525),.PIECEWISE_BEZIER_KNOTS.);
#3624 = CARTESIAN_POINT('',(0.,-5.5));
#3625 = CARTESIAN_POINT('',(8.7,-5.5));
#3626 = ( GEOMETRIC_REPRESENTATION_CONTEXT(2) 
PARAMETRIC_REPRESENTATION_CONTEXT() REPRESENTATION_CONTEXT('2D SPACE',''
  ) );
#3627 = ORIENTED_EDGE('',*,*,#3628,.F.);
#3628 = EDGE_CURVE('',#3508,#3607,#3629,.T.);
#3629 = SURFACE_CURVE('',#3630,(#3634,#3641),.PCURVE_S1.);
#3630 = LINE('',#3631,#3632);
#3631 = CARTESIAN_POINT('',(-33.65,-30.175,4.5));
#3632 = VECTOR('',#3633,1.);
#3633 = DIRECTION('',(0.,1.,-0.));
#3634 = PCURVE('',#3546,#3635);
#3635 = DEFINITIONAL_REPRESENTATION('',(#3636),#3640);
#3636 = LINE('',#3637,#3638);
#3637 = CARTESIAN_POINT('',(4.35,-2.175));
#3638 = VECTOR('',#3639,1.);
#3639 = DIRECTION('',(0.,1.));
#3640 = ( GEOMETRIC_REPRESENTATION_CONTEXT(2) 
PARAMETRIC_REPRESENTATION_CONTEXT() REPRESENTATION_CONTEXT('2D SPACE',''
  ) );
#3641 = PCURVE('',#3413,#3642);
#3642 = DEFINITIONAL_REPRESENTATION('',(#3643),#3646);
#3643 = B_SPLINE_CURVE_WITH_KNOTS('',1,(#3644,#3645),.UNSPECIFIED.,.F.,
  .F.,(2,2),(-2.175,6.525),.PIECEWISE_BEZIER_KNOTS.);
#3644 = CARTESIAN_POINT('',(0.,-5.5));
#3645 = CARTESIAN_POINT('',(8.7,-5.5));
#3646 = ( GEOMETRIC_REPRESENTATION_CONTEXT(2) 
PARAMETRIC_REPRESENTATION_CONTEXT() REPRESENTATION_CONTEXT('2D SPACE',''
  ) );
#3647 = ORIENTED_EDGE('',*,*,#3530,.F.);
#3648 = FACE_BOUND('',#3649,.F.);
#3649 = EDGE_LOOP('',(#3650));
#3650 = ORIENTED_EDGE('',*,*,#3651,.T.);
#3651 = EDGE_CURVE('',#3652,#3652,#3654,.T.);
#3652 = VERTEX_POINT('',#3653);
#3653 = CARTESIAN_POINT('',(-28.,-28.,4.5));
#3654 = SURFACE_CURVE('',#3655,(#3660,#3667),.PCURVE_S1.);
#3655 = CIRCLE('',#3656,10.);
#3656 = AXIS2_PLACEMENT_3D('',#3657,#3658,#3659);
#3657 = CARTESIAN_POINT('',(-38.,-28.,4.5));
#3658 = DIRECTION('',(0.,0.,1.));
#3659 = DIRECTION('',(1.,0.,0.));
#3660 = PCURVE('',#3546,#3661);
#3661 = DEFINITIONAL_REPRESENTATION('',(#3662),#3666);
#3662 = CIRCLE('',#3663,10.);
#3663 = AXIS2_PLACEMENT_2D('',#3664,#3665);
#3664 = CARTESIAN_POINT('',(-7.105427357601E-15,0.));
#3665 = DIRECTION('',(1.,0.));
#3666 = ( GEOMETRIC_REPRESENTATION_CONTEXT(2) 
PARAMETRIC_REPRESENTATION_CONTEXT() REPRESENTATION_CONTEXT('2D SPACE',''
  ) );
#3667 = PCURVE('',#449,#3668);
#3668 = DEFINITIONAL_REPRESENTATION('',(#3669),#3673);
#3669 = LINE('',#3670,#3671);
#3670 = CARTESIAN_POINT('',(-0.,-4.5));
#3671 = VECTOR('',#3672,1.);
#3672 = DIRECTION('',(-1.,0.));
#3673 = ( GEOMETRIC_REPRESENTATION_CONTEXT(2) 
PARAMETRIC_REPRESENTATION_CONTEXT() REPRESENTATION_CONTEXT('2D SPACE',''
  ) );
#3674 = ADVANCED_FACE('',(#3675),#3467,.T.);
#3675 = FACE_BOUND('',#3676,.T.);
#3676 = EDGE_LOOP('',(#3677,#3698,#3699,#3700));
#3677 = ORIENTED_EDGE('',*,*,#3678,.F.);
#3678 = EDGE_CURVE('',#3453,#3584,#3679,.T.);
#3679 = SURFACE_CURVE('',#3680,(#3684,#3691),.PCURVE_S1.);
#3680 = LINE('',#3681,#3682);
#3681 = CARTESIAN_POINT('',(-42.35,-23.65,36.));
#3682 = VECTOR('',#3683,1.);
#3683 = DIRECTION('',(0.,0.,-1.));
#3684 = PCURVE('',#3467,#3685);
#3685 = DEFINITIONAL_REPRESENTATION('',(#3686),#3690);
#3686 = LINE('',#3687,#3688);
#3687 = CARTESIAN_POINT('',(0.,-37.));
#3688 = VECTOR('',#3689,1.);
#3689 = DIRECTION('',(0.,1.));
#3690 = ( GEOMETRIC_REPRESENTATION_CONTEXT(2) 
PARAMETRIC_REPRESENTATION_CONTEXT() REPRESENTATION_CONTEXT('2D SPACE',''
  ) );
#3691 = PCURVE('',#3492,#3692);
#3692 = DEFINITIONAL_REPRESENTATION('',(#3693),#3697);
#3693 = LINE('',#3694,#3695);
#3694 = CARTESIAN_POINT('',(8.7,-37.));
#3695 = VECTOR('',#3696,1.);
#3696 = DIRECTION('',(0.,1.));
#3697 = ( GEOMETRIC_REPRESENTATION_CONTEXT(2) 
PARAMETRIC_REPRESENTATION_CONTEXT() REPRESENTATION_CONTEXT('2D SPACE',''
  ) );
#3698 = ORIENTED_EDGE('',*,*,#3452,.F.);
#3699 = ORIENTED_EDGE('',*,*,#3558,.F.);
#3700 = ORIENTED_EDGE('',*,*,#3583,.F.);
#3701 = ADVANCED_FACE('',(#3702),#3492,.T.);
#3702 = FACE_BOUND('',#3703,.T.);
#3703 = EDGE_LOOP('',(#3704,#3725,#3726,#3727));
#3704 = ORIENTED_EDGE('',*,*,#3705,.F.);
#3705 = EDGE_CURVE('',#3397,#3607,#3706,.T.);
#3706 = SURFACE_CURVE('',#3707,(#3711,#3718),.PCURVE_S1.);
#3707 = LINE('',#3708,#3709);
#3708 = CARTESIAN_POINT('',(-33.65,-23.65,36.));
#3709 = VECTOR('',#3710,1.);
#3710 = DIRECTION('',(0.,0.,-1.));
#3711 = PCURVE('',#3492,#3712);
#3712 = DEFINITIONAL_REPRESENTATION('',(#3713),#3717);
#3713 = LINE('',#3714,#3715);
#3714 = CARTESIAN_POINT('',(0.,-37.));
#3715 = VECTOR('',#3716,1.);
#3716 = DIRECTION('',(0.,1.));
#3717 = ( GEOMETRIC_REPRESENTATION_CONTEXT(2) 
PARAMETRIC_REPRESENTATION_CONTEXT() REPRESENTATION_CONTEXT('2D SPACE',''
  ) );
#3718 = PCURVE('',#3413,#3719);
#3719 = DEFINITIONAL_REPRESENTATION('',(#3720),#3724);
#3720 = LINE('',#3721,#3722);
#3721 = CARTESIAN_POINT('',(8.7,-37.));
#3722 = VECTOR('',#3723,1.);
#3723 = DIRECTION('',(0.,1.));
#3724 = ( GEOMETRIC_REPRESENTATION_CONTEXT(2) 
PARAMETRIC_REPRESENTATION_CONTEXT() REPRESENTATION_CONTEXT('2D SPACE',''
  ) );
#3725 = ORIENTED_EDGE('',*,*,#3479,.F.);
#3726 = ORIENTED_EDGE('',*,*,#3678,.T.);
#3727 = ORIENTED_EDGE('',*,*,#3606,.F.);
#3728 = ADVANCED_FACE('',(#3729),#3413,.T.);
#3729 = FACE_BOUND('',#3730,.T.);
#3730 = EDGE_LOOP('',(#3731,#3732,#3733,#3734));
#3731 = ORIENTED_EDGE('',*,*,#3507,.F.);
#3732 = ORIENTED_EDGE('',*,*,#3396,.F.);
#3733 = ORIENTED_EDGE('',*,*,#3705,.T.);
#3734 = ORIENTED_EDGE('',*,*,#3628,.F.);
#3735 = ADVANCED_FACE('',(#3736),#1793,.T.);
#3736 = FACE_BOUND('',#3737,.T.);
#3737 = EDGE_LOOP('',(#3738,#3759,#3760,#3761,#3762));
#3738 = ORIENTED_EDGE('',*,*,#3739,.F.);
#3739 = EDGE_CURVE('',#2558,#1777,#3740,.T.);
#3740 = SURFACE_CURVE('',#3741,(#3745,#3752),.PCURVE_S1.);
#3741 = LINE('',#3742,#3743);
#3742 = CARTESIAN_POINT('',(-27.60769515458,-22.,18.));
#3743 = VECTOR('',#3744,1.);
#3744 = DIRECTION('',(1.,0.,0.));
#3745 = PCURVE('',#1793,#3746);
#3746 = DEFINITIONAL_REPRESENTATION('',(#3747),#3751);
#3747 = LINE('',#3748,#3749);
#3748 = CARTESIAN_POINT('',(-46.60769515458,6.));
#3749 = VECTOR('',#3750,1.);
#3750 = DIRECTION('',(1.,0.));
#3751 = ( GEOMETRIC_REPRESENTATION_CONTEXT(2) 
PARAMETRIC_REPRESENTATION_CONTEXT() REPRESENTATION_CONTEXT('2D SPACE',''
  ) );
#3752 = PCURVE('',#1824,#3753);
#3753 = DEFINITIONAL_REPRESENTATION('',(#3754),#3758);
#3754 = LINE('',#3755,#3756);
#3755 = CARTESIAN_POINT('',(65.607695154587,-18.));
#3756 = VECTOR('',#3757,1.);
#3757 = DIRECTION('',(-1.,-0.));
#3758 = ( GEOMETRIC_REPRESENTATION_CONTEXT(2) 
PARAMETRIC_REPRESENTATION_CONTEXT() REPRESENTATION_CONTEXT('2D SPACE',''
  ) );
#3759 = ORIENTED_EDGE('',*,*,#2579,.T.);
#3760 = ORIENTED_EDGE('',*,*,#2385,.T.);
#3761 = ORIENTED_EDGE('',*,*,#2339,.F.);
#3762 = ORIENTED_EDGE('',*,*,#1776,.T.);
#3763 = ADVANCED_FACE('',(#3764),#1824,.F.);
#3764 = FACE_BOUND('',#3765,.F.);
#3765 = EDGE_LOOP('',(#3766,#3767,#3768,#3769));
#3766 = ORIENTED_EDGE('',*,*,#1809,.F.);
#3767 = ORIENTED_EDGE('',*,*,#3739,.F.);
#3768 = ORIENTED_EDGE('',*,*,#2557,.T.);
#3769 = ORIENTED_EDGE('',*,*,#3770,.T.);
#3770 = EDGE_CURVE('',#2530,#1810,#3771,.T.);
#3771 = SURFACE_CURVE('',#3772,(#3776,#3783),.PCURVE_S1.);
#3772 = LINE('',#3773,#3774);
#3773 = CARTESIAN_POINT('',(-27.60769515458,-22.,8.));
#3774 = VECTOR('',#3775,1.);
#3775 = DIRECTION('',(1.,-1.286856312672E-16,0.));
#3776 = PCURVE('',#1824,#3777);
#3777 = DEFINITIONAL_REPRESENTATION('',(#3778),#3782);
#3778 = LINE('',#3779,#3780);
#3779 = CARTESIAN_POINT('',(65.607695154587,-8.));
#3780 = VECTOR('',#3781,1.);
#3781 = DIRECTION('',(-1.,-0.));
#3782 = ( GEOMETRIC_REPRESENTATION_CONTEXT(2) 
PARAMETRIC_REPRESENTATION_CONTEXT() REPRESENTATION_CONTEXT('2D SPACE',''
  ) );
#3783 = PCURVE('',#1463,#3784);
#3784 = DEFINITIONAL_REPRESENTATION('',(#3785),#3789);
#3785 = LINE('',#3786,#3787);
#3786 = CARTESIAN_POINT('',(82.392304845413,58.));
#3787 = VECTOR('',#3788,1.);
#3788 = DIRECTION('',(1.,-1.286856312672E-16));
#3789 = ( GEOMETRIC_REPRESENTATION_CONTEXT(2) 
PARAMETRIC_REPRESENTATION_CONTEXT() REPRESENTATION_CONTEXT('2D SPACE',''
  ) );
#3790 = ADVANCED_FACE('',(#3791),#1403,.T.);
#3791 = FACE_BOUND('',#3792,.T.);
#3792 = EDGE_LOOP('',(#3793,#3814,#3815,#3816));
#3793 = ORIENTED_EDGE('',*,*,#3794,.T.);
#3794 = EDGE_CURVE('',#1387,#1865,#3795,.T.);
#3795 = SURFACE_CURVE('',#3796,(#3800,#3807),.PCURVE_S1.);
#3796 = LINE('',#3797,#3798);
#3797 = CARTESIAN_POINT('',(32.,17.607695154587,18.));
#3798 = VECTOR('',#3799,1.);
#3799 = DIRECTION('',(0.,-1.,0.));
#3800 = PCURVE('',#1403,#3801);
#3801 = DEFINITIONAL_REPRESENTATION('',(#3802),#3806);
#3802 = LINE('',#3803,#3804);
#3803 = CARTESIAN_POINT('',(-6.,3.607695154587));
#3804 = VECTOR('',#3805,1.);
#3805 = DIRECTION('',(0.,-1.));
#3806 = ( GEOMETRIC_REPRESENTATION_CONTEXT(2) 
PARAMETRIC_REPRESENTATION_CONTEXT() REPRESENTATION_CONTEXT('2D SPACE',''
  ) );
#3807 = PCURVE('',#1434,#3808);
#3808 = DEFINITIONAL_REPRESENTATION('',(#3809),#3813);
#3809 = LINE('',#3810,#3811);
#3810 = CARTESIAN_POINT('',(10.392304845413,-18.));
#3811 = VECTOR('',#3812,1.);
#3812 = DIRECTION('',(1.,0.));
#3813 = ( GEOMETRIC_REPRESENTATION_CONTEXT(2) 
PARAMETRIC_REPRESENTATION_CONTEXT() REPRESENTATION_CONTEXT('2D SPACE',''
  ) );
#3814 = ORIENTED_EDGE('',*,*,#1886,.T.);
#3815 = ORIENTED_EDGE('',*,*,#1617,.F.);
#3816 = ORIENTED_EDGE('',*,*,#1386,.T.);
#3817 = ADVANCED_FACE('',(#3818),#1434,.F.);
#3818 = FACE_BOUND('',#3819,.F.);
#3819 = EDGE_LOOP('',(#3820,#3821,#3822,#3823));
#3820 = ORIENTED_EDGE('',*,*,#1419,.F.);
#3821 = ORIENTED_EDGE('',*,*,#3794,.T.);
#3822 = ORIENTED_EDGE('',*,*,#1864,.T.);
#3823 = ORIENTED_EDGE('',*,*,#3824,.T.);
#3824 = EDGE_CURVE('',#1837,#1420,#3825,.T.);
#3825 = SURFACE_CURVE('',#3826,(#3830,#3837),.PCURVE_S1.);
#3826 = LINE('',#3827,#3828);
#3827 = CARTESIAN_POINT('',(32.,-17.60769515458,8.));
#3828 = VECTOR('',#3829,1.);
#3829 = DIRECTION('',(1.008852563498E-16,1.,0.));
#3830 = PCURVE('',#1434,#3831);
#3831 = DEFINITIONAL_REPRESENTATION('',(#3832),#3836);
#3832 = LINE('',#3833,#3834);
#3833 = CARTESIAN_POINT('',(45.607695154587,-8.));
#3834 = VECTOR('',#3835,1.);
#3835 = DIRECTION('',(-1.,0.));
#3836 = ( GEOMETRIC_REPRESENTATION_CONTEXT(2) 
PARAMETRIC_REPRESENTATION_CONTEXT() REPRESENTATION_CONTEXT('2D SPACE',''
  ) );
#3837 = PCURVE('',#1463,#3838);
#3838 = DEFINITIONAL_REPRESENTATION('',(#3839),#3843);
#3839 = LINE('',#3840,#3841);
#3840 = CARTESIAN_POINT('',(142.,62.392304845413));
#3841 = VECTOR('',#3842,1.);
#3842 = DIRECTION('',(1.008852563498E-16,1.));
#3843 = ( GEOMETRIC_REPRESENTATION_CONTEXT(2) 
PARAMETRIC_REPRESENTATION_CONTEXT() REPRESENTATION_CONTEXT('2D SPACE',''
  ) );
#3844 = ADVANCED_FACE('',(#3845,#3875),#1463,.T.);
#3845 = FACE_BOUND('',#3846,.T.);
#3846 = EDGE_LOOP('',(#3847,#3848,#3849,#3850,#3851,#3852,#3853,#3874));
#3847 = ORIENTED_EDGE('',*,*,#3369,.T.);
#3848 = ORIENTED_EDGE('',*,*,#2529,.T.);
#3849 = ORIENTED_EDGE('',*,*,#3770,.T.);
#3850 = ORIENTED_EDGE('',*,*,#1836,.T.);
#3851 = ORIENTED_EDGE('',*,*,#3824,.T.);
#3852 = ORIENTED_EDGE('',*,*,#1446,.T.);
#3853 = ORIENTED_EDGE('',*,*,#3854,.T.);
#3854 = EDGE_CURVE('',#1447,#2765,#3855,.T.);
#3855 = SURFACE_CURVE('',#3856,(#3860,#3867),.PCURVE_S1.);
#3856 = LINE('',#3857,#3858);
#3857 = CARTESIAN_POINT('',(27.607695154587,22.,8.));
#3858 = VECTOR('',#3859,1.);
#3859 = DIRECTION('',(-1.,6.43428156336E-17,0.));
#3860 = PCURVE('',#1463,#3861);
#3861 = DEFINITIONAL_REPRESENTATION('',(#3862),#3866);
#3862 = LINE('',#3863,#3864);
#3863 = CARTESIAN_POINT('',(137.60769515458,102.));
#3864 = VECTOR('',#3865,1.);
#3865 = DIRECTION('',(-1.,6.43428156336E-17));
#3866 = ( GEOMETRIC_REPRESENTATION_CONTEXT(2) 
PARAMETRIC_REPRESENTATION_CONTEXT() REPRESENTATION_CONTEXT('2D SPACE',''
  ) );
#3867 = PCURVE('',#1494,#3868);
#3868 = DEFINITIONAL_REPRESENTATION('',(#3869),#3873);
#3869 = LINE('',#3870,#3871);
#3870 = CARTESIAN_POINT('',(65.607695154587,-8.));
#3871 = VECTOR('',#3872,1.);
#3872 = DIRECTION('',(-1.,0.));
#3873 = ( GEOMETRIC_REPRESENTATION_CONTEXT(2) 
PARAMETRIC_REPRESENTATION_CONTEXT() REPRESENTATION_CONTEXT('2D SPACE',''
  ) );
#3874 = ORIENTED_EDGE('',*,*,#2786,.T.);
#3875 = FACE_BOUND('',#3876,.T.);
#3876 = EDGE_LOOP('',(#3877));
#3877 = ORIENTED_EDGE('',*,*,#3878,.F.);
#3878 = EDGE_CURVE('',#3879,#3879,#3881,.T.);
#3879 = VERTEX_POINT('',#3880);
#3880 = CARTESIAN_POINT('',(8.,0.,8.));
#3881 = SURFACE_CURVE('',#3882,(#3887,#3894),.PCURVE_S1.);
#3882 = CIRCLE('',#3883,8.);
#3883 = AXIS2_PLACEMENT_3D('',#3884,#3885,#3886);
#3884 = CARTESIAN_POINT('',(0.,0.,8.));
#3885 = DIRECTION('',(0.,0.,1.));
#3886 = DIRECTION('',(1.,0.,0.));
#3887 = PCURVE('',#1463,#3888);
#3888 = DEFINITIONAL_REPRESENTATION('',(#3889),#3893);
#3889 = CIRCLE('',#3890,8.);
#3890 = AXIS2_PLACEMENT_2D('',#3891,#3892);
#3891 = CARTESIAN_POINT('',(110.,80.));
#3892 = DIRECTION('',(1.,0.));
#3893 = ( GEOMETRIC_REPRESENTATION_CONTEXT(2) 
PARAMETRIC_REPRESENTATION_CONTEXT() REPRESENTATION_CONTEXT('2D SPACE',''
  ) );
#3894 = PCURVE('',#3895,#3900);
#3895 = CYLINDRICAL_SURFACE('',#3896,8.);
#3896 = AXIS2_PLACEMENT_3D('',#3897,#3898,#3899);
#3897 = CARTESIAN_POINT('',(0.,0.,5.));
#3898 = DIRECTION('',(-0.,-0.,-1.));
#3899 = DIRECTION('',(1.,0.,0.));
#3900 = DEFINITIONAL_REPRESENTATION('',(#3901),#3905);
#3901 = LINE('',#3902,#3903);
#3902 = CARTESIAN_POINT('',(-0.,-3.));
#3903 = VECTOR('',#3904,1.);
#3904 = DIRECTION('',(-1.,0.));
#3905 = ( GEOMETRIC_REPRESENTATION_CONTEXT(2) 
PARAMETRIC_REPRESENTATION_CONTEXT() REPRESENTATION_CONTEXT('2D SPACE',''
  ) );
#3906 = ADVANCED_FACE('',(#3907),#3895,.F.);
#3907 = FACE_BOUND('',#3908,.T.);
#3908 = EDGE_LOOP('',(#3909,#3932,#3933,#3934));
#3909 = ORIENTED_EDGE('',*,*,#3910,.T.);
#3910 = EDGE_CURVE('',#3911,#3879,#3913,.T.);
#3911 = VERTEX_POINT('',#3912);
#3912 = CARTESIAN_POINT('',(8.,0.,5.));
#3913 = SEAM_CURVE('',#3914,(#3918,#3925),.PCURVE_S1.);
#3914 = LINE('',#3915,#3916);
#3915 = CARTESIAN_POINT('',(8.,0.,5.));
#3916 = VECTOR('',#3917,1.);
#3917 = DIRECTION('',(0.,0.,1.));
#3918 = PCURVE('',#3895,#3919);
#3919 = DEFINITIONAL_REPRESENTATION('',(#3920),#3924);
#3920 = LINE('',#3921,#3922);
#3921 = CARTESIAN_POINT('',(-0.,0.));
#3922 = VECTOR('',#3923,1.);
#3923 = DIRECTION('',(-0.,-1.));
#3924 = ( GEOMETRIC_REPRESENTATION_CONTEXT(2) 
PARAMETRIC_REPRESENTATION_CONTEXT() REPRESENTATION_CONTEXT('2D SPACE',''
  ) );
#3925 = PCURVE('',#3895,#3926);
#3926 = DEFINITIONAL_REPRESENTATION('',(#3927),#3931);
#3927 = LINE('',#3928,#3929);
#3928 = CARTESIAN_POINT('',(-6.28318530718,0.));
#3929 = VECTOR('',#3930,1.);
#3930 = DIRECTION('',(-0.,-1.));
#3931 = ( GEOMETRIC_REPRESENTATION_CONTEXT(2) 
PARAMETRIC_REPRESENTATION_CONTEXT() REPRESENTATION_CONTEXT('2D SPACE',''
  ) );
#3932 = ORIENTED_EDGE('',*,*,#3878,.T.);
#3933 = ORIENTED_EDGE('',*,*,#3910,.F.);
#3934 = ORIENTED_EDGE('',*,*,#3935,.F.);
#3935 = EDGE_CURVE('',#3911,#3911,#3936,.T.);
#3936 = SURFACE_CURVE('',#3937,(#3942,#3949),.PCURVE_S1.);
#3937 = CIRCLE('',#3938,8.);
#3938 = AXIS2_PLACEMENT_3D('',#3939,#3940,#3941);
#3939 = CARTESIAN_POINT('',(0.,0.,5.));
#3940 = DIRECTION('',(0.,0.,1.));
#3941 = DIRECTION('',(1.,0.,0.));
#3942 = PCURVE('',#3895,#3943);
#3943 = DEFINITIONAL_REPRESENTATION('',(#3944),#3948);
#3944 = LINE('',#3945,#3946);
#3945 = CARTESIAN_POINT('',(-0.,0.));
#3946 = VECTOR('',#3947,1.);
#3947 = DIRECTION('',(-1.,0.));
#3948 = ( GEOMETRIC_REPRESENTATION_CONTEXT(2) 
PARAMETRIC_REPRESENTATION_CONTEXT() REPRESENTATION_CONTEXT('2D SPACE',''
  ) );
#3949 = PCURVE('',#3950,#3955);
#3950 = PLANE('',#3951);
#3951 = AXIS2_PLACEMENT_3D('',#3952,#3953,#3954);
#3952 = CARTESIAN_POINT('',(-5.127900497023E-16,6.990076196319E-16,5.));
#3953 = DIRECTION('',(0.,0.,1.));
#3954 = DIRECTION('',(1.,0.,-0.));
#3955 = DEFINITIONAL_REPRESENTATION('',(#3956),#3960);
#3956 = CIRCLE('',#3957,8.);
#3957 = AXIS2_PLACEMENT_2D('',#3958,#3959);
#3958 = CARTESIAN_POINT('',(5.127900497023E-16,-6.990076196319E-16));
#3959 = DIRECTION('',(1.,0.));
#3960 = ( GEOMETRIC_REPRESENTATION_CONTEXT(2) 
PARAMETRIC_REPRESENTATION_CONTEXT() REPRESENTATION_CONTEXT('2D SPACE',''
  ) );
#3961 = ADVANCED_FACE('',(#3962,#3965),#3950,.T.);
#3962 = FACE_BOUND('',#3963,.T.);
#3963 = EDGE_LOOP('',(#3964));
#3964 = ORIENTED_EDGE('',*,*,#3935,.T.);
#3965 = FACE_BOUND('',#3966,.T.);
#3966 = EDGE_LOOP('',(#3967));
#3967 = ORIENTED_EDGE('',*,*,#3968,.T.);
#3968 = EDGE_CURVE('',#3969,#3969,#3971,.T.);
#3969 = VERTEX_POINT('',#3970);
#3970 = CARTESIAN_POINT('',(3.6,0.,5.));
#3971 = SURFACE_CURVE('',#3972,(#3977,#3988),.PCURVE_S1.);
#3972 = CIRCLE('',#3973,3.6);
#3973 = AXIS2_PLACEMENT_3D('',#3974,#3975,#3976);
#3974 = CARTESIAN_POINT('',(0.,0.,5.));
#3975 = DIRECTION('',(0.,0.,-1.));
#3976 = DIRECTION('',(1.,0.,0.));
#3977 = PCURVE('',#3950,#3978);
#3978 = DEFINITIONAL_REPRESENTATION('',(#3979),#3987);
#3979 = ( BOUNDED_CURVE() B_SPLINE_CURVE(2,(#3980,#3981,#3982,#3983,
#3984,#3985,#3986),.UNSPECIFIED.,.T.,.F.) B_SPLINE_CURVE_WITH_KNOTS((1,2
    ,2,2,2,1),(-2.094395102393,0.,2.094395102393,4.188790204786,
6.28318530718,8.377580409573),.UNSPECIFIED.) CURVE() 
GEOMETRIC_REPRESENTATION_ITEM() RATIONAL_B_SPLINE_CURVE((1.,0.5,1.,0.5,
1.,0.5,1.)) REPRESENTATION_ITEM('') );
#3980 = CARTESIAN_POINT('',(3.6,-6.990076196319E-16));
#3981 = CARTESIAN_POINT('',(3.6,-6.235382907248));
#3982 = CARTESIAN_POINT('',(-1.8,-3.117691453624));
#3983 = CARTESIAN_POINT('',(-7.2,-1.580753315018E-15));
#3984 = CARTESIAN_POINT('',(-1.8,3.117691453624));
#3985 = CARTESIAN_POINT('',(3.6,6.235382907248));
#3986 = CARTESIAN_POINT('',(3.6,-6.990076196319E-16));
#3987 = ( GEOMETRIC_REPRESENTATION_CONTEXT(2) 
PARAMETRIC_REPRESENTATION_CONTEXT() REPRESENTATION_CONTEXT('2D SPACE',''
  ) );
#3988 = PCURVE('',#608,#3989);
#3989 = DEFINITIONAL_REPRESENTATION('',(#3990),#3994);
#3990 = LINE('',#3991,#3992);
#3991 = CARTESIAN_POINT('',(-6.28318530718,-6.));
#3992 = VECTOR('',#3993,1.);
#3993 = DIRECTION('',(1.,-0.));
#3994 = ( GEOMETRIC_REPRESENTATION_CONTEXT(2) 
PARAMETRIC_REPRESENTATION_CONTEXT() REPRESENTATION_CONTEXT('2D SPACE',''
  ) );
#3995 = ADVANCED_FACE('',(#3996),#1494,.F.);
#3996 = FACE_BOUND('',#3997,.F.);
#3997 = EDGE_LOOP('',(#3998,#3999,#4020,#4021));
#3998 = ORIENTED_EDGE('',*,*,#2764,.F.);
#3999 = ORIENTED_EDGE('',*,*,#4000,.F.);
#4000 = EDGE_CURVE('',#1480,#2737,#4001,.T.);
#4001 = SURFACE_CURVE('',#4002,(#4006,#4013),.PCURVE_S1.);
#4002 = LINE('',#4003,#4004);
#4003 = CARTESIAN_POINT('',(27.607695154587,22.,18.));
#4004 = VECTOR('',#4005,1.);
#4005 = DIRECTION('',(-1.,0.,0.));
#4006 = PCURVE('',#1494,#4007);
#4007 = DEFINITIONAL_REPRESENTATION('',(#4008),#4012);
#4008 = LINE('',#4009,#4010);
#4009 = CARTESIAN_POINT('',(65.607695154587,-18.));
#4010 = VECTOR('',#4011,1.);
#4011 = DIRECTION('',(-1.,0.));
#4012 = ( GEOMETRIC_REPRESENTATION_CONTEXT(2) 
PARAMETRIC_REPRESENTATION_CONTEXT() REPRESENTATION_CONTEXT('2D SPACE',''
  ) );
#4013 = PCURVE('',#1523,#4014);
#4014 = DEFINITIONAL_REPRESENTATION('',(#4015),#4019);
#4015 = LINE('',#4016,#4017);
#4016 = CARTESIAN_POINT('',(46.607695154587,-6.));
#4017 = VECTOR('',#4018,1.);
#4018 = DIRECTION('',(-1.,0.));
#4019 = ( GEOMETRIC_REPRESENTATION_CONTEXT(2) 
PARAMETRIC_REPRESENTATION_CONTEXT() REPRESENTATION_CONTEXT('2D SPACE',''
  ) );
#4020 = ORIENTED_EDGE('',*,*,#1479,.T.);
#4021 = ORIENTED_EDGE('',*,*,#3854,.T.);
#4022 = ADVANCED_FACE('',(#4023),#1523,.T.);
#4023 = FACE_BOUND('',#4024,.T.);
#4024 = EDGE_LOOP('',(#4025,#4026,#4027,#4028,#4049));
#4025 = ORIENTED_EDGE('',*,*,#2734,.T.);
#4026 = ORIENTED_EDGE('',*,*,#4000,.F.);
#4027 = ORIENTED_EDGE('',*,*,#1506,.T.);
#4028 = ORIENTED_EDGE('',*,*,#4029,.F.);
#4029 = EDGE_CURVE('',#2892,#1507,#4030,.T.);
#4030 = SURFACE_CURVE('',#4031,(#4035,#4042),.PCURVE_S1.);
#4031 = LINE('',#4032,#4033);
#4032 = CARTESIAN_POINT('',(-27.60769515458,34.,18.));
#4033 = VECTOR('',#4034,1.);
#4034 = DIRECTION('',(1.,0.,0.));
#4035 = PCURVE('',#1523,#4036);
#4036 = DEFINITIONAL_REPRESENTATION('',(#4037),#4041);
#4037 = LINE('',#4038,#4039);
#4038 = CARTESIAN_POINT('',(-8.607695154587,6.));
#4039 = VECTOR('',#4040,1.);
#4040 = DIRECTION('',(1.,0.));
#4041 = ( GEOMETRIC_REPRESENTATION_CONTEXT(2) 
PARAMETRIC_REPRESENTATION_CONTEXT() REPRESENTATION_CONTEXT('2D SPACE',''
  ) );
#4042 = PCURVE('',#1552,#4043);
#4043 = DEFINITIONAL_REPRESENTATION('',(#4044),#4048);
#4044 = LINE('',#4045,#4046);
#4045 = CARTESIAN_POINT('',(65.607695154587,-18.));
#4046 = VECTOR('',#4047,1.);
#4047 = DIRECTION('',(-1.,-0.));
#4048 = ( GEOMETRIC_REPRESENTATION_CONTEXT(2) 
PARAMETRIC_REPRESENTATION_CONTEXT() REPRESENTATION_CONTEXT('2D SPACE',''
  ) );
#4049 = ORIENTED_EDGE('',*,*,#2913,.T.);
#4050 = ADVANCED_FACE('',(#4051),#1552,.F.);
#4051 = FACE_BOUND('',#4052,.F.);
#4052 = EDGE_LOOP('',(#4053,#4054,#4055,#4056));
#4053 = ORIENTED_EDGE('',*,*,#1539,.F.);
#4054 = ORIENTED_EDGE('',*,*,#4029,.F.);
#4055 = ORIENTED_EDGE('',*,*,#2891,.T.);
#4056 = ORIENTED_EDGE('',*,*,#4057,.T.);
#4057 = EDGE_CURVE('',#2864,#1279,#4058,.T.);
#4058 = SURFACE_CURVE('',#4059,(#4063,#4070),.PCURVE_S1.);
#4059 = LINE('',#4060,#4061);
#4060 = CARTESIAN_POINT('',(-27.60769515458,34.,8.));
#4061 = VECTOR('',#4062,1.);
#4062 = DIRECTION('',(1.,-1.286856312672E-16,0.));
#4063 = PCURVE('',#1552,#4064);
#4064 = DEFINITIONAL_REPRESENTATION('',(#4065),#4069);
#4065 = LINE('',#4066,#4067);
#4066 = CARTESIAN_POINT('',(65.607695154587,-8.));
#4067 = VECTOR('',#4068,1.);
#4068 = DIRECTION('',(-1.,-0.));
#4069 = ( GEOMETRIC_REPRESENTATION_CONTEXT(2) 
PARAMETRIC_REPRESENTATION_CONTEXT() REPRESENTATION_CONTEXT('2D SPACE',''
  ) );
#4070 = PCURVE('',#66,#4071);
#4071 = DEFINITIONAL_REPRESENTATION('',(#4072),#4076);
#4072 = LINE('',#4073,#4074);
#4073 = CARTESIAN_POINT('',(82.392304845413,114.));
#4074 = VECTOR('',#4075,1.);
#4075 = DIRECTION('',(1.,-1.286856312672E-16));
#4076 = ( GEOMETRIC_REPRESENTATION_CONTEXT(2) 
PARAMETRIC_REPRESENTATION_CONTEXT() REPRESENTATION_CONTEXT('2D SPACE',''
  ) );
#4077 = ADVANCED_FACE('',(#4078),#1065,.T.);
#4078 = FACE_BOUND('',#4079,.T.);
#4079 = EDGE_LOOP('',(#4080,#4081,#4082,#4103));
#4080 = ORIENTED_EDGE('',*,*,#1154,.F.);
#4081 = ORIENTED_EDGE('',*,*,#1234,.F.);
#4082 = ORIENTED_EDGE('',*,*,#4083,.T.);
#4083 = EDGE_CURVE('',#1213,#1022,#4084,.T.);
#4084 = SURFACE_CURVE('',#4085,(#4089,#4096),.PCURVE_S1.);
#4085 = LINE('',#4086,#4087);
#4086 = CARTESIAN_POINT('',(42.35,23.65,36.));
#4087 = VECTOR('',#4088,1.);
#4088 = DIRECTION('',(0.,0.,-1.));
#4089 = PCURVE('',#1065,#4090);
#4090 = DEFINITIONAL_REPRESENTATION('',(#4091),#4095);
#4091 = LINE('',#4092,#4093);
#4092 = CARTESIAN_POINT('',(8.7,-37.));
#4093 = VECTOR('',#4094,1.);
#4094 = DIRECTION('',(0.,1.));
#4095 = ( GEOMETRIC_REPRESENTATION_CONTEXT(2) 
PARAMETRIC_REPRESENTATION_CONTEXT() REPRESENTATION_CONTEXT('2D SPACE',''
  ) );
#4096 = PCURVE('',#1037,#4097);
#4097 = DEFINITIONAL_REPRESENTATION('',(#4098),#4102);
#4098 = LINE('',#4099,#4100);
#4099 = CARTESIAN_POINT('',(0.,-37.));
#4100 = VECTOR('',#4101,1.);
#4101 = DIRECTION('',(0.,1.));
#4102 = ( GEOMETRIC_REPRESENTATION_CONTEXT(2) 
PARAMETRIC_REPRESENTATION_CONTEXT() REPRESENTATION_CONTEXT('2D SPACE',''
  ) );
#4103 = ORIENTED_EDGE('',*,*,#1049,.F.);
#4104 = ADVANCED_FACE('',(#4105),#1037,.T.);
#4105 = FACE_BOUND('',#4106,.T.);
#4106 = EDGE_LOOP('',(#4107,#4108,#4109,#4130));
#4107 = ORIENTED_EDGE('',*,*,#4083,.F.);
#4108 = ORIENTED_EDGE('',*,*,#1210,.F.);
#4109 = ORIENTED_EDGE('',*,*,#4110,.F.);
#4110 = EDGE_CURVE('',#992,#1211,#4111,.T.);
#4111 = SURFACE_CURVE('',#4112,(#4116,#4123),.PCURVE_S1.);
#4112 = LINE('',#4113,#4114);
#4113 = CARTESIAN_POINT('',(42.35,32.35,-1.));
#4114 = VECTOR('',#4115,1.);
#4115 = DIRECTION('',(0.,0.,1.));
#4116 = PCURVE('',#1037,#4117);
#4117 = DEFINITIONAL_REPRESENTATION('',(#4118),#4122);
#4118 = LINE('',#4119,#4120);
#4119 = CARTESIAN_POINT('',(8.7,0.));
#4120 = VECTOR('',#4121,1.);
#4121 = DIRECTION('',(0.,-1.));
#4122 = ( GEOMETRIC_REPRESENTATION_CONTEXT(2) 
PARAMETRIC_REPRESENTATION_CONTEXT() REPRESENTATION_CONTEXT('2D SPACE',''
  ) );
#4123 = PCURVE('',#1009,#4124);
#4124 = DEFINITIONAL_REPRESENTATION('',(#4125),#4129);
#4125 = LINE('',#4126,#4127);
#4126 = CARTESIAN_POINT('',(0.,-0.));
#4127 = VECTOR('',#4128,1.);
#4128 = DIRECTION('',(0.,-1.));
#4129 = ( GEOMETRIC_REPRESENTATION_CONTEXT(2) 
PARAMETRIC_REPRESENTATION_CONTEXT() REPRESENTATION_CONTEXT('2D SPACE',''
  ) );
#4130 = ORIENTED_EDGE('',*,*,#1021,.F.);
#4131 = ADVANCED_FACE('',(#4132),#1009,.T.);
#4132 = FACE_BOUND('',#4133,.T.);
#4133 = EDGE_LOOP('',(#4134,#4135,#4136,#4137));
#4134 = ORIENTED_EDGE('',*,*,#1104,.T.);
#4135 = ORIENTED_EDGE('',*,*,#991,.F.);
#4136 = ORIENTED_EDGE('',*,*,#4110,.T.);
#4137 = ORIENTED_EDGE('',*,*,#1255,.F.);
#4138 = ADVANCED_FACE('',(#4139),#709,.F.);
#4139 = FACE_BOUND('',#4140,.T.);
#4140 = EDGE_LOOP('',(#4141,#4164,#4165,#4166));
#4141 = ORIENTED_EDGE('',*,*,#4142,.F.);
#4142 = EDGE_CURVE('',#689,#4143,#4145,.T.);
#4143 = VERTEX_POINT('',#4144);
#4144 = CARTESIAN_POINT('',(3.6,60.,5.));
#4145 = SEAM_CURVE('',#4146,(#4150,#4157),.PCURVE_S1.);
#4146 = LINE('',#4147,#4148);
#4147 = CARTESIAN_POINT('',(3.6,60.,-1.));
#4148 = VECTOR('',#4149,1.);
#4149 = DIRECTION('',(0.,0.,1.));
#4150 = PCURVE('',#709,#4151);
#4151 = DEFINITIONAL_REPRESENTATION('',(#4152),#4156);
#4152 = LINE('',#4153,#4154);
#4153 = CARTESIAN_POINT('',(-6.28318530718,0.));
#4154 = VECTOR('',#4155,1.);
#4155 = DIRECTION('',(-0.,-1.));
#4156 = ( GEOMETRIC_REPRESENTATION_CONTEXT(2) 
PARAMETRIC_REPRESENTATION_CONTEXT() REPRESENTATION_CONTEXT('2D SPACE',''
  ) );
#4157 = PCURVE('',#709,#4158);
#4158 = DEFINITIONAL_REPRESENTATION('',(#4159),#4163);
#4159 = LINE('',#4160,#4161);
#4160 = CARTESIAN_POINT('',(-0.,0.));
#4161 = VECTOR('',#4162,1.);
#4162 = DIRECTION('',(-0.,-1.));
#4163 = ( GEOMETRIC_REPRESENTATION_CONTEXT(2) 
PARAMETRIC_REPRESENTATION_CONTEXT() REPRESENTATION_CONTEXT('2D SPACE',''
  ) );
#4164 = ORIENTED_EDGE('',*,*,#688,.T.);
#4165 = ORIENTED_EDGE('',*,*,#4142,.T.);
#4166 = ORIENTED_EDGE('',*,*,#4167,.F.);
#4167 = EDGE_CURVE('',#4143,#4143,#4168,.T.);
#4168 = SURFACE_CURVE('',#4169,(#4174,#4181),.PCURVE_S1.);
#4169 = CIRCLE('',#4170,3.6);
#4170 = AXIS2_PLACEMENT_3D('',#4171,#4172,#4173);
#4171 = CARTESIAN_POINT('',(0.,60.,5.));
#4172 = DIRECTION('',(0.,0.,-1.));
#4173 = DIRECTION('',(1.,0.,0.));
#4174 = PCURVE('',#709,#4175);
#4175 = DEFINITIONAL_REPRESENTATION('',(#4176),#4180);
#4176 = LINE('',#4177,#4178);
#4177 = CARTESIAN_POINT('',(-6.28318530718,-6.));
#4178 = VECTOR('',#4179,1.);
#4179 = DIRECTION('',(1.,-0.));
#4180 = ( GEOMETRIC_REPRESENTATION_CONTEXT(2) 
PARAMETRIC_REPRESENTATION_CONTEXT() REPRESENTATION_CONTEXT('2D SPACE',''
  ) );
#4181 = PCURVE('',#4182,#4187);
#4182 = PLANE('',#4183);
#4183 = AXIS2_PLACEMENT_3D('',#4184,#4185,#4186);
#4184 = CARTESIAN_POINT('',(-6.837200662697E-16,60.,5.));
#4185 = DIRECTION('',(0.,0.,1.));
#4186 = DIRECTION('',(1.,0.,-0.));
#4187 = DEFINITIONAL_REPRESENTATION('',(#4188),#4196);
#4188 = ( BOUNDED_CURVE() B_SPLINE_CURVE(2,(#4189,#4190,#4191,#4192,
#4193,#4194,#4195),.UNSPECIFIED.,.T.,.F.) B_SPLINE_CURVE_WITH_KNOTS((1,2
    ,2,2,2,1),(-2.094395102393,0.,2.094395102393,4.188790204786,
6.28318530718,8.377580409573),.UNSPECIFIED.) CURVE() 
GEOMETRIC_REPRESENTATION_ITEM() RATIONAL_B_SPLINE_CURVE((1.,0.5,1.,0.5,
1.,0.5,1.)) REPRESENTATION_ITEM('') );
#4189 = CARTESIAN_POINT('',(3.6,7.105427357601E-15));
#4190 = CARTESIAN_POINT('',(3.6,-6.235382907248));
#4191 = CARTESIAN_POINT('',(-1.8,-3.117691453624));
#4192 = CARTESIAN_POINT('',(-7.2,6.223681662215E-15));
#4193 = CARTESIAN_POINT('',(-1.8,3.117691453624));
#4194 = CARTESIAN_POINT('',(3.6,6.235382907248));
#4195 = CARTESIAN_POINT('',(3.6,7.105427357601E-15));
#4196 = ( GEOMETRIC_REPRESENTATION_CONTEXT(2) 
PARAMETRIC_REPRESENTATION_CONTEXT() REPRESENTATION_CONTEXT('2D SPACE',''
  ) );
#4197 = ADVANCED_FACE('',(#4198,#4229),#4182,.T.);
#4198 = FACE_BOUND('',#4199,.T.);
#4199 = EDGE_LOOP('',(#4200));
#4200 = ORIENTED_EDGE('',*,*,#4201,.T.);
#4201 = EDGE_CURVE('',#4202,#4202,#4204,.T.);
#4202 = VERTEX_POINT('',#4203);
#4203 = CARTESIAN_POINT('',(8.,60.,5.));
#4204 = SURFACE_CURVE('',#4205,(#4210,#4217),.PCURVE_S1.);
#4205 = CIRCLE('',#4206,8.);
#4206 = AXIS2_PLACEMENT_3D('',#4207,#4208,#4209);
#4207 = CARTESIAN_POINT('',(0.,60.,5.));
#4208 = DIRECTION('',(0.,0.,1.));
#4209 = DIRECTION('',(1.,0.,0.));
#4210 = PCURVE('',#4182,#4211);
#4211 = DEFINITIONAL_REPRESENTATION('',(#4212),#4216);
#4212 = CIRCLE('',#4213,8.);
#4213 = AXIS2_PLACEMENT_2D('',#4214,#4215);
#4214 = CARTESIAN_POINT('',(6.837200662697E-16,7.105427357601E-15));
#4215 = DIRECTION('',(1.,0.));
#4216 = ( GEOMETRIC_REPRESENTATION_CONTEXT(2) 
PARAMETRIC_REPRESENTATION_CONTEXT() REPRESENTATION_CONTEXT('2D SPACE',''
  ) );
#4217 = PCURVE('',#4218,#4223);
#4218 = CYLINDRICAL_SURFACE('',#4219,8.);
#4219 = AXIS2_PLACEMENT_3D('',#4220,#4221,#4222);
#4220 = CARTESIAN_POINT('',(0.,60.,5.));
#4221 = DIRECTION('',(-0.,-0.,-1.));
#4222 = DIRECTION('',(1.,0.,0.));
#4223 = DEFINITIONAL_REPRESENTATION('',(#4224),#4228);
#4224 = LINE('',#4225,#4226);
#4225 = CARTESIAN_POINT('',(-0.,0.));
#4226 = VECTOR('',#4227,1.);
#4227 = DIRECTION('',(-1.,0.));
#4228 = ( GEOMETRIC_REPRESENTATION_CONTEXT(2) 
PARAMETRIC_REPRESENTATION_CONTEXT() REPRESENTATION_CONTEXT('2D SPACE',''
  ) );
#4229 = FACE_BOUND('',#4230,.T.);
#4230 = EDGE_LOOP('',(#4231));
#4231 = ORIENTED_EDGE('',*,*,#4167,.T.);
#4232 = ADVANCED_FACE('',(#4233),#4218,.F.);
#4233 = FACE_BOUND('',#4234,.T.);
#4234 = EDGE_LOOP('',(#4235,#4258,#4280,#4281));
#4235 = ORIENTED_EDGE('',*,*,#4236,.T.);
#4236 = EDGE_CURVE('',#4202,#4237,#4239,.T.);
#4237 = VERTEX_POINT('',#4238);
#4238 = CARTESIAN_POINT('',(8.,60.,8.));
#4239 = SEAM_CURVE('',#4240,(#4244,#4251),.PCURVE_S1.);
#4240 = LINE('',#4241,#4242);
#4241 = CARTESIAN_POINT('',(8.,60.,5.));
#4242 = VECTOR('',#4243,1.);
#4243 = DIRECTION('',(0.,0.,1.));
#4244 = PCURVE('',#4218,#4245);
#4245 = DEFINITIONAL_REPRESENTATION('',(#4246),#4250);
#4246 = LINE('',#4247,#4248);
#4247 = CARTESIAN_POINT('',(-0.,0.));
#4248 = VECTOR('',#4249,1.);
#4249 = DIRECTION('',(-0.,-1.));
#4250 = ( GEOMETRIC_REPRESENTATION_CONTEXT(2) 
PARAMETRIC_REPRESENTATION_CONTEXT() REPRESENTATION_CONTEXT('2D SPACE',''
  ) );
#4251 = PCURVE('',#4218,#4252);
#4252 = DEFINITIONAL_REPRESENTATION('',(#4253),#4257);
#4253 = LINE('',#4254,#4255);
#4254 = CARTESIAN_POINT('',(-6.28318530718,0.));
#4255 = VECTOR('',#4256,1.);
#4256 = DIRECTION('',(-0.,-1.));
#4257 = ( GEOMETRIC_REPRESENTATION_CONTEXT(2) 
PARAMETRIC_REPRESENTATION_CONTEXT() REPRESENTATION_CONTEXT('2D SPACE',''
  ) );
#4258 = ORIENTED_EDGE('',*,*,#4259,.T.);
#4259 = EDGE_CURVE('',#4237,#4237,#4260,.T.);
#4260 = SURFACE_CURVE('',#4261,(#4266,#4273),.PCURVE_S1.);
#4261 = CIRCLE('',#4262,8.);
#4262 = AXIS2_PLACEMENT_3D('',#4263,#4264,#4265);
#4263 = CARTESIAN_POINT('',(0.,60.,8.));
#4264 = DIRECTION('',(0.,0.,1.));
#4265 = DIRECTION('',(1.,0.,0.));
#4266 = PCURVE('',#4218,#4267);
#4267 = DEFINITIONAL_REPRESENTATION('',(#4268),#4272);
#4268 = LINE('',#4269,#4270);
#4269 = CARTESIAN_POINT('',(-0.,-3.));
#4270 = VECTOR('',#4271,1.);
#4271 = DIRECTION('',(-1.,0.));
#4272 = ( GEOMETRIC_REPRESENTATION_CONTEXT(2) 
PARAMETRIC_REPRESENTATION_CONTEXT() REPRESENTATION_CONTEXT('2D SPACE',''
  ) );
#4273 = PCURVE('',#66,#4274);
#4274 = DEFINITIONAL_REPRESENTATION('',(#4275),#4279);
#4275 = CIRCLE('',#4276,8.);
#4276 = AXIS2_PLACEMENT_2D('',#4277,#4278);
#4277 = CARTESIAN_POINT('',(110.,140.));
#4278 = DIRECTION('',(1.,0.));
#4279 = ( GEOMETRIC_REPRESENTATION_CONTEXT(2) 
PARAMETRIC_REPRESENTATION_CONTEXT() REPRESENTATION_CONTEXT('2D SPACE',''
  ) );
#4280 = ORIENTED_EDGE('',*,*,#4236,.F.);
#4281 = ORIENTED_EDGE('',*,*,#4201,.F.);
#4282 = ADVANCED_FACE('',(#4283),#674,.F.);
#4283 = FACE_BOUND('',#4284,.T.);
#4284 = EDGE_LOOP('',(#4285,#4308,#4309,#4310));
#4285 = ORIENTED_EDGE('',*,*,#4286,.F.);
#4286 = EDGE_CURVE('',#654,#4287,#4289,.T.);
#4287 = VERTEX_POINT('',#4288);
#4288 = CARTESIAN_POINT('',(-91.4,60.,5.));
#4289 = SEAM_CURVE('',#4290,(#4294,#4301),.PCURVE_S1.);
#4290 = LINE('',#4291,#4292);
#4291 = CARTESIAN_POINT('',(-91.4,60.,-1.));
#4292 = VECTOR('',#4293,1.);
#4293 = DIRECTION('',(0.,0.,1.));
#4294 = PCURVE('',#674,#4295);
#4295 = DEFINITIONAL_REPRESENTATION('',(#4296),#4300);
#4296 = LINE('',#4297,#4298);
#4297 = CARTESIAN_POINT('',(-6.28318530718,0.));
#4298 = VECTOR('',#4299,1.);
#4299 = DIRECTION('',(-0.,-1.));
#4300 = ( GEOMETRIC_REPRESENTATION_CONTEXT(2) 
PARAMETRIC_REPRESENTATION_CONTEXT() REPRESENTATION_CONTEXT('2D SPACE',''
  ) );
#4301 = PCURVE('',#674,#4302);
#4302 = DEFINITIONAL_REPRESENTATION('',(#4303),#4307);
#4303 = LINE('',#4304,#4305);
#4304 = CARTESIAN_POINT('',(-0.,0.));
#4305 = VECTOR('',#4306,1.);
#4306 = DIRECTION('',(-0.,-1.));
#4307 = ( GEOMETRIC_REPRESENTATION_CONTEXT(2) 
PARAMETRIC_REPRESENTATION_CONTEXT() REPRESENTATION_CONTEXT('2D SPACE',''
  ) );
#4308 = ORIENTED_EDGE('',*,*,#653,.T.);
#4309 = ORIENTED_EDGE('',*,*,#4286,.T.);
#4310 = ORIENTED_EDGE('',*,*,#4311,.F.);
#4311 = EDGE_CURVE('',#4287,#4287,#4312,.T.);
#4312 = SURFACE_CURVE('',#4313,(#4318,#4325),.PCURVE_S1.);
#4313 = CIRCLE('',#4314,3.6);
#4314 = AXIS2_PLACEMENT_3D('',#4315,#4316,#4317);
#4315 = CARTESIAN_POINT('',(-95.,60.,5.));
#4316 = DIRECTION('',(0.,0.,-1.));
#4317 = DIRECTION('',(1.,0.,0.));
#4318 = PCURVE('',#674,#4319);
#4319 = DEFINITIONAL_REPRESENTATION('',(#4320),#4324);
#4320 = LINE('',#4321,#4322);
#4321 = CARTESIAN_POINT('',(-6.28318530718,-6.));
#4322 = VECTOR('',#4323,1.);
#4323 = DIRECTION('',(1.,-0.));
#4324 = ( GEOMETRIC_REPRESENTATION_CONTEXT(2) 
PARAMETRIC_REPRESENTATION_CONTEXT() REPRESENTATION_CONTEXT('2D SPACE',''
  ) );
#4325 = PCURVE('',#4326,#4331);
#4326 = PLANE('',#4327);
#4327 = AXIS2_PLACEMENT_3D('',#4328,#4329,#4330);
#4328 = CARTESIAN_POINT('',(-95.,60.,5.));
#4329 = DIRECTION('',(0.,0.,1.));
#4330 = DIRECTION('',(1.,0.,-0.));
#4331 = DEFINITIONAL_REPRESENTATION('',(#4332),#4340);
#4332 = ( BOUNDED_CURVE() B_SPLINE_CURVE(2,(#4333,#4334,#4335,#4336,
#4337,#4338,#4339),.UNSPECIFIED.,.T.,.F.) B_SPLINE_CURVE_WITH_KNOTS((1,2
    ,2,2,2,1),(-2.094395102393,0.,2.094395102393,4.188790204786,
6.28318530718,8.377580409573),.UNSPECIFIED.) CURVE() 
GEOMETRIC_REPRESENTATION_ITEM() RATIONAL_B_SPLINE_CURVE((1.,0.5,1.,0.5,
1.,0.5,1.)) REPRESENTATION_ITEM('') );
#4333 = CARTESIAN_POINT('',(3.6,-1.42108547152E-14));
#4334 = CARTESIAN_POINT('',(3.6,-6.235382907248));
#4335 = CARTESIAN_POINT('',(-1.8,-3.117691453624));
#4336 = CARTESIAN_POINT('',(-7.2,-1.509260041059E-14));
#4337 = CARTESIAN_POINT('',(-1.8,3.117691453624));
#4338 = CARTESIAN_POINT('',(3.6,6.235382907248));
#4339 = CARTESIAN_POINT('',(3.6,-1.42108547152E-14));
#4340 = ( GEOMETRIC_REPRESENTATION_CONTEXT(2) 
PARAMETRIC_REPRESENTATION_CONTEXT() REPRESENTATION_CONTEXT('2D SPACE',''
  ) );
#4341 = ADVANCED_FACE('',(#4342,#4373),#4326,.T.);
#4342 = FACE_BOUND('',#4343,.T.);
#4343 = EDGE_LOOP('',(#4344));
#4344 = ORIENTED_EDGE('',*,*,#4345,.T.);
#4345 = EDGE_CURVE('',#4346,#4346,#4348,.T.);
#4346 = VERTEX_POINT('',#4347);
#4347 = CARTESIAN_POINT('',(-87.,60.,5.));
#4348 = SURFACE_CURVE('',#4349,(#4354,#4361),.PCURVE_S1.);
#4349 = CIRCLE('',#4350,8.);
#4350 = AXIS2_PLACEMENT_3D('',#4351,#4352,#4353);
#4351 = CARTESIAN_POINT('',(-95.,60.,5.));
#4352 = DIRECTION('',(0.,0.,1.));
#4353 = DIRECTION('',(1.,0.,0.));
#4354 = PCURVE('',#4326,#4355);
#4355 = DEFINITIONAL_REPRESENTATION('',(#4356),#4360);
#4356 = CIRCLE('',#4357,8.);
#4357 = AXIS2_PLACEMENT_2D('',#4358,#4359);
#4358 = CARTESIAN_POINT('',(1.42108547152E-14,-1.42108547152E-14));
#4359 = DIRECTION('',(1.,0.));
#4360 = ( GEOMETRIC_REPRESENTATION_CONTEXT(2) 
PARAMETRIC_REPRESENTATION_CONTEXT() REPRESENTATION_CONTEXT('2D SPACE',''
  ) );
#4361 = PCURVE('',#4362,#4367);
#4362 = CYLINDRICAL_SURFACE('',#4363,8.);
#4363 = AXIS2_PLACEMENT_3D('',#4364,#4365,#4366);
#4364 = CARTESIAN_POINT('',(-95.,60.,5.));
#4365 = DIRECTION('',(-0.,-0.,-1.));
#4366 = DIRECTION('',(1.,0.,0.));
#4367 = DEFINITIONAL_REPRESENTATION('',(#4368),#4372);
#4368 = LINE('',#4369,#4370);
#4369 = CARTESIAN_POINT('',(-0.,0.));
#4370 = VECTOR('',#4371,1.);
#4371 = DIRECTION('',(-1.,0.));
#4372 = ( GEOMETRIC_REPRESENTATION_CONTEXT(2) 
PARAMETRIC_REPRESENTATION_CONTEXT() REPRESENTATION_CONTEXT('2D SPACE',''
  ) );
#4373 = FACE_BOUND('',#4374,.T.);
#4374 = EDGE_LOOP('',(#4375));
#4375 = ORIENTED_EDGE('',*,*,#4311,.T.);
#4376 = ADVANCED_FACE('',(#4377),#4362,.F.);
#4377 = FACE_BOUND('',#4378,.T.);
#4378 = EDGE_LOOP('',(#4379,#4402,#4424,#4425));
#4379 = ORIENTED_EDGE('',*,*,#4380,.T.);
#4380 = EDGE_CURVE('',#4346,#4381,#4383,.T.);
#4381 = VERTEX_POINT('',#4382);
#4382 = CARTESIAN_POINT('',(-87.,60.,8.));
#4383 = SEAM_CURVE('',#4384,(#4388,#4395),.PCURVE_S1.);
#4384 = LINE('',#4385,#4386);
#4385 = CARTESIAN_POINT('',(-87.,60.,5.));
#4386 = VECTOR('',#4387,1.);
#4387 = DIRECTION('',(0.,0.,1.));
#4388 = PCURVE('',#4362,#4389);
#4389 = DEFINITIONAL_REPRESENTATION('',(#4390),#4394);
#4390 = LINE('',#4391,#4392);
#4391 = CARTESIAN_POINT('',(-0.,0.));
#4392 = VECTOR('',#4393,1.);
#4393 = DIRECTION('',(-0.,-1.));
#4394 = ( GEOMETRIC_REPRESENTATION_CONTEXT(2) 
PARAMETRIC_REPRESENTATION_CONTEXT() REPRESENTATION_CONTEXT('2D SPACE',''
  ) );
#4395 = PCURVE('',#4362,#4396);
#4396 = DEFINITIONAL_REPRESENTATION('',(#4397),#4401);
#4397 = LINE('',#4398,#4399);
#4398 = CARTESIAN_POINT('',(-6.28318530718,0.));
#4399 = VECTOR('',#4400,1.);
#4400 = DIRECTION('',(-0.,-1.));
#4401 = ( GEOMETRIC_REPRESENTATION_CONTEXT(2) 
PARAMETRIC_REPRESENTATION_CONTEXT() REPRESENTATION_CONTEXT('2D SPACE',''
  ) );
#4402 = ORIENTED_EDGE('',*,*,#4403,.T.);
#4403 = EDGE_CURVE('',#4381,#4381,#4404,.T.);
#4404 = SURFACE_CURVE('',#4405,(#4410,#4417),.PCURVE_S1.);
#4405 = CIRCLE('',#4406,8.);
#4406 = AXIS2_PLACEMENT_3D('',#4407,#4408,#4409);
#4407 = CARTESIAN_POINT('',(-95.,60.,8.));
#4408 = DIRECTION('',(0.,0.,1.));
#4409 = DIRECTION('',(1.,0.,0.));
#4410 = PCURVE('',#4362,#4411);
#4411 = DEFINITIONAL_REPRESENTATION('',(#4412),#4416);
#4412 = LINE('',#4413,#4414);
#4413 = CARTESIAN_POINT('',(-0.,-3.));
#4414 = VECTOR('',#4415,1.);
#4415 = DIRECTION('',(-1.,0.));
#4416 = ( GEOMETRIC_REPRESENTATION_CONTEXT(2) 
PARAMETRIC_REPRESENTATION_CONTEXT() REPRESENTATION_CONTEXT('2D SPACE',''
  ) );
#4417 = PCURVE('',#66,#4418);
#4418 = DEFINITIONAL_REPRESENTATION('',(#4419),#4423);
#4419 = CIRCLE('',#4420,8.);
#4420 = AXIS2_PLACEMENT_2D('',#4421,#4422);
#4421 = CARTESIAN_POINT('',(15.,140.));
#4422 = DIRECTION('',(1.,0.));
#4423 = ( GEOMETRIC_REPRESENTATION_CONTEXT(2) 
PARAMETRIC_REPRESENTATION_CONTEXT() REPRESENTATION_CONTEXT('2D SPACE',''
  ) );
#4424 = ORIENTED_EDGE('',*,*,#4380,.F.);
#4425 = ORIENTED_EDGE('',*,*,#4345,.F.);
#4426 = ADVANCED_FACE('',(#4427),#639,.F.);
#4427 = FACE_BOUND('',#4428,.T.);
#4428 = EDGE_LOOP('',(#4429,#4430,#4451,#4452));
#4429 = ORIENTED_EDGE('',*,*,#622,.F.);
#4430 = ORIENTED_EDGE('',*,*,#4431,.T.);
#4431 = EDGE_CURVE('',#623,#3183,#4432,.T.);
#4432 = SEAM_CURVE('',#4433,(#4437,#4444),.PCURVE_S1.);
#4433 = LINE('',#4434,#4435);
#4434 = CARTESIAN_POINT('',(-28.,28.,0.));
#4435 = VECTOR('',#4436,1.);
#4436 = DIRECTION('',(0.,0.,1.));
#4437 = PCURVE('',#639,#4438);
#4438 = DEFINITIONAL_REPRESENTATION('',(#4439),#4443);
#4439 = LINE('',#4440,#4441);
#4440 = CARTESIAN_POINT('',(-0.,0.));
#4441 = VECTOR('',#4442,1.);
#4442 = DIRECTION('',(-0.,-1.));
#4443 = ( GEOMETRIC_REPRESENTATION_CONTEXT(2) 
PARAMETRIC_REPRESENTATION_CONTEXT() REPRESENTATION_CONTEXT('2D SPACE',''
  ) );
#4444 = PCURVE('',#639,#4445);
#4445 = DEFINITIONAL_REPRESENTATION('',(#4446),#4450);
#4446 = LINE('',#4447,#4448);
#4447 = CARTESIAN_POINT('',(-6.28318530718,0.));
#4448 = VECTOR('',#4449,1.);
#4449 = DIRECTION('',(-0.,-1.));
#4450 = ( GEOMETRIC_REPRESENTATION_CONTEXT(2) 
PARAMETRIC_REPRESENTATION_CONTEXT() REPRESENTATION_CONTEXT('2D SPACE',''
  ) );
#4451 = ORIENTED_EDGE('',*,*,#3182,.T.);
#4452 = ORIENTED_EDGE('',*,*,#4431,.F.);
#4453 = ADVANCED_FACE('',(#4454),#608,.F.);
#4454 = FACE_BOUND('',#4455,.T.);
#4455 = EDGE_LOOP('',(#4456,#4477,#4478,#4479));
#4456 = ORIENTED_EDGE('',*,*,#4457,.F.);
#4457 = EDGE_CURVE('',#588,#3969,#4458,.T.);
#4458 = SEAM_CURVE('',#4459,(#4463,#4470),.PCURVE_S1.);
#4459 = LINE('',#4460,#4461);
#4460 = CARTESIAN_POINT('',(3.6,0.,-1.));
#4461 = VECTOR('',#4462,1.);
#4462 = DIRECTION('',(0.,0.,1.));
#4463 = PCURVE('',#608,#4464);
#4464 = DEFINITIONAL_REPRESENTATION('',(#4465),#4469);
#4465 = LINE('',#4466,#4467);
#4466 = CARTESIAN_POINT('',(-6.28318530718,0.));
#4467 = VECTOR('',#4468,1.);
#4468 = DIRECTION('',(-0.,-1.));
#4469 = ( GEOMETRIC_REPRESENTATION_CONTEXT(2) 
PARAMETRIC_REPRESENTATION_CONTEXT() REPRESENTATION_CONTEXT('2D SPACE',''
  ) );
#4470 = PCURVE('',#608,#4471);
#4471 = DEFINITIONAL_REPRESENTATION('',(#4472),#4476);
#4472 = LINE('',#4473,#4474);
#4473 = CARTESIAN_POINT('',(-0.,0.));
#4474 = VECTOR('',#4475,1.);
#4475 = DIRECTION('',(-0.,-1.));
#4476 = ( GEOMETRIC_REPRESENTATION_CONTEXT(2) 
PARAMETRIC_REPRESENTATION_CONTEXT() REPRESENTATION_CONTEXT('2D SPACE',''
  ) );
#4477 = ORIENTED_EDGE('',*,*,#587,.T.);
#4478 = ORIENTED_EDGE('',*,*,#4457,.T.);
#4479 = ORIENTED_EDGE('',*,*,#3968,.F.);
#4480 = ADVANCED_FACE('',(#4481),#573,.F.);
#4481 = FACE_BOUND('',#4482,.T.);
#4482 = EDGE_LOOP('',(#4483,#4484,#4504,#4505));
#4483 = ORIENTED_EDGE('',*,*,#558,.F.);
#4484 = ORIENTED_EDGE('',*,*,#4485,.F.);
#4485 = EDGE_CURVE('',#2177,#501,#4486,.T.);
#4486 = SURFACE_CURVE('',#4487,(#4491,#4497),.PCURVE_S1.);
#4487 = LINE('',#4488,#4489);
#4488 = CARTESIAN_POINT('',(32.,-20.,0.));
#4489 = VECTOR('',#4490,1.);
#4490 = DIRECTION('',(-0.,-0.,-1.));
#4491 = PCURVE('',#573,#4492);
#4492 = DEFINITIONAL_REPRESENTATION('',(#4493),#4496);
#4493 = B_SPLINE_CURVE_WITH_KNOTS('',1,(#4494,#4495),.UNSPECIFIED.,.F.,
  .F.,(2,2),(-4.5000006,6.E-07),.PIECEWISE_BEZIER_KNOTS.);
#4494 = CARTESIAN_POINT('',(-8.497482742768,-4.5000006));
#4495 = CARTESIAN_POINT('',(-8.497482742768,6.E-07));
#4496 = ( GEOMETRIC_REPRESENTATION_CONTEXT(2) 
PARAMETRIC_REPRESENTATION_CONTEXT() REPRESENTATION_CONTEXT('2D SPACE',''
  ) );
#4497 = PCURVE('',#517,#4498);
#4498 = DEFINITIONAL_REPRESENTATION('',(#4499),#4503);
#4499 = LINE('',#4500,#4501);
#4500 = CARTESIAN_POINT('',(-2.214297435588,0.));
#4501 = VECTOR('',#4502,1.);
#4502 = DIRECTION('',(-0.,1.));
#4503 = ( GEOMETRIC_REPRESENTATION_CONTEXT(2) 
PARAMETRIC_REPRESENTATION_CONTEXT() REPRESENTATION_CONTEXT('2D SPACE',''
  ) );
#4504 = ORIENTED_EDGE('',*,*,#2200,.T.);
#4505 = ORIENTED_EDGE('',*,*,#4506,.T.);
#4506 = EDGE_CURVE('',#2201,#530,#4507,.T.);
#4507 = SURFACE_CURVE('',#4508,(#4512,#4518),.PCURVE_S1.);
#4508 = LINE('',#4509,#4510);
#4509 = CARTESIAN_POINT('',(30.,-22.,0.));
#4510 = VECTOR('',#4511,1.);
#4511 = DIRECTION('',(-0.,-0.,-1.));
#4512 = PCURVE('',#573,#4513);
#4513 = DEFINITIONAL_REPRESENTATION('',(#4514),#4517);
#4514 = B_SPLINE_CURVE_WITH_KNOTS('',1,(#4515,#4516),.UNSPECIFIED.,.F.,
  .F.,(2,2),(-4.5,0.),.PIECEWISE_BEZIER_KNOTS.);
#4515 = CARTESIAN_POINT('',(-8.781276851976,-4.5));
#4516 = CARTESIAN_POINT('',(-8.781276851976,0.));
#4517 = ( GEOMETRIC_REPRESENTATION_CONTEXT(2) 
PARAMETRIC_REPRESENTATION_CONTEXT() REPRESENTATION_CONTEXT('2D SPACE',''
  ) );
#4518 = PCURVE('',#546,#4519);
#4519 = DEFINITIONAL_REPRESENTATION('',(#4520),#4524);
#4520 = LINE('',#4521,#4522);
#4521 = CARTESIAN_POINT('',(-2.498091544797,0.));
#4522 = VECTOR('',#4523,1.);
#4523 = DIRECTION('',(-0.,1.));
#4524 = ( GEOMETRIC_REPRESENTATION_CONTEXT(2) 
PARAMETRIC_REPRESENTATION_CONTEXT() REPRESENTATION_CONTEXT('2D SPACE',''
  ) );
#4525 = ADVANCED_FACE('',(#4526),#546,.F.);
#4526 = FACE_BOUND('',#4527,.T.);
#4527 = EDGE_LOOP('',(#4528,#4529,#4530,#4531));
#4528 = ORIENTED_EDGE('',*,*,#529,.F.);
#4529 = ORIENTED_EDGE('',*,*,#4506,.F.);
#4530 = ORIENTED_EDGE('',*,*,#2224,.T.);
#4531 = ORIENTED_EDGE('',*,*,#4532,.T.);
#4532 = EDGE_CURVE('',#2175,#499,#4533,.T.);
#4533 = SURFACE_CURVE('',#4534,(#4538,#4544),.PCURVE_S1.);
#4534 = LINE('',#4535,#4536);
#4535 = CARTESIAN_POINT('',(44.,-20.,0.));
#4536 = VECTOR('',#4537,1.);
#4537 = DIRECTION('',(-0.,-0.,-1.));
#4538 = PCURVE('',#546,#4539);
#4539 = DEFINITIONAL_REPRESENTATION('',(#4540),#4543);
#4540 = B_SPLINE_CURVE_WITH_KNOTS('',1,(#4541,#4542),.UNSPECIFIED.,.F.,
  .F.,(2,2),(-4.5000006,6.E-07),.PIECEWISE_BEZIER_KNOTS.);
#4541 = CARTESIAN_POINT('',(-7.210480525181,-4.5000006));
#4542 = CARTESIAN_POINT('',(-7.210480525181,6.E-07));
#4543 = ( GEOMETRIC_REPRESENTATION_CONTEXT(2) 
PARAMETRIC_REPRESENTATION_CONTEXT() REPRESENTATION_CONTEXT('2D SPACE',''
  ) );
#4544 = PCURVE('',#517,#4545);
#4545 = DEFINITIONAL_REPRESENTATION('',(#4546),#4550);
#4546 = LINE('',#4547,#4548);
#4547 = CARTESIAN_POINT('',(-0.927295218002,0.));
#4548 = VECTOR('',#4549,1.);
#4549 = DIRECTION('',(-0.,1.));
#4550 = ( GEOMETRIC_REPRESENTATION_CONTEXT(2) 
PARAMETRIC_REPRESENTATION_CONTEXT() REPRESENTATION_CONTEXT('2D SPACE',''
  ) );
#4551 = ADVANCED_FACE('',(#4552),#517,.F.);
#4552 = FACE_BOUND('',#4553,.T.);
#4553 = EDGE_LOOP('',(#4554,#4555,#4556,#4557));
#4554 = ORIENTED_EDGE('',*,*,#498,.F.);
#4555 = ORIENTED_EDGE('',*,*,#4532,.F.);
#4556 = ORIENTED_EDGE('',*,*,#2174,.T.);
#4557 = ORIENTED_EDGE('',*,*,#4485,.T.);
#4558 = ADVANCED_FACE('',(#4559),#484,.F.);
#4559 = FACE_BOUND('',#4560,.T.);
#4560 = EDGE_LOOP('',(#4561,#4584,#4585,#4586));
#4561 = ORIENTED_EDGE('',*,*,#4562,.F.);
#4562 = EDGE_CURVE('',#464,#4563,#4565,.T.);
#4563 = VERTEX_POINT('',#4564);
#4564 = CARTESIAN_POINT('',(98.6,-60.,5.));
#4565 = SEAM_CURVE('',#4566,(#4570,#4577),.PCURVE_S1.);
#4566 = LINE('',#4567,#4568);
#4567 = CARTESIAN_POINT('',(98.6,-60.,-1.));
#4568 = VECTOR('',#4569,1.);
#4569 = DIRECTION('',(0.,0.,1.));
#4570 = PCURVE('',#484,#4571);
#4571 = DEFINITIONAL_REPRESENTATION('',(#4572),#4576);
#4572 = LINE('',#4573,#4574);
#4573 = CARTESIAN_POINT('',(-6.28318530718,0.));
#4574 = VECTOR('',#4575,1.);
#4575 = DIRECTION('',(-0.,-1.));
#4576 = ( GEOMETRIC_REPRESENTATION_CONTEXT(2) 
PARAMETRIC_REPRESENTATION_CONTEXT() REPRESENTATION_CONTEXT('2D SPACE',''
  ) );
#4577 = PCURVE('',#484,#4578);
#4578 = DEFINITIONAL_REPRESENTATION('',(#4579),#4583);
#4579 = LINE('',#4580,#4581);
#4580 = CARTESIAN_POINT('',(-0.,0.));
#4581 = VECTOR('',#4582,1.);
#4582 = DIRECTION('',(-0.,-1.));
#4583 = ( GEOMETRIC_REPRESENTATION_CONTEXT(2) 
PARAMETRIC_REPRESENTATION_CONTEXT() REPRESENTATION_CONTEXT('2D SPACE',''
  ) );
#4584 = ORIENTED_EDGE('',*,*,#463,.T.);
#4585 = ORIENTED_EDGE('',*,*,#4562,.T.);
#4586 = ORIENTED_EDGE('',*,*,#4587,.F.);
#4587 = EDGE_CURVE('',#4563,#4563,#4588,.T.);
#4588 = SURFACE_CURVE('',#4589,(#4594,#4601),.PCURVE_S1.);
#4589 = CIRCLE('',#4590,3.6);
#4590 = AXIS2_PLACEMENT_3D('',#4591,#4592,#4593);
#4591 = CARTESIAN_POINT('',(95.,-60.,5.));
#4592 = DIRECTION('',(0.,0.,-1.));
#4593 = DIRECTION('',(1.,0.,0.));
#4594 = PCURVE('',#484,#4595);
#4595 = DEFINITIONAL_REPRESENTATION('',(#4596),#4600);
#4596 = LINE('',#4597,#4598);
#4597 = CARTESIAN_POINT('',(-6.28318530718,-6.));
#4598 = VECTOR('',#4599,1.);
#4599 = DIRECTION('',(1.,-0.));
#4600 = ( GEOMETRIC_REPRESENTATION_CONTEXT(2) 
PARAMETRIC_REPRESENTATION_CONTEXT() REPRESENTATION_CONTEXT('2D SPACE',''
  ) );
#4601 = PCURVE('',#4602,#4607);
#4602 = PLANE('',#4603);
#4603 = AXIS2_PLACEMENT_3D('',#4604,#4605,#4606);
#4604 = CARTESIAN_POINT('',(95.,-60.,5.));
#4605 = DIRECTION('',(0.,0.,1.));
#4606 = DIRECTION('',(1.,0.,-0.));
#4607 = DEFINITIONAL_REPRESENTATION('',(#4608),#4616);
#4608 = ( BOUNDED_CURVE() B_SPLINE_CURVE(2,(#4609,#4610,#4611,#4612,
#4613,#4614,#4615),.UNSPECIFIED.,.T.,.F.) B_SPLINE_CURVE_WITH_KNOTS((1,2
    ,2,2,2,1),(-2.094395102393,0.,2.094395102393,4.188790204786,
6.28318530718,8.377580409573),.UNSPECIFIED.) CURVE() 
GEOMETRIC_REPRESENTATION_ITEM() RATIONAL_B_SPLINE_CURVE((1.,0.5,1.,0.5,
1.,0.5,1.)) REPRESENTATION_ITEM('') );
#4609 = CARTESIAN_POINT('',(3.6,7.105427357601E-15));
#4610 = CARTESIAN_POINT('',(3.6,-6.235382907248));
#4611 = CARTESIAN_POINT('',(-1.8,-3.117691453624));
#4612 = CARTESIAN_POINT('',(-7.2,6.223681662215E-15));
#4613 = CARTESIAN_POINT('',(-1.8,3.117691453624));
#4614 = CARTESIAN_POINT('',(3.6,6.235382907248));
#4615 = CARTESIAN_POINT('',(3.6,7.105427357601E-15));
#4616 = ( GEOMETRIC_REPRESENTATION_CONTEXT(2) 
PARAMETRIC_REPRESENTATION_CONTEXT() REPRESENTATION_CONTEXT('2D SPACE',''
  ) );
#4617 = ADVANCED_FACE('',(#4618,#4649),#4602,.T.);
#4618 = FACE_BOUND('',#4619,.T.);
#4619 = EDGE_LOOP('',(#4620));
#4620 = ORIENTED_EDGE('',*,*,#4621,.T.);
#4621 = EDGE_CURVE('',#4622,#4622,#4624,.T.);
#4622 = VERTEX_POINT('',#4623);
#4623 = CARTESIAN_POINT('',(103.,-60.,5.));
#4624 = SURFACE_CURVE('',#4625,(#4630,#4637),.PCURVE_S1.);
#4625 = CIRCLE('',#4626,8.);
#4626 = AXIS2_PLACEMENT_3D('',#4627,#4628,#4629);
#4627 = CARTESIAN_POINT('',(95.,-60.,5.));
#4628 = DIRECTION('',(0.,0.,1.));
#4629 = DIRECTION('',(1.,0.,0.));
#4630 = PCURVE('',#4602,#4631);
#4631 = DEFINITIONAL_REPRESENTATION('',(#4632),#4636);
#4632 = CIRCLE('',#4633,8.);
#4633 = AXIS2_PLACEMENT_2D('',#4634,#4635);
#4634 = CARTESIAN_POINT('',(-1.42108547152E-14,7.105427357601E-15));
#4635 = DIRECTION('',(1.,0.));
#4636 = ( GEOMETRIC_REPRESENTATION_CONTEXT(2) 
PARAMETRIC_REPRESENTATION_CONTEXT() REPRESENTATION_CONTEXT('2D SPACE',''
  ) );
#4637 = PCURVE('',#4638,#4643);
#4638 = CYLINDRICAL_SURFACE('',#4639,8.);
#4639 = AXIS2_PLACEMENT_3D('',#4640,#4641,#4642);
#4640 = CARTESIAN_POINT('',(95.,-60.,5.));
#4641 = DIRECTION('',(-0.,-0.,-1.));
#4642 = DIRECTION('',(1.,0.,0.));
#4643 = DEFINITIONAL_REPRESENTATION('',(#4644),#4648);
#4644 = LINE('',#4645,#4646);
#4645 = CARTESIAN_POINT('',(-0.,0.));
#4646 = VECTOR('',#4647,1.);
#4647 = DIRECTION('',(-1.,0.));
#4648 = ( GEOMETRIC_REPRESENTATION_CONTEXT(2) 
PARAMETRIC_REPRESENTATION_CONTEXT() REPRESENTATION_CONTEXT('2D SPACE',''
  ) );
#4649 = FACE_BOUND('',#4650,.T.);
#4650 = EDGE_LOOP('',(#4651));
#4651 = ORIENTED_EDGE('',*,*,#4587,.T.);
#4652 = ADVANCED_FACE('',(#4653),#4638,.F.);
#4653 = FACE_BOUND('',#4654,.T.);
#4654 = EDGE_LOOP('',(#4655,#4678,#4700,#4701));
#4655 = ORIENTED_EDGE('',*,*,#4656,.T.);
#4656 = EDGE_CURVE('',#4622,#4657,#4659,.T.);
#4657 = VERTEX_POINT('',#4658);
#4658 = CARTESIAN_POINT('',(103.,-60.,8.));
#4659 = SEAM_CURVE('',#4660,(#4664,#4671),.PCURVE_S1.);
#4660 = LINE('',#4661,#4662);
#4661 = CARTESIAN_POINT('',(103.,-60.,5.));
#4662 = VECTOR('',#4663,1.);
#4663 = DIRECTION('',(0.,0.,1.));
#4664 = PCURVE('',#4638,#4665);
#4665 = DEFINITIONAL_REPRESENTATION('',(#4666),#4670);
#4666 = LINE('',#4667,#4668);
#4667 = CARTESIAN_POINT('',(-0.,0.));
#4668 = VECTOR('',#4669,1.);
#4669 = DIRECTION('',(-0.,-1.));
#4670 = ( GEOMETRIC_REPRESENTATION_CONTEXT(2) 
PARAMETRIC_REPRESENTATION_CONTEXT() REPRESENTATION_CONTEXT('2D SPACE',''
  ) );
#4671 = PCURVE('',#4638,#4672);
#4672 = DEFINITIONAL_REPRESENTATION('',(#4673),#4677);
#4673 = LINE('',#4674,#4675);
#4674 = CARTESIAN_POINT('',(-6.28318530718,0.));
#4675 = VECTOR('',#4676,1.);
#4676 = DIRECTION('',(-0.,-1.));
#4677 = ( GEOMETRIC_REPRESENTATION_CONTEXT(2) 
PARAMETRIC_REPRESENTATION_CONTEXT() REPRESENTATION_CONTEXT('2D SPACE',''
  ) );
#4678 = ORIENTED_EDGE('',*,*,#4679,.T.);
#4679 = EDGE_CURVE('',#4657,#4657,#4680,.T.);
#4680 = SURFACE_CURVE('',#4681,(#4686,#4693),.PCURVE_S1.);
#4681 = CIRCLE('',#4682,8.);
#4682 = AXIS2_PLACEMENT_3D('',#4683,#4684,#4685);
#4683 = CARTESIAN_POINT('',(95.,-60.,8.));
#4684 = DIRECTION('',(0.,0.,1.));
#4685 = DIRECTION('',(1.,0.,0.));
#4686 = PCURVE('',#4638,#4687);
#4687 = DEFINITIONAL_REPRESENTATION('',(#4688),#4692);
#4688 = LINE('',#4689,#4690);
#4689 = CARTESIAN_POINT('',(-0.,-3.));
#4690 = VECTOR('',#4691,1.);
#4691 = DIRECTION('',(-1.,0.));
#4692 = ( GEOMETRIC_REPRESENTATION_CONTEXT(2) 
PARAMETRIC_REPRESENTATION_CONTEXT() REPRESENTATION_CONTEXT('2D SPACE',''
  ) );
#4693 = PCURVE('',#66,#4694);
#4694 = DEFINITIONAL_REPRESENTATION('',(#4695),#4699);
#4695 = CIRCLE('',#4696,8.);
#4696 = AXIS2_PLACEMENT_2D('',#4697,#4698);
#4697 = CARTESIAN_POINT('',(205.,20.));
#4698 = DIRECTION('',(1.,0.));
#4699 = ( GEOMETRIC_REPRESENTATION_CONTEXT(2) 
PARAMETRIC_REPRESENTATION_CONTEXT() REPRESENTATION_CONTEXT('2D SPACE',''
  ) );
#4700 = ORIENTED_EDGE('',*,*,#4656,.F.);
#4701 = ORIENTED_EDGE('',*,*,#4621,.F.);
#4702 = ADVANCED_FACE('',(#4703),#449,.F.);
#4703 = FACE_BOUND('',#4704,.T.);
#4704 = EDGE_LOOP('',(#4705,#4706,#4727,#4728));
#4705 = ORIENTED_EDGE('',*,*,#432,.F.);
#4706 = ORIENTED_EDGE('',*,*,#4707,.T.);
#4707 = EDGE_CURVE('',#433,#3652,#4708,.T.);
#4708 = SEAM_CURVE('',#4709,(#4713,#4720),.PCURVE_S1.);
#4709 = LINE('',#4710,#4711);
#4710 = CARTESIAN_POINT('',(-28.,-28.,0.));
#4711 = VECTOR('',#4712,1.);
#4712 = DIRECTION('',(0.,0.,1.));
#4713 = PCURVE('',#449,#4714);
#4714 = DEFINITIONAL_REPRESENTATION('',(#4715),#4719);
#4715 = LINE('',#4716,#4717);
#4716 = CARTESIAN_POINT('',(-0.,0.));
#4717 = VECTOR('',#4718,1.);
#4718 = DIRECTION('',(-0.,-1.));
#4719 = ( GEOMETRIC_REPRESENTATION_CONTEXT(2) 
PARAMETRIC_REPRESENTATION_CONTEXT() REPRESENTATION_CONTEXT('2D SPACE',''
  ) );
#4720 = PCURVE('',#449,#4721);
#4721 = DEFINITIONAL_REPRESENTATION('',(#4722),#4726);
#4722 = LINE('',#4723,#4724);
#4723 = CARTESIAN_POINT('',(-6.28318530718,0.));
#4724 = VECTOR('',#4725,1.);
#4725 = DIRECTION('',(-0.,-1.));
#4726 = ( GEOMETRIC_REPRESENTATION_CONTEXT(2) 
PARAMETRIC_REPRESENTATION_CONTEXT() REPRESENTATION_CONTEXT('2D SPACE',''
  ) );
#4727 = ORIENTED_EDGE('',*,*,#3651,.T.);
#4728 = ORIENTED_EDGE('',*,*,#4707,.F.);
#4729 = ADVANCED_FACE('',(#4730),#418,.F.);
#4730 = FACE_BOUND('',#4731,.T.);
#4731 = EDGE_LOOP('',(#4732,#4755,#4756,#4757));
#4732 = ORIENTED_EDGE('',*,*,#4733,.F.);
#4733 = EDGE_CURVE('',#398,#4734,#4736,.T.);
#4734 = VERTEX_POINT('',#4735);
#4735 = CARTESIAN_POINT('',(3.6,-60.,5.));
#4736 = SEAM_CURVE('',#4737,(#4741,#4748),.PCURVE_S1.);
#4737 = LINE('',#4738,#4739);
#4738 = CARTESIAN_POINT('',(3.6,-60.,-1.));
#4739 = VECTOR('',#4740,1.);
#4740 = DIRECTION('',(0.,0.,1.));
#4741 = PCURVE('',#418,#4742);
#4742 = DEFINITIONAL_REPRESENTATION('',(#4743),#4747);
#4743 = LINE('',#4744,#4745);
#4744 = CARTESIAN_POINT('',(-6.28318530718,0.));
#4745 = VECTOR('',#4746,1.);
#4746 = DIRECTION('',(-0.,-1.));
#4747 = ( GEOMETRIC_REPRESENTATION_CONTEXT(2) 
PARAMETRIC_REPRESENTATION_CONTEXT() REPRESENTATION_CONTEXT('2D SPACE',''
  ) );
#4748 = PCURVE('',#418,#4749);
#4749 = DEFINITIONAL_REPRESENTATION('',(#4750),#4754);
#4750 = LINE('',#4751,#4752);
#4751 = CARTESIAN_POINT('',(-0.,0.));
#4752 = VECTOR('',#4753,1.);
#4753 = DIRECTION('',(-0.,-1.));
#4754 = ( GEOMETRIC_REPRESENTATION_CONTEXT(2) 
PARAMETRIC_REPRESENTATION_CONTEXT() REPRESENTATION_CONTEXT('2D SPACE',''
  ) );
#4755 = ORIENTED_EDGE('',*,*,#397,.T.);
#4756 = ORIENTED_EDGE('',*,*,#4733,.T.);
#4757 = ORIENTED_EDGE('',*,*,#4758,.F.);
#4758 = EDGE_CURVE('',#4734,#4734,#4759,.T.);
#4759 = SURFACE_CURVE('',#4760,(#4765,#4772),.PCURVE_S1.);
#4760 = CIRCLE('',#4761,3.6);
#4761 = AXIS2_PLACEMENT_3D('',#4762,#4763,#4764);
#4762 = CARTESIAN_POINT('',(0.,-60.,5.));
#4763 = DIRECTION('',(0.,0.,-1.));
#4764 = DIRECTION('',(1.,0.,0.));
#4765 = PCURVE('',#418,#4766);
#4766 = DEFINITIONAL_REPRESENTATION('',(#4767),#4771);
#4767 = LINE('',#4768,#4769);
#4768 = CARTESIAN_POINT('',(-6.28318530718,-6.));
#4769 = VECTOR('',#4770,1.);
#4770 = DIRECTION('',(1.,-0.));
#4771 = ( GEOMETRIC_REPRESENTATION_CONTEXT(2) 
PARAMETRIC_REPRESENTATION_CONTEXT() REPRESENTATION_CONTEXT('2D SPACE',''
  ) );
#4772 = PCURVE('',#4773,#4778);
#4773 = PLANE('',#4774);
#4774 = AXIS2_PLACEMENT_3D('',#4775,#4776,#4777);
#4775 = CARTESIAN_POINT('',(3.418600331349E-16,-60.,5.));
#4776 = DIRECTION('',(0.,0.,1.));
#4777 = DIRECTION('',(1.,0.,-0.));
#4778 = DEFINITIONAL_REPRESENTATION('',(#4779),#4787);
#4779 = ( BOUNDED_CURVE() B_SPLINE_CURVE(2,(#4780,#4781,#4782,#4783,
#4784,#4785,#4786),.UNSPECIFIED.,.T.,.F.) B_SPLINE_CURVE_WITH_KNOTS((1,2
    ,2,2,2,1),(-2.094395102393,0.,2.094395102393,4.188790204786,
6.28318530718,8.377580409573),.UNSPECIFIED.) CURVE() 
GEOMETRIC_REPRESENTATION_ITEM() RATIONAL_B_SPLINE_CURVE((1.,0.5,1.,0.5,
1.,0.5,1.)) REPRESENTATION_ITEM('') );
#4780 = CARTESIAN_POINT('',(3.6,7.105427357601E-15));
#4781 = CARTESIAN_POINT('',(3.6,-6.235382907248));
#4782 = CARTESIAN_POINT('',(-1.8,-3.117691453624));
#4783 = CARTESIAN_POINT('',(-7.2,6.223681662215E-15));
#4784 = CARTESIAN_POINT('',(-1.8,3.117691453624));
#4785 = CARTESIAN_POINT('',(3.6,6.235382907248));
#4786 = CARTESIAN_POINT('',(3.6,7.105427357601E-15));
#4787 = ( GEOMETRIC_REPRESENTATION_CONTEXT(2) 
PARAMETRIC_REPRESENTATION_CONTEXT() REPRESENTATION_CONTEXT('2D SPACE',''
  ) );
#4788 = ADVANCED_FACE('',(#4789,#4820),#4773,.T.);
#4789 = FACE_BOUND('',#4790,.T.);
#4790 = EDGE_LOOP('',(#4791));
#4791 = ORIENTED_EDGE('',*,*,#4792,.T.);
#4792 = EDGE_CURVE('',#4793,#4793,#4795,.T.);
#4793 = VERTEX_POINT('',#4794);
#4794 = CARTESIAN_POINT('',(8.,-60.,5.));
#4795 = SURFACE_CURVE('',#4796,(#4801,#4808),.PCURVE_S1.);
#4796 = CIRCLE('',#4797,8.);
#4797 = AXIS2_PLACEMENT_3D('',#4798,#4799,#4800);
#4798 = CARTESIAN_POINT('',(0.,-60.,5.));
#4799 = DIRECTION('',(0.,0.,1.));
#4800 = DIRECTION('',(1.,0.,0.));
#4801 = PCURVE('',#4773,#4802);
#4802 = DEFINITIONAL_REPRESENTATION('',(#4803),#4807);
#4803 = CIRCLE('',#4804,8.);
#4804 = AXIS2_PLACEMENT_2D('',#4805,#4806);
#4805 = CARTESIAN_POINT('',(-3.418600331349E-16,7.105427357601E-15));
#4806 = DIRECTION('',(1.,0.));
#4807 = ( GEOMETRIC_REPRESENTATION_CONTEXT(2) 
PARAMETRIC_REPRESENTATION_CONTEXT() REPRESENTATION_CONTEXT('2D SPACE',''
  ) );
#4808 = PCURVE('',#4809,#4814);
#4809 = CYLINDRICAL_SURFACE('',#4810,8.);
#4810 = AXIS2_PLACEMENT_3D('',#4811,#4812,#4813);
#4811 = CARTESIAN_POINT('',(0.,-60.,5.));
#4812 = DIRECTION('',(-0.,-0.,-1.));
#4813 = DIRECTION('',(1.,0.,0.));
#4814 = DEFINITIONAL_REPRESENTATION('',(#4815),#4819);
#4815 = LINE('',#4816,#4817);
#4816 = CARTESIAN_POINT('',(-0.,0.));
#4817 = VECTOR('',#4818,1.);
#4818 = DIRECTION('',(-1.,0.));
#4819 = ( GEOMETRIC_REPRESENTATION_CONTEXT(2) 
PARAMETRIC_REPRESENTATION_CONTEXT() REPRESENTATION_CONTEXT('2D SPACE',''
  ) );
#4820 = FACE_BOUND('',#4821,.T.);
#4821 = EDGE_LOOP('',(#4822));
#4822 = ORIENTED_EDGE('',*,*,#4758,.T.);
#4823 = ADVANCED_FACE('',(#4824),#4809,.F.);
#4824 = FACE_BOUND('',#4825,.T.);
#4825 = EDGE_LOOP('',(#4826,#4849,#4871,#4872));
#4826 = ORIENTED_EDGE('',*,*,#4827,.T.);
#4827 = EDGE_CURVE('',#4793,#4828,#4830,.T.);
#4828 = VERTEX_POINT('',#4829);
#4829 = CARTESIAN_POINT('',(8.,-60.,8.));
#4830 = SEAM_CURVE('',#4831,(#4835,#4842),.PCURVE_S1.);
#4831 = LINE('',#4832,#4833);
#4832 = CARTESIAN_POINT('',(8.,-60.,5.));
#4833 = VECTOR('',#4834,1.);
#4834 = DIRECTION('',(0.,0.,1.));
#4835 = PCURVE('',#4809,#4836);
#4836 = DEFINITIONAL_REPRESENTATION('',(#4837),#4841);
#4837 = LINE('',#4838,#4839);
#4838 = CARTESIAN_POINT('',(-0.,0.));
#4839 = VECTOR('',#4840,1.);
#4840 = DIRECTION('',(-0.,-1.));
#4841 = ( GEOMETRIC_REPRESENTATION_CONTEXT(2) 
PARAMETRIC_REPRESENTATION_CONTEXT() REPRESENTATION_CONTEXT('2D SPACE',''
  ) );
#4842 = PCURVE('',#4809,#4843);
#4843 = DEFINITIONAL_REPRESENTATION('',(#4844),#4848);
#4844 = LINE('',#4845,#4846);
#4845 = CARTESIAN_POINT('',(-6.28318530718,0.));
#4846 = VECTOR('',#4847,1.);
#4847 = DIRECTION('',(-0.,-1.));
#4848 = ( GEOMETRIC_REPRESENTATION_CONTEXT(2) 
PARAMETRIC_REPRESENTATION_CONTEXT() REPRESENTATION_CONTEXT('2D SPACE',''
  ) );
#4849 = ORIENTED_EDGE('',*,*,#4850,.T.);
#4850 = EDGE_CURVE('',#4828,#4828,#4851,.T.);
#4851 = SURFACE_CURVE('',#4852,(#4857,#4864),.PCURVE_S1.);
#4852 = CIRCLE('',#4853,8.);
#4853 = AXIS2_PLACEMENT_3D('',#4854,#4855,#4856);
#4854 = CARTESIAN_POINT('',(0.,-60.,8.));
#4855 = DIRECTION('',(0.,0.,1.));
#4856 = DIRECTION('',(1.,0.,0.));
#4857 = PCURVE('',#4809,#4858);
#4858 = DEFINITIONAL_REPRESENTATION('',(#4859),#4863);
#4859 = LINE('',#4860,#4861);
#4860 = CARTESIAN_POINT('',(-0.,-3.));
#4861 = VECTOR('',#4862,1.);
#4862 = DIRECTION('',(-1.,0.));
#4863 = ( GEOMETRIC_REPRESENTATION_CONTEXT(2) 
PARAMETRIC_REPRESENTATION_CONTEXT() REPRESENTATION_CONTEXT('2D SPACE',''
  ) );
#4864 = PCURVE('',#66,#4865);
#4865 = DEFINITIONAL_REPRESENTATION('',(#4866),#4870);
#4866 = CIRCLE('',#4867,8.);
#4867 = AXIS2_PLACEMENT_2D('',#4868,#4869);
#4868 = CARTESIAN_POINT('',(110.,20.));
#4869 = DIRECTION('',(1.,0.));
#4870 = ( GEOMETRIC_REPRESENTATION_CONTEXT(2) 
PARAMETRIC_REPRESENTATION_CONTEXT() REPRESENTATION_CONTEXT('2D SPACE',''
  ) );
#4871 = ORIENTED_EDGE('',*,*,#4827,.F.);
#4872 = ORIENTED_EDGE('',*,*,#4792,.F.);
#4873 = ADVANCED_FACE('',(#4874),#383,.F.);
#4874 = FACE_BOUND('',#4875,.T.);
#4875 = EDGE_LOOP('',(#4876,#4899,#4900,#4901));
#4876 = ORIENTED_EDGE('',*,*,#4877,.F.);
#4877 = EDGE_CURVE('',#363,#4878,#4880,.T.);
#4878 = VERTEX_POINT('',#4879);
#4879 = CARTESIAN_POINT('',(-91.4,-60.,5.));
#4880 = SEAM_CURVE('',#4881,(#4885,#4892),.PCURVE_S1.);
#4881 = LINE('',#4882,#4883);
#4882 = CARTESIAN_POINT('',(-91.4,-60.,-1.));
#4883 = VECTOR('',#4884,1.);
#4884 = DIRECTION('',(0.,0.,1.));
#4885 = PCURVE('',#383,#4886);
#4886 = DEFINITIONAL_REPRESENTATION('',(#4887),#4891);
#4887 = LINE('',#4888,#4889);
#4888 = CARTESIAN_POINT('',(-6.28318530718,0.));
#4889 = VECTOR('',#4890,1.);
#4890 = DIRECTION('',(-0.,-1.));
#4891 = ( GEOMETRIC_REPRESENTATION_CONTEXT(2) 
PARAMETRIC_REPRESENTATION_CONTEXT() REPRESENTATION_CONTEXT('2D SPACE',''
  ) );
#4892 = PCURVE('',#383,#4893);
#4893 = DEFINITIONAL_REPRESENTATION('',(#4894),#4898);
#4894 = LINE('',#4895,#4896);
#4895 = CARTESIAN_POINT('',(-0.,0.));
#4896 = VECTOR('',#4897,1.);
#4897 = DIRECTION('',(-0.,-1.));
#4898 = ( GEOMETRIC_REPRESENTATION_CONTEXT(2) 
PARAMETRIC_REPRESENTATION_CONTEXT() REPRESENTATION_CONTEXT('2D SPACE',''
  ) );
#4899 = ORIENTED_EDGE('',*,*,#362,.T.);
#4900 = ORIENTED_EDGE('',*,*,#4877,.T.);
#4901 = ORIENTED_EDGE('',*,*,#4902,.F.);
#4902 = EDGE_CURVE('',#4878,#4878,#4903,.T.);
#4903 = SURFACE_CURVE('',#4904,(#4909,#4916),.PCURVE_S1.);
#4904 = CIRCLE('',#4905,3.6);
#4905 = AXIS2_PLACEMENT_3D('',#4906,#4907,#4908);
#4906 = CARTESIAN_POINT('',(-95.,-60.,5.));
#4907 = DIRECTION('',(0.,0.,-1.));
#4908 = DIRECTION('',(1.,0.,0.));
#4909 = PCURVE('',#383,#4910);
#4910 = DEFINITIONAL_REPRESENTATION('',(#4911),#4915);
#4911 = LINE('',#4912,#4913);
#4912 = CARTESIAN_POINT('',(-6.28318530718,-6.));
#4913 = VECTOR('',#4914,1.);
#4914 = DIRECTION('',(1.,-0.));
#4915 = ( GEOMETRIC_REPRESENTATION_CONTEXT(2) 
PARAMETRIC_REPRESENTATION_CONTEXT() REPRESENTATION_CONTEXT('2D SPACE',''
  ) );
#4916 = PCURVE('',#4917,#4922);
#4917 = PLANE('',#4918);
#4918 = AXIS2_PLACEMENT_3D('',#4919,#4920,#4921);
#4919 = CARTESIAN_POINT('',(-95.,-60.,5.));
#4920 = DIRECTION('',(0.,0.,1.));
#4921 = DIRECTION('',(1.,0.,-0.));
#4922 = DEFINITIONAL_REPRESENTATION('',(#4923),#4931);
#4923 = ( BOUNDED_CURVE() B_SPLINE_CURVE(2,(#4924,#4925,#4926,#4927,
#4928,#4929,#4930),.UNSPECIFIED.,.T.,.F.) B_SPLINE_CURVE_WITH_KNOTS((1,2
    ,2,2,2,1),(-2.094395102393,0.,2.094395102393,4.188790204786,
6.28318530718,8.377580409573),.UNSPECIFIED.) CURVE() 
GEOMETRIC_REPRESENTATION_ITEM() RATIONAL_B_SPLINE_CURVE((1.,0.5,1.,0.5,
1.,0.5,1.)) REPRESENTATION_ITEM('') );
#4924 = CARTESIAN_POINT('',(3.6,7.105427357601E-15));
#4925 = CARTESIAN_POINT('',(3.6,-6.235382907248));
#4926 = CARTESIAN_POINT('',(-1.8,-3.117691453624));
#4927 = CARTESIAN_POINT('',(-7.2,6.223681662215E-15));
#4928 = CARTESIAN_POINT('',(-1.8,3.117691453624));
#4929 = CARTESIAN_POINT('',(3.6,6.235382907248));
#4930 = CARTESIAN_POINT('',(3.6,7.105427357601E-15));
#4931 = ( GEOMETRIC_REPRESENTATION_CONTEXT(2) 
PARAMETRIC_REPRESENTATION_CONTEXT() REPRESENTATION_CONTEXT('2D SPACE',''
  ) );
#4932 = ADVANCED_FACE('',(#4933,#4964),#4917,.T.);
#4933 = FACE_BOUND('',#4934,.T.);
#4934 = EDGE_LOOP('',(#4935));
#4935 = ORIENTED_EDGE('',*,*,#4936,.T.);
#4936 = EDGE_CURVE('',#4937,#4937,#4939,.T.);
#4937 = VERTEX_POINT('',#4938);
#4938 = CARTESIAN_POINT('',(-87.,-60.,5.));
#4939 = SURFACE_CURVE('',#4940,(#4945,#4952),.PCURVE_S1.);
#4940 = CIRCLE('',#4941,8.);
#4941 = AXIS2_PLACEMENT_3D('',#4942,#4943,#4944);
#4942 = CARTESIAN_POINT('',(-95.,-60.,5.));
#4943 = DIRECTION('',(0.,0.,1.));
#4944 = DIRECTION('',(1.,0.,0.));
#4945 = PCURVE('',#4917,#4946);
#4946 = DEFINITIONAL_REPRESENTATION('',(#4947),#4951);
#4947 = CIRCLE('',#4948,8.);
#4948 = AXIS2_PLACEMENT_2D('',#4949,#4950);
#4949 = CARTESIAN_POINT('',(0.,7.105427357601E-15));
#4950 = DIRECTION('',(1.,0.));
#4951 = ( GEOMETRIC_REPRESENTATION_CONTEXT(2) 
PARAMETRIC_REPRESENTATION_CONTEXT() REPRESENTATION_CONTEXT('2D SPACE',''
  ) );
#4952 = PCURVE('',#4953,#4958);
#4953 = CYLINDRICAL_SURFACE('',#4954,8.);
#4954 = AXIS2_PLACEMENT_3D('',#4955,#4956,#4957);
#4955 = CARTESIAN_POINT('',(-95.,-60.,5.));
#4956 = DIRECTION('',(-0.,-0.,-1.));
#4957 = DIRECTION('',(1.,0.,0.));
#4958 = DEFINITIONAL_REPRESENTATION('',(#4959),#4963);
#4959 = LINE('',#4960,#4961);
#4960 = CARTESIAN_POINT('',(-0.,0.));
#4961 = VECTOR('',#4962,1.);
#4962 = DIRECTION('',(-1.,0.));
#4963 = ( GEOMETRIC_REPRESENTATION_CONTEXT(2) 
PARAMETRIC_REPRESENTATION_CONTEXT() REPRESENTATION_CONTEXT('2D SPACE',''
  ) );
#4964 = FACE_BOUND('',#4965,.T.);
#4965 = EDGE_LOOP('',(#4966));
#4966 = ORIENTED_EDGE('',*,*,#4902,.T.);
#4967 = ADVANCED_FACE('',(#4968),#4953,.F.);
#4968 = FACE_BOUND('',#4969,.T.);
#4969 = EDGE_LOOP('',(#4970,#4993,#5015,#5016));
#4970 = ORIENTED_EDGE('',*,*,#4971,.T.);
#4971 = EDGE_CURVE('',#4937,#4972,#4974,.T.);
#4972 = VERTEX_POINT('',#4973);
#4973 = CARTESIAN_POINT('',(-87.,-60.,8.));
#4974 = SEAM_CURVE('',#4975,(#4979,#4986),.PCURVE_S1.);
#4975 = LINE('',#4976,#4977);
#4976 = CARTESIAN_POINT('',(-87.,-60.,5.));
#4977 = VECTOR('',#4978,1.);
#4978 = DIRECTION('',(0.,0.,1.));
#4979 = PCURVE('',#4953,#4980);
#4980 = DEFINITIONAL_REPRESENTATION('',(#4981),#4985);
#4981 = LINE('',#4982,#4983);
#4982 = CARTESIAN_POINT('',(-0.,0.));
#4983 = VECTOR('',#4984,1.);
#4984 = DIRECTION('',(-0.,-1.));
#4985 = ( GEOMETRIC_REPRESENTATION_CONTEXT(2) 
PARAMETRIC_REPRESENTATION_CONTEXT() REPRESENTATION_CONTEXT('2D SPACE',''
  ) );
#4986 = PCURVE('',#4953,#4987);
#4987 = DEFINITIONAL_REPRESENTATION('',(#4988),#4992);
#4988 = LINE('',#4989,#4990);
#4989 = CARTESIAN_POINT('',(-6.28318530718,0.));
#4990 = VECTOR('',#4991,1.);
#4991 = DIRECTION('',(-0.,-1.));
#4992 = ( GEOMETRIC_REPRESENTATION_CONTEXT(2) 
PARAMETRIC_REPRESENTATION_CONTEXT() REPRESENTATION_CONTEXT('2D SPACE',''
  ) );
#4993 = ORIENTED_EDGE('',*,*,#4994,.T.);
#4994 = EDGE_CURVE('',#4972,#4972,#4995,.T.);
#4995 = SURFACE_CURVE('',#4996,(#5001,#5008),.PCURVE_S1.);
#4996 = CIRCLE('',#4997,8.);
#4997 = AXIS2_PLACEMENT_3D('',#4998,#4999,#5000);
#4998 = CARTESIAN_POINT('',(-95.,-60.,8.));
#4999 = DIRECTION('',(0.,0.,1.));
#5000 = DIRECTION('',(1.,0.,0.));
#5001 = PCURVE('',#4953,#5002);
#5002 = DEFINITIONAL_REPRESENTATION('',(#5003),#5007);
#5003 = LINE('',#5004,#5005);
#5004 = CARTESIAN_POINT('',(-0.,-3.));
#5005 = VECTOR('',#5006,1.);
#5006 = DIRECTION('',(-1.,0.));
#5007 = ( GEOMETRIC_REPRESENTATION_CONTEXT(2) 
PARAMETRIC_REPRESENTATION_CONTEXT() REPRESENTATION_CONTEXT('2D SPACE',''
  ) );
#5008 = PCURVE('',#66,#5009);
#5009 = DEFINITIONAL_REPRESENTATION('',(#5010),#5014);
#5010 = CIRCLE('',#5011,8.);
#5011 = AXIS2_PLACEMENT_2D('',#5012,#5013);
#5012 = CARTESIAN_POINT('',(15.,20.));
#5013 = DIRECTION('',(1.,0.));
#5014 = ( GEOMETRIC_REPRESENTATION_CONTEXT(2) 
PARAMETRIC_REPRESENTATION_CONTEXT() REPRESENTATION_CONTEXT('2D SPACE',''
  ) );
#5015 = ORIENTED_EDGE('',*,*,#4971,.F.);
#5016 = ORIENTED_EDGE('',*,*,#4936,.F.);
#5017 = ADVANCED_FACE('',(#5018),#322,.T.);
#5018 = FACE_BOUND('',#5019,.T.);
#5019 = EDGE_LOOP('',(#5020,#5021,#5044,#5067));
#5020 = ORIENTED_EDGE('',*,*,#306,.F.);
#5021 = ORIENTED_EDGE('',*,*,#5022,.T.);
#5022 = EDGE_CURVE('',#307,#5023,#5025,.T.);
#5023 = VERTEX_POINT('',#5024);
#5024 = CARTESIAN_POINT('',(-103.,80.,8.));
#5025 = SURFACE_CURVE('',#5026,(#5030,#5037),.PCURVE_S1.);
#5026 = LINE('',#5027,#5028);
#5027 = CARTESIAN_POINT('',(-103.,80.,0.));
#5028 = VECTOR('',#5029,1.);
#5029 = DIRECTION('',(0.,0.,1.));
#5030 = PCURVE('',#322,#5031);
#5031 = DEFINITIONAL_REPRESENTATION('',(#5032),#5036);
#5032 = LINE('',#5033,#5034);
#5033 = CARTESIAN_POINT('',(0.,7.));
#5034 = VECTOR('',#5035,1.);
#5035 = DIRECTION('',(1.,0.));
#5036 = ( GEOMETRIC_REPRESENTATION_CONTEXT(2) 
PARAMETRIC_REPRESENTATION_CONTEXT() REPRESENTATION_CONTEXT('2D SPACE',''
  ) );
#5037 = PCURVE('',#148,#5038);
#5038 = DEFINITIONAL_REPRESENTATION('',(#5039),#5043);
#5039 = LINE('',#5040,#5041);
#5040 = CARTESIAN_POINT('',(-1.570796326795,0.));
#5041 = VECTOR('',#5042,1.);
#5042 = DIRECTION('',(-0.,1.));
#5043 = ( GEOMETRIC_REPRESENTATION_CONTEXT(2) 
PARAMETRIC_REPRESENTATION_CONTEXT() REPRESENTATION_CONTEXT('2D SPACE',''
  ) );
#5044 = ORIENTED_EDGE('',*,*,#5045,.T.);
#5045 = EDGE_CURVE('',#5023,#5046,#5048,.T.);
#5046 = VERTEX_POINT('',#5047);
#5047 = CARTESIAN_POINT('',(103.,80.,8.));
#5048 = SURFACE_CURVE('',#5049,(#5053,#5060),.PCURVE_S1.);
#5049 = LINE('',#5050,#5051);
#5050 = CARTESIAN_POINT('',(-110.,80.,8.));
#5051 = VECTOR('',#5052,1.);
#5052 = DIRECTION('',(1.,0.,0.));
#5053 = PCURVE('',#322,#5054);
#5054 = DEFINITIONAL_REPRESENTATION('',(#5055),#5059);
#5055 = LINE('',#5056,#5057);
#5056 = CARTESIAN_POINT('',(8.,0.));
#5057 = VECTOR('',#5058,1.);
#5058 = DIRECTION('',(0.,1.));
#5059 = ( GEOMETRIC_REPRESENTATION_CONTEXT(2) 
PARAMETRIC_REPRESENTATION_CONTEXT() REPRESENTATION_CONTEXT('2D SPACE',''
  ) );
#5060 = PCURVE('',#66,#5061);
#5061 = DEFINITIONAL_REPRESENTATION('',(#5062),#5066);
#5062 = LINE('',#5063,#5064);
#5063 = CARTESIAN_POINT('',(0.,160.));
#5064 = VECTOR('',#5065,1.);
#5065 = DIRECTION('',(1.,0.));
#5066 = ( GEOMETRIC_REPRESENTATION_CONTEXT(2) 
PARAMETRIC_REPRESENTATION_CONTEXT() REPRESENTATION_CONTEXT('2D SPACE',''
  ) );
#5067 = ORIENTED_EDGE('',*,*,#5068,.F.);
#5068 = EDGE_CURVE('',#278,#5046,#5069,.T.);
#5069 = SURFACE_CURVE('',#5070,(#5074,#5081),.PCURVE_S1.);
#5070 = LINE('',#5071,#5072);
#5071 = CARTESIAN_POINT('',(103.,80.,0.));
#5072 = VECTOR('',#5073,1.);
#5073 = DIRECTION('',(0.,0.,1.));
#5074 = PCURVE('',#322,#5075);
#5075 = DEFINITIONAL_REPRESENTATION('',(#5076),#5080);
#5076 = LINE('',#5077,#5078);
#5077 = CARTESIAN_POINT('',(0.,213.));
#5078 = VECTOR('',#5079,1.);
#5079 = DIRECTION('',(1.,0.));
#5080 = ( GEOMETRIC_REPRESENTATION_CONTEXT(2) 
PARAMETRIC_REPRESENTATION_CONTEXT() REPRESENTATION_CONTEXT('2D SPACE',''
  ) );
#5081 = PCURVE('',#294,#5082);
#5082 = DEFINITIONAL_REPRESENTATION('',(#5083),#5087);
#5083 = LINE('',#5084,#5085);
#5084 = CARTESIAN_POINT('',(1.570796326795,0.));
#5085 = VECTOR('',#5086,1.);
#5086 = DIRECTION('',(0.,1.));
#5087 = ( GEOMETRIC_REPRESENTATION_CONTEXT(2) 
PARAMETRIC_REPRESENTATION_CONTEXT() REPRESENTATION_CONTEXT('2D SPACE',''
  ) );
#5088 = ADVANCED_FACE('',(#5089),#294,.T.);
#5089 = FACE_BOUND('',#5090,.T.);
#5090 = EDGE_LOOP('',(#5091,#5092,#5093,#5117));
#5091 = ORIENTED_EDGE('',*,*,#277,.T.);
#5092 = ORIENTED_EDGE('',*,*,#5068,.T.);
#5093 = ORIENTED_EDGE('',*,*,#5094,.F.);
#5094 = EDGE_CURVE('',#5095,#5046,#5097,.T.);
#5095 = VERTEX_POINT('',#5096);
#5096 = CARTESIAN_POINT('',(110.,73.,8.));
#5097 = SURFACE_CURVE('',#5098,(#5103,#5110),.PCURVE_S1.);
#5098 = CIRCLE('',#5099,7.);
#5099 = AXIS2_PLACEMENT_3D('',#5100,#5101,#5102);
#5100 = CARTESIAN_POINT('',(103.,73.,8.));
#5101 = DIRECTION('',(0.,0.,1.));
#5102 = DIRECTION('',(0.,-1.,0.));
#5103 = PCURVE('',#294,#5104);
#5104 = DEFINITIONAL_REPRESENTATION('',(#5105),#5109);
#5105 = LINE('',#5106,#5107);
#5106 = CARTESIAN_POINT('',(-1.570796326795,8.));
#5107 = VECTOR('',#5108,1.);
#5108 = DIRECTION('',(1.,0.));
#5109 = ( GEOMETRIC_REPRESENTATION_CONTEXT(2) 
PARAMETRIC_REPRESENTATION_CONTEXT() REPRESENTATION_CONTEXT('2D SPACE',''
  ) );
#5110 = PCURVE('',#66,#5111);
#5111 = DEFINITIONAL_REPRESENTATION('',(#5112),#5116);
#5112 = CIRCLE('',#5113,7.);
#5113 = AXIS2_PLACEMENT_2D('',#5114,#5115);
#5114 = CARTESIAN_POINT('',(213.,153.));
#5115 = DIRECTION('',(0.,-1.));
#5116 = ( GEOMETRIC_REPRESENTATION_CONTEXT(2) 
PARAMETRIC_REPRESENTATION_CONTEXT() REPRESENTATION_CONTEXT('2D SPACE',''
  ) );
#5117 = ORIENTED_EDGE('',*,*,#5118,.F.);
#5118 = EDGE_CURVE('',#250,#5095,#5119,.T.);
#5119 = SURFACE_CURVE('',#5120,(#5124,#5131),.PCURVE_S1.);
#5120 = LINE('',#5121,#5122);
#5121 = CARTESIAN_POINT('',(110.,73.,0.));
#5122 = VECTOR('',#5123,1.);
#5123 = DIRECTION('',(0.,0.,1.));
#5124 = PCURVE('',#294,#5125);
#5125 = DEFINITIONAL_REPRESENTATION('',(#5126),#5130);
#5126 = LINE('',#5127,#5128);
#5127 = CARTESIAN_POINT('',(0.,0.));
#5128 = VECTOR('',#5129,1.);
#5129 = DIRECTION('',(0.,1.));
#5130 = ( GEOMETRIC_REPRESENTATION_CONTEXT(2) 
PARAMETRIC_REPRESENTATION_CONTEXT() REPRESENTATION_CONTEXT('2D SPACE',''
  ) );
#5131 = PCURVE('',#265,#5132);
#5132 = DEFINITIONAL_REPRESENTATION('',(#5133),#5137);
#5133 = LINE('',#5134,#5135);
#5134 = CARTESIAN_POINT('',(0.,-153.));
#5135 = VECTOR('',#5136,1.);
#5136 = DIRECTION('',(1.,0.));
#5137 = ( GEOMETRIC_REPRESENTATION_CONTEXT(2) 
PARAMETRIC_REPRESENTATION_CONTEXT() REPRESENTATION_CONTEXT('2D SPACE',''
  ) );
#5138 = ADVANCED_FACE('',(#5139),#265,.T.);
#5139 = FACE_BOUND('',#5140,.T.);
#5140 = EDGE_LOOP('',(#5141,#5164,#5185,#5186));
#5141 = ORIENTED_EDGE('',*,*,#5142,.F.);
#5142 = EDGE_CURVE('',#5143,#5095,#5145,.T.);
#5143 = VERTEX_POINT('',#5144);
#5144 = CARTESIAN_POINT('',(110.,-73.,8.));
#5145 = SURFACE_CURVE('',#5146,(#5150,#5157),.PCURVE_S1.);
#5146 = LINE('',#5147,#5148);
#5147 = CARTESIAN_POINT('',(110.,-80.,8.));
#5148 = VECTOR('',#5149,1.);
#5149 = DIRECTION('',(0.,1.,0.));
#5150 = PCURVE('',#265,#5151);
#5151 = DEFINITIONAL_REPRESENTATION('',(#5152),#5156);
#5152 = LINE('',#5153,#5154);
#5153 = CARTESIAN_POINT('',(8.,0.));
#5154 = VECTOR('',#5155,1.);
#5155 = DIRECTION('',(0.,-1.));
#5156 = ( GEOMETRIC_REPRESENTATION_CONTEXT(2) 
PARAMETRIC_REPRESENTATION_CONTEXT() REPRESENTATION_CONTEXT('2D SPACE',''
  ) );
#5157 = PCURVE('',#66,#5158);
#5158 = DEFINITIONAL_REPRESENTATION('',(#5159),#5163);
#5159 = LINE('',#5160,#5161);
#5160 = CARTESIAN_POINT('',(220.,0.));
#5161 = VECTOR('',#5162,1.);
#5162 = DIRECTION('',(0.,1.));
#5163 = ( GEOMETRIC_REPRESENTATION_CONTEXT(2) 
PARAMETRIC_REPRESENTATION_CONTEXT() REPRESENTATION_CONTEXT('2D SPACE',''
  ) );
#5164 = ORIENTED_EDGE('',*,*,#5165,.F.);
#5165 = EDGE_CURVE('',#217,#5143,#5166,.T.);
#5166 = SURFACE_CURVE('',#5167,(#5171,#5178),.PCURVE_S1.);
#5167 = LINE('',#5168,#5169);
#5168 = CARTESIAN_POINT('',(110.,-73.,0.));
#5169 = VECTOR('',#5170,1.);
#5170 = DIRECTION('',(0.,0.,1.));
#5171 = PCURVE('',#265,#5172);
#5172 = DEFINITIONAL_REPRESENTATION('',(#5173),#5177);
#5173 = LINE('',#5174,#5175);
#5174 = CARTESIAN_POINT('',(0.,-7.));
#5175 = VECTOR('',#5176,1.);
#5176 = DIRECTION('',(1.,0.));
#5177 = ( GEOMETRIC_REPRESENTATION_CONTEXT(2) 
PARAMETRIC_REPRESENTATION_CONTEXT() REPRESENTATION_CONTEXT('2D SPACE',''
  ) );
#5178 = PCURVE('',#237,#5179);
#5179 = DEFINITIONAL_REPRESENTATION('',(#5180),#5184);
#5180 = LINE('',#5181,#5182);
#5181 = CARTESIAN_POINT('',(-0.,0.));
#5182 = VECTOR('',#5183,1.);
#5183 = DIRECTION('',(-0.,1.));
#5184 = ( GEOMETRIC_REPRESENTATION_CONTEXT(2) 
PARAMETRIC_REPRESENTATION_CONTEXT() REPRESENTATION_CONTEXT('2D SPACE',''
  ) );
#5185 = ORIENTED_EDGE('',*,*,#249,.T.);
#5186 = ORIENTED_EDGE('',*,*,#5118,.T.);
#5187 = ADVANCED_FACE('',(#5188),#237,.T.);
#5188 = FACE_BOUND('',#5189,.F.);
#5189 = EDGE_LOOP('',(#5190,#5191,#5214,#5240));
#5190 = ORIENTED_EDGE('',*,*,#216,.T.);
#5191 = ORIENTED_EDGE('',*,*,#5192,.T.);
#5192 = EDGE_CURVE('',#189,#5193,#5195,.T.);
#5193 = VERTEX_POINT('',#5194);
#5194 = CARTESIAN_POINT('',(103.,-80.,8.));
#5195 = SURFACE_CURVE('',#5196,(#5200,#5207),.PCURVE_S1.);
#5196 = LINE('',#5197,#5198);
#5197 = CARTESIAN_POINT('',(103.,-80.,0.));
#5198 = VECTOR('',#5199,1.);
#5199 = DIRECTION('',(0.,0.,1.));
#5200 = PCURVE('',#237,#5201);
#5201 = DEFINITIONAL_REPRESENTATION('',(#5202),#5206);
#5202 = LINE('',#5203,#5204);
#5203 = CARTESIAN_POINT('',(-1.570796326795,0.));
#5204 = VECTOR('',#5205,1.);
#5205 = DIRECTION('',(-0.,1.));
#5206 = ( GEOMETRIC_REPRESENTATION_CONTEXT(2) 
PARAMETRIC_REPRESENTATION_CONTEXT() REPRESENTATION_CONTEXT('2D SPACE',''
  ) );
#5207 = PCURVE('',#204,#5208);
#5208 = DEFINITIONAL_REPRESENTATION('',(#5209),#5213);
#5209 = LINE('',#5210,#5211);
#5210 = CARTESIAN_POINT('',(0.,213.));
#5211 = VECTOR('',#5212,1.);
#5212 = DIRECTION('',(1.,0.));
#5213 = ( GEOMETRIC_REPRESENTATION_CONTEXT(2) 
PARAMETRIC_REPRESENTATION_CONTEXT() REPRESENTATION_CONTEXT('2D SPACE',''
  ) );
#5214 = ORIENTED_EDGE('',*,*,#5215,.F.);
#5215 = EDGE_CURVE('',#5143,#5193,#5216,.T.);
#5216 = SURFACE_CURVE('',#5217,(#5222,#5229),.PCURVE_S1.);
#5217 = CIRCLE('',#5218,7.);
#5218 = AXIS2_PLACEMENT_3D('',#5219,#5220,#5221);
#5219 = CARTESIAN_POINT('',(103.,-73.,8.));
#5220 = DIRECTION('',(-0.,-0.,-1.));
#5221 = DIRECTION('',(0.,-1.,0.));
#5222 = PCURVE('',#237,#5223);
#5223 = DEFINITIONAL_REPRESENTATION('',(#5224),#5228);
#5224 = LINE('',#5225,#5226);
#5225 = CARTESIAN_POINT('',(4.712388980385,8.));
#5226 = VECTOR('',#5227,1.);
#5227 = DIRECTION('',(-1.,0.));
#5228 = ( GEOMETRIC_REPRESENTATION_CONTEXT(2) 
PARAMETRIC_REPRESENTATION_CONTEXT() REPRESENTATION_CONTEXT('2D SPACE',''
  ) );
#5229 = PCURVE('',#66,#5230);
#5230 = DEFINITIONAL_REPRESENTATION('',(#5231),#5239);
#5231 = ( BOUNDED_CURVE() B_SPLINE_CURVE(2,(#5232,#5233,#5234,#5235,
#5236,#5237,#5238),.UNSPECIFIED.,.T.,.F.) B_SPLINE_CURVE_WITH_KNOTS((1,2
    ,2,2,2,1),(-2.094395102393,0.,2.094395102393,4.188790204786,
6.28318530718,8.377580409573),.UNSPECIFIED.) CURVE() 
GEOMETRIC_REPRESENTATION_ITEM() RATIONAL_B_SPLINE_CURVE((1.,0.5,1.,0.5,
1.,0.5,1.)) REPRESENTATION_ITEM('') );
#5232 = CARTESIAN_POINT('',(213.,0.));
#5233 = CARTESIAN_POINT('',(200.87564434701,0.));
#5234 = CARTESIAN_POINT('',(206.9378221735,10.5));
#5235 = CARTESIAN_POINT('',(213.,21.));
#5236 = CARTESIAN_POINT('',(219.06217782649,10.5));
#5237 = CARTESIAN_POINT('',(225.12435565298,1.06581410364E-14));
#5238 = CARTESIAN_POINT('',(213.,0.));
#5239 = ( GEOMETRIC_REPRESENTATION_CONTEXT(2) 
PARAMETRIC_REPRESENTATION_CONTEXT() REPRESENTATION_CONTEXT('2D SPACE',''
  ) );
#5240 = ORIENTED_EDGE('',*,*,#5165,.F.);
#5241 = ADVANCED_FACE('',(#5242),#204,.F.);
#5242 = FACE_BOUND('',#5243,.F.);
#5243 = EDGE_LOOP('',(#5244,#5245,#5268,#5289));
#5244 = ORIENTED_EDGE('',*,*,#188,.F.);
#5245 = ORIENTED_EDGE('',*,*,#5246,.T.);
#5246 = EDGE_CURVE('',#165,#5247,#5249,.T.);
#5247 = VERTEX_POINT('',#5248);
#5248 = CARTESIAN_POINT('',(-103.,-80.,8.));
#5249 = SURFACE_CURVE('',#5250,(#5254,#5261),.PCURVE_S1.);
#5250 = LINE('',#5251,#5252);
#5251 = CARTESIAN_POINT('',(-103.,-80.,0.));
#5252 = VECTOR('',#5253,1.);
#5253 = DIRECTION('',(0.,0.,1.));
#5254 = PCURVE('',#204,#5255);
#5255 = DEFINITIONAL_REPRESENTATION('',(#5256),#5260);
#5256 = LINE('',#5257,#5258);
#5257 = CARTESIAN_POINT('',(0.,7.));
#5258 = VECTOR('',#5259,1.);
#5259 = DIRECTION('',(1.,0.));
#5260 = ( GEOMETRIC_REPRESENTATION_CONTEXT(2) 
PARAMETRIC_REPRESENTATION_CONTEXT() REPRESENTATION_CONTEXT('2D SPACE',''
  ) );
#5261 = PCURVE('',#94,#5262);
#5262 = DEFINITIONAL_REPRESENTATION('',(#5263),#5267);
#5263 = LINE('',#5264,#5265);
#5264 = CARTESIAN_POINT('',(1.570796326795,0.));
#5265 = VECTOR('',#5266,1.);
#5266 = DIRECTION('',(0.,1.));
#5267 = ( GEOMETRIC_REPRESENTATION_CONTEXT(2) 
PARAMETRIC_REPRESENTATION_CONTEXT() REPRESENTATION_CONTEXT('2D SPACE',''
  ) );
#5268 = ORIENTED_EDGE('',*,*,#5269,.T.);
#5269 = EDGE_CURVE('',#5247,#5193,#5270,.T.);
#5270 = SURFACE_CURVE('',#5271,(#5275,#5282),.PCURVE_S1.);
#5271 = LINE('',#5272,#5273);
#5272 = CARTESIAN_POINT('',(-110.,-80.,8.));
#5273 = VECTOR('',#5274,1.);
#5274 = DIRECTION('',(1.,0.,0.));
#5275 = PCURVE('',#204,#5276);
#5276 = DEFINITIONAL_REPRESENTATION('',(#5277),#5281);
#5277 = LINE('',#5278,#5279);
#5278 = CARTESIAN_POINT('',(8.,0.));
#5279 = VECTOR('',#5280,1.);
#5280 = DIRECTION('',(0.,1.));
#5281 = ( GEOMETRIC_REPRESENTATION_CONTEXT(2) 
PARAMETRIC_REPRESENTATION_CONTEXT() REPRESENTATION_CONTEXT('2D SPACE',''
  ) );
#5282 = PCURVE('',#66,#5283);
#5283 = DEFINITIONAL_REPRESENTATION('',(#5284),#5288);
#5284 = LINE('',#5285,#5286);
#5285 = CARTESIAN_POINT('',(0.,0.));
#5286 = VECTOR('',#5287,1.);
#5287 = DIRECTION('',(1.,0.));
#5288 = ( GEOMETRIC_REPRESENTATION_CONTEXT(2) 
PARAMETRIC_REPRESENTATION_CONTEXT() REPRESENTATION_CONTEXT('2D SPACE',''
  ) );
#5289 = ORIENTED_EDGE('',*,*,#5192,.F.);
#5290 = ADVANCED_FACE('',(#5291),#148,.T.);
#5291 = FACE_BOUND('',#5292,.F.);
#5292 = EDGE_LOOP('',(#5293,#5294,#5295,#5321));
#5293 = ORIENTED_EDGE('',*,*,#334,.T.);
#5294 = ORIENTED_EDGE('',*,*,#5022,.T.);
#5295 = ORIENTED_EDGE('',*,*,#5296,.F.);
#5296 = EDGE_CURVE('',#46,#5023,#5297,.T.);
#5297 = SURFACE_CURVE('',#5298,(#5303,#5310),.PCURVE_S1.);
#5298 = CIRCLE('',#5299,7.);
#5299 = AXIS2_PLACEMENT_3D('',#5300,#5301,#5302);
#5300 = CARTESIAN_POINT('',(-103.,73.,8.));
#5301 = DIRECTION('',(-0.,-0.,-1.));
#5302 = DIRECTION('',(0.,-1.,0.));
#5303 = PCURVE('',#148,#5304);
#5304 = DEFINITIONAL_REPRESENTATION('',(#5305),#5309);
#5305 = LINE('',#5306,#5307);
#5306 = CARTESIAN_POINT('',(1.570796326795,8.));
#5307 = VECTOR('',#5308,1.);
#5308 = DIRECTION('',(-1.,0.));
#5309 = ( GEOMETRIC_REPRESENTATION_CONTEXT(2) 
PARAMETRIC_REPRESENTATION_CONTEXT() REPRESENTATION_CONTEXT('2D SPACE',''
  ) );
#5310 = PCURVE('',#66,#5311);
#5311 = DEFINITIONAL_REPRESENTATION('',(#5312),#5320);
#5312 = ( BOUNDED_CURVE() B_SPLINE_CURVE(2,(#5313,#5314,#5315,#5316,
#5317,#5318,#5319),.UNSPECIFIED.,.T.,.F.) B_SPLINE_CURVE_WITH_KNOTS((1,2
    ,2,2,2,1),(-2.094395102393,0.,2.094395102393,4.188790204786,
6.28318530718,8.377580409573),.UNSPECIFIED.) CURVE() 
GEOMETRIC_REPRESENTATION_ITEM() RATIONAL_B_SPLINE_CURVE((1.,0.5,1.,0.5,
1.,0.5,1.)) REPRESENTATION_ITEM('') );
#5313 = CARTESIAN_POINT('',(7.,146.));
#5314 = CARTESIAN_POINT('',(-5.124355652982,146.));
#5315 = CARTESIAN_POINT('',(0.937822173509,156.5));
#5316 = CARTESIAN_POINT('',(7.,167.));
#5317 = CARTESIAN_POINT('',(13.062177826491,156.5));
#5318 = CARTESIAN_POINT('',(19.124355652982,146.));
#5319 = CARTESIAN_POINT('',(7.,146.));
#5320 = ( GEOMETRIC_REPRESENTATION_CONTEXT(2) 
PARAMETRIC_REPRESENTATION_CONTEXT() REPRESENTATION_CONTEXT('2D SPACE',''
  ) );
#5321 = ORIENTED_EDGE('',*,*,#134,.F.);
#5322 = ADVANCED_FACE('',(#5323),#94,.T.);
#5323 = FACE_BOUND('',#5324,.T.);
#5324 = EDGE_LOOP('',(#5325,#5326,#5327,#5349));
#5325 = ORIENTED_EDGE('',*,*,#164,.T.);
#5326 = ORIENTED_EDGE('',*,*,#5246,.T.);
#5327 = ORIENTED_EDGE('',*,*,#5328,.F.);
#5328 = EDGE_CURVE('',#44,#5247,#5329,.T.);
#5329 = SURFACE_CURVE('',#5330,(#5335,#5342),.PCURVE_S1.);
#5330 = CIRCLE('',#5331,7.);
#5331 = AXIS2_PLACEMENT_3D('',#5332,#5333,#5334);
#5332 = CARTESIAN_POINT('',(-103.,-73.,8.));
#5333 = DIRECTION('',(0.,0.,1.));
#5334 = DIRECTION('',(0.,-1.,0.));
#5335 = PCURVE('',#94,#5336);
#5336 = DEFINITIONAL_REPRESENTATION('',(#5337),#5341);
#5337 = LINE('',#5338,#5339);
#5338 = CARTESIAN_POINT('',(-4.712388980385,8.));
#5339 = VECTOR('',#5340,1.);
#5340 = DIRECTION('',(1.,0.));
#5341 = ( GEOMETRIC_REPRESENTATION_CONTEXT(2) 
PARAMETRIC_REPRESENTATION_CONTEXT() REPRESENTATION_CONTEXT('2D SPACE',''
  ) );
#5342 = PCURVE('',#66,#5343);
#5343 = DEFINITIONAL_REPRESENTATION('',(#5344),#5348);
#5344 = CIRCLE('',#5345,7.);
#5345 = AXIS2_PLACEMENT_2D('',#5346,#5347);
#5346 = CARTESIAN_POINT('',(7.,7.));
#5347 = DIRECTION('',(0.,-1.));
#5348 = ( GEOMETRIC_REPRESENTATION_CONTEXT(2) 
PARAMETRIC_REPRESENTATION_CONTEXT() REPRESENTATION_CONTEXT('2D SPACE',''
  ) );
#5349 = ORIENTED_EDGE('',*,*,#78,.F.);
#5350 = ADVANCED_FACE('',(#5351,#5361,#5364,#5367,#5370,#5382,#5385,
    #5388),#66,.T.);
#5351 = FACE_BOUND('',#5352,.T.);
#5352 = EDGE_LOOP('',(#5353,#5354,#5355,#5356,#5357,#5358,#5359,#5360));
#5353 = ORIENTED_EDGE('',*,*,#43,.F.);
#5354 = ORIENTED_EDGE('',*,*,#5328,.T.);
#5355 = ORIENTED_EDGE('',*,*,#5269,.T.);
#5356 = ORIENTED_EDGE('',*,*,#5215,.F.);
#5357 = ORIENTED_EDGE('',*,*,#5142,.T.);
#5358 = ORIENTED_EDGE('',*,*,#5094,.T.);
#5359 = ORIENTED_EDGE('',*,*,#5045,.F.);
#5360 = ORIENTED_EDGE('',*,*,#5296,.F.);
#5361 = FACE_BOUND('',#5362,.T.);
#5362 = EDGE_LOOP('',(#5363));
#5363 = ORIENTED_EDGE('',*,*,#4994,.F.);
#5364 = FACE_BOUND('',#5365,.T.);
#5365 = EDGE_LOOP('',(#5366));
#5366 = ORIENTED_EDGE('',*,*,#4850,.F.);
#5367 = FACE_BOUND('',#5368,.T.);
#5368 = EDGE_LOOP('',(#5369));
#5369 = ORIENTED_EDGE('',*,*,#4679,.F.);
#5370 = FACE_BOUND('',#5371,.T.);
#5371 = EDGE_LOOP('',(#5372,#5373,#5374,#5375,#5376,#5377,#5378,#5379,
    #5380,#5381));
#5372 = ORIENTED_EDGE('',*,*,#1567,.T.);
#5373 = ORIENTED_EDGE('',*,*,#1642,.T.);
#5374 = ORIENTED_EDGE('',*,*,#1721,.T.);
#5375 = ORIENTED_EDGE('',*,*,#2361,.T.);
#5376 = ORIENTED_EDGE('',*,*,#2414,.T.);
#5377 = ORIENTED_EDGE('',*,*,#2710,.T.);
#5378 = ORIENTED_EDGE('',*,*,#2863,.T.);
#5379 = ORIENTED_EDGE('',*,*,#4057,.T.);
#5380 = ORIENTED_EDGE('',*,*,#1278,.T.);
#5381 = ORIENTED_EDGE('',*,*,#1331,.T.);
#5382 = FACE_BOUND('',#5383,.T.);
#5383 = EDGE_LOOP('',(#5384));
#5384 = ORIENTED_EDGE('',*,*,#4403,.F.);
#5385 = FACE_BOUND('',#5386,.T.);
#5386 = EDGE_LOOP('',(#5387));
#5387 = ORIENTED_EDGE('',*,*,#4259,.F.);
#5388 = FACE_BOUND('',#5389,.T.);
#5389 = EDGE_LOOP('',(#5390));
#5390 = ORIENTED_EDGE('',*,*,#907,.F.);
#5391 = MANIFOLD_SOLID_BREP('',#5392);
#5392 = CLOSED_SHELL('',(#5393,#5511,#5581,#5630,#5679,#5706));
#5393 = ADVANCED_FACE('',(#5394),#5408,.F.);
#5394 = FACE_BOUND('',#5395,.F.);
#5395 = EDGE_LOOP('',(#5396,#5429,#5457,#5485));
#5396 = ORIENTED_EDGE('',*,*,#5397,.F.);
#5397 = EDGE_CURVE('',#5398,#5400,#5402,.T.);
#5398 = VERTEX_POINT('',#5399);
#5399 = CARTESIAN_POINT('',(-6.,-54.5,36.2));
#5400 = VERTEX_POINT('',#5401);
#5401 = CARTESIAN_POINT('',(6.,-54.5,36.2));
#5402 = SURFACE_CURVE('',#5403,(#5407,#5418),.PCURVE_S1.);
#5403 = LINE('',#5404,#5405);
#5404 = CARTESIAN_POINT('',(-3.,-54.5,36.2));
#5405 = VECTOR('',#5406,1.);
#5406 = DIRECTION('',(1.,0.,0.));
#5407 = PCURVE('',#5408,#5413);
#5408 = PLANE('',#5409);
#5409 = AXIS2_PLACEMENT_3D('',#5410,#5411,#5412);
#5410 = CARTESIAN_POINT('',(-6.,-54.5,0.));
#5411 = DIRECTION('',(0.,1.,0.));
#5412 = DIRECTION('',(1.,0.,0.));
#5413 = DEFINITIONAL_REPRESENTATION('',(#5414),#5417);
#5414 = B_SPLINE_CURVE_WITH_KNOTS('',1,(#5415,#5416),.UNSPECIFIED.,.F.,
  .F.,(2,2),(-3.,9.),.PIECEWISE_BEZIER_KNOTS.);
#5415 = CARTESIAN_POINT('',(0.,-36.2));
#5416 = CARTESIAN_POINT('',(12.,-36.2));
#5417 = ( GEOMETRIC_REPRESENTATION_CONTEXT(2) 
PARAMETRIC_REPRESENTATION_CONTEXT() REPRESENTATION_CONTEXT('2D SPACE',''
  ) );
#5418 = PCURVE('',#5419,#5424);
#5419 = PLANE('',#5420);
#5420 = AXIS2_PLACEMENT_3D('',#5421,#5422,#5423);
#5421 = CARTESIAN_POINT('',(0.,-49.,36.2));
#5422 = DIRECTION('',(0.,0.,1.));
#5423 = DIRECTION('',(1.,0.,-0.));
#5424 = DEFINITIONAL_REPRESENTATION('',(#5425),#5428);
#5425 = B_SPLINE_CURVE_WITH_KNOTS('',1,(#5426,#5427),.UNSPECIFIED.,.F.,
  .F.,(2,2),(-3.,9.),.PIECEWISE_BEZIER_KNOTS.);
#5426 = CARTESIAN_POINT('',(-6.,-5.5));
#5427 = CARTESIAN_POINT('',(6.,-5.5));
#5428 = ( GEOMETRIC_REPRESENTATION_CONTEXT(2) 
PARAMETRIC_REPRESENTATION_CONTEXT() REPRESENTATION_CONTEXT('2D SPACE',''
  ) );
#5429 = ORIENTED_EDGE('',*,*,#5430,.T.);
#5430 = EDGE_CURVE('',#5398,#5431,#5433,.T.);
#5431 = VERTEX_POINT('',#5432);
#5432 = CARTESIAN_POINT('',(-6.,-54.5,45.4));
#5433 = SURFACE_CURVE('',#5434,(#5438,#5445),.PCURVE_S1.);
#5434 = LINE('',#5435,#5436);
#5435 = CARTESIAN_POINT('',(-6.,-54.5,0.));
#5436 = VECTOR('',#5437,1.);
#5437 = DIRECTION('',(0.,0.,1.));
#5438 = PCURVE('',#5408,#5439);
#5439 = DEFINITIONAL_REPRESENTATION('',(#5440),#5444);
#5440 = LINE('',#5441,#5442);
#5441 = CARTESIAN_POINT('',(0.,0.));
#5442 = VECTOR('',#5443,1.);
#5443 = DIRECTION('',(0.,-1.));
#5444 = ( GEOMETRIC_REPRESENTATION_CONTEXT(2) 
PARAMETRIC_REPRESENTATION_CONTEXT() REPRESENTATION_CONTEXT('2D SPACE',''
  ) );
#5445 = PCURVE('',#5446,#5451);
#5446 = PLANE('',#5447);
#5447 = AXIS2_PLACEMENT_3D('',#5448,#5449,#5450);
#5448 = CARTESIAN_POINT('',(-6.,-43.5,0.));
#5449 = DIRECTION('',(1.,0.,-0.));
#5450 = DIRECTION('',(0.,-1.,0.));
#5451 = DEFINITIONAL_REPRESENTATION('',(#5452),#5456);
#5452 = LINE('',#5453,#5454);
#5453 = CARTESIAN_POINT('',(11.,0.));
#5454 = VECTOR('',#5455,1.);
#5455 = DIRECTION('',(0.,-1.));
#5456 = ( GEOMETRIC_REPRESENTATION_CONTEXT(2) 
PARAMETRIC_REPRESENTATION_CONTEXT() REPRESENTATION_CONTEXT('2D SPACE',''
  ) );
#5457 = ORIENTED_EDGE('',*,*,#5458,.T.);
#5458 = EDGE_CURVE('',#5431,#5459,#5461,.T.);
#5459 = VERTEX_POINT('',#5460);
#5460 = CARTESIAN_POINT('',(6.,-54.5,45.4));
#5461 = SURFACE_CURVE('',#5462,(#5466,#5473),.PCURVE_S1.);
#5462 = LINE('',#5463,#5464);
#5463 = CARTESIAN_POINT('',(-6.,-54.5,45.4));
#5464 = VECTOR('',#5465,1.);
#5465 = DIRECTION('',(1.,0.,0.));
#5466 = PCURVE('',#5408,#5467);
#5467 = DEFINITIONAL_REPRESENTATION('',(#5468),#5472);
#5468 = LINE('',#5469,#5470);
#5469 = CARTESIAN_POINT('',(0.,-45.4));
#5470 = VECTOR('',#5471,1.);
#5471 = DIRECTION('',(1.,0.));
#5472 = ( GEOMETRIC_REPRESENTATION_CONTEXT(2) 
PARAMETRIC_REPRESENTATION_CONTEXT() REPRESENTATION_CONTEXT('2D SPACE',''
  ) );
#5473 = PCURVE('',#5474,#5479);
#5474 = PLANE('',#5475);
#5475 = AXIS2_PLACEMENT_3D('',#5476,#5477,#5478);
#5476 = CARTESIAN_POINT('',(0.,-49.,45.4));
#5477 = DIRECTION('',(0.,0.,1.));
#5478 = DIRECTION('',(1.,0.,-0.));
#5479 = DEFINITIONAL_REPRESENTATION('',(#5480),#5484);
#5480 = LINE('',#5481,#5482);
#5481 = CARTESIAN_POINT('',(-6.,-5.5));
#5482 = VECTOR('',#5483,1.);
#5483 = DIRECTION('',(1.,0.));
#5484 = ( GEOMETRIC_REPRESENTATION_CONTEXT(2) 
PARAMETRIC_REPRESENTATION_CONTEXT() REPRESENTATION_CONTEXT('2D SPACE',''
  ) );
#5485 = ORIENTED_EDGE('',*,*,#5486,.F.);
#5486 = EDGE_CURVE('',#5400,#5459,#5487,.T.);
#5487 = SURFACE_CURVE('',#5488,(#5492,#5499),.PCURVE_S1.);
#5488 = LINE('',#5489,#5490);
#5489 = CARTESIAN_POINT('',(6.,-54.5,0.));
#5490 = VECTOR('',#5491,1.);
#5491 = DIRECTION('',(0.,0.,1.));
#5492 = PCURVE('',#5408,#5493);
#5493 = DEFINITIONAL_REPRESENTATION('',(#5494),#5498);
#5494 = LINE('',#5495,#5496);
#5495 = CARTESIAN_POINT('',(12.,0.));
#5496 = VECTOR('',#5497,1.);
#5497 = DIRECTION('',(0.,-1.));
#5498 = ( GEOMETRIC_REPRESENTATION_CONTEXT(2) 
PARAMETRIC_REPRESENTATION_CONTEXT() REPRESENTATION_CONTEXT('2D SPACE',''
  ) );
#5499 = PCURVE('',#5500,#5505);
#5500 = PLANE('',#5501);
#5501 = AXIS2_PLACEMENT_3D('',#5502,#5503,#5504);
#5502 = CARTESIAN_POINT('',(6.,-54.5,0.));
#5503 = DIRECTION('',(-1.,0.,0.));
#5504 = DIRECTION('',(0.,1.,0.));
#5505 = DEFINITIONAL_REPRESENTATION('',(#5506),#5510);
#5506 = LINE('',#5507,#5508);
#5507 = CARTESIAN_POINT('',(0.,0.));
#5508 = VECTOR('',#5509,1.);
#5509 = DIRECTION('',(0.,-1.));
#5510 = ( GEOMETRIC_REPRESENTATION_CONTEXT(2) 
PARAMETRIC_REPRESENTATION_CONTEXT() REPRESENTATION_CONTEXT('2D SPACE',''
  ) );
#5511 = ADVANCED_FACE('',(#5512),#5419,.F.);
#5512 = FACE_BOUND('',#5513,.F.);
#5513 = EDGE_LOOP('',(#5514,#5535,#5536,#5557));
#5514 = ORIENTED_EDGE('',*,*,#5515,.T.);
#5515 = EDGE_CURVE('',#5516,#5398,#5518,.T.);
#5516 = VERTEX_POINT('',#5517);
#5517 = CARTESIAN_POINT('',(-6.,-43.5,36.2));
#5518 = SURFACE_CURVE('',#5519,(#5523,#5529),.PCURVE_S1.);
#5519 = LINE('',#5520,#5521);
#5520 = CARTESIAN_POINT('',(-6.,-46.25,36.2));
#5521 = VECTOR('',#5522,1.);
#5522 = DIRECTION('',(0.,-1.,0.));
#5523 = PCURVE('',#5419,#5524);
#5524 = DEFINITIONAL_REPRESENTATION('',(#5525),#5528);
#5525 = B_SPLINE_CURVE_WITH_KNOTS('',1,(#5526,#5527),.UNSPECIFIED.,.F.,
  .F.,(2,2),(-2.75,8.25),.PIECEWISE_BEZIER_KNOTS.);
#5526 = CARTESIAN_POINT('',(-6.,5.5));
#5527 = CARTESIAN_POINT('',(-6.,-5.5));
#5528 = ( GEOMETRIC_REPRESENTATION_CONTEXT(2) 
PARAMETRIC_REPRESENTATION_CONTEXT() REPRESENTATION_CONTEXT('2D SPACE',''
  ) );
#5529 = PCURVE('',#5446,#5530);
#5530 = DEFINITIONAL_REPRESENTATION('',(#5531),#5534);
#5531 = B_SPLINE_CURVE_WITH_KNOTS('',1,(#5532,#5533),.UNSPECIFIED.,.F.,
  .F.,(2,2),(-2.75,8.25),.PIECEWISE_BEZIER_KNOTS.);
#5532 = CARTESIAN_POINT('',(0.,-36.2));
#5533 = CARTESIAN_POINT('',(11.,-36.2));
#5534 = ( GEOMETRIC_REPRESENTATION_CONTEXT(2) 
PARAMETRIC_REPRESENTATION_CONTEXT() REPRESENTATION_CONTEXT('2D SPACE',''
  ) );
#5535 = ORIENTED_EDGE('',*,*,#5397,.T.);
#5536 = ORIENTED_EDGE('',*,*,#5537,.T.);
#5537 = EDGE_CURVE('',#5400,#5538,#5540,.T.);
#5538 = VERTEX_POINT('',#5539);
#5539 = CARTESIAN_POINT('',(6.,-43.5,36.2));
#5540 = SURFACE_CURVE('',#5541,(#5545,#5551),.PCURVE_S1.);
#5541 = LINE('',#5542,#5543);
#5542 = CARTESIAN_POINT('',(6.,-51.75,36.2));
#5543 = VECTOR('',#5544,1.);
#5544 = DIRECTION('',(0.,1.,-0.));
#5545 = PCURVE('',#5419,#5546);
#5546 = DEFINITIONAL_REPRESENTATION('',(#5547),#5550);
#5547 = B_SPLINE_CURVE_WITH_KNOTS('',1,(#5548,#5549),.UNSPECIFIED.,.F.,
  .F.,(2,2),(-2.75,8.25),.PIECEWISE_BEZIER_KNOTS.);
#5548 = CARTESIAN_POINT('',(6.,-5.5));
#5549 = CARTESIAN_POINT('',(6.,5.5));
#5550 = ( GEOMETRIC_REPRESENTATION_CONTEXT(2) 
PARAMETRIC_REPRESENTATION_CONTEXT() REPRESENTATION_CONTEXT('2D SPACE',''
  ) );
#5551 = PCURVE('',#5500,#5552);
#5552 = DEFINITIONAL_REPRESENTATION('',(#5553),#5556);
#5553 = B_SPLINE_CURVE_WITH_KNOTS('',1,(#5554,#5555),.UNSPECIFIED.,.F.,
  .F.,(2,2),(-2.75,8.25),.PIECEWISE_BEZIER_KNOTS.);
#5554 = CARTESIAN_POINT('',(0.,-36.2));
#5555 = CARTESIAN_POINT('',(11.,-36.2));
#5556 = ( GEOMETRIC_REPRESENTATION_CONTEXT(2) 
PARAMETRIC_REPRESENTATION_CONTEXT() REPRESENTATION_CONTEXT('2D SPACE',''
  ) );
#5557 = ORIENTED_EDGE('',*,*,#5558,.T.);
#5558 = EDGE_CURVE('',#5538,#5516,#5559,.T.);
#5559 = SURFACE_CURVE('',#5560,(#5564,#5570),.PCURVE_S1.);
#5560 = LINE('',#5561,#5562);
#5561 = CARTESIAN_POINT('',(3.,-43.5,36.2));
#5562 = VECTOR('',#5563,1.);
#5563 = DIRECTION('',(-1.,0.,0.));
#5564 = PCURVE('',#5419,#5565);
#5565 = DEFINITIONAL_REPRESENTATION('',(#5566),#5569);
#5566 = B_SPLINE_CURVE_WITH_KNOTS('',1,(#5567,#5568),.UNSPECIFIED.,.F.,
  .F.,(2,2),(-3.,9.),.PIECEWISE_BEZIER_KNOTS.);
#5567 = CARTESIAN_POINT('',(6.,5.5));
#5568 = CARTESIAN_POINT('',(-6.,5.5));
#5569 = ( GEOMETRIC_REPRESENTATION_CONTEXT(2) 
PARAMETRIC_REPRESENTATION_CONTEXT() REPRESENTATION_CONTEXT('2D SPACE',''
  ) );
#5570 = PCURVE('',#5571,#5576);
#5571 = PLANE('',#5572);
#5572 = AXIS2_PLACEMENT_3D('',#5573,#5574,#5575);
#5573 = CARTESIAN_POINT('',(6.,-43.5,0.));
#5574 = DIRECTION('',(0.,-1.,0.));
#5575 = DIRECTION('',(-1.,0.,0.));
#5576 = DEFINITIONAL_REPRESENTATION('',(#5577),#5580);
#5577 = B_SPLINE_CURVE_WITH_KNOTS('',1,(#5578,#5579),.UNSPECIFIED.,.F.,
  .F.,(2,2),(-3.,9.),.PIECEWISE_BEZIER_KNOTS.);
#5578 = CARTESIAN_POINT('',(0.,-36.2));
#5579 = CARTESIAN_POINT('',(12.,-36.2));
#5580 = ( GEOMETRIC_REPRESENTATION_CONTEXT(2) 
PARAMETRIC_REPRESENTATION_CONTEXT() REPRESENTATION_CONTEXT('2D SPACE',''
  ) );
#5581 = ADVANCED_FACE('',(#5582),#5500,.F.);
#5582 = FACE_BOUND('',#5583,.F.);
#5583 = EDGE_LOOP('',(#5584,#5585,#5586,#5609));
#5584 = ORIENTED_EDGE('',*,*,#5537,.F.);
#5585 = ORIENTED_EDGE('',*,*,#5486,.T.);
#5586 = ORIENTED_EDGE('',*,*,#5587,.T.);
#5587 = EDGE_CURVE('',#5459,#5588,#5590,.T.);
#5588 = VERTEX_POINT('',#5589);
#5589 = CARTESIAN_POINT('',(6.,-43.5,45.4));
#5590 = SURFACE_CURVE('',#5591,(#5595,#5602),.PCURVE_S1.);
#5591 = LINE('',#5592,#5593);
#5592 = CARTESIAN_POINT('',(6.,-54.5,45.4));
#5593 = VECTOR('',#5594,1.);
#5594 = DIRECTION('',(0.,1.,0.));
#5595 = PCURVE('',#5500,#5596);
#5596 = DEFINITIONAL_REPRESENTATION('',(#5597),#5601);
#5597 = LINE('',#5598,#5599);
#5598 = CARTESIAN_POINT('',(0.,-45.4));
#5599 = VECTOR('',#5600,1.);
#5600 = DIRECTION('',(1.,0.));
#5601 = ( GEOMETRIC_REPRESENTATION_CONTEXT(2) 
PARAMETRIC_REPRESENTATION_CONTEXT() REPRESENTATION_CONTEXT('2D SPACE',''
  ) );
#5602 = PCURVE('',#5474,#5603);
#5603 = DEFINITIONAL_REPRESENTATION('',(#5604),#5608);
#5604 = LINE('',#5605,#5606);
#5605 = CARTESIAN_POINT('',(6.,-5.5));
#5606 = VECTOR('',#5607,1.);
#5607 = DIRECTION('',(0.,1.));
#5608 = ( GEOMETRIC_REPRESENTATION_CONTEXT(2) 
PARAMETRIC_REPRESENTATION_CONTEXT() REPRESENTATION_CONTEXT('2D SPACE',''
  ) );
#5609 = ORIENTED_EDGE('',*,*,#5610,.F.);
#5610 = EDGE_CURVE('',#5538,#5588,#5611,.T.);
#5611 = SURFACE_CURVE('',#5612,(#5616,#5623),.PCURVE_S1.);
#5612 = LINE('',#5613,#5614);
#5613 = CARTESIAN_POINT('',(6.,-43.5,0.));
#5614 = VECTOR('',#5615,1.);
#5615 = DIRECTION('',(0.,0.,1.));
#5616 = PCURVE('',#5500,#5617);
#5617 = DEFINITIONAL_REPRESENTATION('',(#5618),#5622);
#5618 = LINE('',#5619,#5620);
#5619 = CARTESIAN_POINT('',(11.,0.));
#5620 = VECTOR('',#5621,1.);
#5621 = DIRECTION('',(0.,-1.));
#5622 = ( GEOMETRIC_REPRESENTATION_CONTEXT(2) 
PARAMETRIC_REPRESENTATION_CONTEXT() REPRESENTATION_CONTEXT('2D SPACE',''
  ) );
#5623 = PCURVE('',#5571,#5624);
#5624 = DEFINITIONAL_REPRESENTATION('',(#5625),#5629);
#5625 = LINE('',#5626,#5627);
#5626 = CARTESIAN_POINT('',(0.,-0.));
#5627 = VECTOR('',#5628,1.);
#5628 = DIRECTION('',(0.,-1.));
#5629 = ( GEOMETRIC_REPRESENTATION_CONTEXT(2) 
PARAMETRIC_REPRESENTATION_CONTEXT() REPRESENTATION_CONTEXT('2D SPACE',''
  ) );
#5630 = ADVANCED_FACE('',(#5631),#5474,.T.);
#5631 = FACE_BOUND('',#5632,.T.);
#5632 = EDGE_LOOP('',(#5633,#5634,#5635,#5658));
#5633 = ORIENTED_EDGE('',*,*,#5458,.T.);
#5634 = ORIENTED_EDGE('',*,*,#5587,.T.);
#5635 = ORIENTED_EDGE('',*,*,#5636,.T.);
#5636 = EDGE_CURVE('',#5588,#5637,#5639,.T.);
#5637 = VERTEX_POINT('',#5638);
#5638 = CARTESIAN_POINT('',(-6.,-43.5,45.4));
#5639 = SURFACE_CURVE('',#5640,(#5644,#5651),.PCURVE_S1.);
#5640 = LINE('',#5641,#5642);
#5641 = CARTESIAN_POINT('',(6.,-43.5,45.4));
#5642 = VECTOR('',#5643,1.);
#5643 = DIRECTION('',(-1.,0.,0.));
#5644 = PCURVE('',#5474,#5645);
#5645 = DEFINITIONAL_REPRESENTATION('',(#5646),#5650);
#5646 = LINE('',#5647,#5648);
#5647 = CARTESIAN_POINT('',(6.,5.5));
#5648 = VECTOR('',#5649,1.);
#5649 = DIRECTION('',(-1.,0.));
#5650 = ( GEOMETRIC_REPRESENTATION_CONTEXT(2) 
PARAMETRIC_REPRESENTATION_CONTEXT() REPRESENTATION_CONTEXT('2D SPACE',''
  ) );
#5651 = PCURVE('',#5571,#5652);
#5652 = DEFINITIONAL_REPRESENTATION('',(#5653),#5657);
#5653 = LINE('',#5654,#5655);
#5654 = CARTESIAN_POINT('',(0.,-45.4));
#5655 = VECTOR('',#5656,1.);
#5656 = DIRECTION('',(1.,0.));
#5657 = ( GEOMETRIC_REPRESENTATION_CONTEXT(2) 
PARAMETRIC_REPRESENTATION_CONTEXT() REPRESENTATION_CONTEXT('2D SPACE',''
  ) );
#5658 = ORIENTED_EDGE('',*,*,#5659,.T.);
#5659 = EDGE_CURVE('',#5637,#5431,#5660,.T.);
#5660 = SURFACE_CURVE('',#5661,(#5665,#5672),.PCURVE_S1.);
#5661 = LINE('',#5662,#5663);
#5662 = CARTESIAN_POINT('',(-6.,-43.5,45.4));
#5663 = VECTOR('',#5664,1.);
#5664 = DIRECTION('',(0.,-1.,0.));
#5665 = PCURVE('',#5474,#5666);
#5666 = DEFINITIONAL_REPRESENTATION('',(#5667),#5671);
#5667 = LINE('',#5668,#5669);
#5668 = CARTESIAN_POINT('',(-6.,5.5));
#5669 = VECTOR('',#5670,1.);
#5670 = DIRECTION('',(0.,-1.));
#5671 = ( GEOMETRIC_REPRESENTATION_CONTEXT(2) 
PARAMETRIC_REPRESENTATION_CONTEXT() REPRESENTATION_CONTEXT('2D SPACE',''
  ) );
#5672 = PCURVE('',#5446,#5673);
#5673 = DEFINITIONAL_REPRESENTATION('',(#5674),#5678);
#5674 = LINE('',#5675,#5676);
#5675 = CARTESIAN_POINT('',(0.,-45.4));
#5676 = VECTOR('',#5677,1.);
#5677 = DIRECTION('',(1.,0.));
#5678 = ( GEOMETRIC_REPRESENTATION_CONTEXT(2) 
PARAMETRIC_REPRESENTATION_CONTEXT() REPRESENTATION_CONTEXT('2D SPACE',''
  ) );
#5679 = ADVANCED_FACE('',(#5680),#5446,.F.);
#5680 = FACE_BOUND('',#5681,.F.);
#5681 = EDGE_LOOP('',(#5682,#5683,#5704,#5705));
#5682 = ORIENTED_EDGE('',*,*,#5515,.F.);
#5683 = ORIENTED_EDGE('',*,*,#5684,.T.);
#5684 = EDGE_CURVE('',#5516,#5637,#5685,.T.);
#5685 = SURFACE_CURVE('',#5686,(#5690,#5697),.PCURVE_S1.);
#5686 = LINE('',#5687,#5688);
#5687 = CARTESIAN_POINT('',(-6.,-43.5,0.));
#5688 = VECTOR('',#5689,1.);
#5689 = DIRECTION('',(0.,0.,1.));
#5690 = PCURVE('',#5446,#5691);
#5691 = DEFINITIONAL_REPRESENTATION('',(#5692),#5696);
#5692 = LINE('',#5693,#5694);
#5693 = CARTESIAN_POINT('',(0.,0.));
#5694 = VECTOR('',#5695,1.);
#5695 = DIRECTION('',(0.,-1.));
#5696 = ( GEOMETRIC_REPRESENTATION_CONTEXT(2) 
PARAMETRIC_REPRESENTATION_CONTEXT() REPRESENTATION_CONTEXT('2D SPACE',''
  ) );
#5697 = PCURVE('',#5571,#5698);
#5698 = DEFINITIONAL_REPRESENTATION('',(#5699),#5703);
#5699 = LINE('',#5700,#5701);
#5700 = CARTESIAN_POINT('',(12.,0.));
#5701 = VECTOR('',#5702,1.);
#5702 = DIRECTION('',(0.,-1.));
#5703 = ( GEOMETRIC_REPRESENTATION_CONTEXT(2) 
PARAMETRIC_REPRESENTATION_CONTEXT() REPRESENTATION_CONTEXT('2D SPACE',''
  ) );
#5704 = ORIENTED_EDGE('',*,*,#5659,.T.);
#5705 = ORIENTED_EDGE('',*,*,#5430,.F.);
#5706 = ADVANCED_FACE('',(#5707),#5571,.F.);
#5707 = FACE_BOUND('',#5708,.F.);
#5708 = EDGE_LOOP('',(#5709,#5710,#5711,#5712));
#5709 = ORIENTED_EDGE('',*,*,#5558,.F.);
#5710 = ORIENTED_EDGE('',*,*,#5610,.T.);
#5711 = ORIENTED_EDGE('',*,*,#5636,.T.);
#5712 = ORIENTED_EDGE('',*,*,#5684,.F.);
#5713 = ( GEOMETRIC_REPRESENTATION_CONTEXT(3) 
GLOBAL_UNCERTAINTY_ASSIGNED_CONTEXT((#5717)) 
GLOBAL_UNIT_ASSIGNED_CONTEXT((#5714,#5715,#5716)) REPRESENTATION_CONTEXT
('Context #1','3D Context with UNIT and UNCERTAINTY') );
#5714 = ( LENGTH_UNIT() NAMED_UNIT(*) SI_UNIT(.MILLI.,.METRE.) );
#5715 = ( NAMED_UNIT(*) PLANE_ANGLE_UNIT() SI_UNIT($,.RADIAN.) );
#5716 = ( NAMED_UNIT(*) SI_UNIT($,.STERADIAN.) SOLID_ANGLE_UNIT() );
#5717 = UNCERTAINTY_MEASURE_WITH_UNIT(LENGTH_MEASURE(1.E-07),#5714,
  'distance_accuracy_value','confusion accuracy');
#5718 = CONTEXT_DEPENDENT_SHAPE_REPRESENTATION(#5719,#5721);
#5719 = ( REPRESENTATION_RELATIONSHIP('','',#36,#10) 
REPRESENTATION_RELATIONSHIP_WITH_TRANSFORMATION(#5720) 
SHAPE_REPRESENTATION_RELATIONSHIP() );
#5720 = ITEM_DEFINED_TRANSFORMATION('','',#11,#15);
#5721 = PRODUCT_DEFINITION_SHAPE('Placement','Placement of an item',
  #5722);
#5722 = NEXT_ASSEMBLY_USAGE_OCCURRENCE('21','wall_plate','',#5,#31,$);
#5723 = PRODUCT_RELATED_PRODUCT_CATEGORY('part',$,(#33));
#5724 = SHAPE_DEFINITION_REPRESENTATION(#5725,#5731);
#5725 = PRODUCT_DEFINITION_SHAPE('','',#5726);
#5726 = PRODUCT_DEFINITION('design','',#5727,#5730);
#5727 = PRODUCT_DEFINITION_FORMATION('','',#5728);
#5728 = PRODUCT('receiver_entry','receiver_entry','',(#5729));
#5729 = PRODUCT_CONTEXT('',#2,'mechanical');
#5730 = PRODUCT_DEFINITION_CONTEXT('part definition',#2,'design');
#5731 = ADVANCED_BREP_SHAPE_REPRESENTATION('',(#11,#5732),#10266);
#5732 = MANIFOLD_SOLID_BREP('',#5733);
#5733 = CLOSED_SHELL('',(#5734,#5854,#7112,#7162,#7216,#8293,#8320,#8347
    ,#8374,#8401,#8459,#8486,#8513,#8540,#8547,#8672,#8699,#8810,#8837,
    #8844,#8977,#9053,#9080,#9107,#9114,#9161,#9188,#9215,#9222,#9277,
    #9324,#9351,#9378,#9405,#9432,#9459,#9486,#9493,#9540,#9567,#9594,
    #9601,#9656,#9710,#9812,#9861,#9945,#9972,#10026,#10080,#10134,
    #10161,#10167,#10174,#10181,#10186,#10193,#10200,#10207,#10262));
#5734 = ADVANCED_FACE('',(#5735),#5749,.F.);
#5735 = FACE_BOUND('',#5736,.F.);
#5736 = EDGE_LOOP('',(#5737,#5772,#5800,#5828));
#5737 = ORIENTED_EDGE('',*,*,#5738,.F.);
#5738 = EDGE_CURVE('',#5739,#5741,#5743,.T.);
#5739 = VERTEX_POINT('',#5740);
#5740 = CARTESIAN_POINT('',(-69.,-50.,46.3));
#5741 = VERTEX_POINT('',#5742);
#5742 = CARTESIAN_POINT('',(-69.,78.,46.3));
#5743 = SURFACE_CURVE('',#5744,(#5748,#5760),.PCURVE_S1.);
#5744 = LINE('',#5745,#5746);
#5745 = CARTESIAN_POINT('',(-69.,-55.,46.3));
#5746 = VECTOR('',#5747,1.);
#5747 = DIRECTION('',(0.,1.,0.));
#5748 = PCURVE('',#5749,#5754);
#5749 = PLANE('',#5750);
#5750 = AXIS2_PLACEMENT_3D('',#5751,#5752,#5753);
#5751 = CARTESIAN_POINT('',(-69.,-55.,36.3));
#5752 = DIRECTION('',(1.,0.,0.));
#5753 = DIRECTION('',(0.,0.,1.));
#5754 = DEFINITIONAL_REPRESENTATION('',(#5755),#5759);
#5755 = LINE('',#5756,#5757);
#5756 = CARTESIAN_POINT('',(10.,0.));
#5757 = VECTOR('',#5758,1.);
#5758 = DIRECTION('',(0.,-1.));
#5759 = ( GEOMETRIC_REPRESENTATION_CONTEXT(2) 
PARAMETRIC_REPRESENTATION_CONTEXT() REPRESENTATION_CONTEXT('2D SPACE',''
  ) );
#5760 = PCURVE('',#5761,#5766);
#5761 = PLANE('',#5762);
#5762 = AXIS2_PLACEMENT_3D('',#5763,#5764,#5765);
#5763 = CARTESIAN_POINT('',(-69.,-55.,46.3));
#5764 = DIRECTION('',(0.,0.,1.));
#5765 = DIRECTION('',(1.,0.,0.));
#5766 = DEFINITIONAL_REPRESENTATION('',(#5767),#5771);
#5767 = LINE('',#5768,#5769);
#5768 = CARTESIAN_POINT('',(0.,0.));
#5769 = VECTOR('',#5770,1.);
#5770 = DIRECTION('',(0.,1.));
#5771 = ( GEOMETRIC_REPRESENTATION_CONTEXT(2) 
PARAMETRIC_REPRESENTATION_CONTEXT() REPRESENTATION_CONTEXT('2D SPACE',''
  ) );
#5772 = ORIENTED_EDGE('',*,*,#5773,.F.);
#5773 = EDGE_CURVE('',#5774,#5739,#5776,.T.);
#5774 = VERTEX_POINT('',#5775);
#5775 = CARTESIAN_POINT('',(-69.,-50.,36.3));
#5776 = SURFACE_CURVE('',#5777,(#5781,#5788),.PCURVE_S1.);
#5777 = LINE('',#5778,#5779);
#5778 = CARTESIAN_POINT('',(-69.,-50.,36.3));
#5779 = VECTOR('',#5780,1.);
#5780 = DIRECTION('',(0.,0.,1.));
#5781 = PCURVE('',#5749,#5782);
#5782 = DEFINITIONAL_REPRESENTATION('',(#5783),#5787);
#5783 = LINE('',#5784,#5785);
#5784 = CARTESIAN_POINT('',(0.,-5.));
#5785 = VECTOR('',#5786,1.);
#5786 = DIRECTION('',(1.,0.));
#5787 = ( GEOMETRIC_REPRESENTATION_CONTEXT(2) 
PARAMETRIC_REPRESENTATION_CONTEXT() REPRESENTATION_CONTEXT('2D SPACE',''
  ) );
#5788 = PCURVE('',#5789,#5794);
#5789 = CYLINDRICAL_SURFACE('',#5790,5.);
#5790 = AXIS2_PLACEMENT_3D('',#5791,#5792,#5793);
#5791 = CARTESIAN_POINT('',(-64.,-50.,36.3));
#5792 = DIRECTION('',(0.,0.,1.));
#5793 = DIRECTION('',(-1.,-0.,0.));
#5794 = DEFINITIONAL_REPRESENTATION('',(#5795),#5799);
#5795 = LINE('',#5796,#5797);
#5796 = CARTESIAN_POINT('',(0.,0.));
#5797 = VECTOR('',#5798,1.);
#5798 = DIRECTION('',(0.,1.));
#5799 = ( GEOMETRIC_REPRESENTATION_CONTEXT(2) 
PARAMETRIC_REPRESENTATION_CONTEXT() REPRESENTATION_CONTEXT('2D SPACE',''
  ) );
#5800 = ORIENTED_EDGE('',*,*,#5801,.T.);
#5801 = EDGE_CURVE('',#5774,#5802,#5804,.T.);
#5802 = VERTEX_POINT('',#5803);
#5803 = CARTESIAN_POINT('',(-69.,78.,36.3));
#5804 = SURFACE_CURVE('',#5805,(#5809,#5816),.PCURVE_S1.);
#5805 = LINE('',#5806,#5807);
#5806 = CARTESIAN_POINT('',(-69.,-55.,36.3));
#5807 = VECTOR('',#5808,1.);
#5808 = DIRECTION('',(0.,1.,0.));
#5809 = PCURVE('',#5749,#5810);
#5810 = DEFINITIONAL_REPRESENTATION('',(#5811),#5815);
#5811 = LINE('',#5812,#5813);
#5812 = CARTESIAN_POINT('',(0.,0.));
#5813 = VECTOR('',#5814,1.);
#5814 = DIRECTION('',(0.,-1.));
#5815 = ( GEOMETRIC_REPRESENTATION_CONTEXT(2) 
PARAMETRIC_REPRESENTATION_CONTEXT() REPRESENTATION_CONTEXT('2D SPACE',''
  ) );
#5816 = PCURVE('',#5817,#5822);
#5817 = PLANE('',#5818);
#5818 = AXIS2_PLACEMENT_3D('',#5819,#5820,#5821);
#5819 = CARTESIAN_POINT('',(-69.,-55.,36.3));
#5820 = DIRECTION('',(0.,0.,1.));
#5821 = DIRECTION('',(1.,0.,0.));
#5822 = DEFINITIONAL_REPRESENTATION('',(#5823),#5827);
#5823 = LINE('',#5824,#5825);
#5824 = CARTESIAN_POINT('',(0.,0.));
#5825 = VECTOR('',#5826,1.);
#5826 = DIRECTION('',(0.,1.));
#5827 = ( GEOMETRIC_REPRESENTATION_CONTEXT(2) 
PARAMETRIC_REPRESENTATION_CONTEXT() REPRESENTATION_CONTEXT('2D SPACE',''
  ) );
#5828 = ORIENTED_EDGE('',*,*,#5829,.T.);
#5829 = EDGE_CURVE('',#5802,#5741,#5830,.T.);
#5830 = SURFACE_CURVE('',#5831,(#5835,#5842),.PCURVE_S1.);
#5831 = LINE('',#5832,#5833);
#5832 = CARTESIAN_POINT('',(-69.,78.,36.3));
#5833 = VECTOR('',#5834,1.);
#5834 = DIRECTION('',(0.,0.,1.));
#5835 = PCURVE('',#5749,#5836);
#5836 = DEFINITIONAL_REPRESENTATION('',(#5837),#5841);
#5837 = LINE('',#5838,#5839);
#5838 = CARTESIAN_POINT('',(0.,-133.));
#5839 = VECTOR('',#5840,1.);
#5840 = DIRECTION('',(1.,0.));
#5841 = ( GEOMETRIC_REPRESENTATION_CONTEXT(2) 
PARAMETRIC_REPRESENTATION_CONTEXT() REPRESENTATION_CONTEXT('2D SPACE',''
  ) );
#5842 = PCURVE('',#5843,#5848);
#5843 = CYLINDRICAL_SURFACE('',#5844,5.);
#5844 = AXIS2_PLACEMENT_3D('',#5845,#5846,#5847);
#5845 = CARTESIAN_POINT('',(-64.,78.,36.3));
#5846 = DIRECTION('',(0.,0.,1.));
#5847 = DIRECTION('',(-1.,-0.,0.));
#5848 = DEFINITIONAL_REPRESENTATION('',(#5849),#5853);
#5849 = LINE('',#5850,#5851);
#5850 = CARTESIAN_POINT('',(-0.,0.));
#5851 = VECTOR('',#5852,1.);
#5852 = DIRECTION('',(-0.,1.));
#5853 = ( GEOMETRIC_REPRESENTATION_CONTEXT(2) 
PARAMETRIC_REPRESENTATION_CONTEXT() REPRESENTATION_CONTEXT('2D SPACE',''
  ) );
#5854 = ADVANCED_FACE('',(#5855,#6166,#6351,#6564,#6688,#6723,#6953,
    #7077),#5761,.T.);
#5855 = FACE_BOUND('',#5856,.T.);
#5856 = EDGE_LOOP('',(#5857,#5858,#5882,#5910,#5938,#5966,#5994,#6022,
    #6055,#6083,#6112,#6140));
#5857 = ORIENTED_EDGE('',*,*,#5738,.F.);
#5858 = ORIENTED_EDGE('',*,*,#5859,.T.);
#5859 = EDGE_CURVE('',#5739,#5860,#5862,.T.);
#5860 = VERTEX_POINT('',#5861);
#5861 = CARTESIAN_POINT('',(-64.,-55.,46.3));
#5862 = SURFACE_CURVE('',#5863,(#5868,#5875),.PCURVE_S1.);
#5863 = CIRCLE('',#5864,5.);
#5864 = AXIS2_PLACEMENT_3D('',#5865,#5866,#5867);
#5865 = CARTESIAN_POINT('',(-64.,-50.,46.3));
#5866 = DIRECTION('',(0.,0.,1.));
#5867 = DIRECTION('',(0.,-1.,0.));
#5868 = PCURVE('',#5761,#5869);
#5869 = DEFINITIONAL_REPRESENTATION('',(#5870),#5874);
#5870 = CIRCLE('',#5871,5.);
#5871 = AXIS2_PLACEMENT_2D('',#5872,#5873);
#5872 = CARTESIAN_POINT('',(5.,5.));
#5873 = DIRECTION('',(0.,-1.));
#5874 = ( GEOMETRIC_REPRESENTATION_CONTEXT(2) 
PARAMETRIC_REPRESENTATION_CONTEXT() REPRESENTATION_CONTEXT('2D SPACE',''
  ) );
#5875 = PCURVE('',#5789,#5876);
#5876 = DEFINITIONAL_REPRESENTATION('',(#5877),#5881);
#5877 = LINE('',#5878,#5879);
#5878 = CARTESIAN_POINT('',(-4.712388980385,10.));
#5879 = VECTOR('',#5880,1.);
#5880 = DIRECTION('',(1.,0.));
#5881 = ( GEOMETRIC_REPRESENTATION_CONTEXT(2) 
PARAMETRIC_REPRESENTATION_CONTEXT() REPRESENTATION_CONTEXT('2D SPACE',''
  ) );
#5882 = ORIENTED_EDGE('',*,*,#5883,.T.);
#5883 = EDGE_CURVE('',#5860,#5884,#5886,.T.);
#5884 = VERTEX_POINT('',#5885);
#5885 = CARTESIAN_POINT('',(-8.,-55.,46.3));
#5886 = SURFACE_CURVE('',#5887,(#5891,#5898),.PCURVE_S1.);
#5887 = LINE('',#5888,#5889);
#5888 = CARTESIAN_POINT('',(-69.,-55.,46.3));
#5889 = VECTOR('',#5890,1.);
#5890 = DIRECTION('',(1.,0.,0.));
#5891 = PCURVE('',#5761,#5892);
#5892 = DEFINITIONAL_REPRESENTATION('',(#5893),#5897);
#5893 = LINE('',#5894,#5895);
#5894 = CARTESIAN_POINT('',(0.,0.));
#5895 = VECTOR('',#5896,1.);
#5896 = DIRECTION('',(1.,0.));
#5897 = ( GEOMETRIC_REPRESENTATION_CONTEXT(2) 
PARAMETRIC_REPRESENTATION_CONTEXT() REPRESENTATION_CONTEXT('2D SPACE',''
  ) );
#5898 = PCURVE('',#5899,#5904);
#5899 = PLANE('',#5900);
#5900 = AXIS2_PLACEMENT_3D('',#5901,#5902,#5903);
#5901 = CARTESIAN_POINT('',(-69.,-55.,36.3));
#5902 = DIRECTION('',(0.,1.,0.));
#5903 = DIRECTION('',(0.,0.,1.));
#5904 = DEFINITIONAL_REPRESENTATION('',(#5905),#5909);
#5905 = LINE('',#5906,#5907);
#5906 = CARTESIAN_POINT('',(10.,0.));
#5907 = VECTOR('',#5908,1.);
#5908 = DIRECTION('',(0.,1.));
#5909 = ( GEOMETRIC_REPRESENTATION_CONTEXT(2) 
PARAMETRIC_REPRESENTATION_CONTEXT() REPRESENTATION_CONTEXT('2D SPACE',''
  ) );
#5910 = ORIENTED_EDGE('',*,*,#5911,.T.);
#5911 = EDGE_CURVE('',#5884,#5912,#5914,.T.);
#5912 = VERTEX_POINT('',#5913);
#5913 = CARTESIAN_POINT('',(-8.,-24.,46.3));
#5914 = SURFACE_CURVE('',#5915,(#5919,#5926),.PCURVE_S1.);
#5915 = LINE('',#5916,#5917);
#5916 = CARTESIAN_POINT('',(-8.,-39.5,46.3));
#5917 = VECTOR('',#5918,1.);
#5918 = DIRECTION('',(-0.,1.,0.));
#5919 = PCURVE('',#5761,#5920);
#5920 = DEFINITIONAL_REPRESENTATION('',(#5921),#5925);
#5921 = LINE('',#5922,#5923);
#5922 = CARTESIAN_POINT('',(61.,15.5));
#5923 = VECTOR('',#5924,1.);
#5924 = DIRECTION('',(0.,1.));
#5925 = ( GEOMETRIC_REPRESENTATION_CONTEXT(2) 
PARAMETRIC_REPRESENTATION_CONTEXT() REPRESENTATION_CONTEXT('2D SPACE',''
  ) );
#5926 = PCURVE('',#5927,#5932);
#5927 = PLANE('',#5928);
#5928 = AXIS2_PLACEMENT_3D('',#5929,#5930,#5931);
#5929 = CARTESIAN_POINT('',(-8.,-24.,35.3));
#5930 = DIRECTION('',(1.,0.,-0.));
#5931 = DIRECTION('',(0.,-1.,0.));
#5932 = DEFINITIONAL_REPRESENTATION('',(#5933),#5937);
#5933 = LINE('',#5934,#5935);
#5934 = CARTESIAN_POINT('',(15.5,-11.));
#5935 = VECTOR('',#5936,1.);
#5936 = DIRECTION('',(-1.,-0.));
#5937 = ( GEOMETRIC_REPRESENTATION_CONTEXT(2) 
PARAMETRIC_REPRESENTATION_CONTEXT() REPRESENTATION_CONTEXT('2D SPACE',''
  ) );
#5938 = ORIENTED_EDGE('',*,*,#5939,.T.);
#5939 = EDGE_CURVE('',#5912,#5940,#5942,.T.);
#5940 = VERTEX_POINT('',#5941);
#5941 = CARTESIAN_POINT('',(8.,-24.,46.3));
#5942 = SURFACE_CURVE('',#5943,(#5947,#5954),.PCURVE_S1.);
#5943 = LINE('',#5944,#5945);
#5944 = CARTESIAN_POINT('',(-30.5,-24.,46.3));
#5945 = VECTOR('',#5946,1.);
#5946 = DIRECTION('',(1.,0.,-0.));
#5947 = PCURVE('',#5761,#5948);
#5948 = DEFINITIONAL_REPRESENTATION('',(#5949),#5953);
#5949 = LINE('',#5950,#5951);
#5950 = CARTESIAN_POINT('',(38.5,31.));
#5951 = VECTOR('',#5952,1.);
#5952 = DIRECTION('',(1.,0.));
#5953 = ( GEOMETRIC_REPRESENTATION_CONTEXT(2) 
PARAMETRIC_REPRESENTATION_CONTEXT() REPRESENTATION_CONTEXT('2D SPACE',''
  ) );
#5954 = PCURVE('',#5955,#5960);
#5955 = PLANE('',#5956);
#5956 = AXIS2_PLACEMENT_3D('',#5957,#5958,#5959);
#5957 = CARTESIAN_POINT('',(8.,-24.,35.3));
#5958 = DIRECTION('',(0.,-1.,0.));
#5959 = DIRECTION('',(-1.,0.,0.));
#5960 = DEFINITIONAL_REPRESENTATION('',(#5961),#5965);
#5961 = LINE('',#5962,#5963);
#5962 = CARTESIAN_POINT('',(38.5,-11.));
#5963 = VECTOR('',#5964,1.);
#5964 = DIRECTION('',(-1.,0.));
#5965 = ( GEOMETRIC_REPRESENTATION_CONTEXT(2) 
PARAMETRIC_REPRESENTATION_CONTEXT() REPRESENTATION_CONTEXT('2D SPACE',''
  ) );
#5966 = ORIENTED_EDGE('',*,*,#5967,.T.);
#5967 = EDGE_CURVE('',#5940,#5968,#5970,.T.);
#5968 = VERTEX_POINT('',#5969);
#5969 = CARTESIAN_POINT('',(8.,-55.,46.3));
#5970 = SURFACE_CURVE('',#5971,(#5975,#5982),.PCURVE_S1.);
#5971 = LINE('',#5972,#5973);
#5972 = CARTESIAN_POINT('',(8.,-55.,46.3));
#5973 = VECTOR('',#5974,1.);
#5974 = DIRECTION('',(0.,-1.,0.));
#5975 = PCURVE('',#5761,#5976);
#5976 = DEFINITIONAL_REPRESENTATION('',(#5977),#5981);
#5977 = LINE('',#5978,#5979);
#5978 = CARTESIAN_POINT('',(77.,0.));
#5979 = VECTOR('',#5980,1.);
#5980 = DIRECTION('',(0.,-1.));
#5981 = ( GEOMETRIC_REPRESENTATION_CONTEXT(2) 
PARAMETRIC_REPRESENTATION_CONTEXT() REPRESENTATION_CONTEXT('2D SPACE',''
  ) );
#5982 = PCURVE('',#5983,#5988);
#5983 = PLANE('',#5984);
#5984 = AXIS2_PLACEMENT_3D('',#5985,#5986,#5987);
#5985 = CARTESIAN_POINT('',(8.,-55.,35.3));
#5986 = DIRECTION('',(-1.,0.,0.));
#5987 = DIRECTION('',(0.,1.,0.));
#5988 = DEFINITIONAL_REPRESENTATION('',(#5989),#5993);
#5989 = LINE('',#5990,#5991);
#5990 = CARTESIAN_POINT('',(0.,-11.));
#5991 = VECTOR('',#5992,1.);
#5992 = DIRECTION('',(-1.,0.));
#5993 = ( GEOMETRIC_REPRESENTATION_CONTEXT(2) 
PARAMETRIC_REPRESENTATION_CONTEXT() REPRESENTATION_CONTEXT('2D SPACE',''
  ) );
#5994 = ORIENTED_EDGE('',*,*,#5995,.T.);
#5995 = EDGE_CURVE('',#5968,#5996,#5998,.T.);
#5996 = VERTEX_POINT('',#5997);
#5997 = CARTESIAN_POINT('',(64.,-55.,46.3));
#5998 = SURFACE_CURVE('',#5999,(#6003,#6010),.PCURVE_S1.);
#5999 = LINE('',#6000,#6001);
#6000 = CARTESIAN_POINT('',(-69.,-55.,46.3));
#6001 = VECTOR('',#6002,1.);
#6002 = DIRECTION('',(1.,0.,0.));
#6003 = PCURVE('',#5761,#6004);
#6004 = DEFINITIONAL_REPRESENTATION('',(#6005),#6009);
#6005 = LINE('',#6006,#6007);
#6006 = CARTESIAN_POINT('',(0.,0.));
#6007 = VECTOR('',#6008,1.);
#6008 = DIRECTION('',(1.,0.));
#6009 = ( GEOMETRIC_REPRESENTATION_CONTEXT(2) 
PARAMETRIC_REPRESENTATION_CONTEXT() REPRESENTATION_CONTEXT('2D SPACE',''
  ) );
#6010 = PCURVE('',#6011,#6016);
#6011 = PLANE('',#6012);
#6012 = AXIS2_PLACEMENT_3D('',#6013,#6014,#6015);
#6013 = CARTESIAN_POINT('',(-69.,-55.,36.3));
#6014 = DIRECTION('',(0.,1.,0.));
#6015 = DIRECTION('',(0.,0.,1.));
#6016 = DEFINITIONAL_REPRESENTATION('',(#6017),#6021);
#6017 = LINE('',#6018,#6019);
#6018 = CARTESIAN_POINT('',(10.,0.));
#6019 = VECTOR('',#6020,1.);
#6020 = DIRECTION('',(0.,1.));
#6021 = ( GEOMETRIC_REPRESENTATION_CONTEXT(2) 
PARAMETRIC_REPRESENTATION_CONTEXT() REPRESENTATION_CONTEXT('2D SPACE',''
  ) );
#6022 = ORIENTED_EDGE('',*,*,#6023,.F.);
#6023 = EDGE_CURVE('',#6024,#5996,#6026,.T.);
#6024 = VERTEX_POINT('',#6025);
#6025 = CARTESIAN_POINT('',(69.,-50.,46.3));
#6026 = SURFACE_CURVE('',#6027,(#6032,#6043),.PCURVE_S1.);
#6027 = CIRCLE('',#6028,5.);
#6028 = AXIS2_PLACEMENT_3D('',#6029,#6030,#6031);
#6029 = CARTESIAN_POINT('',(64.,-50.,46.3));
#6030 = DIRECTION('',(-0.,-0.,-1.));
#6031 = DIRECTION('',(0.,-1.,0.));
#6032 = PCURVE('',#5761,#6033);
#6033 = DEFINITIONAL_REPRESENTATION('',(#6034),#6042);
#6034 = ( BOUNDED_CURVE() B_SPLINE_CURVE(2,(#6035,#6036,#6037,#6038,
#6039,#6040,#6041),.UNSPECIFIED.,.T.,.F.) B_SPLINE_CURVE_WITH_KNOTS((1,2
    ,2,2,2,1),(-2.094395102393,0.,2.094395102393,4.188790204786,
6.28318530718,8.377580409573),.UNSPECIFIED.) CURVE() 
GEOMETRIC_REPRESENTATION_ITEM() RATIONAL_B_SPLINE_CURVE((1.,0.5,1.,0.5,
1.,0.5,1.)) REPRESENTATION_ITEM('') );
#6035 = CARTESIAN_POINT('',(133.,0.));
#6036 = CARTESIAN_POINT('',(124.33974596215,0.));
#6037 = CARTESIAN_POINT('',(128.66987298107,7.5));
#6038 = CARTESIAN_POINT('',(133.,15.));
#6039 = CARTESIAN_POINT('',(137.33012701892,7.5));
#6040 = CARTESIAN_POINT('',(141.66025403784,7.993605777301E-15));
#6041 = CARTESIAN_POINT('',(133.,0.));
#6042 = ( GEOMETRIC_REPRESENTATION_CONTEXT(2) 
PARAMETRIC_REPRESENTATION_CONTEXT() REPRESENTATION_CONTEXT('2D SPACE',''
  ) );
#6043 = PCURVE('',#6044,#6049);
#6044 = CYLINDRICAL_SURFACE('',#6045,5.);
#6045 = AXIS2_PLACEMENT_3D('',#6046,#6047,#6048);
#6046 = CARTESIAN_POINT('',(64.,-50.,36.3));
#6047 = DIRECTION('',(0.,0.,1.));
#6048 = DIRECTION('',(1.,0.,-0.));
#6049 = DEFINITIONAL_REPRESENTATION('',(#6050),#6054);
#6050 = LINE('',#6051,#6052);
#6051 = CARTESIAN_POINT('',(4.712388980385,10.));
#6052 = VECTOR('',#6053,1.);
#6053 = DIRECTION('',(-1.,0.));
#6054 = ( GEOMETRIC_REPRESENTATION_CONTEXT(2) 
PARAMETRIC_REPRESENTATION_CONTEXT() REPRESENTATION_CONTEXT('2D SPACE',''
  ) );
#6055 = ORIENTED_EDGE('',*,*,#6056,.T.);
#6056 = EDGE_CURVE('',#6024,#6057,#6059,.T.);
#6057 = VERTEX_POINT('',#6058);
#6058 = CARTESIAN_POINT('',(69.,78.,46.3));
#6059 = SURFACE_CURVE('',#6060,(#6064,#6071),.PCURVE_S1.);
#6060 = LINE('',#6061,#6062);
#6061 = CARTESIAN_POINT('',(69.,-55.,46.3));
#6062 = VECTOR('',#6063,1.);
#6063 = DIRECTION('',(0.,1.,0.));
#6064 = PCURVE('',#5761,#6065);
#6065 = DEFINITIONAL_REPRESENTATION('',(#6066),#6070);
#6066 = LINE('',#6067,#6068);
#6067 = CARTESIAN_POINT('',(138.,0.));
#6068 = VECTOR('',#6069,1.);
#6069 = DIRECTION('',(0.,1.));
#6070 = ( GEOMETRIC_REPRESENTATION_CONTEXT(2) 
PARAMETRIC_REPRESENTATION_CONTEXT() REPRESENTATION_CONTEXT('2D SPACE',''
  ) );
#6071 = PCURVE('',#6072,#6077);
#6072 = PLANE('',#6073);
#6073 = AXIS2_PLACEMENT_3D('',#6074,#6075,#6076);
#6074 = CARTESIAN_POINT('',(69.,-55.,36.3));
#6075 = DIRECTION('',(1.,0.,0.));
#6076 = DIRECTION('',(0.,0.,1.));
#6077 = DEFINITIONAL_REPRESENTATION('',(#6078),#6082);
#6078 = LINE('',#6079,#6080);
#6079 = CARTESIAN_POINT('',(10.,0.));
#6080 = VECTOR('',#6081,1.);
#6081 = DIRECTION('',(0.,-1.));
#6082 = ( GEOMETRIC_REPRESENTATION_CONTEXT(2) 
PARAMETRIC_REPRESENTATION_CONTEXT() REPRESENTATION_CONTEXT('2D SPACE',''
  ) );
#6083 = ORIENTED_EDGE('',*,*,#6084,.T.);
#6084 = EDGE_CURVE('',#6057,#6085,#6087,.T.);
#6085 = VERTEX_POINT('',#6086);
#6086 = CARTESIAN_POINT('',(64.,83.,46.3));
#6087 = SURFACE_CURVE('',#6088,(#6093,#6100),.PCURVE_S1.);
#6088 = CIRCLE('',#6089,5.);
#6089 = AXIS2_PLACEMENT_3D('',#6090,#6091,#6092);
#6090 = CARTESIAN_POINT('',(64.,78.,46.3));
#6091 = DIRECTION('',(0.,0.,1.));
#6092 = DIRECTION('',(0.,-1.,0.));
#6093 = PCURVE('',#5761,#6094);
#6094 = DEFINITIONAL_REPRESENTATION('',(#6095),#6099);
#6095 = CIRCLE('',#6096,5.);
#6096 = AXIS2_PLACEMENT_2D('',#6097,#6098);
#6097 = CARTESIAN_POINT('',(133.,133.));
#6098 = DIRECTION('',(0.,-1.));
#6099 = ( GEOMETRIC_REPRESENTATION_CONTEXT(2) 
PARAMETRIC_REPRESENTATION_CONTEXT() REPRESENTATION_CONTEXT('2D SPACE',''
  ) );
#6100 = PCURVE('',#6101,#6106);
#6101 = CYLINDRICAL_SURFACE('',#6102,5.);
#6102 = AXIS2_PLACEMENT_3D('',#6103,#6104,#6105);
#6103 = CARTESIAN_POINT('',(64.,78.,36.3));
#6104 = DIRECTION('',(0.,0.,1.));
#6105 = DIRECTION('',(1.,0.,-0.));
#6106 = DEFINITIONAL_REPRESENTATION('',(#6107),#6111);
#6107 = LINE('',#6108,#6109);
#6108 = CARTESIAN_POINT('',(-1.570796326795,10.));
#6109 = VECTOR('',#6110,1.);
#6110 = DIRECTION('',(1.,0.));
#6111 = ( GEOMETRIC_REPRESENTATION_CONTEXT(2) 
PARAMETRIC_REPRESENTATION_CONTEXT() REPRESENTATION_CONTEXT('2D SPACE',''
  ) );
#6112 = ORIENTED_EDGE('',*,*,#6113,.F.);
#6113 = EDGE_CURVE('',#6114,#6085,#6116,.T.);
#6114 = VERTEX_POINT('',#6115);
#6115 = CARTESIAN_POINT('',(-64.,83.,46.3));
#6116 = SURFACE_CURVE('',#6117,(#6121,#6128),.PCURVE_S1.);
#6117 = LINE('',#6118,#6119);
#6118 = CARTESIAN_POINT('',(-69.,83.,46.3));
#6119 = VECTOR('',#6120,1.);
#6120 = DIRECTION('',(1.,0.,0.));
#6121 = PCURVE('',#5761,#6122);
#6122 = DEFINITIONAL_REPRESENTATION('',(#6123),#6127);
#6123 = LINE('',#6124,#6125);
#6124 = CARTESIAN_POINT('',(0.,138.));
#6125 = VECTOR('',#6126,1.);
#6126 = DIRECTION('',(1.,0.));
#6127 = ( GEOMETRIC_REPRESENTATION_CONTEXT(2) 
PARAMETRIC_REPRESENTATION_CONTEXT() REPRESENTATION_CONTEXT('2D SPACE',''
  ) );
#6128 = PCURVE('',#6129,#6134);
#6129 = PLANE('',#6130);
#6130 = AXIS2_PLACEMENT_3D('',#6131,#6132,#6133);
#6131 = CARTESIAN_POINT('',(-69.,83.,36.3));
#6132 = DIRECTION('',(0.,1.,0.));
#6133 = DIRECTION('',(0.,0.,1.));
#6134 = DEFINITIONAL_REPRESENTATION('',(#6135),#6139);
#6135 = LINE('',#6136,#6137);
#6136 = CARTESIAN_POINT('',(10.,0.));
#6137 = VECTOR('',#6138,1.);
#6138 = DIRECTION('',(0.,1.));
#6139 = ( GEOMETRIC_REPRESENTATION_CONTEXT(2) 
PARAMETRIC_REPRESENTATION_CONTEXT() REPRESENTATION_CONTEXT('2D SPACE',''
  ) );
#6140 = ORIENTED_EDGE('',*,*,#6141,.F.);
#6141 = EDGE_CURVE('',#5741,#6114,#6142,.T.);
#6142 = SURFACE_CURVE('',#6143,(#6148,#6159),.PCURVE_S1.);
#6143 = CIRCLE('',#6144,5.);
#6144 = AXIS2_PLACEMENT_3D('',#6145,#6146,#6147);
#6145 = CARTESIAN_POINT('',(-64.,78.,46.3));
#6146 = DIRECTION('',(-0.,-0.,-1.));
#6147 = DIRECTION('',(0.,-1.,0.));
#6148 = PCURVE('',#5761,#6149);
#6149 = DEFINITIONAL_REPRESENTATION('',(#6150),#6158);
#6150 = ( BOUNDED_CURVE() B_SPLINE_CURVE(2,(#6151,#6152,#6153,#6154,
#6155,#6156,#6157),.UNSPECIFIED.,.T.,.F.) B_SPLINE_CURVE_WITH_KNOTS((1,2
    ,2,2,2,1),(-2.094395102393,0.,2.094395102393,4.188790204786,
6.28318530718,8.377580409573),.UNSPECIFIED.) CURVE() 
GEOMETRIC_REPRESENTATION_ITEM() RATIONAL_B_SPLINE_CURVE((1.,0.5,1.,0.5,
1.,0.5,1.)) REPRESENTATION_ITEM('') );
#6151 = CARTESIAN_POINT('',(5.,128.));
#6152 = CARTESIAN_POINT('',(-3.660254037844,128.));
#6153 = CARTESIAN_POINT('',(0.669872981078,135.5));
#6154 = CARTESIAN_POINT('',(5.,143.));
#6155 = CARTESIAN_POINT('',(9.330127018922,135.5));
#6156 = CARTESIAN_POINT('',(13.660254037844,128.));
#6157 = CARTESIAN_POINT('',(5.,128.));
#6158 = ( GEOMETRIC_REPRESENTATION_CONTEXT(2) 
PARAMETRIC_REPRESENTATION_CONTEXT() REPRESENTATION_CONTEXT('2D SPACE',''
  ) );
#6159 = PCURVE('',#5843,#6160);
#6160 = DEFINITIONAL_REPRESENTATION('',(#6161),#6165);
#6161 = LINE('',#6162,#6163);
#6162 = CARTESIAN_POINT('',(1.570796326795,10.));
#6163 = VECTOR('',#6164,1.);
#6164 = DIRECTION('',(-1.,0.));
#6165 = ( GEOMETRIC_REPRESENTATION_CONTEXT(2) 
PARAMETRIC_REPRESENTATION_CONTEXT() REPRESENTATION_CONTEXT('2D SPACE',''
  ) );
#6166 = FACE_BOUND('',#6167,.T.);
#6167 = EDGE_LOOP('',(#6168,#6203,#6236,#6264,#6292,#6325));
#6168 = ORIENTED_EDGE('',*,*,#6169,.T.);
#6169 = EDGE_CURVE('',#6170,#6172,#6174,.T.);
#6170 = VERTEX_POINT('',#6171);
#6171 = CARTESIAN_POINT('',(-33.6,-17.91833347109,46.3));
#6172 = VERTEX_POINT('',#6173);
#6173 = CARTESIAN_POINT('',(-41.34790249943,-38.47814625085,46.3));
#6174 = SURFACE_CURVE('',#6175,(#6180,#6191),.PCURVE_S1.);
#6175 = CIRCLE('',#6176,11.);
#6176 = AXIS2_PLACEMENT_3D('',#6177,#6178,#6179);
#6177 = CARTESIAN_POINT('',(-38.,-28.,46.3));
#6178 = DIRECTION('',(0.,0.,-1.));
#6179 = DIRECTION('',(1.,0.,0.));
#6180 = PCURVE('',#5761,#6181);
#6181 = DEFINITIONAL_REPRESENTATION('',(#6182),#6190);
#6182 = ( BOUNDED_CURVE() B_SPLINE_CURVE(2,(#6183,#6184,#6185,#6186,
#6187,#6188,#6189),.UNSPECIFIED.,.T.,.F.) B_SPLINE_CURVE_WITH_KNOTS((1,2
    ,2,2,2,1),(-2.094395102393,0.,2.094395102393,4.188790204786,
6.28318530718,8.377580409573),.UNSPECIFIED.) CURVE() 
GEOMETRIC_REPRESENTATION_ITEM() RATIONAL_B_SPLINE_CURVE((1.,0.5,1.,0.5,
1.,0.5,1.)) REPRESENTATION_ITEM('') );
#6183 = CARTESIAN_POINT('',(42.,27.));
#6184 = CARTESIAN_POINT('',(42.,7.947441116742));
#6185 = CARTESIAN_POINT('',(25.5,17.473720558371));
#6186 = CARTESIAN_POINT('',(9.,27.));
#6187 = CARTESIAN_POINT('',(25.5,36.526279441629));
#6188 = CARTESIAN_POINT('',(42.,46.052558883258));
#6189 = CARTESIAN_POINT('',(42.,27.));
#6190 = ( GEOMETRIC_REPRESENTATION_CONTEXT(2) 
PARAMETRIC_REPRESENTATION_CONTEXT() REPRESENTATION_CONTEXT('2D SPACE',''
  ) );
#6191 = PCURVE('',#6192,#6197);
#6192 = CYLINDRICAL_SURFACE('',#6193,11.);
#6193 = AXIS2_PLACEMENT_3D('',#6194,#6195,#6196);
#6194 = CARTESIAN_POINT('',(-38.,-28.,35.3));
#6195 = DIRECTION('',(-0.,-0.,-1.));
#6196 = DIRECTION('',(1.,0.,0.));
#6197 = DEFINITIONAL_REPRESENTATION('',(#6198),#6202);
#6198 = LINE('',#6199,#6200);
#6199 = CARTESIAN_POINT('',(-12.56637061435,-11.));
#6200 = VECTOR('',#6201,1.);
#6201 = DIRECTION('',(1.,-0.));
#6202 = ( GEOMETRIC_REPRESENTATION_CONTEXT(2) 
PARAMETRIC_REPRESENTATION_CONTEXT() REPRESENTATION_CONTEXT('2D SPACE',''
  ) );
#6203 = ORIENTED_EDGE('',*,*,#6204,.T.);
#6204 = EDGE_CURVE('',#6172,#6205,#6207,.T.);
#6205 = VERTEX_POINT('',#6206);
#6206 = CARTESIAN_POINT('',(-48.95978980826,-27.0603152876,46.3));
#6207 = SURFACE_CURVE('',#6208,(#6213,#6224),.PCURVE_S1.);
#6208 = CIRCLE('',#6209,9.);
#6209 = AXIS2_PLACEMENT_3D('',#6210,#6211,#6212);
#6210 = CARTESIAN_POINT('',(-50.,-36.,46.3));
#6211 = DIRECTION('',(0.,0.,-1.));
#6212 = DIRECTION('',(1.,0.,0.));
#6213 = PCURVE('',#5761,#6214);
#6214 = DEFINITIONAL_REPRESENTATION('',(#6215),#6223);
#6215 = ( BOUNDED_CURVE() B_SPLINE_CURVE(2,(#6216,#6217,#6218,#6219,
#6220,#6221,#6222),.UNSPECIFIED.,.T.,.F.) B_SPLINE_CURVE_WITH_KNOTS((1,2
    ,2,2,2,1),(-2.094395102393,0.,2.094395102393,4.188790204786,
6.28318530718,8.377580409573),.UNSPECIFIED.) CURVE() 
GEOMETRIC_REPRESENTATION_ITEM() RATIONAL_B_SPLINE_CURVE((1.,0.5,1.,0.5,
1.,0.5,1.)) REPRESENTATION_ITEM('') );
#6216 = CARTESIAN_POINT('',(28.,19.));
#6217 = CARTESIAN_POINT('',(28.,3.41154273188));
#6218 = CARTESIAN_POINT('',(14.5,11.20577136594));
#6219 = CARTESIAN_POINT('',(1.,19.));
#6220 = CARTESIAN_POINT('',(14.5,26.79422863406));
#6221 = CARTESIAN_POINT('',(28.,34.58845726812));
#6222 = CARTESIAN_POINT('',(28.,19.));
#6223 = ( GEOMETRIC_REPRESENTATION_CONTEXT(2) 
PARAMETRIC_REPRESENTATION_CONTEXT() REPRESENTATION_CONTEXT('2D SPACE',''
  ) );
#6224 = PCURVE('',#6225,#6230);
#6225 = CYLINDRICAL_SURFACE('',#6226,9.);
#6226 = AXIS2_PLACEMENT_3D('',#6227,#6228,#6229);
#6227 = CARTESIAN_POINT('',(-50.,-36.,36.3));
#6228 = DIRECTION('',(-0.,-0.,-1.));
#6229 = DIRECTION('',(1.,0.,0.));
#6230 = DEFINITIONAL_REPRESENTATION('',(#6231),#6235);
#6231 = LINE('',#6232,#6233);
#6232 = CARTESIAN_POINT('',(-6.28318530718,-10.));
#6233 = VECTOR('',#6234,1.);
#6234 = DIRECTION('',(1.,-0.));
#6235 = ( GEOMETRIC_REPRESENTATION_CONTEXT(2) 
PARAMETRIC_REPRESENTATION_CONTEXT() REPRESENTATION_CONTEXT('2D SPACE',''
  ) );
#6236 = ORIENTED_EDGE('',*,*,#6237,.T.);
#6237 = EDGE_CURVE('',#6205,#6238,#6240,.T.);
#6238 = VERTEX_POINT('',#6239);
#6239 = CARTESIAN_POINT('',(-42.4,-17.91833347109,46.3));
#6240 = SURFACE_CURVE('',#6241,(#6246,#6257),.PCURVE_S1.);
#6241 = CIRCLE('',#6242,11.);
#6242 = AXIS2_PLACEMENT_3D('',#6243,#6244,#6245);
#6243 = CARTESIAN_POINT('',(-38.,-28.,46.3));
#6244 = DIRECTION('',(0.,0.,-1.));
#6245 = DIRECTION('',(1.,0.,0.));
#6246 = PCURVE('',#5761,#6247);
#6247 = DEFINITIONAL_REPRESENTATION('',(#6248),#6256);
#6248 = ( BOUNDED_CURVE() B_SPLINE_CURVE(2,(#6249,#6250,#6251,#6252,
#6253,#6254,#6255),.UNSPECIFIED.,.T.,.F.) B_SPLINE_CURVE_WITH_KNOTS((1,2
    ,2,2,2,1),(-2.094395102393,0.,2.094395102393,4.188790204786,
6.28318530718,8.377580409573),.UNSPECIFIED.) CURVE() 
GEOMETRIC_REPRESENTATION_ITEM() RATIONAL_B_SPLINE_CURVE((1.,0.5,1.,0.5,
1.,0.5,1.)) REPRESENTATION_ITEM('') );
#6249 = CARTESIAN_POINT('',(42.,27.));
#6250 = CARTESIAN_POINT('',(42.,7.947441116742));
#6251 = CARTESIAN_POINT('',(25.5,17.473720558371));
#6252 = CARTESIAN_POINT('',(9.,27.));
#6253 = CARTESIAN_POINT('',(25.5,36.526279441629));
#6254 = CARTESIAN_POINT('',(42.,46.052558883258));
#6255 = CARTESIAN_POINT('',(42.,27.));
#6256 = ( GEOMETRIC_REPRESENTATION_CONTEXT(2) 
PARAMETRIC_REPRESENTATION_CONTEXT() REPRESENTATION_CONTEXT('2D SPACE',''
  ) );
#6257 = PCURVE('',#6192,#6258);
#6258 = DEFINITIONAL_REPRESENTATION('',(#6259),#6263);
#6259 = LINE('',#6260,#6261);
#6260 = CARTESIAN_POINT('',(-12.56637061435,-11.));
#6261 = VECTOR('',#6262,1.);
#6262 = DIRECTION('',(1.,-0.));
#6263 = ( GEOMETRIC_REPRESENTATION_CONTEXT(2) 
PARAMETRIC_REPRESENTATION_CONTEXT() REPRESENTATION_CONTEXT('2D SPACE',''
  ) );
#6264 = ORIENTED_EDGE('',*,*,#6265,.T.);
#6265 = EDGE_CURVE('',#6238,#6266,#6268,.T.);
#6266 = VERTEX_POINT('',#6267);
#6267 = CARTESIAN_POINT('',(-42.4,-14.,46.3));
#6268 = SURFACE_CURVE('',#6269,(#6273,#6280),.PCURVE_S1.);
#6269 = LINE('',#6270,#6271);
#6270 = CARTESIAN_POINT('',(-42.4,-34.5,46.3));
#6271 = VECTOR('',#6272,1.);
#6272 = DIRECTION('',(-0.,1.,0.));
#6273 = PCURVE('',#5761,#6274);
#6274 = DEFINITIONAL_REPRESENTATION('',(#6275),#6279);
#6275 = LINE('',#6276,#6277);
#6276 = CARTESIAN_POINT('',(26.6,20.5));
#6277 = VECTOR('',#6278,1.);
#6278 = DIRECTION('',(0.,1.));
#6279 = ( GEOMETRIC_REPRESENTATION_CONTEXT(2) 
PARAMETRIC_REPRESENTATION_CONTEXT() REPRESENTATION_CONTEXT('2D SPACE',''
  ) );
#6280 = PCURVE('',#6281,#6286);
#6281 = PLANE('',#6282);
#6282 = AXIS2_PLACEMENT_3D('',#6283,#6284,#6285);
#6283 = CARTESIAN_POINT('',(-42.4,-14.,35.3));
#6284 = DIRECTION('',(1.,0.,-0.));
#6285 = DIRECTION('',(0.,-1.,0.));
#6286 = DEFINITIONAL_REPRESENTATION('',(#6287),#6291);
#6287 = LINE('',#6288,#6289);
#6288 = CARTESIAN_POINT('',(20.5,-11.));
#6289 = VECTOR('',#6290,1.);
#6290 = DIRECTION('',(-1.,-0.));
#6291 = ( GEOMETRIC_REPRESENTATION_CONTEXT(2) 
PARAMETRIC_REPRESENTATION_CONTEXT() REPRESENTATION_CONTEXT('2D SPACE',''
  ) );
#6292 = ORIENTED_EDGE('',*,*,#6293,.T.);
#6293 = EDGE_CURVE('',#6266,#6294,#6296,.T.);
#6294 = VERTEX_POINT('',#6295);
#6295 = CARTESIAN_POINT('',(-33.6,-14.,46.3));
#6296 = SURFACE_CURVE('',#6297,(#6302,#6313),.PCURVE_S1.);
#6297 = CIRCLE('',#6298,4.4);
#6298 = AXIS2_PLACEMENT_3D('',#6299,#6300,#6301);
#6299 = CARTESIAN_POINT('',(-38.,-14.,46.3));
#6300 = DIRECTION('',(0.,0.,-1.));
#6301 = DIRECTION('',(1.,0.,0.));
#6302 = PCURVE('',#5761,#6303);
#6303 = DEFINITIONAL_REPRESENTATION('',(#6304),#6312);
#6304 = ( BOUNDED_CURVE() B_SPLINE_CURVE(2,(#6305,#6306,#6307,#6308,
#6309,#6310,#6311),.UNSPECIFIED.,.T.,.F.) B_SPLINE_CURVE_WITH_KNOTS((1,2
    ,2,2,2,1),(-2.094395102393,0.,2.094395102393,4.188790204786,
6.28318530718,8.377580409573),.UNSPECIFIED.) CURVE() 
GEOMETRIC_REPRESENTATION_ITEM() RATIONAL_B_SPLINE_CURVE((1.,0.5,1.,0.5,
1.,0.5,1.)) REPRESENTATION_ITEM('') );
#6305 = CARTESIAN_POINT('',(35.4,41.));
#6306 = CARTESIAN_POINT('',(35.4,33.378976446697));
#6307 = CARTESIAN_POINT('',(28.8,37.189488223348));
#6308 = CARTESIAN_POINT('',(22.2,41.));
#6309 = CARTESIAN_POINT('',(28.8,44.810511776652));
#6310 = CARTESIAN_POINT('',(35.4,48.621023553303));
#6311 = CARTESIAN_POINT('',(35.4,41.));
#6312 = ( GEOMETRIC_REPRESENTATION_CONTEXT(2) 
PARAMETRIC_REPRESENTATION_CONTEXT() REPRESENTATION_CONTEXT('2D SPACE',''
  ) );
#6313 = PCURVE('',#6314,#6319);
#6314 = CYLINDRICAL_SURFACE('',#6315,4.4);
#6315 = AXIS2_PLACEMENT_3D('',#6316,#6317,#6318);
#6316 = CARTESIAN_POINT('',(-38.,-14.,35.3));
#6317 = DIRECTION('',(-0.,-0.,-1.));
#6318 = DIRECTION('',(1.,0.,0.));
#6319 = DEFINITIONAL_REPRESENTATION('',(#6320),#6324);
#6320 = LINE('',#6321,#6322);
#6321 = CARTESIAN_POINT('',(-6.28318530718,-11.));
#6322 = VECTOR('',#6323,1.);
#6323 = DIRECTION('',(1.,-0.));
#6324 = ( GEOMETRIC_REPRESENTATION_CONTEXT(2) 
PARAMETRIC_REPRESENTATION_CONTEXT() REPRESENTATION_CONTEXT('2D SPACE',''
  ) );
#6325 = ORIENTED_EDGE('',*,*,#6326,.T.);
#6326 = EDGE_CURVE('',#6294,#6170,#6327,.T.);
#6327 = SURFACE_CURVE('',#6328,(#6332,#6339),.PCURVE_S1.);
#6328 = LINE('',#6329,#6330);
#6329 = CARTESIAN_POINT('',(-33.6,-41.5,46.3));
#6330 = VECTOR('',#6331,1.);
#6331 = DIRECTION('',(0.,-1.,0.));
#6332 = PCURVE('',#5761,#6333);
#6333 = DEFINITIONAL_REPRESENTATION('',(#6334),#6338);
#6334 = LINE('',#6335,#6336);
#6335 = CARTESIAN_POINT('',(35.4,13.5));
#6336 = VECTOR('',#6337,1.);
#6337 = DIRECTION('',(0.,-1.));
#6338 = ( GEOMETRIC_REPRESENTATION_CONTEXT(2) 
PARAMETRIC_REPRESENTATION_CONTEXT() REPRESENTATION_CONTEXT('2D SPACE',''
  ) );
#6339 = PCURVE('',#6340,#6345);
#6340 = PLANE('',#6341);
#6341 = AXIS2_PLACEMENT_3D('',#6342,#6343,#6344);
#6342 = CARTESIAN_POINT('',(-33.6,-28.,35.3));
#6343 = DIRECTION('',(-1.,0.,0.));
#6344 = DIRECTION('',(0.,1.,0.));
#6345 = DEFINITIONAL_REPRESENTATION('',(#6346),#6350);
#6346 = LINE('',#6347,#6348);
#6347 = CARTESIAN_POINT('',(-13.5,-11.));
#6348 = VECTOR('',#6349,1.);
#6349 = DIRECTION('',(-1.,0.));
#6350 = ( GEOMETRIC_REPRESENTATION_CONTEXT(2) 
PARAMETRIC_REPRESENTATION_CONTEXT() REPRESENTATION_CONTEXT('2D SPACE',''
  ) );
#6351 = FACE_BOUND('',#6352,.T.);
#6352 = EDGE_LOOP('',(#6353,#6388,#6416,#6449,#6477,#6510,#6538));
#6353 = ORIENTED_EDGE('',*,*,#6354,.T.);
#6354 = EDGE_CURVE('',#6355,#6357,#6359,.T.);
#6355 = VERTEX_POINT('',#6356);
#6356 = CARTESIAN_POINT('',(48.959789808262,-27.0603152876,46.3));
#6357 = VERTEX_POINT('',#6358);
#6358 = CARTESIAN_POINT('',(59.,-36.,46.3));
#6359 = SURFACE_CURVE('',#6360,(#6365,#6376),.PCURVE_S1.);
#6360 = CIRCLE('',#6361,9.);
#6361 = AXIS2_PLACEMENT_3D('',#6362,#6363,#6364);
#6362 = CARTESIAN_POINT('',(50.,-36.,46.3));
#6363 = DIRECTION('',(0.,0.,-1.));
#6364 = DIRECTION('',(1.,0.,0.));
#6365 = PCURVE('',#5761,#6366);
#6366 = DEFINITIONAL_REPRESENTATION('',(#6367),#6375);
#6367 = ( BOUNDED_CURVE() B_SPLINE_CURVE(2,(#6368,#6369,#6370,#6371,
#6372,#6373,#6374),.UNSPECIFIED.,.T.,.F.) B_SPLINE_CURVE_WITH_KNOTS((1,2
    ,2,2,2,1),(-2.094395102393,0.,2.094395102393,4.188790204786,
6.28318530718,8.377580409573),.UNSPECIFIED.) CURVE() 
GEOMETRIC_REPRESENTATION_ITEM() RATIONAL_B_SPLINE_CURVE((1.,0.5,1.,0.5,
1.,0.5,1.)) REPRESENTATION_ITEM('') );
#6368 = CARTESIAN_POINT('',(128.,19.));
#6369 = CARTESIAN_POINT('',(128.,3.41154273188));
#6370 = CARTESIAN_POINT('',(114.5,11.20577136594));
#6371 = CARTESIAN_POINT('',(101.,19.));
#6372 = CARTESIAN_POINT('',(114.5,26.79422863406));
#6373 = CARTESIAN_POINT('',(128.,34.58845726812));
#6374 = CARTESIAN_POINT('',(128.,19.));
#6375 = ( GEOMETRIC_REPRESENTATION_CONTEXT(2) 
PARAMETRIC_REPRESENTATION_CONTEXT() REPRESENTATION_CONTEXT('2D SPACE',''
  ) );
#6376 = PCURVE('',#6377,#6382);
#6377 = CYLINDRICAL_SURFACE('',#6378,9.);
#6378 = AXIS2_PLACEMENT_3D('',#6379,#6380,#6381);
#6379 = CARTESIAN_POINT('',(50.,-36.,36.3));
#6380 = DIRECTION('',(-0.,-0.,-1.));
#6381 = DIRECTION('',(1.,0.,0.));
#6382 = DEFINITIONAL_REPRESENTATION('',(#6383),#6387);
#6383 = LINE('',#6384,#6385);
#6384 = CARTESIAN_POINT('',(-6.28318530718,-10.));
#6385 = VECTOR('',#6386,1.);
#6386 = DIRECTION('',(1.,-0.));
#6387 = ( GEOMETRIC_REPRESENTATION_CONTEXT(2) 
PARAMETRIC_REPRESENTATION_CONTEXT() REPRESENTATION_CONTEXT('2D SPACE',''
  ) );
#6388 = ORIENTED_EDGE('',*,*,#6389,.T.);
#6389 = EDGE_CURVE('',#6357,#6390,#6392,.T.);
#6390 = VERTEX_POINT('',#6391);
#6391 = CARTESIAN_POINT('',(41.34790249943,-38.47814625085,46.3));
#6392 = SURFACE_CURVE('',#6393,(#6398,#6409),.PCURVE_S1.);
#6393 = CIRCLE('',#6394,9.);
#6394 = AXIS2_PLACEMENT_3D('',#6395,#6396,#6397);
#6395 = CARTESIAN_POINT('',(50.,-36.,46.3));
#6396 = DIRECTION('',(0.,0.,-1.));
#6397 = DIRECTION('',(1.,0.,0.));
#6398 = PCURVE('',#5761,#6399);
#6399 = DEFINITIONAL_REPRESENTATION('',(#6400),#6408);
#6400 = ( BOUNDED_CURVE() B_SPLINE_CURVE(2,(#6401,#6402,#6403,#6404,
#6405,#6406,#6407),.UNSPECIFIED.,.T.,.F.) B_SPLINE_CURVE_WITH_KNOTS((1,2
    ,2,2,2,1),(-2.094395102393,0.,2.094395102393,4.188790204786,
6.28318530718,8.377580409573),.UNSPECIFIED.) CURVE() 
GEOMETRIC_REPRESENTATION_ITEM() RATIONAL_B_SPLINE_CURVE((1.,0.5,1.,0.5,
1.,0.5,1.)) REPRESENTATION_ITEM('') );
#6401 = CARTESIAN_POINT('',(128.,19.));
#6402 = CARTESIAN_POINT('',(128.,3.41154273188));
#6403 = CARTESIAN_POINT('',(114.5,11.20577136594));
#6404 = CARTESIAN_POINT('',(101.,19.));
#6405 = CARTESIAN_POINT('',(114.5,26.79422863406));
#6406 = CARTESIAN_POINT('',(128.,34.58845726812));
#6407 = CARTESIAN_POINT('',(128.,19.));
#6408 = ( GEOMETRIC_REPRESENTATION_CONTEXT(2) 
PARAMETRIC_REPRESENTATION_CONTEXT() REPRESENTATION_CONTEXT('2D SPACE',''
  ) );
#6409 = PCURVE('',#6377,#6410);
#6410 = DEFINITIONAL_REPRESENTATION('',(#6411),#6415);
#6411 = LINE('',#6412,#6413);
#6412 = CARTESIAN_POINT('',(-6.28318530718,-10.));
#6413 = VECTOR('',#6414,1.);
#6414 = DIRECTION('',(1.,-0.));
#6415 = ( GEOMETRIC_REPRESENTATION_CONTEXT(2) 
PARAMETRIC_REPRESENTATION_CONTEXT() REPRESENTATION_CONTEXT('2D SPACE',''
  ) );
#6416 = ORIENTED_EDGE('',*,*,#6417,.T.);
#6417 = EDGE_CURVE('',#6390,#6418,#6420,.T.);
#6418 = VERTEX_POINT('',#6419);
#6419 = CARTESIAN_POINT('',(33.6,-17.91833347109,46.3));
#6420 = SURFACE_CURVE('',#6421,(#6426,#6437),.PCURVE_S1.);
#6421 = CIRCLE('',#6422,11.);
#6422 = AXIS2_PLACEMENT_3D('',#6423,#6424,#6425);
#6423 = CARTESIAN_POINT('',(38.,-28.,46.3));
#6424 = DIRECTION('',(0.,0.,-1.));
#6425 = DIRECTION('',(1.,0.,0.));
#6426 = PCURVE('',#5761,#6427);
#6427 = DEFINITIONAL_REPRESENTATION('',(#6428),#6436);
#6428 = ( BOUNDED_CURVE() B_SPLINE_CURVE(2,(#6429,#6430,#6431,#6432,
#6433,#6434,#6435),.UNSPECIFIED.,.T.,.F.) B_SPLINE_CURVE_WITH_KNOTS((1,2
    ,2,2,2,1),(-2.094395102393,0.,2.094395102393,4.188790204786,
6.28318530718,8.377580409573),.UNSPECIFIED.) CURVE() 
GEOMETRIC_REPRESENTATION_ITEM() RATIONAL_B_SPLINE_CURVE((1.,0.5,1.,0.5,
1.,0.5,1.)) REPRESENTATION_ITEM('') );
#6429 = CARTESIAN_POINT('',(118.,27.));
#6430 = CARTESIAN_POINT('',(118.,7.947441116742));
#6431 = CARTESIAN_POINT('',(101.5,17.473720558371));
#6432 = CARTESIAN_POINT('',(85.,27.));
#6433 = CARTESIAN_POINT('',(101.5,36.526279441629));
#6434 = CARTESIAN_POINT('',(118.,46.052558883258));
#6435 = CARTESIAN_POINT('',(118.,27.));
#6436 = ( GEOMETRIC_REPRESENTATION_CONTEXT(2) 
PARAMETRIC_REPRESENTATION_CONTEXT() REPRESENTATION_CONTEXT('2D SPACE',''
  ) );
#6437 = PCURVE('',#6438,#6443);
#6438 = CYLINDRICAL_SURFACE('',#6439,11.);
#6439 = AXIS2_PLACEMENT_3D('',#6440,#6441,#6442);
#6440 = CARTESIAN_POINT('',(38.,-28.,35.3));
#6441 = DIRECTION('',(-0.,-0.,-1.));
#6442 = DIRECTION('',(1.,0.,0.));
#6443 = DEFINITIONAL_REPRESENTATION('',(#6444),#6448);
#6444 = LINE('',#6445,#6446);
#6445 = CARTESIAN_POINT('',(-12.56637061435,-11.));
#6446 = VECTOR('',#6447,1.);
#6447 = DIRECTION('',(1.,-0.));
#6448 = ( GEOMETRIC_REPRESENTATION_CONTEXT(2) 
PARAMETRIC_REPRESENTATION_CONTEXT() REPRESENTATION_CONTEXT('2D SPACE',''
  ) );
#6449 = ORIENTED_EDGE('',*,*,#6450,.T.);
#6450 = EDGE_CURVE('',#6418,#6451,#6453,.T.);
#6451 = VERTEX_POINT('',#6452);
#6452 = CARTESIAN_POINT('',(33.6,-14.,46.3));
#6453 = SURFACE_CURVE('',#6454,(#6458,#6465),.PCURVE_S1.);
#6454 = LINE('',#6455,#6456);
#6455 = CARTESIAN_POINT('',(33.6,-34.5,46.3));
#6456 = VECTOR('',#6457,1.);
#6457 = DIRECTION('',(-0.,1.,0.));
#6458 = PCURVE('',#5761,#6459);
#6459 = DEFINITIONAL_REPRESENTATION('',(#6460),#6464);
#6460 = LINE('',#6461,#6462);
#6461 = CARTESIAN_POINT('',(102.6,20.5));
#6462 = VECTOR('',#6463,1.);
#6463 = DIRECTION('',(0.,1.));
#6464 = ( GEOMETRIC_REPRESENTATION_CONTEXT(2) 
PARAMETRIC_REPRESENTATION_CONTEXT() REPRESENTATION_CONTEXT('2D SPACE',''
  ) );
#6465 = PCURVE('',#6466,#6471);
#6466 = PLANE('',#6467);
#6467 = AXIS2_PLACEMENT_3D('',#6468,#6469,#6470);
#6468 = CARTESIAN_POINT('',(33.6,-14.,35.3));
#6469 = DIRECTION('',(1.,0.,-0.));
#6470 = DIRECTION('',(0.,-1.,0.));
#6471 = DEFINITIONAL_REPRESENTATION('',(#6472),#6476);
#6472 = LINE('',#6473,#6474);
#6473 = CARTESIAN_POINT('',(20.5,-11.));
#6474 = VECTOR('',#6475,1.);
#6475 = DIRECTION('',(-1.,-0.));
#6476 = ( GEOMETRIC_REPRESENTATION_CONTEXT(2) 
PARAMETRIC_REPRESENTATION_CONTEXT() REPRESENTATION_CONTEXT('2D SPACE',''
  ) );
#6477 = ORIENTED_EDGE('',*,*,#6478,.T.);
#6478 = EDGE_CURVE('',#6451,#6479,#6481,.T.);
#6479 = VERTEX_POINT('',#6480);
#6480 = CARTESIAN_POINT('',(42.4,-14.,46.3));
#6481 = SURFACE_CURVE('',#6482,(#6487,#6498),.PCURVE_S1.);
#6482 = CIRCLE('',#6483,4.4);
#6483 = AXIS2_PLACEMENT_3D('',#6484,#6485,#6486);
#6484 = CARTESIAN_POINT('',(38.,-14.,46.3));
#6485 = DIRECTION('',(0.,0.,-1.));
#6486 = DIRECTION('',(1.,0.,0.));
#6487 = PCURVE('',#5761,#6488);
#6488 = DEFINITIONAL_REPRESENTATION('',(#6489),#6497);
#6489 = ( BOUNDED_CURVE() B_SPLINE_CURVE(2,(#6490,#6491,#6492,#6493,
#6494,#6495,#6496),.UNSPECIFIED.,.T.,.F.) B_SPLINE_CURVE_WITH_KNOTS((1,2
    ,2,2,2,1),(-2.094395102393,0.,2.094395102393,4.188790204786,
6.28318530718,8.377580409573),.UNSPECIFIED.) CURVE() 
GEOMETRIC_REPRESENTATION_ITEM() RATIONAL_B_SPLINE_CURVE((1.,0.5,1.,0.5,
1.,0.5,1.)) REPRESENTATION_ITEM('') );
#6490 = CARTESIAN_POINT('',(111.4,41.));
#6491 = CARTESIAN_POINT('',(111.4,33.378976446697));
#6492 = CARTESIAN_POINT('',(104.8,37.189488223348));
#6493 = CARTESIAN_POINT('',(98.2,41.));
#6494 = CARTESIAN_POINT('',(104.8,44.810511776652));
#6495 = CARTESIAN_POINT('',(111.4,48.621023553303));
#6496 = CARTESIAN_POINT('',(111.4,41.));
#6497 = ( GEOMETRIC_REPRESENTATION_CONTEXT(2) 
PARAMETRIC_REPRESENTATION_CONTEXT() REPRESENTATION_CONTEXT('2D SPACE',''
  ) );
#6498 = PCURVE('',#6499,#6504);
#6499 = CYLINDRICAL_SURFACE('',#6500,4.4);
#6500 = AXIS2_PLACEMENT_3D('',#6501,#6502,#6503);
#6501 = CARTESIAN_POINT('',(38.,-14.,35.3));
#6502 = DIRECTION('',(-0.,-0.,-1.));
#6503 = DIRECTION('',(1.,0.,0.));
#6504 = DEFINITIONAL_REPRESENTATION('',(#6505),#6509);
#6505 = LINE('',#6506,#6507);
#6506 = CARTESIAN_POINT('',(-6.28318530718,-11.));
#6507 = VECTOR('',#6508,1.);
#6508 = DIRECTION('',(1.,-0.));
#6509 = ( GEOMETRIC_REPRESENTATION_CONTEXT(2) 
PARAMETRIC_REPRESENTATION_CONTEXT() REPRESENTATION_CONTEXT('2D SPACE',''
  ) );
#6510 = ORIENTED_EDGE('',*,*,#6511,.T.);
#6511 = EDGE_CURVE('',#6479,#6512,#6514,.T.);
#6512 = VERTEX_POINT('',#6513);
#6513 = CARTESIAN_POINT('',(42.4,-17.91833347109,46.3));
#6514 = SURFACE_CURVE('',#6515,(#6519,#6526),.PCURVE_S1.);
#6515 = LINE('',#6516,#6517);
#6516 = CARTESIAN_POINT('',(42.4,-41.5,46.3));
#6517 = VECTOR('',#6518,1.);
#6518 = DIRECTION('',(0.,-1.,0.));
#6519 = PCURVE('',#5761,#6520);
#6520 = DEFINITIONAL_REPRESENTATION('',(#6521),#6525);
#6521 = LINE('',#6522,#6523);
#6522 = CARTESIAN_POINT('',(111.4,13.5));
#6523 = VECTOR('',#6524,1.);
#6524 = DIRECTION('',(0.,-1.));
#6525 = ( GEOMETRIC_REPRESENTATION_CONTEXT(2) 
PARAMETRIC_REPRESENTATION_CONTEXT() REPRESENTATION_CONTEXT('2D SPACE',''
  ) );
#6526 = PCURVE('',#6527,#6532);
#6527 = PLANE('',#6528);
#6528 = AXIS2_PLACEMENT_3D('',#6529,#6530,#6531);
#6529 = CARTESIAN_POINT('',(42.4,-28.,35.3));
#6530 = DIRECTION('',(-1.,0.,0.));
#6531 = DIRECTION('',(0.,1.,0.));
#6532 = DEFINITIONAL_REPRESENTATION('',(#6533),#6537);
#6533 = LINE('',#6534,#6535);
#6534 = CARTESIAN_POINT('',(-13.5,-11.));
#6535 = VECTOR('',#6536,1.);
#6536 = DIRECTION('',(-1.,0.));
#6537 = ( GEOMETRIC_REPRESENTATION_CONTEXT(2) 
PARAMETRIC_REPRESENTATION_CONTEXT() REPRESENTATION_CONTEXT('2D SPACE',''
  ) );
#6538 = ORIENTED_EDGE('',*,*,#6539,.T.);
#6539 = EDGE_CURVE('',#6512,#6355,#6540,.T.);
#6540 = SURFACE_CURVE('',#6541,(#6546,#6557),.PCURVE_S1.);
#6541 = CIRCLE('',#6542,11.);
#6542 = AXIS2_PLACEMENT_3D('',#6543,#6544,#6545);
#6543 = CARTESIAN_POINT('',(38.,-28.,46.3));
#6544 = DIRECTION('',(0.,0.,-1.));
#6545 = DIRECTION('',(1.,0.,0.));
#6546 = PCURVE('',#5761,#6547);
#6547 = DEFINITIONAL_REPRESENTATION('',(#6548),#6556);
#6548 = ( BOUNDED_CURVE() B_SPLINE_CURVE(2,(#6549,#6550,#6551,#6552,
#6553,#6554,#6555),.UNSPECIFIED.,.T.,.F.) B_SPLINE_CURVE_WITH_KNOTS((1,2
    ,2,2,2,1),(-2.094395102393,0.,2.094395102393,4.188790204786,
6.28318530718,8.377580409573),.UNSPECIFIED.) CURVE() 
GEOMETRIC_REPRESENTATION_ITEM() RATIONAL_B_SPLINE_CURVE((1.,0.5,1.,0.5,
1.,0.5,1.)) REPRESENTATION_ITEM('') );
#6549 = CARTESIAN_POINT('',(118.,27.));
#6550 = CARTESIAN_POINT('',(118.,7.947441116742));
#6551 = CARTESIAN_POINT('',(101.5,17.473720558371));
#6552 = CARTESIAN_POINT('',(85.,27.));
#6553 = CARTESIAN_POINT('',(101.5,36.526279441629));
#6554 = CARTESIAN_POINT('',(118.,46.052558883258));
#6555 = CARTESIAN_POINT('',(118.,27.));
#6556 = ( GEOMETRIC_REPRESENTATION_CONTEXT(2) 
PARAMETRIC_REPRESENTATION_CONTEXT() REPRESENTATION_CONTEXT('2D SPACE',''
  ) );
#6557 = PCURVE('',#6438,#6558);
#6558 = DEFINITIONAL_REPRESENTATION('',(#6559),#6563);
#6559 = LINE('',#6560,#6561);
#6560 = CARTESIAN_POINT('',(-12.56637061435,-11.));
#6561 = VECTOR('',#6562,1.);
#6562 = DIRECTION('',(1.,-0.));
#6563 = ( GEOMETRIC_REPRESENTATION_CONTEXT(2) 
PARAMETRIC_REPRESENTATION_CONTEXT() REPRESENTATION_CONTEXT('2D SPACE',''
  ) );
#6564 = FACE_BOUND('',#6565,.T.);
#6565 = EDGE_LOOP('',(#6566,#6596,#6629,#6657));
#6566 = ORIENTED_EDGE('',*,*,#6567,.T.);
#6567 = EDGE_CURVE('',#6568,#6570,#6572,.T.);
#6568 = VERTEX_POINT('',#6569);
#6569 = CARTESIAN_POINT('',(-33.6,42.,46.3));
#6570 = VERTEX_POINT('',#6571);
#6571 = CARTESIAN_POINT('',(-33.6,38.081666528903,46.3));
#6572 = SURFACE_CURVE('',#6573,(#6577,#6584),.PCURVE_S1.);
#6573 = LINE('',#6574,#6575);
#6574 = CARTESIAN_POINT('',(-33.6,-13.5,46.3));
#6575 = VECTOR('',#6576,1.);
#6576 = DIRECTION('',(0.,-1.,0.));
#6577 = PCURVE('',#5761,#6578);
#6578 = DEFINITIONAL_REPRESENTATION('',(#6579),#6583);
#6579 = LINE('',#6580,#6581);
#6580 = CARTESIAN_POINT('',(35.4,41.5));
#6581 = VECTOR('',#6582,1.);
#6582 = DIRECTION('',(0.,-1.));
#6583 = ( GEOMETRIC_REPRESENTATION_CONTEXT(2) 
PARAMETRIC_REPRESENTATION_CONTEXT() REPRESENTATION_CONTEXT('2D SPACE',''
  ) );
#6584 = PCURVE('',#6585,#6590);
#6585 = PLANE('',#6586);
#6586 = AXIS2_PLACEMENT_3D('',#6587,#6588,#6589);
#6587 = CARTESIAN_POINT('',(-33.6,28.,35.3));
#6588 = DIRECTION('',(-1.,0.,0.));
#6589 = DIRECTION('',(0.,1.,0.));
#6590 = DEFINITIONAL_REPRESENTATION('',(#6591),#6595);
#6591 = LINE('',#6592,#6593);
#6592 = CARTESIAN_POINT('',(-41.5,-11.));
#6593 = VECTOR('',#6594,1.);
#6594 = DIRECTION('',(-1.,0.));
#6595 = ( GEOMETRIC_REPRESENTATION_CONTEXT(2) 
PARAMETRIC_REPRESENTATION_CONTEXT() REPRESENTATION_CONTEXT('2D SPACE',''
  ) );
#6596 = ORIENTED_EDGE('',*,*,#6597,.T.);
#6597 = EDGE_CURVE('',#6570,#6598,#6600,.T.);
#6598 = VERTEX_POINT('',#6599);
#6599 = CARTESIAN_POINT('',(-42.4,38.081666528903,46.3));
#6600 = SURFACE_CURVE('',#6601,(#6606,#6617),.PCURVE_S1.);
#6601 = CIRCLE('',#6602,11.);
#6602 = AXIS2_PLACEMENT_3D('',#6603,#6604,#6605);
#6603 = CARTESIAN_POINT('',(-38.,28.,46.3));
#6604 = DIRECTION('',(0.,0.,-1.));
#6605 = DIRECTION('',(1.,0.,0.));
#6606 = PCURVE('',#5761,#6607);
#6607 = DEFINITIONAL_REPRESENTATION('',(#6608),#6616);
#6608 = ( BOUNDED_CURVE() B_SPLINE_CURVE(2,(#6609,#6610,#6611,#6612,
#6613,#6614,#6615),.UNSPECIFIED.,.T.,.F.) B_SPLINE_CURVE_WITH_KNOTS((1,2
    ,2,2,2,1),(-2.094395102393,0.,2.094395102393,4.188790204786,
6.28318530718,8.377580409573),.UNSPECIFIED.) CURVE() 
GEOMETRIC_REPRESENTATION_ITEM() RATIONAL_B_SPLINE_CURVE((1.,0.5,1.,0.5,
1.,0.5,1.)) REPRESENTATION_ITEM('') );
#6609 = CARTESIAN_POINT('',(42.,83.));
#6610 = CARTESIAN_POINT('',(42.,63.947441116742));
#6611 = CARTESIAN_POINT('',(25.5,73.473720558371));
#6612 = CARTESIAN_POINT('',(9.,83.));
#6613 = CARTESIAN_POINT('',(25.5,92.526279441629));
#6614 = CARTESIAN_POINT('',(42.,102.05255888325));
#6615 = CARTESIAN_POINT('',(42.,83.));
#6616 = ( GEOMETRIC_REPRESENTATION_CONTEXT(2) 
PARAMETRIC_REPRESENTATION_CONTEXT() REPRESENTATION_CONTEXT('2D SPACE',''
  ) );
#6617 = PCURVE('',#6618,#6623);
#6618 = CYLINDRICAL_SURFACE('',#6619,11.);
#6619 = AXIS2_PLACEMENT_3D('',#6620,#6621,#6622);
#6620 = CARTESIAN_POINT('',(-38.,28.,35.3));
#6621 = DIRECTION('',(-0.,-0.,-1.));
#6622 = DIRECTION('',(1.,0.,0.));
#6623 = DEFINITIONAL_REPRESENTATION('',(#6624),#6628);
#6624 = LINE('',#6625,#6626);
#6625 = CARTESIAN_POINT('',(-12.56637061435,-11.));
#6626 = VECTOR('',#6627,1.);
#6627 = DIRECTION('',(1.,-0.));
#6628 = ( GEOMETRIC_REPRESENTATION_CONTEXT(2) 
PARAMETRIC_REPRESENTATION_CONTEXT() REPRESENTATION_CONTEXT('2D SPACE',''
  ) );
#6629 = ORIENTED_EDGE('',*,*,#6630,.T.);
#6630 = EDGE_CURVE('',#6598,#6631,#6633,.T.);
#6631 = VERTEX_POINT('',#6632);
#6632 = CARTESIAN_POINT('',(-42.4,42.,46.3));
#6633 = SURFACE_CURVE('',#6634,(#6638,#6645),.PCURVE_S1.);
#6634 = LINE('',#6635,#6636);
#6635 = CARTESIAN_POINT('',(-42.4,-6.5,46.3));
#6636 = VECTOR('',#6637,1.);
#6637 = DIRECTION('',(-0.,1.,0.));
#6638 = PCURVE('',#5761,#6639);
#6639 = DEFINITIONAL_REPRESENTATION('',(#6640),#6644);
#6640 = LINE('',#6641,#6642);
#6641 = CARTESIAN_POINT('',(26.6,48.5));
#6642 = VECTOR('',#6643,1.);
#6643 = DIRECTION('',(0.,1.));
#6644 = ( GEOMETRIC_REPRESENTATION_CONTEXT(2) 
PARAMETRIC_REPRESENTATION_CONTEXT() REPRESENTATION_CONTEXT('2D SPACE',''
  ) );
#6645 = PCURVE('',#6646,#6651);
#6646 = PLANE('',#6647);
#6647 = AXIS2_PLACEMENT_3D('',#6648,#6649,#6650);
#6648 = CARTESIAN_POINT('',(-42.4,42.,35.3));
#6649 = DIRECTION('',(1.,0.,-0.));
#6650 = DIRECTION('',(0.,-1.,0.));
#6651 = DEFINITIONAL_REPRESENTATION('',(#6652),#6656);
#6652 = LINE('',#6653,#6654);
#6653 = CARTESIAN_POINT('',(48.5,-11.));
#6654 = VECTOR('',#6655,1.);
#6655 = DIRECTION('',(-1.,-0.));
#6656 = ( GEOMETRIC_REPRESENTATION_CONTEXT(2) 
PARAMETRIC_REPRESENTATION_CONTEXT() REPRESENTATION_CONTEXT('2D SPACE',''
  ) );
#6657 = ORIENTED_EDGE('',*,*,#6658,.T.);
#6658 = EDGE_CURVE('',#6631,#6568,#6659,.T.);
#6659 = SURFACE_CURVE('',#6660,(#6665,#6676),.PCURVE_S1.);
#6660 = CIRCLE('',#6661,4.4);
#6661 = AXIS2_PLACEMENT_3D('',#6662,#6663,#6664);
#6662 = CARTESIAN_POINT('',(-38.,42.,46.3));
#6663 = DIRECTION('',(0.,0.,-1.));
#6664 = DIRECTION('',(1.,0.,0.));
#6665 = PCURVE('',#5761,#6666);
#6666 = DEFINITIONAL_REPRESENTATION('',(#6667),#6675);
#6667 = ( BOUNDED_CURVE() B_SPLINE_CURVE(2,(#6668,#6669,#6670,#6671,
#6672,#6673,#6674),.UNSPECIFIED.,.T.,.F.) B_SPLINE_CURVE_WITH_KNOTS((1,2
    ,2,2,2,1),(-2.094395102393,0.,2.094395102393,4.188790204786,
6.28318530718,8.377580409573),.UNSPECIFIED.) CURVE() 
GEOMETRIC_REPRESENTATION_ITEM() RATIONAL_B_SPLINE_CURVE((1.,0.5,1.,0.5,
1.,0.5,1.)) REPRESENTATION_ITEM('') );
#6668 = CARTESIAN_POINT('',(35.4,97.));
#6669 = CARTESIAN_POINT('',(35.4,89.378976446697));
#6670 = CARTESIAN_POINT('',(28.8,93.189488223348));
#6671 = CARTESIAN_POINT('',(22.2,97.));
#6672 = CARTESIAN_POINT('',(28.8,100.81051177665));
#6673 = CARTESIAN_POINT('',(35.4,104.6210235533));
#6674 = CARTESIAN_POINT('',(35.4,97.));
#6675 = ( GEOMETRIC_REPRESENTATION_CONTEXT(2) 
PARAMETRIC_REPRESENTATION_CONTEXT() REPRESENTATION_CONTEXT('2D SPACE',''
  ) );
#6676 = PCURVE('',#6677,#6682);
#6677 = CYLINDRICAL_SURFACE('',#6678,4.4);
#6678 = AXIS2_PLACEMENT_3D('',#6679,#6680,#6681);
#6679 = CARTESIAN_POINT('',(-38.,42.,35.3));
#6680 = DIRECTION('',(-0.,-0.,-1.));
#6681 = DIRECTION('',(1.,0.,0.));
#6682 = DEFINITIONAL_REPRESENTATION('',(#6683),#6687);
#6683 = LINE('',#6684,#6685);
#6684 = CARTESIAN_POINT('',(-6.28318530718,-11.));
#6685 = VECTOR('',#6686,1.);
#6686 = DIRECTION('',(1.,-0.));
#6687 = ( GEOMETRIC_REPRESENTATION_CONTEXT(2) 
PARAMETRIC_REPRESENTATION_CONTEXT() REPRESENTATION_CONTEXT('2D SPACE',''
  ) );
#6688 = FACE_BOUND('',#6689,.T.);
#6689 = EDGE_LOOP('',(#6690));
#6690 = ORIENTED_EDGE('',*,*,#6691,.T.);
#6691 = EDGE_CURVE('',#6692,#6692,#6694,.T.);
#6692 = VERTEX_POINT('',#6693);
#6693 = CARTESIAN_POINT('',(-41.,64.,46.3));
#6694 = SURFACE_CURVE('',#6695,(#6700,#6711),.PCURVE_S1.);
#6695 = CIRCLE('',#6696,9.);
#6696 = AXIS2_PLACEMENT_3D('',#6697,#6698,#6699);
#6697 = CARTESIAN_POINT('',(-50.,64.,46.3));
#6698 = DIRECTION('',(0.,0.,-1.));
#6699 = DIRECTION('',(1.,0.,0.));
#6700 = PCURVE('',#5761,#6701);
#6701 = DEFINITIONAL_REPRESENTATION('',(#6702),#6710);
#6702 = ( BOUNDED_CURVE() B_SPLINE_CURVE(2,(#6703,#6704,#6705,#6706,
#6707,#6708,#6709),.UNSPECIFIED.,.T.,.F.) B_SPLINE_CURVE_WITH_KNOTS((1,2
    ,2,2,2,1),(-2.094395102393,0.,2.094395102393,4.188790204786,
6.28318530718,8.377580409573),.UNSPECIFIED.) CURVE() 
GEOMETRIC_REPRESENTATION_ITEM() RATIONAL_B_SPLINE_CURVE((1.,0.5,1.,0.5,
1.,0.5,1.)) REPRESENTATION_ITEM('') );
#6703 = CARTESIAN_POINT('',(28.,119.));
#6704 = CARTESIAN_POINT('',(28.,103.41154273188));
#6705 = CARTESIAN_POINT('',(14.5,111.20577136594));
#6706 = CARTESIAN_POINT('',(1.,119.));
#6707 = CARTESIAN_POINT('',(14.5,126.79422863406));
#6708 = CARTESIAN_POINT('',(28.,134.58845726812));
#6709 = CARTESIAN_POINT('',(28.,119.));
#6710 = ( GEOMETRIC_REPRESENTATION_CONTEXT(2) 
PARAMETRIC_REPRESENTATION_CONTEXT() REPRESENTATION_CONTEXT('2D SPACE',''
  ) );
#6711 = PCURVE('',#6712,#6717);
#6712 = CYLINDRICAL_SURFACE('',#6713,9.);
#6713 = AXIS2_PLACEMENT_3D('',#6714,#6715,#6716);
#6714 = CARTESIAN_POINT('',(-50.,64.,36.3));
#6715 = DIRECTION('',(-0.,-0.,-1.));
#6716 = DIRECTION('',(1.,0.,0.));
#6717 = DEFINITIONAL_REPRESENTATION('',(#6718),#6722);
#6718 = LINE('',#6719,#6720);
#6719 = CARTESIAN_POINT('',(-6.28318530718,-10.));
#6720 = VECTOR('',#6721,1.);
#6721 = DIRECTION('',(1.,-0.));
#6722 = ( GEOMETRIC_REPRESENTATION_CONTEXT(2) 
PARAMETRIC_REPRESENTATION_CONTEXT() REPRESENTATION_CONTEXT('2D SPACE',''
  ) );
#6723 = FACE_BOUND('',#6724,.T.);
#6724 = EDGE_LOOP('',(#6725,#6756,#6784,#6813,#6841,#6870,#6898,#6927));
#6725 = ORIENTED_EDGE('',*,*,#6726,.F.);
#6726 = EDGE_CURVE('',#6727,#6729,#6731,.T.);
#6727 = VERTEX_POINT('',#6728);
#6728 = CARTESIAN_POINT('',(20.,-5.,46.3));
#6729 = VERTEX_POINT('',#6730);
#6730 = CARTESIAN_POINT('',(26.,1.,46.3));
#6731 = SURFACE_CURVE('',#6732,(#6737,#6744),.PCURVE_S1.);
#6732 = CIRCLE('',#6733,6.);
#6733 = AXIS2_PLACEMENT_3D('',#6734,#6735,#6736);
#6734 = CARTESIAN_POINT('',(20.,1.,46.3));
#6735 = DIRECTION('',(0.,0.,1.));
#6736 = DIRECTION('',(0.,-1.,0.));
#6737 = PCURVE('',#5761,#6738);
#6738 = DEFINITIONAL_REPRESENTATION('',(#6739),#6743);
#6739 = CIRCLE('',#6740,6.);
#6740 = AXIS2_PLACEMENT_2D('',#6741,#6742);
#6741 = CARTESIAN_POINT('',(89.,56.));
#6742 = DIRECTION('',(0.,-1.));
#6743 = ( GEOMETRIC_REPRESENTATION_CONTEXT(2) 
PARAMETRIC_REPRESENTATION_CONTEXT() REPRESENTATION_CONTEXT('2D SPACE',''
  ) );
#6744 = PCURVE('',#6745,#6750);
#6745 = CYLINDRICAL_SURFACE('',#6746,6.);
#6746 = AXIS2_PLACEMENT_3D('',#6747,#6748,#6749);
#6747 = CARTESIAN_POINT('',(20.,1.,35.3));
#6748 = DIRECTION('',(0.,0.,1.));
#6749 = DIRECTION('',(0.,-1.,0.));
#6750 = DEFINITIONAL_REPRESENTATION('',(#6751),#6755);
#6751 = LINE('',#6752,#6753);
#6752 = CARTESIAN_POINT('',(0.,11.));
#6753 = VECTOR('',#6754,1.);
#6754 = DIRECTION('',(1.,0.));
#6755 = ( GEOMETRIC_REPRESENTATION_CONTEXT(2) 
PARAMETRIC_REPRESENTATION_CONTEXT() REPRESENTATION_CONTEXT('2D SPACE',''
  ) );
#6756 = ORIENTED_EDGE('',*,*,#6757,.T.);
#6757 = EDGE_CURVE('',#6727,#6758,#6760,.T.);
#6758 = VERTEX_POINT('',#6759);
#6759 = CARTESIAN_POINT('',(-20.,-5.,46.3));
#6760 = SURFACE_CURVE('',#6761,(#6765,#6772),.PCURVE_S1.);
#6761 = LINE('',#6762,#6763);
#6762 = CARTESIAN_POINT('',(-47.5,-5.,46.3));
#6763 = VECTOR('',#6764,1.);
#6764 = DIRECTION('',(-1.,0.,0.));
#6765 = PCURVE('',#5761,#6766);
#6766 = DEFINITIONAL_REPRESENTATION('',(#6767),#6771);
#6767 = LINE('',#6768,#6769);
#6768 = CARTESIAN_POINT('',(21.5,50.));
#6769 = VECTOR('',#6770,1.);
#6770 = DIRECTION('',(-1.,0.));
#6771 = ( GEOMETRIC_REPRESENTATION_CONTEXT(2) 
PARAMETRIC_REPRESENTATION_CONTEXT() REPRESENTATION_CONTEXT('2D SPACE',''
  ) );
#6772 = PCURVE('',#6773,#6778);
#6773 = PLANE('',#6774);
#6774 = AXIS2_PLACEMENT_3D('',#6775,#6776,#6777);
#6775 = CARTESIAN_POINT('',(-26.,-5.,35.3));
#6776 = DIRECTION('',(0.,1.,0.));
#6777 = DIRECTION('',(1.,0.,0.));
#6778 = DEFINITIONAL_REPRESENTATION('',(#6779),#6783);
#6779 = LINE('',#6780,#6781);
#6780 = CARTESIAN_POINT('',(-21.5,-11.));
#6781 = VECTOR('',#6782,1.);
#6782 = DIRECTION('',(-1.,0.));
#6783 = ( GEOMETRIC_REPRESENTATION_CONTEXT(2) 
PARAMETRIC_REPRESENTATION_CONTEXT() REPRESENTATION_CONTEXT('2D SPACE',''
  ) );
#6784 = ORIENTED_EDGE('',*,*,#6785,.F.);
#6785 = EDGE_CURVE('',#6786,#6758,#6788,.T.);
#6786 = VERTEX_POINT('',#6787);
#6787 = CARTESIAN_POINT('',(-26.,1.,46.3));
#6788 = SURFACE_CURVE('',#6789,(#6794,#6801),.PCURVE_S1.);
#6789 = CIRCLE('',#6790,6.);
#6790 = AXIS2_PLACEMENT_3D('',#6791,#6792,#6793);
#6791 = CARTESIAN_POINT('',(-20.,1.,46.3));
#6792 = DIRECTION('',(0.,0.,1.));
#6793 = DIRECTION('',(0.,-1.,0.));
#6794 = PCURVE('',#5761,#6795);
#6795 = DEFINITIONAL_REPRESENTATION('',(#6796),#6800);
#6796 = CIRCLE('',#6797,6.);
#6797 = AXIS2_PLACEMENT_2D('',#6798,#6799);
#6798 = CARTESIAN_POINT('',(49.,56.));
#6799 = DIRECTION('',(0.,-1.));
#6800 = ( GEOMETRIC_REPRESENTATION_CONTEXT(2) 
PARAMETRIC_REPRESENTATION_CONTEXT() REPRESENTATION_CONTEXT('2D SPACE',''
  ) );
#6801 = PCURVE('',#6802,#6807);
#6802 = CYLINDRICAL_SURFACE('',#6803,6.);
#6803 = AXIS2_PLACEMENT_3D('',#6804,#6805,#6806);
#6804 = CARTESIAN_POINT('',(-20.,1.,35.3));
#6805 = DIRECTION('',(0.,0.,1.));
#6806 = DIRECTION('',(0.,-1.,0.));
#6807 = DEFINITIONAL_REPRESENTATION('',(#6808),#6812);
#6808 = LINE('',#6809,#6810);
#6809 = CARTESIAN_POINT('',(-6.28318530718,11.));
#6810 = VECTOR('',#6811,1.);
#6811 = DIRECTION('',(1.,-0.));
#6812 = ( GEOMETRIC_REPRESENTATION_CONTEXT(2) 
PARAMETRIC_REPRESENTATION_CONTEXT() REPRESENTATION_CONTEXT('2D SPACE',''
  ) );
#6813 = ORIENTED_EDGE('',*,*,#6814,.T.);
#6814 = EDGE_CURVE('',#6786,#6815,#6817,.T.);
#6815 = VERTEX_POINT('',#6816);
#6816 = CARTESIAN_POINT('',(-26.,31.,46.3));
#6817 = SURFACE_CURVE('',#6818,(#6822,#6829),.PCURVE_S1.);
#6818 = LINE('',#6819,#6820);
#6819 = CARTESIAN_POINT('',(-26.,-9.,46.3));
#6820 = VECTOR('',#6821,1.);
#6821 = DIRECTION('',(-0.,1.,0.));
#6822 = PCURVE('',#5761,#6823);
#6823 = DEFINITIONAL_REPRESENTATION('',(#6824),#6828);
#6824 = LINE('',#6825,#6826);
#6825 = CARTESIAN_POINT('',(43.,46.));
#6826 = VECTOR('',#6827,1.);
#6827 = DIRECTION('',(0.,1.));
#6828 = ( GEOMETRIC_REPRESENTATION_CONTEXT(2) 
PARAMETRIC_REPRESENTATION_CONTEXT() REPRESENTATION_CONTEXT('2D SPACE',''
  ) );
#6829 = PCURVE('',#6830,#6835);
#6830 = PLANE('',#6831);
#6831 = AXIS2_PLACEMENT_3D('',#6832,#6833,#6834);
#6832 = CARTESIAN_POINT('',(-26.,37.,35.3));
#6833 = DIRECTION('',(1.,0.,-0.));
#6834 = DIRECTION('',(0.,-1.,0.));
#6835 = DEFINITIONAL_REPRESENTATION('',(#6836),#6840);
#6836 = LINE('',#6837,#6838);
#6837 = CARTESIAN_POINT('',(46.,-11.));
#6838 = VECTOR('',#6839,1.);
#6839 = DIRECTION('',(-1.,-0.));
#6840 = ( GEOMETRIC_REPRESENTATION_CONTEXT(2) 
PARAMETRIC_REPRESENTATION_CONTEXT() REPRESENTATION_CONTEXT('2D SPACE',''
  ) );
#6841 = ORIENTED_EDGE('',*,*,#6842,.F.);
#6842 = EDGE_CURVE('',#6843,#6815,#6845,.T.);
#6843 = VERTEX_POINT('',#6844);
#6844 = CARTESIAN_POINT('',(-20.,37.,46.3));
#6845 = SURFACE_CURVE('',#6846,(#6851,#6858),.PCURVE_S1.);
#6846 = CIRCLE('',#6847,6.);
#6847 = AXIS2_PLACEMENT_3D('',#6848,#6849,#6850);
#6848 = CARTESIAN_POINT('',(-20.,31.,46.3));
#6849 = DIRECTION('',(0.,0.,1.));
#6850 = DIRECTION('',(-0.,1.,0.));
#6851 = PCURVE('',#5761,#6852);
#6852 = DEFINITIONAL_REPRESENTATION('',(#6853),#6857);
#6853 = CIRCLE('',#6854,6.);
#6854 = AXIS2_PLACEMENT_2D('',#6855,#6856);
#6855 = CARTESIAN_POINT('',(49.,86.));
#6856 = DIRECTION('',(0.,1.));
#6857 = ( GEOMETRIC_REPRESENTATION_CONTEXT(2) 
PARAMETRIC_REPRESENTATION_CONTEXT() REPRESENTATION_CONTEXT('2D SPACE',''
  ) );
#6858 = PCURVE('',#6859,#6864);
#6859 = CYLINDRICAL_SURFACE('',#6860,6.);
#6860 = AXIS2_PLACEMENT_3D('',#6861,#6862,#6863);
#6861 = CARTESIAN_POINT('',(-20.,31.,35.3));
#6862 = DIRECTION('',(0.,0.,1.));
#6863 = DIRECTION('',(-0.,1.,0.));
#6864 = DEFINITIONAL_REPRESENTATION('',(#6865),#6869);
#6865 = LINE('',#6866,#6867);
#6866 = CARTESIAN_POINT('',(0.,11.));
#6867 = VECTOR('',#6868,1.);
#6868 = DIRECTION('',(1.,0.));
#6869 = ( GEOMETRIC_REPRESENTATION_CONTEXT(2) 
PARAMETRIC_REPRESENTATION_CONTEXT() REPRESENTATION_CONTEXT('2D SPACE',''
  ) );
#6870 = ORIENTED_EDGE('',*,*,#6871,.T.);
#6871 = EDGE_CURVE('',#6843,#6872,#6874,.T.);
#6872 = VERTEX_POINT('',#6873);
#6873 = CARTESIAN_POINT('',(20.,37.,46.3));
#6874 = SURFACE_CURVE('',#6875,(#6879,#6886),.PCURVE_S1.);
#6875 = LINE('',#6876,#6877);
#6876 = CARTESIAN_POINT('',(-21.5,37.,46.3));
#6877 = VECTOR('',#6878,1.);
#6878 = DIRECTION('',(1.,0.,-0.));
#6879 = PCURVE('',#5761,#6880);
#6880 = DEFINITIONAL_REPRESENTATION('',(#6881),#6885);
#6881 = LINE('',#6882,#6883);
#6882 = CARTESIAN_POINT('',(47.5,92.));
#6883 = VECTOR('',#6884,1.);
#6884 = DIRECTION('',(1.,0.));
#6885 = ( GEOMETRIC_REPRESENTATION_CONTEXT(2) 
PARAMETRIC_REPRESENTATION_CONTEXT() REPRESENTATION_CONTEXT('2D SPACE',''
  ) );
#6886 = PCURVE('',#6887,#6892);
#6887 = PLANE('',#6888);
#6888 = AXIS2_PLACEMENT_3D('',#6889,#6890,#6891);
#6889 = CARTESIAN_POINT('',(26.,37.,35.3));
#6890 = DIRECTION('',(0.,-1.,0.));
#6891 = DIRECTION('',(-1.,0.,0.));
#6892 = DEFINITIONAL_REPRESENTATION('',(#6893),#6897);
#6893 = LINE('',#6894,#6895);
#6894 = CARTESIAN_POINT('',(47.5,-11.));
#6895 = VECTOR('',#6896,1.);
#6896 = DIRECTION('',(-1.,0.));
#6897 = ( GEOMETRIC_REPRESENTATION_CONTEXT(2) 
PARAMETRIC_REPRESENTATION_CONTEXT() REPRESENTATION_CONTEXT('2D SPACE',''
  ) );
#6898 = ORIENTED_EDGE('',*,*,#6899,.F.);
#6899 = EDGE_CURVE('',#6900,#6872,#6902,.T.);
#6900 = VERTEX_POINT('',#6901);
#6901 = CARTESIAN_POINT('',(26.,31.,46.3));
#6902 = SURFACE_CURVE('',#6903,(#6908,#6915),.PCURVE_S1.);
#6903 = CIRCLE('',#6904,6.);
#6904 = AXIS2_PLACEMENT_3D('',#6905,#6906,#6907);
#6905 = CARTESIAN_POINT('',(20.,31.,46.3));
#6906 = DIRECTION('',(0.,0.,1.));
#6907 = DIRECTION('',(1.,0.,-0.));
#6908 = PCURVE('',#5761,#6909);
#6909 = DEFINITIONAL_REPRESENTATION('',(#6910),#6914);
#6910 = CIRCLE('',#6911,6.);
#6911 = AXIS2_PLACEMENT_2D('',#6912,#6913);
#6912 = CARTESIAN_POINT('',(89.,86.));
#6913 = DIRECTION('',(1.,0.));
#6914 = ( GEOMETRIC_REPRESENTATION_CONTEXT(2) 
PARAMETRIC_REPRESENTATION_CONTEXT() REPRESENTATION_CONTEXT('2D SPACE',''
  ) );
#6915 = PCURVE('',#6916,#6921);
#6916 = CYLINDRICAL_SURFACE('',#6917,6.);
#6917 = AXIS2_PLACEMENT_3D('',#6918,#6919,#6920);
#6918 = CARTESIAN_POINT('',(20.,31.,35.3));
#6919 = DIRECTION('',(0.,0.,1.));
#6920 = DIRECTION('',(1.,0.,-0.));
#6921 = DEFINITIONAL_REPRESENTATION('',(#6922),#6926);
#6922 = LINE('',#6923,#6924);
#6923 = CARTESIAN_POINT('',(0.,11.));
#6924 = VECTOR('',#6925,1.);
#6925 = DIRECTION('',(1.,0.));
#6926 = ( GEOMETRIC_REPRESENTATION_CONTEXT(2) 
PARAMETRIC_REPRESENTATION_CONTEXT() REPRESENTATION_CONTEXT('2D SPACE',''
  ) );
#6927 = ORIENTED_EDGE('',*,*,#6928,.T.);
#6928 = EDGE_CURVE('',#6900,#6729,#6929,.T.);
#6929 = SURFACE_CURVE('',#6930,(#6934,#6941),.PCURVE_S1.);
#6930 = LINE('',#6931,#6932);
#6931 = CARTESIAN_POINT('',(26.,-30.,46.3));
#6932 = VECTOR('',#6933,1.);
#6933 = DIRECTION('',(0.,-1.,0.));
#6934 = PCURVE('',#5761,#6935);
#6935 = DEFINITIONAL_REPRESENTATION('',(#6936),#6940);
#6936 = LINE('',#6937,#6938);
#6937 = CARTESIAN_POINT('',(95.,25.));
#6938 = VECTOR('',#6939,1.);
#6939 = DIRECTION('',(0.,-1.));
#6940 = ( GEOMETRIC_REPRESENTATION_CONTEXT(2) 
PARAMETRIC_REPRESENTATION_CONTEXT() REPRESENTATION_CONTEXT('2D SPACE',''
  ) );
#6941 = PCURVE('',#6942,#6947);
#6942 = PLANE('',#6943);
#6943 = AXIS2_PLACEMENT_3D('',#6944,#6945,#6946);
#6944 = CARTESIAN_POINT('',(26.,-5.,35.3));
#6945 = DIRECTION('',(-1.,0.,0.));
#6946 = DIRECTION('',(0.,1.,0.));
#6947 = DEFINITIONAL_REPRESENTATION('',(#6948),#6952);
#6948 = LINE('',#6949,#6950);
#6949 = CARTESIAN_POINT('',(-25.,-11.));
#6950 = VECTOR('',#6951,1.);
#6951 = DIRECTION('',(-1.,0.));
#6952 = ( GEOMETRIC_REPRESENTATION_CONTEXT(2) 
PARAMETRIC_REPRESENTATION_CONTEXT() REPRESENTATION_CONTEXT('2D SPACE',''
  ) );
#6953 = FACE_BOUND('',#6954,.T.);
#6954 = EDGE_LOOP('',(#6955,#6985,#7018,#7046));
#6955 = ORIENTED_EDGE('',*,*,#6956,.T.);
#6956 = EDGE_CURVE('',#6957,#6959,#6961,.T.);
#6957 = VERTEX_POINT('',#6958);
#6958 = CARTESIAN_POINT('',(42.4,42.,46.3));
#6959 = VERTEX_POINT('',#6960);
#6960 = CARTESIAN_POINT('',(42.4,38.081666528903,46.3));
#6961 = SURFACE_CURVE('',#6962,(#6966,#6973),.PCURVE_S1.);
#6962 = LINE('',#6963,#6964);
#6963 = CARTESIAN_POINT('',(42.4,-13.5,46.3));
#6964 = VECTOR('',#6965,1.);
#6965 = DIRECTION('',(0.,-1.,0.));
#6966 = PCURVE('',#5761,#6967);
#6967 = DEFINITIONAL_REPRESENTATION('',(#6968),#6972);
#6968 = LINE('',#6969,#6970);
#6969 = CARTESIAN_POINT('',(111.4,41.5));
#6970 = VECTOR('',#6971,1.);
#6971 = DIRECTION('',(0.,-1.));
#6972 = ( GEOMETRIC_REPRESENTATION_CONTEXT(2) 
PARAMETRIC_REPRESENTATION_CONTEXT() REPRESENTATION_CONTEXT('2D SPACE',''
  ) );
#6973 = PCURVE('',#6974,#6979);
#6974 = PLANE('',#6975);
#6975 = AXIS2_PLACEMENT_3D('',#6976,#6977,#6978);
#6976 = CARTESIAN_POINT('',(42.4,28.,35.3));
#6977 = DIRECTION('',(-1.,0.,0.));
#6978 = DIRECTION('',(0.,1.,0.));
#6979 = DEFINITIONAL_REPRESENTATION('',(#6980),#6984);
#6980 = LINE('',#6981,#6982);
#6981 = CARTESIAN_POINT('',(-41.5,-11.));
#6982 = VECTOR('',#6983,1.);
#6983 = DIRECTION('',(-1.,0.));
#6984 = ( GEOMETRIC_REPRESENTATION_CONTEXT(2) 
PARAMETRIC_REPRESENTATION_CONTEXT() REPRESENTATION_CONTEXT('2D SPACE',''
  ) );
#6985 = ORIENTED_EDGE('',*,*,#6986,.T.);
#6986 = EDGE_CURVE('',#6959,#6987,#6989,.T.);
#6987 = VERTEX_POINT('',#6988);
#6988 = CARTESIAN_POINT('',(33.6,38.081666528903,46.3));
#6989 = SURFACE_CURVE('',#6990,(#6995,#7006),.PCURVE_S1.);
#6990 = CIRCLE('',#6991,11.);
#6991 = AXIS2_PLACEMENT_3D('',#6992,#6993,#6994);
#6992 = CARTESIAN_POINT('',(38.,28.,46.3));
#6993 = DIRECTION('',(0.,0.,-1.));
#6994 = DIRECTION('',(1.,0.,0.));
#6995 = PCURVE('',#5761,#6996);
#6996 = DEFINITIONAL_REPRESENTATION('',(#6997),#7005);
#6997 = ( BOUNDED_CURVE() B_SPLINE_CURVE(2,(#6998,#6999,#7000,#7001,
#7002,#7003,#7004),.UNSPECIFIED.,.T.,.F.) B_SPLINE_CURVE_WITH_KNOTS((1,2
    ,2,2,2,1),(-2.094395102393,0.,2.094395102393,4.188790204786,
6.28318530718,8.377580409573),.UNSPECIFIED.) CURVE() 
GEOMETRIC_REPRESENTATION_ITEM() RATIONAL_B_SPLINE_CURVE((1.,0.5,1.,0.5,
1.,0.5,1.)) REPRESENTATION_ITEM('') );
#6998 = CARTESIAN_POINT('',(118.,83.));
#6999 = CARTESIAN_POINT('',(118.,63.947441116742));
#7000 = CARTESIAN_POINT('',(101.5,73.473720558371));
#7001 = CARTESIAN_POINT('',(85.,83.));
#7002 = CARTESIAN_POINT('',(101.5,92.526279441629));
#7003 = CARTESIAN_POINT('',(118.,102.05255888325));
#7004 = CARTESIAN_POINT('',(118.,83.));
#7005 = ( GEOMETRIC_REPRESENTATION_CONTEXT(2) 
PARAMETRIC_REPRESENTATION_CONTEXT() REPRESENTATION_CONTEXT('2D SPACE',''
  ) );
#7006 = PCURVE('',#7007,#7012);
#7007 = CYLINDRICAL_SURFACE('',#7008,11.);
#7008 = AXIS2_PLACEMENT_3D('',#7009,#7010,#7011);
#7009 = CARTESIAN_POINT('',(38.,28.,35.3));
#7010 = DIRECTION('',(-0.,-0.,-1.));
#7011 = DIRECTION('',(1.,0.,0.));
#7012 = DEFINITIONAL_REPRESENTATION('',(#7013),#7017);
#7013 = LINE('',#7014,#7015);
#7014 = CARTESIAN_POINT('',(-12.56637061435,-11.));
#7015 = VECTOR('',#7016,1.);
#7016 = DIRECTION('',(1.,-0.));
#7017 = ( GEOMETRIC_REPRESENTATION_CONTEXT(2) 
PARAMETRIC_REPRESENTATION_CONTEXT() REPRESENTATION_CONTEXT('2D SPACE',''
  ) );
#7018 = ORIENTED_EDGE('',*,*,#7019,.T.);
#7019 = EDGE_CURVE('',#6987,#7020,#7022,.T.);
#7020 = VERTEX_POINT('',#7021);
#7021 = CARTESIAN_POINT('',(33.6,42.,46.3));
#7022 = SURFACE_CURVE('',#7023,(#7027,#7034),.PCURVE_S1.);
#7023 = LINE('',#7024,#7025);
#7024 = CARTESIAN_POINT('',(33.6,-6.5,46.3));
#7025 = VECTOR('',#7026,1.);
#7026 = DIRECTION('',(-0.,1.,0.));
#7027 = PCURVE('',#5761,#7028);
#7028 = DEFINITIONAL_REPRESENTATION('',(#7029),#7033);
#7029 = LINE('',#7030,#7031);
#7030 = CARTESIAN_POINT('',(102.6,48.5));
#7031 = VECTOR('',#7032,1.);
#7032 = DIRECTION('',(0.,1.));
#7033 = ( GEOMETRIC_REPRESENTATION_CONTEXT(2) 
PARAMETRIC_REPRESENTATION_CONTEXT() REPRESENTATION_CONTEXT('2D SPACE',''
  ) );
#7034 = PCURVE('',#7035,#7040);
#7035 = PLANE('',#7036);
#7036 = AXIS2_PLACEMENT_3D('',#7037,#7038,#7039);
#7037 = CARTESIAN_POINT('',(33.6,42.,35.3));
#7038 = DIRECTION('',(1.,0.,-0.));
#7039 = DIRECTION('',(0.,-1.,0.));
#7040 = DEFINITIONAL_REPRESENTATION('',(#7041),#7045);
#7041 = LINE('',#7042,#7043);
#7042 = CARTESIAN_POINT('',(48.5,-11.));
#7043 = VECTOR('',#7044,1.);
#7044 = DIRECTION('',(-1.,-0.));
#7045 = ( GEOMETRIC_REPRESENTATION_CONTEXT(2) 
PARAMETRIC_REPRESENTATION_CONTEXT() REPRESENTATION_CONTEXT('2D SPACE',''
  ) );
#7046 = ORIENTED_EDGE('',*,*,#7047,.T.);
#7047 = EDGE_CURVE('',#7020,#6957,#7048,.T.);
#7048 = SURFACE_CURVE('',#7049,(#7054,#7065),.PCURVE_S1.);
#7049 = CIRCLE('',#7050,4.4);
#7050 = AXIS2_PLACEMENT_3D('',#7051,#7052,#7053);
#7051 = CARTESIAN_POINT('',(38.,42.,46.3));
#7052 = DIRECTION('',(0.,0.,-1.));
#7053 = DIRECTION('',(1.,0.,0.));
#7054 = PCURVE('',#5761,#7055);
#7055 = DEFINITIONAL_REPRESENTATION('',(#7056),#7064);
#7056 = ( BOUNDED_CURVE() B_SPLINE_CURVE(2,(#7057,#7058,#7059,#7060,
#7061,#7062,#7063),.UNSPECIFIED.,.T.,.F.) B_SPLINE_CURVE_WITH_KNOTS((1,2
    ,2,2,2,1),(-2.094395102393,0.,2.094395102393,4.188790204786,
6.28318530718,8.377580409573),.UNSPECIFIED.) CURVE() 
GEOMETRIC_REPRESENTATION_ITEM() RATIONAL_B_SPLINE_CURVE((1.,0.5,1.,0.5,
1.,0.5,1.)) REPRESENTATION_ITEM('') );
#7057 = CARTESIAN_POINT('',(111.4,97.));
#7058 = CARTESIAN_POINT('',(111.4,89.378976446697));
#7059 = CARTESIAN_POINT('',(104.8,93.189488223348));
#7060 = CARTESIAN_POINT('',(98.2,97.));
#7061 = CARTESIAN_POINT('',(104.8,100.81051177665));
#7062 = CARTESIAN_POINT('',(111.4,104.6210235533));
#7063 = CARTESIAN_POINT('',(111.4,97.));
#7064 = ( GEOMETRIC_REPRESENTATION_CONTEXT(2) 
PARAMETRIC_REPRESENTATION_CONTEXT() REPRESENTATION_CONTEXT('2D SPACE',''
  ) );
#7065 = PCURVE('',#7066,#7071);
#7066 = CYLINDRICAL_SURFACE('',#7067,4.4);
#7067 = AXIS2_PLACEMENT_3D('',#7068,#7069,#7070);
#7068 = CARTESIAN_POINT('',(38.,42.,35.3));
#7069 = DIRECTION('',(-0.,-0.,-1.));
#7070 = DIRECTION('',(1.,0.,0.));
#7071 = DEFINITIONAL_REPRESENTATION('',(#7072),#7076);
#7072 = LINE('',#7073,#7074);
#7073 = CARTESIAN_POINT('',(-6.28318530718,-11.));
#7074 = VECTOR('',#7075,1.);
#7075 = DIRECTION('',(1.,-0.));
#7076 = ( GEOMETRIC_REPRESENTATION_CONTEXT(2) 
PARAMETRIC_REPRESENTATION_CONTEXT() REPRESENTATION_CONTEXT('2D SPACE',''
  ) );
#7077 = FACE_BOUND('',#7078,.T.);
#7078 = EDGE_LOOP('',(#7079));
#7079 = ORIENTED_EDGE('',*,*,#7080,.T.);
#7080 = EDGE_CURVE('',#7081,#7081,#7083,.T.);
#7081 = VERTEX_POINT('',#7082);
#7082 = CARTESIAN_POINT('',(59.,64.,46.3));
#7083 = SURFACE_CURVE('',#7084,(#7089,#7100),.PCURVE_S1.);
#7084 = CIRCLE('',#7085,9.);
#7085 = AXIS2_PLACEMENT_3D('',#7086,#7087,#7088);
#7086 = CARTESIAN_POINT('',(50.,64.,46.3));
#7087 = DIRECTION('',(0.,0.,-1.));
#7088 = DIRECTION('',(1.,0.,0.));
#7089 = PCURVE('',#5761,#7090);
#7090 = DEFINITIONAL_REPRESENTATION('',(#7091),#7099);
#7091 = ( BOUNDED_CURVE() B_SPLINE_CURVE(2,(#7092,#7093,#7094,#7095,
#7096,#7097,#7098),.UNSPECIFIED.,.T.,.F.) B_SPLINE_CURVE_WITH_KNOTS((1,2
    ,2,2,2,1),(-2.094395102393,0.,2.094395102393,4.188790204786,
6.28318530718,8.377580409573),.UNSPECIFIED.) CURVE() 
GEOMETRIC_REPRESENTATION_ITEM() RATIONAL_B_SPLINE_CURVE((1.,0.5,1.,0.5,
1.,0.5,1.)) REPRESENTATION_ITEM('') );
#7092 = CARTESIAN_POINT('',(128.,119.));
#7093 = CARTESIAN_POINT('',(128.,103.41154273188));
#7094 = CARTESIAN_POINT('',(114.5,111.20577136594));
#7095 = CARTESIAN_POINT('',(101.,119.));
#7096 = CARTESIAN_POINT('',(114.5,126.79422863406));
#7097 = CARTESIAN_POINT('',(128.,134.58845726812));
#7098 = CARTESIAN_POINT('',(128.,119.));
#7099 = ( GEOMETRIC_REPRESENTATION_CONTEXT(2) 
PARAMETRIC_REPRESENTATION_CONTEXT() REPRESENTATION_CONTEXT('2D SPACE',''
  ) );
#7100 = PCURVE('',#7101,#7106);
#7101 = CYLINDRICAL_SURFACE('',#7102,9.);
#7102 = AXIS2_PLACEMENT_3D('',#7103,#7104,#7105);
#7103 = CARTESIAN_POINT('',(50.,64.,36.3));
#7104 = DIRECTION('',(-0.,-0.,-1.));
#7105 = DIRECTION('',(1.,0.,0.));
#7106 = DEFINITIONAL_REPRESENTATION('',(#7107),#7111);
#7107 = LINE('',#7108,#7109);
#7108 = CARTESIAN_POINT('',(-6.28318530718,-10.));
#7109 = VECTOR('',#7110,1.);
#7110 = DIRECTION('',(1.,-0.));
#7111 = ( GEOMETRIC_REPRESENTATION_CONTEXT(2) 
PARAMETRIC_REPRESENTATION_CONTEXT() REPRESENTATION_CONTEXT('2D SPACE',''
  ) );
#7112 = ADVANCED_FACE('',(#7113),#5789,.T.);
#7113 = FACE_BOUND('',#7114,.T.);
#7114 = EDGE_LOOP('',(#7115,#7139,#7160,#7161));
#7115 = ORIENTED_EDGE('',*,*,#7116,.T.);
#7116 = EDGE_CURVE('',#5774,#7117,#7119,.T.);
#7117 = VERTEX_POINT('',#7118);
#7118 = CARTESIAN_POINT('',(-64.,-55.,36.3));
#7119 = SURFACE_CURVE('',#7120,(#7125,#7132),.PCURVE_S1.);
#7120 = CIRCLE('',#7121,5.);
#7121 = AXIS2_PLACEMENT_3D('',#7122,#7123,#7124);
#7122 = CARTESIAN_POINT('',(-64.,-50.,36.3));
#7123 = DIRECTION('',(0.,0.,1.));
#7124 = DIRECTION('',(0.,-1.,0.));
#7125 = PCURVE('',#5789,#7126);
#7126 = DEFINITIONAL_REPRESENTATION('',(#7127),#7131);
#7127 = LINE('',#7128,#7129);
#7128 = CARTESIAN_POINT('',(-4.712388980385,0.));
#7129 = VECTOR('',#7130,1.);
#7130 = DIRECTION('',(1.,0.));
#7131 = ( GEOMETRIC_REPRESENTATION_CONTEXT(2) 
PARAMETRIC_REPRESENTATION_CONTEXT() REPRESENTATION_CONTEXT('2D SPACE',''
  ) );
#7132 = PCURVE('',#5817,#7133);
#7133 = DEFINITIONAL_REPRESENTATION('',(#7134),#7138);
#7134 = CIRCLE('',#7135,5.);
#7135 = AXIS2_PLACEMENT_2D('',#7136,#7137);
#7136 = CARTESIAN_POINT('',(5.,5.));
#7137 = DIRECTION('',(0.,-1.));
#7138 = ( GEOMETRIC_REPRESENTATION_CONTEXT(2) 
PARAMETRIC_REPRESENTATION_CONTEXT() REPRESENTATION_CONTEXT('2D SPACE',''
  ) );
#7139 = ORIENTED_EDGE('',*,*,#7140,.T.);
#7140 = EDGE_CURVE('',#7117,#5860,#7141,.T.);
#7141 = SURFACE_CURVE('',#7142,(#7146,#7153),.PCURVE_S1.);
#7142 = LINE('',#7143,#7144);
#7143 = CARTESIAN_POINT('',(-64.,-55.,36.3));
#7144 = VECTOR('',#7145,1.);
#7145 = DIRECTION('',(0.,0.,1.));
#7146 = PCURVE('',#5789,#7147);
#7147 = DEFINITIONAL_REPRESENTATION('',(#7148),#7152);
#7148 = LINE('',#7149,#7150);
#7149 = CARTESIAN_POINT('',(1.570796326795,0.));
#7150 = VECTOR('',#7151,1.);
#7151 = DIRECTION('',(0.,1.));
#7152 = ( GEOMETRIC_REPRESENTATION_CONTEXT(2) 
PARAMETRIC_REPRESENTATION_CONTEXT() REPRESENTATION_CONTEXT('2D SPACE',''
  ) );
#7153 = PCURVE('',#5899,#7154);
#7154 = DEFINITIONAL_REPRESENTATION('',(#7155),#7159);
#7155 = LINE('',#7156,#7157);
#7156 = CARTESIAN_POINT('',(0.,5.));
#7157 = VECTOR('',#7158,1.);
#7158 = DIRECTION('',(1.,0.));
#7159 = ( GEOMETRIC_REPRESENTATION_CONTEXT(2) 
PARAMETRIC_REPRESENTATION_CONTEXT() REPRESENTATION_CONTEXT('2D SPACE',''
  ) );
#7160 = ORIENTED_EDGE('',*,*,#5859,.F.);
#7161 = ORIENTED_EDGE('',*,*,#5773,.F.);
#7162 = ADVANCED_FACE('',(#7163),#5843,.T.);
#7163 = FACE_BOUND('',#7164,.F.);
#7164 = EDGE_LOOP('',(#7165,#7193,#7214,#7215));
#7165 = ORIENTED_EDGE('',*,*,#7166,.T.);
#7166 = EDGE_CURVE('',#5802,#7167,#7169,.T.);
#7167 = VERTEX_POINT('',#7168);
#7168 = CARTESIAN_POINT('',(-64.,83.,36.3));
#7169 = SURFACE_CURVE('',#7170,(#7175,#7182),.PCURVE_S1.);
#7170 = CIRCLE('',#7171,5.);
#7171 = AXIS2_PLACEMENT_3D('',#7172,#7173,#7174);
#7172 = CARTESIAN_POINT('',(-64.,78.,36.3));
#7173 = DIRECTION('',(-0.,-0.,-1.));
#7174 = DIRECTION('',(0.,-1.,0.));
#7175 = PCURVE('',#5843,#7176);
#7176 = DEFINITIONAL_REPRESENTATION('',(#7177),#7181);
#7177 = LINE('',#7178,#7179);
#7178 = CARTESIAN_POINT('',(1.570796326795,-0.));
#7179 = VECTOR('',#7180,1.);
#7180 = DIRECTION('',(-1.,0.));
#7181 = ( GEOMETRIC_REPRESENTATION_CONTEXT(2) 
PARAMETRIC_REPRESENTATION_CONTEXT() REPRESENTATION_CONTEXT('2D SPACE',''
  ) );
#7182 = PCURVE('',#5817,#7183);
#7183 = DEFINITIONAL_REPRESENTATION('',(#7184),#7192);
#7184 = ( BOUNDED_CURVE() B_SPLINE_CURVE(2,(#7185,#7186,#7187,#7188,
#7189,#7190,#7191),.UNSPECIFIED.,.T.,.F.) B_SPLINE_CURVE_WITH_KNOTS((1,2
    ,2,2,2,1),(-2.094395102393,0.,2.094395102393,4.188790204786,
6.28318530718,8.377580409573),.UNSPECIFIED.) CURVE() 
GEOMETRIC_REPRESENTATION_ITEM() RATIONAL_B_SPLINE_CURVE((1.,0.5,1.,0.5,
1.,0.5,1.)) REPRESENTATION_ITEM('') );
#7185 = CARTESIAN_POINT('',(5.,128.));
#7186 = CARTESIAN_POINT('',(-3.660254037844,128.));
#7187 = CARTESIAN_POINT('',(0.669872981078,135.5));
#7188 = CARTESIAN_POINT('',(5.,143.));
#7189 = CARTESIAN_POINT('',(9.330127018922,135.5));
#7190 = CARTESIAN_POINT('',(13.660254037844,128.));
#7191 = CARTESIAN_POINT('',(5.,128.));
#7192 = ( GEOMETRIC_REPRESENTATION_CONTEXT(2) 
PARAMETRIC_REPRESENTATION_CONTEXT() REPRESENTATION_CONTEXT('2D SPACE',''
  ) );
#7193 = ORIENTED_EDGE('',*,*,#7194,.T.);
#7194 = EDGE_CURVE('',#7167,#6114,#7195,.T.);
#7195 = SURFACE_CURVE('',#7196,(#7200,#7207),.PCURVE_S1.);
#7196 = LINE('',#7197,#7198);
#7197 = CARTESIAN_POINT('',(-64.,83.,36.3));
#7198 = VECTOR('',#7199,1.);
#7199 = DIRECTION('',(0.,0.,1.));
#7200 = PCURVE('',#5843,#7201);
#7201 = DEFINITIONAL_REPRESENTATION('',(#7202),#7206);
#7202 = LINE('',#7203,#7204);
#7203 = CARTESIAN_POINT('',(-1.570796326795,0.));
#7204 = VECTOR('',#7205,1.);
#7205 = DIRECTION('',(-0.,1.));
#7206 = ( GEOMETRIC_REPRESENTATION_CONTEXT(2) 
PARAMETRIC_REPRESENTATION_CONTEXT() REPRESENTATION_CONTEXT('2D SPACE',''
  ) );
#7207 = PCURVE('',#6129,#7208);
#7208 = DEFINITIONAL_REPRESENTATION('',(#7209),#7213);
#7209 = LINE('',#7210,#7211);
#7210 = CARTESIAN_POINT('',(0.,5.));
#7211 = VECTOR('',#7212,1.);
#7212 = DIRECTION('',(1.,0.));
#7213 = ( GEOMETRIC_REPRESENTATION_CONTEXT(2) 
PARAMETRIC_REPRESENTATION_CONTEXT() REPRESENTATION_CONTEXT('2D SPACE',''
  ) );
#7214 = ORIENTED_EDGE('',*,*,#6141,.F.);
#7215 = ORIENTED_EDGE('',*,*,#5829,.F.);
#7216 = ADVANCED_FACE('',(#7217,#7433,#7468,#7572,#7686,#7721,#7825,
    #7929,#7964,#8154,#8258),#5817,.F.);
#7217 = FACE_BOUND('',#7218,.F.);
#7218 = EDGE_LOOP('',(#7219,#7220,#7221,#7244,#7267,#7290,#7313,#7336,
    #7364,#7387,#7411,#7432));
#7219 = ORIENTED_EDGE('',*,*,#5801,.F.);
#7220 = ORIENTED_EDGE('',*,*,#7116,.T.);
#7221 = ORIENTED_EDGE('',*,*,#7222,.T.);
#7222 = EDGE_CURVE('',#7117,#7223,#7225,.T.);
#7223 = VERTEX_POINT('',#7224);
#7224 = CARTESIAN_POINT('',(-8.,-55.,36.3));
#7225 = SURFACE_CURVE('',#7226,(#7230,#7237),.PCURVE_S1.);
#7226 = LINE('',#7227,#7228);
#7227 = CARTESIAN_POINT('',(-69.,-55.,36.3));
#7228 = VECTOR('',#7229,1.);
#7229 = DIRECTION('',(1.,0.,0.));
#7230 = PCURVE('',#5817,#7231);
#7231 = DEFINITIONAL_REPRESENTATION('',(#7232),#7236);
#7232 = LINE('',#7233,#7234);
#7233 = CARTESIAN_POINT('',(0.,0.));
#7234 = VECTOR('',#7235,1.);
#7235 = DIRECTION('',(1.,0.));
#7236 = ( GEOMETRIC_REPRESENTATION_CONTEXT(2) 
PARAMETRIC_REPRESENTATION_CONTEXT() REPRESENTATION_CONTEXT('2D SPACE',''
  ) );
#7237 = PCURVE('',#5899,#7238);
#7238 = DEFINITIONAL_REPRESENTATION('',(#7239),#7243);
#7239 = LINE('',#7240,#7241);
#7240 = CARTESIAN_POINT('',(0.,0.));
#7241 = VECTOR('',#7242,1.);
#7242 = DIRECTION('',(0.,1.));
#7243 = ( GEOMETRIC_REPRESENTATION_CONTEXT(2) 
PARAMETRIC_REPRESENTATION_CONTEXT() REPRESENTATION_CONTEXT('2D SPACE',''
  ) );
#7244 = ORIENTED_EDGE('',*,*,#7245,.T.);
#7245 = EDGE_CURVE('',#7223,#7246,#7248,.T.);
#7246 = VERTEX_POINT('',#7247);
#7247 = CARTESIAN_POINT('',(-8.,-24.,36.3));
#7248 = SURFACE_CURVE('',#7249,(#7253,#7260),.PCURVE_S1.);
#7249 = LINE('',#7250,#7251);
#7250 = CARTESIAN_POINT('',(-8.,-39.5,36.3));
#7251 = VECTOR('',#7252,1.);
#7252 = DIRECTION('',(-0.,1.,0.));
#7253 = PCURVE('',#5817,#7254);
#7254 = DEFINITIONAL_REPRESENTATION('',(#7255),#7259);
#7255 = LINE('',#7256,#7257);
#7256 = CARTESIAN_POINT('',(61.,15.5));
#7257 = VECTOR('',#7258,1.);
#7258 = DIRECTION('',(0.,1.));
#7259 = ( GEOMETRIC_REPRESENTATION_CONTEXT(2) 
PARAMETRIC_REPRESENTATION_CONTEXT() REPRESENTATION_CONTEXT('2D SPACE',''
  ) );
#7260 = PCURVE('',#5927,#7261);
#7261 = DEFINITIONAL_REPRESENTATION('',(#7262),#7266);
#7262 = LINE('',#7263,#7264);
#7263 = CARTESIAN_POINT('',(15.5,-1.));
#7264 = VECTOR('',#7265,1.);
#7265 = DIRECTION('',(-1.,-0.));
#7266 = ( GEOMETRIC_REPRESENTATION_CONTEXT(2) 
PARAMETRIC_REPRESENTATION_CONTEXT() REPRESENTATION_CONTEXT('2D SPACE',''
  ) );
#7267 = ORIENTED_EDGE('',*,*,#7268,.T.);
#7268 = EDGE_CURVE('',#7246,#7269,#7271,.T.);
#7269 = VERTEX_POINT('',#7270);
#7270 = CARTESIAN_POINT('',(8.,-24.,36.3));
#7271 = SURFACE_CURVE('',#7272,(#7276,#7283),.PCURVE_S1.);
#7272 = LINE('',#7273,#7274);
#7273 = CARTESIAN_POINT('',(-30.5,-24.,36.3));
#7274 = VECTOR('',#7275,1.);
#7275 = DIRECTION('',(1.,0.,-0.));
#7276 = PCURVE('',#5817,#7277);
#7277 = DEFINITIONAL_REPRESENTATION('',(#7278),#7282);
#7278 = LINE('',#7279,#7280);
#7279 = CARTESIAN_POINT('',(38.5,31.));
#7280 = VECTOR('',#7281,1.);
#7281 = DIRECTION('',(1.,0.));
#7282 = ( GEOMETRIC_REPRESENTATION_CONTEXT(2) 
PARAMETRIC_REPRESENTATION_CONTEXT() REPRESENTATION_CONTEXT('2D SPACE',''
  ) );
#7283 = PCURVE('',#5955,#7284);
#7284 = DEFINITIONAL_REPRESENTATION('',(#7285),#7289);
#7285 = LINE('',#7286,#7287);
#7286 = CARTESIAN_POINT('',(38.5,-1.));
#7287 = VECTOR('',#7288,1.);
#7288 = DIRECTION('',(-1.,0.));
#7289 = ( GEOMETRIC_REPRESENTATION_CONTEXT(2) 
PARAMETRIC_REPRESENTATION_CONTEXT() REPRESENTATION_CONTEXT('2D SPACE',''
  ) );
#7290 = ORIENTED_EDGE('',*,*,#7291,.T.);
#7291 = EDGE_CURVE('',#7269,#7292,#7294,.T.);
#7292 = VERTEX_POINT('',#7293);
#7293 = CARTESIAN_POINT('',(8.,-55.,36.3));
#7294 = SURFACE_CURVE('',#7295,(#7299,#7306),.PCURVE_S1.);
#7295 = LINE('',#7296,#7297);
#7296 = CARTESIAN_POINT('',(8.,-55.,36.3));
#7297 = VECTOR('',#7298,1.);
#7298 = DIRECTION('',(0.,-1.,0.));
#7299 = PCURVE('',#5817,#7300);
#7300 = DEFINITIONAL_REPRESENTATION('',(#7301),#7305);
#7301 = LINE('',#7302,#7303);
#7302 = CARTESIAN_POINT('',(77.,0.));
#7303 = VECTOR('',#7304,1.);
#7304 = DIRECTION('',(0.,-1.));
#7305 = ( GEOMETRIC_REPRESENTATION_CONTEXT(2) 
PARAMETRIC_REPRESENTATION_CONTEXT() REPRESENTATION_CONTEXT('2D SPACE',''
  ) );
#7306 = PCURVE('',#5983,#7307);
#7307 = DEFINITIONAL_REPRESENTATION('',(#7308),#7312);
#7308 = LINE('',#7309,#7310);
#7309 = CARTESIAN_POINT('',(0.,-1.));
#7310 = VECTOR('',#7311,1.);
#7311 = DIRECTION('',(-1.,0.));
#7312 = ( GEOMETRIC_REPRESENTATION_CONTEXT(2) 
PARAMETRIC_REPRESENTATION_CONTEXT() REPRESENTATION_CONTEXT('2D SPACE',''
  ) );
#7313 = ORIENTED_EDGE('',*,*,#7314,.T.);
#7314 = EDGE_CURVE('',#7292,#7315,#7317,.T.);
#7315 = VERTEX_POINT('',#7316);
#7316 = CARTESIAN_POINT('',(64.,-55.,36.3));
#7317 = SURFACE_CURVE('',#7318,(#7322,#7329),.PCURVE_S1.);
#7318 = LINE('',#7319,#7320);
#7319 = CARTESIAN_POINT('',(-69.,-55.,36.3));
#7320 = VECTOR('',#7321,1.);
#7321 = DIRECTION('',(1.,0.,0.));
#7322 = PCURVE('',#5817,#7323);
#7323 = DEFINITIONAL_REPRESENTATION('',(#7324),#7328);
#7324 = LINE('',#7325,#7326);
#7325 = CARTESIAN_POINT('',(0.,0.));
#7326 = VECTOR('',#7327,1.);
#7327 = DIRECTION('',(1.,0.));
#7328 = ( GEOMETRIC_REPRESENTATION_CONTEXT(2) 
PARAMETRIC_REPRESENTATION_CONTEXT() REPRESENTATION_CONTEXT('2D SPACE',''
  ) );
#7329 = PCURVE('',#6011,#7330);
#7330 = DEFINITIONAL_REPRESENTATION('',(#7331),#7335);
#7331 = LINE('',#7332,#7333);
#7332 = CARTESIAN_POINT('',(0.,0.));
#7333 = VECTOR('',#7334,1.);
#7334 = DIRECTION('',(0.,1.));
#7335 = ( GEOMETRIC_REPRESENTATION_CONTEXT(2) 
PARAMETRIC_REPRESENTATION_CONTEXT() REPRESENTATION_CONTEXT('2D SPACE',''
  ) );
#7336 = ORIENTED_EDGE('',*,*,#7337,.F.);
#7337 = EDGE_CURVE('',#7338,#7315,#7340,.T.);
#7338 = VERTEX_POINT('',#7339);
#7339 = CARTESIAN_POINT('',(69.,-50.,36.3));
#7340 = SURFACE_CURVE('',#7341,(#7346,#7357),.PCURVE_S1.);
#7341 = CIRCLE('',#7342,5.);
#7342 = AXIS2_PLACEMENT_3D('',#7343,#7344,#7345);
#7343 = CARTESIAN_POINT('',(64.,-50.,36.3));
#7344 = DIRECTION('',(-0.,-0.,-1.));
#7345 = DIRECTION('',(0.,-1.,0.));
#7346 = PCURVE('',#5817,#7347);
#7347 = DEFINITIONAL_REPRESENTATION('',(#7348),#7356);
#7348 = ( BOUNDED_CURVE() B_SPLINE_CURVE(2,(#7349,#7350,#7351,#7352,
#7353,#7354,#7355),.UNSPECIFIED.,.T.,.F.) B_SPLINE_CURVE_WITH_KNOTS((1,2
    ,2,2,2,1),(-2.094395102393,0.,2.094395102393,4.188790204786,
6.28318530718,8.377580409573),.UNSPECIFIED.) CURVE() 
GEOMETRIC_REPRESENTATION_ITEM() RATIONAL_B_SPLINE_CURVE((1.,0.5,1.,0.5,
1.,0.5,1.)) REPRESENTATION_ITEM('') );
#7349 = CARTESIAN_POINT('',(133.,0.));
#7350 = CARTESIAN_POINT('',(124.33974596215,0.));
#7351 = CARTESIAN_POINT('',(128.66987298107,7.5));
#7352 = CARTESIAN_POINT('',(133.,15.));
#7353 = CARTESIAN_POINT('',(137.33012701892,7.5));
#7354 = CARTESIAN_POINT('',(141.66025403784,7.993605777301E-15));
#7355 = CARTESIAN_POINT('',(133.,0.));
#7356 = ( GEOMETRIC_REPRESENTATION_CONTEXT(2) 
PARAMETRIC_REPRESENTATION_CONTEXT() REPRESENTATION_CONTEXT('2D SPACE',''
  ) );
#7357 = PCURVE('',#6044,#7358);
#7358 = DEFINITIONAL_REPRESENTATION('',(#7359),#7363);
#7359 = LINE('',#7360,#7361);
#7360 = CARTESIAN_POINT('',(4.712388980385,-0.));
#7361 = VECTOR('',#7362,1.);
#7362 = DIRECTION('',(-1.,0.));
#7363 = ( GEOMETRIC_REPRESENTATION_CONTEXT(2) 
PARAMETRIC_REPRESENTATION_CONTEXT() REPRESENTATION_CONTEXT('2D SPACE',''
  ) );
#7364 = ORIENTED_EDGE('',*,*,#7365,.T.);
#7365 = EDGE_CURVE('',#7338,#7366,#7368,.T.);
#7366 = VERTEX_POINT('',#7367);
#7367 = CARTESIAN_POINT('',(69.,78.,36.3));
#7368 = SURFACE_CURVE('',#7369,(#7373,#7380),.PCURVE_S1.);
#7369 = LINE('',#7370,#7371);
#7370 = CARTESIAN_POINT('',(69.,-55.,36.3));
#7371 = VECTOR('',#7372,1.);
#7372 = DIRECTION('',(0.,1.,0.));
#7373 = PCURVE('',#5817,#7374);
#7374 = DEFINITIONAL_REPRESENTATION('',(#7375),#7379);
#7375 = LINE('',#7376,#7377);
#7376 = CARTESIAN_POINT('',(138.,0.));
#7377 = VECTOR('',#7378,1.);
#7378 = DIRECTION('',(0.,1.));
#7379 = ( GEOMETRIC_REPRESENTATION_CONTEXT(2) 
PARAMETRIC_REPRESENTATION_CONTEXT() REPRESENTATION_CONTEXT('2D SPACE',''
  ) );
#7380 = PCURVE('',#6072,#7381);
#7381 = DEFINITIONAL_REPRESENTATION('',(#7382),#7386);
#7382 = LINE('',#7383,#7384);
#7383 = CARTESIAN_POINT('',(0.,0.));
#7384 = VECTOR('',#7385,1.);
#7385 = DIRECTION('',(0.,-1.));
#7386 = ( GEOMETRIC_REPRESENTATION_CONTEXT(2) 
PARAMETRIC_REPRESENTATION_CONTEXT() REPRESENTATION_CONTEXT('2D SPACE',''
  ) );
#7387 = ORIENTED_EDGE('',*,*,#7388,.T.);
#7388 = EDGE_CURVE('',#7366,#7389,#7391,.T.);
#7389 = VERTEX_POINT('',#7390);
#7390 = CARTESIAN_POINT('',(64.,83.,36.3));
#7391 = SURFACE_CURVE('',#7392,(#7397,#7404),.PCURVE_S1.);
#7392 = CIRCLE('',#7393,5.);
#7393 = AXIS2_PLACEMENT_3D('',#7394,#7395,#7396);
#7394 = CARTESIAN_POINT('',(64.,78.,36.3));
#7395 = DIRECTION('',(0.,0.,1.));
#7396 = DIRECTION('',(0.,-1.,0.));
#7397 = PCURVE('',#5817,#7398);
#7398 = DEFINITIONAL_REPRESENTATION('',(#7399),#7403);
#7399 = CIRCLE('',#7400,5.);
#7400 = AXIS2_PLACEMENT_2D('',#7401,#7402);
#7401 = CARTESIAN_POINT('',(133.,133.));
#7402 = DIRECTION('',(0.,-1.));
#7403 = ( GEOMETRIC_REPRESENTATION_CONTEXT(2) 
PARAMETRIC_REPRESENTATION_CONTEXT() REPRESENTATION_CONTEXT('2D SPACE',''
  ) );
#7404 = PCURVE('',#6101,#7405);
#7405 = DEFINITIONAL_REPRESENTATION('',(#7406),#7410);
#7406 = LINE('',#7407,#7408);
#7407 = CARTESIAN_POINT('',(-1.570796326795,0.));
#7408 = VECTOR('',#7409,1.);
#7409 = DIRECTION('',(1.,0.));
#7410 = ( GEOMETRIC_REPRESENTATION_CONTEXT(2) 
PARAMETRIC_REPRESENTATION_CONTEXT() REPRESENTATION_CONTEXT('2D SPACE',''
  ) );
#7411 = ORIENTED_EDGE('',*,*,#7412,.F.);
#7412 = EDGE_CURVE('',#7167,#7389,#7413,.T.);
#7413 = SURFACE_CURVE('',#7414,(#7418,#7425),.PCURVE_S1.);
#7414 = LINE('',#7415,#7416);
#7415 = CARTESIAN_POINT('',(-69.,83.,36.3));
#7416 = VECTOR('',#7417,1.);
#7417 = DIRECTION('',(1.,0.,0.));
#7418 = PCURVE('',#5817,#7419);
#7419 = DEFINITIONAL_REPRESENTATION('',(#7420),#7424);
#7420 = LINE('',#7421,#7422);
#7421 = CARTESIAN_POINT('',(0.,138.));
#7422 = VECTOR('',#7423,1.);
#7423 = DIRECTION('',(1.,0.));
#7424 = ( GEOMETRIC_REPRESENTATION_CONTEXT(2) 
PARAMETRIC_REPRESENTATION_CONTEXT() REPRESENTATION_CONTEXT('2D SPACE',''
  ) );
#7425 = PCURVE('',#6129,#7426);
#7426 = DEFINITIONAL_REPRESENTATION('',(#7427),#7431);
#7427 = LINE('',#7428,#7429);
#7428 = CARTESIAN_POINT('',(0.,0.));
#7429 = VECTOR('',#7430,1.);
#7430 = DIRECTION('',(0.,1.));
#7431 = ( GEOMETRIC_REPRESENTATION_CONTEXT(2) 
PARAMETRIC_REPRESENTATION_CONTEXT() REPRESENTATION_CONTEXT('2D SPACE',''
  ) );
#7432 = ORIENTED_EDGE('',*,*,#7166,.F.);
#7433 = FACE_BOUND('',#7434,.F.);
#7434 = EDGE_LOOP('',(#7435));
#7435 = ORIENTED_EDGE('',*,*,#7436,.T.);
#7436 = EDGE_CURVE('',#7437,#7437,#7439,.T.);
#7437 = VERTEX_POINT('',#7438);
#7438 = CARTESIAN_POINT('',(-47.7,-36.,36.3));
#7439 = SURFACE_CURVE('',#7440,(#7445,#7456),.PCURVE_S1.);
#7440 = CIRCLE('',#7441,2.3);
#7441 = AXIS2_PLACEMENT_3D('',#7442,#7443,#7444);
#7442 = CARTESIAN_POINT('',(-50.,-36.,36.3));
#7443 = DIRECTION('',(0.,0.,-1.));
#7444 = DIRECTION('',(1.,0.,0.));
#7445 = PCURVE('',#5817,#7446);
#7446 = DEFINITIONAL_REPRESENTATION('',(#7447),#7455);
#7447 = ( BOUNDED_CURVE() B_SPLINE_CURVE(2,(#7448,#7449,#7450,#7451,
#7452,#7453,#7454),.UNSPECIFIED.,.T.,.F.) B_SPLINE_CURVE_WITH_KNOTS((1,2
    ,2,2,2,1),(-2.094395102393,0.,2.094395102393,4.188790204786,
6.28318530718,8.377580409573),.UNSPECIFIED.) CURVE() 
GEOMETRIC_REPRESENTATION_ITEM() RATIONAL_B_SPLINE_CURVE((1.,0.5,1.,0.5,
1.,0.5,1.)) REPRESENTATION_ITEM('') );
#7448 = CARTESIAN_POINT('',(21.3,19.));
#7449 = CARTESIAN_POINT('',(21.3,15.016283142592));
#7450 = CARTESIAN_POINT('',(17.85,17.008141571296));
#7451 = CARTESIAN_POINT('',(14.4,19.));
#7452 = CARTESIAN_POINT('',(17.85,20.991858428704));
#7453 = CARTESIAN_POINT('',(21.3,22.983716857408));
#7454 = CARTESIAN_POINT('',(21.3,19.));
#7455 = ( GEOMETRIC_REPRESENTATION_CONTEXT(2) 
PARAMETRIC_REPRESENTATION_CONTEXT() REPRESENTATION_CONTEXT('2D SPACE',''
  ) );
#7456 = PCURVE('',#7457,#7462);
#7457 = CYLINDRICAL_SURFACE('',#7458,2.3);
#7458 = AXIS2_PLACEMENT_3D('',#7459,#7460,#7461);
#7459 = CARTESIAN_POINT('',(-50.,-36.,35.3));
#7460 = DIRECTION('',(-0.,-0.,-1.));
#7461 = DIRECTION('',(1.,0.,0.));
#7462 = DEFINITIONAL_REPRESENTATION('',(#7463),#7467);
#7463 = LINE('',#7464,#7465);
#7464 = CARTESIAN_POINT('',(-6.28318530718,-1.));
#7465 = VECTOR('',#7466,1.);
#7466 = DIRECTION('',(1.,-0.));
#7467 = ( GEOMETRIC_REPRESENTATION_CONTEXT(2) 
PARAMETRIC_REPRESENTATION_CONTEXT() REPRESENTATION_CONTEXT('2D SPACE',''
  ) );
#7468 = FACE_BOUND('',#7469,.F.);
#7469 = EDGE_LOOP('',(#7470,#7495,#7523,#7546));
#7470 = ORIENTED_EDGE('',*,*,#7471,.T.);
#7471 = EDGE_CURVE('',#7472,#7474,#7476,.T.);
#7472 = VERTEX_POINT('',#7473);
#7473 = CARTESIAN_POINT('',(-33.6,-14.,36.3));
#7474 = VERTEX_POINT('',#7475);
#7475 = CARTESIAN_POINT('',(-33.6,-17.91833347109,36.3));
#7476 = SURFACE_CURVE('',#7477,(#7481,#7488),.PCURVE_S1.);
#7477 = LINE('',#7478,#7479);
#7478 = CARTESIAN_POINT('',(-33.6,-41.5,36.3));
#7479 = VECTOR('',#7480,1.);
#7480 = DIRECTION('',(0.,-1.,0.));
#7481 = PCURVE('',#5817,#7482);
#7482 = DEFINITIONAL_REPRESENTATION('',(#7483),#7487);
#7483 = LINE('',#7484,#7485);
#7484 = CARTESIAN_POINT('',(35.4,13.5));
#7485 = VECTOR('',#7486,1.);
#7486 = DIRECTION('',(0.,-1.));
#7487 = ( GEOMETRIC_REPRESENTATION_CONTEXT(2) 
PARAMETRIC_REPRESENTATION_CONTEXT() REPRESENTATION_CONTEXT('2D SPACE',''
  ) );
#7488 = PCURVE('',#6340,#7489);
#7489 = DEFINITIONAL_REPRESENTATION('',(#7490),#7494);
#7490 = LINE('',#7491,#7492);
#7491 = CARTESIAN_POINT('',(-13.5,-1.));
#7492 = VECTOR('',#7493,1.);
#7493 = DIRECTION('',(-1.,0.));
#7494 = ( GEOMETRIC_REPRESENTATION_CONTEXT(2) 
PARAMETRIC_REPRESENTATION_CONTEXT() REPRESENTATION_CONTEXT('2D SPACE',''
  ) );
#7495 = ORIENTED_EDGE('',*,*,#7496,.T.);
#7496 = EDGE_CURVE('',#7474,#7497,#7499,.T.);
#7497 = VERTEX_POINT('',#7498);
#7498 = CARTESIAN_POINT('',(-42.4,-17.91833347109,36.3));
#7499 = SURFACE_CURVE('',#7500,(#7505,#7516),.PCURVE_S1.);
#7500 = CIRCLE('',#7501,11.);
#7501 = AXIS2_PLACEMENT_3D('',#7502,#7503,#7504);
#7502 = CARTESIAN_POINT('',(-38.,-28.,36.3));
#7503 = DIRECTION('',(0.,0.,-1.));
#7504 = DIRECTION('',(1.,0.,0.));
#7505 = PCURVE('',#5817,#7506);
#7506 = DEFINITIONAL_REPRESENTATION('',(#7507),#7515);
#7507 = ( BOUNDED_CURVE() B_SPLINE_CURVE(2,(#7508,#7509,#7510,#7511,
#7512,#7513,#7514),.UNSPECIFIED.,.T.,.F.) B_SPLINE_CURVE_WITH_KNOTS((1,2
    ,2,2,2,1),(-2.094395102393,0.,2.094395102393,4.188790204786,
6.28318530718,8.377580409573),.UNSPECIFIED.) CURVE() 
GEOMETRIC_REPRESENTATION_ITEM() RATIONAL_B_SPLINE_CURVE((1.,0.5,1.,0.5,
1.,0.5,1.)) REPRESENTATION_ITEM('') );
#7508 = CARTESIAN_POINT('',(42.,27.));
#7509 = CARTESIAN_POINT('',(42.,7.947441116742));
#7510 = CARTESIAN_POINT('',(25.5,17.473720558371));
#7511 = CARTESIAN_POINT('',(9.,27.));
#7512 = CARTESIAN_POINT('',(25.5,36.526279441629));
#7513 = CARTESIAN_POINT('',(42.,46.052558883258));
#7514 = CARTESIAN_POINT('',(42.,27.));
#7515 = ( GEOMETRIC_REPRESENTATION_CONTEXT(2) 
PARAMETRIC_REPRESENTATION_CONTEXT() REPRESENTATION_CONTEXT('2D SPACE',''
  ) );
#7516 = PCURVE('',#6192,#7517);
#7517 = DEFINITIONAL_REPRESENTATION('',(#7518),#7522);
#7518 = LINE('',#7519,#7520);
#7519 = CARTESIAN_POINT('',(-12.56637061435,-1.));
#7520 = VECTOR('',#7521,1.);
#7521 = DIRECTION('',(1.,-0.));
#7522 = ( GEOMETRIC_REPRESENTATION_CONTEXT(2) 
PARAMETRIC_REPRESENTATION_CONTEXT() REPRESENTATION_CONTEXT('2D SPACE',''
  ) );
#7523 = ORIENTED_EDGE('',*,*,#7524,.T.);
#7524 = EDGE_CURVE('',#7497,#7525,#7527,.T.);
#7525 = VERTEX_POINT('',#7526);
#7526 = CARTESIAN_POINT('',(-42.4,-14.,36.3));
#7527 = SURFACE_CURVE('',#7528,(#7532,#7539),.PCURVE_S1.);
#7528 = LINE('',#7529,#7530);
#7529 = CARTESIAN_POINT('',(-42.4,-34.5,36.3));
#7530 = VECTOR('',#7531,1.);
#7531 = DIRECTION('',(-0.,1.,0.));
#7532 = PCURVE('',#5817,#7533);
#7533 = DEFINITIONAL_REPRESENTATION('',(#7534),#7538);
#7534 = LINE('',#7535,#7536);
#7535 = CARTESIAN_POINT('',(26.6,20.5));
#7536 = VECTOR('',#7537,1.);
#7537 = DIRECTION('',(0.,1.));
#7538 = ( GEOMETRIC_REPRESENTATION_CONTEXT(2) 
PARAMETRIC_REPRESENTATION_CONTEXT() REPRESENTATION_CONTEXT('2D SPACE',''
  ) );
#7539 = PCURVE('',#6281,#7540);
#7540 = DEFINITIONAL_REPRESENTATION('',(#7541),#7545);
#7541 = LINE('',#7542,#7543);
#7542 = CARTESIAN_POINT('',(20.5,-1.));
#7543 = VECTOR('',#7544,1.);
#7544 = DIRECTION('',(-1.,-0.));
#7545 = ( GEOMETRIC_REPRESENTATION_CONTEXT(2) 
PARAMETRIC_REPRESENTATION_CONTEXT() REPRESENTATION_CONTEXT('2D SPACE',''
  ) );
#7546 = ORIENTED_EDGE('',*,*,#7547,.T.);
#7547 = EDGE_CURVE('',#7525,#7472,#7548,.T.);
#7548 = SURFACE_CURVE('',#7549,(#7554,#7565),.PCURVE_S1.);
#7549 = CIRCLE('',#7550,4.4);
#7550 = AXIS2_PLACEMENT_3D('',#7551,#7552,#7553);
#7551 = CARTESIAN_POINT('',(-38.,-14.,36.3));
#7552 = DIRECTION('',(0.,0.,-1.));
#7553 = DIRECTION('',(1.,0.,0.));
#7554 = PCURVE('',#5817,#7555);
#7555 = DEFINITIONAL_REPRESENTATION('',(#7556),#7564);
#7556 = ( BOUNDED_CURVE() B_SPLINE_CURVE(2,(#7557,#7558,#7559,#7560,
#7561,#7562,#7563),.UNSPECIFIED.,.T.,.F.) B_SPLINE_CURVE_WITH_KNOTS((1,2
    ,2,2,2,1),(-2.094395102393,0.,2.094395102393,4.188790204786,
6.28318530718,8.377580409573),.UNSPECIFIED.) CURVE() 
GEOMETRIC_REPRESENTATION_ITEM() RATIONAL_B_SPLINE_CURVE((1.,0.5,1.,0.5,
1.,0.5,1.)) REPRESENTATION_ITEM('') );
#7557 = CARTESIAN_POINT('',(35.4,41.));
#7558 = CARTESIAN_POINT('',(35.4,33.378976446697));
#7559 = CARTESIAN_POINT('',(28.8,37.189488223348));
#7560 = CARTESIAN_POINT('',(22.2,41.));
#7561 = CARTESIAN_POINT('',(28.8,44.810511776652));
#7562 = CARTESIAN_POINT('',(35.4,48.621023553303));
#7563 = CARTESIAN_POINT('',(35.4,41.));
#7564 = ( GEOMETRIC_REPRESENTATION_CONTEXT(2) 
PARAMETRIC_REPRESENTATION_CONTEXT() REPRESENTATION_CONTEXT('2D SPACE',''
  ) );
#7565 = PCURVE('',#6314,#7566);
#7566 = DEFINITIONAL_REPRESENTATION('',(#7567),#7571);
#7567 = LINE('',#7568,#7569);
#7568 = CARTESIAN_POINT('',(-6.28318530718,-1.));
#7569 = VECTOR('',#7570,1.);
#7570 = DIRECTION('',(1.,-0.));
#7571 = ( GEOMETRIC_REPRESENTATION_CONTEXT(2) 
PARAMETRIC_REPRESENTATION_CONTEXT() REPRESENTATION_CONTEXT('2D SPACE',''
  ) );
#7572 = FACE_BOUND('',#7573,.F.);
#7573 = EDGE_LOOP('',(#7574,#7604,#7632,#7660));
#7574 = ORIENTED_EDGE('',*,*,#7575,.F.);
#7575 = EDGE_CURVE('',#7576,#7578,#7580,.T.);
#7576 = VERTEX_POINT('',#7577);
#7577 = CARTESIAN_POINT('',(17.8,-44.2,36.3));
#7578 = VERTEX_POINT('',#7579);
#7579 = CARTESIAN_POINT('',(26.2,-44.2,36.3));
#7580 = SURFACE_CURVE('',#7581,(#7585,#7592),.PCURVE_S1.);
#7581 = LINE('',#7582,#7583);
#7582 = CARTESIAN_POINT('',(17.8,-44.2,36.3));
#7583 = VECTOR('',#7584,1.);
#7584 = DIRECTION('',(1.,0.,0.));
#7585 = PCURVE('',#5817,#7586);
#7586 = DEFINITIONAL_REPRESENTATION('',(#7587),#7591);
#7587 = LINE('',#7588,#7589);
#7588 = CARTESIAN_POINT('',(86.8,10.8));
#7589 = VECTOR('',#7590,1.);
#7590 = DIRECTION('',(1.,0.));
#7591 = ( GEOMETRIC_REPRESENTATION_CONTEXT(2) 
PARAMETRIC_REPRESENTATION_CONTEXT() REPRESENTATION_CONTEXT('2D SPACE',''
  ) );
#7592 = PCURVE('',#7593,#7598);
#7593 = PLANE('',#7594);
#7594 = AXIS2_PLACEMENT_3D('',#7595,#7596,#7597);
#7595 = CARTESIAN_POINT('',(17.8,-44.2,36.3));
#7596 = DIRECTION('',(0.,1.,0.));
#7597 = DIRECTION('',(1.,0.,0.));
#7598 = DEFINITIONAL_REPRESENTATION('',(#7599),#7603);
#7599 = LINE('',#7600,#7601);
#7600 = CARTESIAN_POINT('',(0.,0.));
#7601 = VECTOR('',#7602,1.);
#7602 = DIRECTION('',(1.,0.));
#7603 = ( GEOMETRIC_REPRESENTATION_CONTEXT(2) 
PARAMETRIC_REPRESENTATION_CONTEXT() REPRESENTATION_CONTEXT('2D SPACE',''
  ) );
#7604 = ORIENTED_EDGE('',*,*,#7605,.F.);
#7605 = EDGE_CURVE('',#7606,#7576,#7608,.T.);
#7606 = VERTEX_POINT('',#7607);
#7607 = CARTESIAN_POINT('',(17.8,-39.8,36.3));
#7608 = SURFACE_CURVE('',#7609,(#7613,#7620),.PCURVE_S1.);
#7609 = LINE('',#7610,#7611);
#7610 = CARTESIAN_POINT('',(17.8,-39.8,36.3));
#7611 = VECTOR('',#7612,1.);
#7612 = DIRECTION('',(0.,-1.,0.));
#7613 = PCURVE('',#5817,#7614);
#7614 = DEFINITIONAL_REPRESENTATION('',(#7615),#7619);
#7615 = LINE('',#7616,#7617);
#7616 = CARTESIAN_POINT('',(86.8,15.2));
#7617 = VECTOR('',#7618,1.);
#7618 = DIRECTION('',(0.,-1.));
#7619 = ( GEOMETRIC_REPRESENTATION_CONTEXT(2) 
PARAMETRIC_REPRESENTATION_CONTEXT() REPRESENTATION_CONTEXT('2D SPACE',''
  ) );
#7620 = PCURVE('',#7621,#7626);
#7621 = PLANE('',#7622);
#7622 = AXIS2_PLACEMENT_3D('',#7623,#7624,#7625);
#7623 = CARTESIAN_POINT('',(17.8,-39.8,36.3));
#7624 = DIRECTION('',(1.,0.,-0.));
#7625 = DIRECTION('',(0.,-1.,0.));
#7626 = DEFINITIONAL_REPRESENTATION('',(#7627),#7631);
#7627 = LINE('',#7628,#7629);
#7628 = CARTESIAN_POINT('',(0.,0.));
#7629 = VECTOR('',#7630,1.);
#7630 = DIRECTION('',(1.,0.));
#7631 = ( GEOMETRIC_REPRESENTATION_CONTEXT(2) 
PARAMETRIC_REPRESENTATION_CONTEXT() REPRESENTATION_CONTEXT('2D SPACE',''
  ) );
#7632 = ORIENTED_EDGE('',*,*,#7633,.F.);
#7633 = EDGE_CURVE('',#7634,#7606,#7636,.T.);
#7634 = VERTEX_POINT('',#7635);
#7635 = CARTESIAN_POINT('',(26.2,-39.8,36.3));
#7636 = SURFACE_CURVE('',#7637,(#7641,#7648),.PCURVE_S1.);
#7637 = LINE('',#7638,#7639);
#7638 = CARTESIAN_POINT('',(26.2,-39.8,36.3));
#7639 = VECTOR('',#7640,1.);
#7640 = DIRECTION('',(-1.,0.,0.));
#7641 = PCURVE('',#5817,#7642);
#7642 = DEFINITIONAL_REPRESENTATION('',(#7643),#7647);
#7643 = LINE('',#7644,#7645);
#7644 = CARTESIAN_POINT('',(95.2,15.2));
#7645 = VECTOR('',#7646,1.);
#7646 = DIRECTION('',(-1.,0.));
#7647 = ( GEOMETRIC_REPRESENTATION_CONTEXT(2) 
PARAMETRIC_REPRESENTATION_CONTEXT() REPRESENTATION_CONTEXT('2D SPACE',''
  ) );
#7648 = PCURVE('',#7649,#7654);
#7649 = PLANE('',#7650);
#7650 = AXIS2_PLACEMENT_3D('',#7651,#7652,#7653);
#7651 = CARTESIAN_POINT('',(26.2,-39.8,36.3));
#7652 = DIRECTION('',(0.,-1.,0.));
#7653 = DIRECTION('',(-1.,0.,0.));
#7654 = DEFINITIONAL_REPRESENTATION('',(#7655),#7659);
#7655 = LINE('',#7656,#7657);
#7656 = CARTESIAN_POINT('',(0.,-0.));
#7657 = VECTOR('',#7658,1.);
#7658 = DIRECTION('',(1.,0.));
#7659 = ( GEOMETRIC_REPRESENTATION_CONTEXT(2) 
PARAMETRIC_REPRESENTATION_CONTEXT() REPRESENTATION_CONTEXT('2D SPACE',''
  ) );
#7660 = ORIENTED_EDGE('',*,*,#7661,.F.);
#7661 = EDGE_CURVE('',#7578,#7634,#7662,.T.);
#7662 = SURFACE_CURVE('',#7663,(#7667,#7674),.PCURVE_S1.);
#7663 = LINE('',#7664,#7665);
#7664 = CARTESIAN_POINT('',(26.2,-44.2,36.3));
#7665 = VECTOR('',#7666,1.);
#7666 = DIRECTION('',(0.,1.,0.));
#7667 = PCURVE('',#5817,#7668);
#7668 = DEFINITIONAL_REPRESENTATION('',(#7669),#7673);
#7669 = LINE('',#7670,#7671);
#7670 = CARTESIAN_POINT('',(95.2,10.8));
#7671 = VECTOR('',#7672,1.);
#7672 = DIRECTION('',(0.,1.));
#7673 = ( GEOMETRIC_REPRESENTATION_CONTEXT(2) 
PARAMETRIC_REPRESENTATION_CONTEXT() REPRESENTATION_CONTEXT('2D SPACE',''
  ) );
#7674 = PCURVE('',#7675,#7680);
#7675 = PLANE('',#7676);
#7676 = AXIS2_PLACEMENT_3D('',#7677,#7678,#7679);
#7677 = CARTESIAN_POINT('',(26.2,-44.2,36.3));
#7678 = DIRECTION('',(-1.,0.,0.));
#7679 = DIRECTION('',(0.,1.,0.));
#7680 = DEFINITIONAL_REPRESENTATION('',(#7681),#7685);
#7681 = LINE('',#7682,#7683);
#7682 = CARTESIAN_POINT('',(0.,0.));
#7683 = VECTOR('',#7684,1.);
#7684 = DIRECTION('',(1.,0.));
#7685 = ( GEOMETRIC_REPRESENTATION_CONTEXT(2) 
PARAMETRIC_REPRESENTATION_CONTEXT() REPRESENTATION_CONTEXT('2D SPACE',''
  ) );
#7686 = FACE_BOUND('',#7687,.F.);
#7687 = EDGE_LOOP('',(#7688));
#7688 = ORIENTED_EDGE('',*,*,#7689,.T.);
#7689 = EDGE_CURVE('',#7690,#7690,#7692,.T.);
#7690 = VERTEX_POINT('',#7691);
#7691 = CARTESIAN_POINT('',(52.3,-36.,36.3));
#7692 = SURFACE_CURVE('',#7693,(#7698,#7709),.PCURVE_S1.);
#7693 = CIRCLE('',#7694,2.3);
#7694 = AXIS2_PLACEMENT_3D('',#7695,#7696,#7697);
#7695 = CARTESIAN_POINT('',(50.,-36.,36.3));
#7696 = DIRECTION('',(0.,0.,-1.));
#7697 = DIRECTION('',(1.,0.,0.));
#7698 = PCURVE('',#5817,#7699);
#7699 = DEFINITIONAL_REPRESENTATION('',(#7700),#7708);
#7700 = ( BOUNDED_CURVE() B_SPLINE_CURVE(2,(#7701,#7702,#7703,#7704,
#7705,#7706,#7707),.UNSPECIFIED.,.T.,.F.) B_SPLINE_CURVE_WITH_KNOTS((1,2
    ,2,2,2,1),(-2.094395102393,0.,2.094395102393,4.188790204786,
6.28318530718,8.377580409573),.UNSPECIFIED.) CURVE() 
GEOMETRIC_REPRESENTATION_ITEM() RATIONAL_B_SPLINE_CURVE((1.,0.5,1.,0.5,
1.,0.5,1.)) REPRESENTATION_ITEM('') );
#7701 = CARTESIAN_POINT('',(121.3,19.));
#7702 = CARTESIAN_POINT('',(121.3,15.016283142592));
#7703 = CARTESIAN_POINT('',(117.85,17.008141571296));
#7704 = CARTESIAN_POINT('',(114.4,19.));
#7705 = CARTESIAN_POINT('',(117.85,20.991858428704));
#7706 = CARTESIAN_POINT('',(121.3,22.983716857408));
#7707 = CARTESIAN_POINT('',(121.3,19.));
#7708 = ( GEOMETRIC_REPRESENTATION_CONTEXT(2) 
PARAMETRIC_REPRESENTATION_CONTEXT() REPRESENTATION_CONTEXT('2D SPACE',''
  ) );
#7709 = PCURVE('',#7710,#7715);
#7710 = CYLINDRICAL_SURFACE('',#7711,2.3);
#7711 = AXIS2_PLACEMENT_3D('',#7712,#7713,#7714);
#7712 = CARTESIAN_POINT('',(50.,-36.,35.3));
#7713 = DIRECTION('',(-0.,-0.,-1.));
#7714 = DIRECTION('',(1.,0.,0.));
#7715 = DEFINITIONAL_REPRESENTATION('',(#7716),#7720);
#7716 = LINE('',#7717,#7718);
#7717 = CARTESIAN_POINT('',(-6.28318530718,-1.));
#7718 = VECTOR('',#7719,1.);
#7719 = DIRECTION('',(1.,-0.));
#7720 = ( GEOMETRIC_REPRESENTATION_CONTEXT(2) 
PARAMETRIC_REPRESENTATION_CONTEXT() REPRESENTATION_CONTEXT('2D SPACE',''
  ) );
#7721 = FACE_BOUND('',#7722,.F.);
#7722 = EDGE_LOOP('',(#7723,#7748,#7776,#7799));
#7723 = ORIENTED_EDGE('',*,*,#7724,.T.);
#7724 = EDGE_CURVE('',#7725,#7727,#7729,.T.);
#7725 = VERTEX_POINT('',#7726);
#7726 = CARTESIAN_POINT('',(42.4,-14.,36.3));
#7727 = VERTEX_POINT('',#7728);
#7728 = CARTESIAN_POINT('',(42.4,-17.91833347109,36.3));
#7729 = SURFACE_CURVE('',#7730,(#7734,#7741),.PCURVE_S1.);
#7730 = LINE('',#7731,#7732);
#7731 = CARTESIAN_POINT('',(42.4,-41.5,36.3));
#7732 = VECTOR('',#7733,1.);
#7733 = DIRECTION('',(0.,-1.,0.));
#7734 = PCURVE('',#5817,#7735);
#7735 = DEFINITIONAL_REPRESENTATION('',(#7736),#7740);
#7736 = LINE('',#7737,#7738);
#7737 = CARTESIAN_POINT('',(111.4,13.5));
#7738 = VECTOR('',#7739,1.);
#7739 = DIRECTION('',(0.,-1.));
#7740 = ( GEOMETRIC_REPRESENTATION_CONTEXT(2) 
PARAMETRIC_REPRESENTATION_CONTEXT() REPRESENTATION_CONTEXT('2D SPACE',''
  ) );
#7741 = PCURVE('',#6527,#7742);
#7742 = DEFINITIONAL_REPRESENTATION('',(#7743),#7747);
#7743 = LINE('',#7744,#7745);
#7744 = CARTESIAN_POINT('',(-13.5,-1.));
#7745 = VECTOR('',#7746,1.);
#7746 = DIRECTION('',(-1.,0.));
#7747 = ( GEOMETRIC_REPRESENTATION_CONTEXT(2) 
PARAMETRIC_REPRESENTATION_CONTEXT() REPRESENTATION_CONTEXT('2D SPACE',''
  ) );
#7748 = ORIENTED_EDGE('',*,*,#7749,.T.);
#7749 = EDGE_CURVE('',#7727,#7750,#7752,.T.);
#7750 = VERTEX_POINT('',#7751);
#7751 = CARTESIAN_POINT('',(33.6,-17.91833347109,36.3));
#7752 = SURFACE_CURVE('',#7753,(#7758,#7769),.PCURVE_S1.);
#7753 = CIRCLE('',#7754,11.);
#7754 = AXIS2_PLACEMENT_3D('',#7755,#7756,#7757);
#7755 = CARTESIAN_POINT('',(38.,-28.,36.3));
#7756 = DIRECTION('',(0.,0.,-1.));
#7757 = DIRECTION('',(1.,0.,0.));
#7758 = PCURVE('',#5817,#7759);
#7759 = DEFINITIONAL_REPRESENTATION('',(#7760),#7768);
#7760 = ( BOUNDED_CURVE() B_SPLINE_CURVE(2,(#7761,#7762,#7763,#7764,
#7765,#7766,#7767),.UNSPECIFIED.,.T.,.F.) B_SPLINE_CURVE_WITH_KNOTS((1,2
    ,2,2,2,1),(-2.094395102393,0.,2.094395102393,4.188790204786,
6.28318530718,8.377580409573),.UNSPECIFIED.) CURVE() 
GEOMETRIC_REPRESENTATION_ITEM() RATIONAL_B_SPLINE_CURVE((1.,0.5,1.,0.5,
1.,0.5,1.)) REPRESENTATION_ITEM('') );
#7761 = CARTESIAN_POINT('',(118.,27.));
#7762 = CARTESIAN_POINT('',(118.,7.947441116742));
#7763 = CARTESIAN_POINT('',(101.5,17.473720558371));
#7764 = CARTESIAN_POINT('',(85.,27.));
#7765 = CARTESIAN_POINT('',(101.5,36.526279441629));
#7766 = CARTESIAN_POINT('',(118.,46.052558883258));
#7767 = CARTESIAN_POINT('',(118.,27.));
#7768 = ( GEOMETRIC_REPRESENTATION_CONTEXT(2) 
PARAMETRIC_REPRESENTATION_CONTEXT() REPRESENTATION_CONTEXT('2D SPACE',''
  ) );
#7769 = PCURVE('',#6438,#7770);
#7770 = DEFINITIONAL_REPRESENTATION('',(#7771),#7775);
#7771 = LINE('',#7772,#7773);
#7772 = CARTESIAN_POINT('',(-12.56637061435,-1.));
#7773 = VECTOR('',#7774,1.);
#7774 = DIRECTION('',(1.,-0.));
#7775 = ( GEOMETRIC_REPRESENTATION_CONTEXT(2) 
PARAMETRIC_REPRESENTATION_CONTEXT() REPRESENTATION_CONTEXT('2D SPACE',''
  ) );
#7776 = ORIENTED_EDGE('',*,*,#7777,.T.);
#7777 = EDGE_CURVE('',#7750,#7778,#7780,.T.);
#7778 = VERTEX_POINT('',#7779);
#7779 = CARTESIAN_POINT('',(33.6,-14.,36.3));
#7780 = SURFACE_CURVE('',#7781,(#7785,#7792),.PCURVE_S1.);
#7781 = LINE('',#7782,#7783);
#7782 = CARTESIAN_POINT('',(33.6,-34.5,36.3));
#7783 = VECTOR('',#7784,1.);
#7784 = DIRECTION('',(-0.,1.,0.));
#7785 = PCURVE('',#5817,#7786);
#7786 = DEFINITIONAL_REPRESENTATION('',(#7787),#7791);
#7787 = LINE('',#7788,#7789);
#7788 = CARTESIAN_POINT('',(102.6,20.5));
#7789 = VECTOR('',#7790,1.);
#7790 = DIRECTION('',(0.,1.));
#7791 = ( GEOMETRIC_REPRESENTATION_CONTEXT(2) 
PARAMETRIC_REPRESENTATION_CONTEXT() REPRESENTATION_CONTEXT('2D SPACE',''
  ) );
#7792 = PCURVE('',#6466,#7793);
#7793 = DEFINITIONAL_REPRESENTATION('',(#7794),#7798);
#7794 = LINE('',#7795,#7796);
#7795 = CARTESIAN_POINT('',(20.5,-1.));
#7796 = VECTOR('',#7797,1.);
#7797 = DIRECTION('',(-1.,-0.));
#7798 = ( GEOMETRIC_REPRESENTATION_CONTEXT(2) 
PARAMETRIC_REPRESENTATION_CONTEXT() REPRESENTATION_CONTEXT('2D SPACE',''
  ) );
#7799 = ORIENTED_EDGE('',*,*,#7800,.T.);
#7800 = EDGE_CURVE('',#7778,#7725,#7801,.T.);
#7801 = SURFACE_CURVE('',#7802,(#7807,#7818),.PCURVE_S1.);
#7802 = CIRCLE('',#7803,4.4);
#7803 = AXIS2_PLACEMENT_3D('',#7804,#7805,#7806);
#7804 = CARTESIAN_POINT('',(38.,-14.,36.3));
#7805 = DIRECTION('',(0.,0.,-1.));
#7806 = DIRECTION('',(1.,0.,0.));
#7807 = PCURVE('',#5817,#7808);
#7808 = DEFINITIONAL_REPRESENTATION('',(#7809),#7817);
#7809 = ( BOUNDED_CURVE() B_SPLINE_CURVE(2,(#7810,#7811,#7812,#7813,
#7814,#7815,#7816),.UNSPECIFIED.,.T.,.F.) B_SPLINE_CURVE_WITH_KNOTS((1,2
    ,2,2,2,1),(-2.094395102393,0.,2.094395102393,4.188790204786,
6.28318530718,8.377580409573),.UNSPECIFIED.) CURVE() 
GEOMETRIC_REPRESENTATION_ITEM() RATIONAL_B_SPLINE_CURVE((1.,0.5,1.,0.5,
1.,0.5,1.)) REPRESENTATION_ITEM('') );
#7810 = CARTESIAN_POINT('',(111.4,41.));
#7811 = CARTESIAN_POINT('',(111.4,33.378976446697));
#7812 = CARTESIAN_POINT('',(104.8,37.189488223348));
#7813 = CARTESIAN_POINT('',(98.2,41.));
#7814 = CARTESIAN_POINT('',(104.8,44.810511776652));
#7815 = CARTESIAN_POINT('',(111.4,48.621023553303));
#7816 = CARTESIAN_POINT('',(111.4,41.));
#7817 = ( GEOMETRIC_REPRESENTATION_CONTEXT(2) 
PARAMETRIC_REPRESENTATION_CONTEXT() REPRESENTATION_CONTEXT('2D SPACE',''
  ) );
#7818 = PCURVE('',#6499,#7819);
#7819 = DEFINITIONAL_REPRESENTATION('',(#7820),#7824);
#7820 = LINE('',#7821,#7822);
#7821 = CARTESIAN_POINT('',(-6.28318530718,-1.));
#7822 = VECTOR('',#7823,1.);
#7823 = DIRECTION('',(1.,-0.));
#7824 = ( GEOMETRIC_REPRESENTATION_CONTEXT(2) 
PARAMETRIC_REPRESENTATION_CONTEXT() REPRESENTATION_CONTEXT('2D SPACE',''
  ) );
#7825 = FACE_BOUND('',#7826,.F.);
#7826 = EDGE_LOOP('',(#7827,#7852,#7880,#7903));
#7827 = ORIENTED_EDGE('',*,*,#7828,.T.);
#7828 = EDGE_CURVE('',#7829,#7831,#7833,.T.);
#7829 = VERTEX_POINT('',#7830);
#7830 = CARTESIAN_POINT('',(-33.6,42.,36.3));
#7831 = VERTEX_POINT('',#7832);
#7832 = CARTESIAN_POINT('',(-33.6,38.081666528903,36.3));
#7833 = SURFACE_CURVE('',#7834,(#7838,#7845),.PCURVE_S1.);
#7834 = LINE('',#7835,#7836);
#7835 = CARTESIAN_POINT('',(-33.6,-13.5,36.3));
#7836 = VECTOR('',#7837,1.);
#7837 = DIRECTION('',(0.,-1.,0.));
#7838 = PCURVE('',#5817,#7839);
#7839 = DEFINITIONAL_REPRESENTATION('',(#7840),#7844);
#7840 = LINE('',#7841,#7842);
#7841 = CARTESIAN_POINT('',(35.4,41.5));
#7842 = VECTOR('',#7843,1.);
#7843 = DIRECTION('',(0.,-1.));
#7844 = ( GEOMETRIC_REPRESENTATION_CONTEXT(2) 
PARAMETRIC_REPRESENTATION_CONTEXT() REPRESENTATION_CONTEXT('2D SPACE',''
  ) );
#7845 = PCURVE('',#6585,#7846);
#7846 = DEFINITIONAL_REPRESENTATION('',(#7847),#7851);
#7847 = LINE('',#7848,#7849);
#7848 = CARTESIAN_POINT('',(-41.5,-1.));
#7849 = VECTOR('',#7850,1.);
#7850 = DIRECTION('',(-1.,0.));
#7851 = ( GEOMETRIC_REPRESENTATION_CONTEXT(2) 
PARAMETRIC_REPRESENTATION_CONTEXT() REPRESENTATION_CONTEXT('2D SPACE',''
  ) );
#7852 = ORIENTED_EDGE('',*,*,#7853,.T.);
#7853 = EDGE_CURVE('',#7831,#7854,#7856,.T.);
#7854 = VERTEX_POINT('',#7855);
#7855 = CARTESIAN_POINT('',(-42.4,38.081666528903,36.3));
#7856 = SURFACE_CURVE('',#7857,(#7862,#7873),.PCURVE_S1.);
#7857 = CIRCLE('',#7858,11.);
#7858 = AXIS2_PLACEMENT_3D('',#7859,#7860,#7861);
#7859 = CARTESIAN_POINT('',(-38.,28.,36.3));
#7860 = DIRECTION('',(0.,0.,-1.));
#7861 = DIRECTION('',(1.,0.,0.));
#7862 = PCURVE('',#5817,#7863);
#7863 = DEFINITIONAL_REPRESENTATION('',(#7864),#7872);
#7864 = ( BOUNDED_CURVE() B_SPLINE_CURVE(2,(#7865,#7866,#7867,#7868,
#7869,#7870,#7871),.UNSPECIFIED.,.T.,.F.) B_SPLINE_CURVE_WITH_KNOTS((1,2
    ,2,2,2,1),(-2.094395102393,0.,2.094395102393,4.188790204786,
6.28318530718,8.377580409573),.UNSPECIFIED.) CURVE() 
GEOMETRIC_REPRESENTATION_ITEM() RATIONAL_B_SPLINE_CURVE((1.,0.5,1.,0.5,
1.,0.5,1.)) REPRESENTATION_ITEM('') );
#7865 = CARTESIAN_POINT('',(42.,83.));
#7866 = CARTESIAN_POINT('',(42.,63.947441116742));
#7867 = CARTESIAN_POINT('',(25.5,73.473720558371));
#7868 = CARTESIAN_POINT('',(9.,83.));
#7869 = CARTESIAN_POINT('',(25.5,92.526279441629));
#7870 = CARTESIAN_POINT('',(42.,102.05255888325));
#7871 = CARTESIAN_POINT('',(42.,83.));
#7872 = ( GEOMETRIC_REPRESENTATION_CONTEXT(2) 
PARAMETRIC_REPRESENTATION_CONTEXT() REPRESENTATION_CONTEXT('2D SPACE',''
  ) );
#7873 = PCURVE('',#6618,#7874);
#7874 = DEFINITIONAL_REPRESENTATION('',(#7875),#7879);
#7875 = LINE('',#7876,#7877);
#7876 = CARTESIAN_POINT('',(-12.56637061435,-1.));
#7877 = VECTOR('',#7878,1.);
#7878 = DIRECTION('',(1.,-0.));
#7879 = ( GEOMETRIC_REPRESENTATION_CONTEXT(2) 
PARAMETRIC_REPRESENTATION_CONTEXT() REPRESENTATION_CONTEXT('2D SPACE',''
  ) );
#7880 = ORIENTED_EDGE('',*,*,#7881,.T.);
#7881 = EDGE_CURVE('',#7854,#7882,#7884,.T.);
#7882 = VERTEX_POINT('',#7883);
#7883 = CARTESIAN_POINT('',(-42.4,42.,36.3));
#7884 = SURFACE_CURVE('',#7885,(#7889,#7896),.PCURVE_S1.);
#7885 = LINE('',#7886,#7887);
#7886 = CARTESIAN_POINT('',(-42.4,-6.5,36.3));
#7887 = VECTOR('',#7888,1.);
#7888 = DIRECTION('',(-0.,1.,0.));
#7889 = PCURVE('',#5817,#7890);
#7890 = DEFINITIONAL_REPRESENTATION('',(#7891),#7895);
#7891 = LINE('',#7892,#7893);
#7892 = CARTESIAN_POINT('',(26.6,48.5));
#7893 = VECTOR('',#7894,1.);
#7894 = DIRECTION('',(0.,1.));
#7895 = ( GEOMETRIC_REPRESENTATION_CONTEXT(2) 
PARAMETRIC_REPRESENTATION_CONTEXT() REPRESENTATION_CONTEXT('2D SPACE',''
  ) );
#7896 = PCURVE('',#6646,#7897);
#7897 = DEFINITIONAL_REPRESENTATION('',(#7898),#7902);
#7898 = LINE('',#7899,#7900);
#7899 = CARTESIAN_POINT('',(48.5,-1.));
#7900 = VECTOR('',#7901,1.);
#7901 = DIRECTION('',(-1.,-0.));
#7902 = ( GEOMETRIC_REPRESENTATION_CONTEXT(2) 
PARAMETRIC_REPRESENTATION_CONTEXT() REPRESENTATION_CONTEXT('2D SPACE',''
  ) );
#7903 = ORIENTED_EDGE('',*,*,#7904,.T.);
#7904 = EDGE_CURVE('',#7882,#7829,#7905,.T.);
#7905 = SURFACE_CURVE('',#7906,(#7911,#7922),.PCURVE_S1.);
#7906 = CIRCLE('',#7907,4.4);
#7907 = AXIS2_PLACEMENT_3D('',#7908,#7909,#7910);
#7908 = CARTESIAN_POINT('',(-38.,42.,36.3));
#7909 = DIRECTION('',(0.,0.,-1.));
#7910 = DIRECTION('',(1.,0.,0.));
#7911 = PCURVE('',#5817,#7912);
#7912 = DEFINITIONAL_REPRESENTATION('',(#7913),#7921);
#7913 = ( BOUNDED_CURVE() B_SPLINE_CURVE(2,(#7914,#7915,#7916,#7917,
#7918,#7919,#7920),.UNSPECIFIED.,.T.,.F.) B_SPLINE_CURVE_WITH_KNOTS((1,2
    ,2,2,2,1),(-2.094395102393,0.,2.094395102393,4.188790204786,
6.28318530718,8.377580409573),.UNSPECIFIED.) CURVE() 
GEOMETRIC_REPRESENTATION_ITEM() RATIONAL_B_SPLINE_CURVE((1.,0.5,1.,0.5,
1.,0.5,1.)) REPRESENTATION_ITEM('') );
#7914 = CARTESIAN_POINT('',(35.4,97.));
#7915 = CARTESIAN_POINT('',(35.4,89.378976446697));
#7916 = CARTESIAN_POINT('',(28.8,93.189488223348));
#7917 = CARTESIAN_POINT('',(22.2,97.));
#7918 = CARTESIAN_POINT('',(28.8,100.81051177665));
#7919 = CARTESIAN_POINT('',(35.4,104.6210235533));
#7920 = CARTESIAN_POINT('',(35.4,97.));
#7921 = ( GEOMETRIC_REPRESENTATION_CONTEXT(2) 
PARAMETRIC_REPRESENTATION_CONTEXT() REPRESENTATION_CONTEXT('2D SPACE',''
  ) );
#7922 = PCURVE('',#6677,#7923);
#7923 = DEFINITIONAL_REPRESENTATION('',(#7924),#7928);
#7924 = LINE('',#7925,#7926);
#7925 = CARTESIAN_POINT('',(-6.28318530718,-1.));
#7926 = VECTOR('',#7927,1.);
#7927 = DIRECTION('',(1.,-0.));
#7928 = ( GEOMETRIC_REPRESENTATION_CONTEXT(2) 
PARAMETRIC_REPRESENTATION_CONTEXT() REPRESENTATION_CONTEXT('2D SPACE',''
  ) );
#7929 = FACE_BOUND('',#7930,.F.);
#7930 = EDGE_LOOP('',(#7931));
#7931 = ORIENTED_EDGE('',*,*,#7932,.T.);
#7932 = EDGE_CURVE('',#7933,#7933,#7935,.T.);
#7933 = VERTEX_POINT('',#7934);
#7934 = CARTESIAN_POINT('',(-47.7,64.,36.3));
#7935 = SURFACE_CURVE('',#7936,(#7941,#7952),.PCURVE_S1.);
#7936 = CIRCLE('',#7937,2.3);
#7937 = AXIS2_PLACEMENT_3D('',#7938,#7939,#7940);
#7938 = CARTESIAN_POINT('',(-50.,64.,36.3));
#7939 = DIRECTION('',(0.,0.,-1.));
#7940 = DIRECTION('',(1.,0.,0.));
#7941 = PCURVE('',#5817,#7942);
#7942 = DEFINITIONAL_REPRESENTATION('',(#7943),#7951);
#7943 = ( BOUNDED_CURVE() B_SPLINE_CURVE(2,(#7944,#7945,#7946,#7947,
#7948,#7949,#7950),.UNSPECIFIED.,.T.,.F.) B_SPLINE_CURVE_WITH_KNOTS((1,2
    ,2,2,2,1),(-2.094395102393,0.,2.094395102393,4.188790204786,
6.28318530718,8.377580409573),.UNSPECIFIED.) CURVE() 
GEOMETRIC_REPRESENTATION_ITEM() RATIONAL_B_SPLINE_CURVE((1.,0.5,1.,0.5,
1.,0.5,1.)) REPRESENTATION_ITEM('') );
#7944 = CARTESIAN_POINT('',(21.3,119.));
#7945 = CARTESIAN_POINT('',(21.3,115.01628314259));
#7946 = CARTESIAN_POINT('',(17.85,117.00814157129));
#7947 = CARTESIAN_POINT('',(14.4,119.));
#7948 = CARTESIAN_POINT('',(17.85,120.9918584287));
#7949 = CARTESIAN_POINT('',(21.3,122.9837168574));
#7950 = CARTESIAN_POINT('',(21.3,119.));
#7951 = ( GEOMETRIC_REPRESENTATION_CONTEXT(2) 
PARAMETRIC_REPRESENTATION_CONTEXT() REPRESENTATION_CONTEXT('2D SPACE',''
  ) );
#7952 = PCURVE('',#7953,#7958);
#7953 = CYLINDRICAL_SURFACE('',#7954,2.3);
#7954 = AXIS2_PLACEMENT_3D('',#7955,#7956,#7957);
#7955 = CARTESIAN_POINT('',(-50.,64.,35.3));
#7956 = DIRECTION('',(-0.,-0.,-1.));
#7957 = DIRECTION('',(1.,0.,0.));
#7958 = DEFINITIONAL_REPRESENTATION('',(#7959),#7963);
#7959 = LINE('',#7960,#7961);
#7960 = CARTESIAN_POINT('',(-6.28318530718,-1.));
#7961 = VECTOR('',#7962,1.);
#7962 = DIRECTION('',(1.,-0.));
#7963 = ( GEOMETRIC_REPRESENTATION_CONTEXT(2) 
PARAMETRIC_REPRESENTATION_CONTEXT() REPRESENTATION_CONTEXT('2D SPACE',''
  ) );
#7964 = FACE_BOUND('',#7965,.F.);
#7965 = EDGE_LOOP('',(#7966,#7992,#8015,#8039,#8062,#8086,#8109,#8133));
#7966 = ORIENTED_EDGE('',*,*,#7967,.F.);
#7967 = EDGE_CURVE('',#7968,#7970,#7972,.T.);
#7968 = VERTEX_POINT('',#7969);
#7969 = CARTESIAN_POINT('',(20.,-5.,36.3));
#7970 = VERTEX_POINT('',#7971);
#7971 = CARTESIAN_POINT('',(26.,1.,36.3));
#7972 = SURFACE_CURVE('',#7973,(#7978,#7985),.PCURVE_S1.);
#7973 = CIRCLE('',#7974,6.);
#7974 = AXIS2_PLACEMENT_3D('',#7975,#7976,#7977);
#7975 = CARTESIAN_POINT('',(20.,1.,36.3));
#7976 = DIRECTION('',(0.,0.,1.));
#7977 = DIRECTION('',(0.,-1.,0.));
#7978 = PCURVE('',#5817,#7979);
#7979 = DEFINITIONAL_REPRESENTATION('',(#7980),#7984);
#7980 = CIRCLE('',#7981,6.);
#7981 = AXIS2_PLACEMENT_2D('',#7982,#7983);
#7982 = CARTESIAN_POINT('',(89.,56.));
#7983 = DIRECTION('',(0.,-1.));
#7984 = ( GEOMETRIC_REPRESENTATION_CONTEXT(2) 
PARAMETRIC_REPRESENTATION_CONTEXT() REPRESENTATION_CONTEXT('2D SPACE',''
  ) );
#7985 = PCURVE('',#6745,#7986);
#7986 = DEFINITIONAL_REPRESENTATION('',(#7987),#7991);
#7987 = LINE('',#7988,#7989);
#7988 = CARTESIAN_POINT('',(0.,1.));
#7989 = VECTOR('',#7990,1.);
#7990 = DIRECTION('',(1.,0.));
#7991 = ( GEOMETRIC_REPRESENTATION_CONTEXT(2) 
PARAMETRIC_REPRESENTATION_CONTEXT() REPRESENTATION_CONTEXT('2D SPACE',''
  ) );
#7992 = ORIENTED_EDGE('',*,*,#7993,.T.);
#7993 = EDGE_CURVE('',#7968,#7994,#7996,.T.);
#7994 = VERTEX_POINT('',#7995);
#7995 = CARTESIAN_POINT('',(-20.,-5.,36.3));
#7996 = SURFACE_CURVE('',#7997,(#8001,#8008),.PCURVE_S1.);
#7997 = LINE('',#7998,#7999);
#7998 = CARTESIAN_POINT('',(-47.5,-5.,36.3));
#7999 = VECTOR('',#8000,1.);
#8000 = DIRECTION('',(-1.,0.,0.));
#8001 = PCURVE('',#5817,#8002);
#8002 = DEFINITIONAL_REPRESENTATION('',(#8003),#8007);
#8003 = LINE('',#8004,#8005);
#8004 = CARTESIAN_POINT('',(21.5,50.));
#8005 = VECTOR('',#8006,1.);
#8006 = DIRECTION('',(-1.,0.));
#8007 = ( GEOMETRIC_REPRESENTATION_CONTEXT(2) 
PARAMETRIC_REPRESENTATION_CONTEXT() REPRESENTATION_CONTEXT('2D SPACE',''
  ) );
#8008 = PCURVE('',#6773,#8009);
#8009 = DEFINITIONAL_REPRESENTATION('',(#8010),#8014);
#8010 = LINE('',#8011,#8012);
#8011 = CARTESIAN_POINT('',(-21.5,-1.));
#8012 = VECTOR('',#8013,1.);
#8013 = DIRECTION('',(-1.,0.));
#8014 = ( GEOMETRIC_REPRESENTATION_CONTEXT(2) 
PARAMETRIC_REPRESENTATION_CONTEXT() REPRESENTATION_CONTEXT('2D SPACE',''
  ) );
#8015 = ORIENTED_EDGE('',*,*,#8016,.F.);
#8016 = EDGE_CURVE('',#8017,#7994,#8019,.T.);
#8017 = VERTEX_POINT('',#8018);
#8018 = CARTESIAN_POINT('',(-26.,1.,36.3));
#8019 = SURFACE_CURVE('',#8020,(#8025,#8032),.PCURVE_S1.);
#8020 = CIRCLE('',#8021,6.);
#8021 = AXIS2_PLACEMENT_3D('',#8022,#8023,#8024);
#8022 = CARTESIAN_POINT('',(-20.,1.,36.3));
#8023 = DIRECTION('',(0.,0.,1.));
#8024 = DIRECTION('',(0.,-1.,0.));
#8025 = PCURVE('',#5817,#8026);
#8026 = DEFINITIONAL_REPRESENTATION('',(#8027),#8031);
#8027 = CIRCLE('',#8028,6.);
#8028 = AXIS2_PLACEMENT_2D('',#8029,#8030);
#8029 = CARTESIAN_POINT('',(49.,56.));
#8030 = DIRECTION('',(0.,-1.));
#8031 = ( GEOMETRIC_REPRESENTATION_CONTEXT(2) 
PARAMETRIC_REPRESENTATION_CONTEXT() REPRESENTATION_CONTEXT('2D SPACE',''
  ) );
#8032 = PCURVE('',#6802,#8033);
#8033 = DEFINITIONAL_REPRESENTATION('',(#8034),#8038);
#8034 = LINE('',#8035,#8036);
#8035 = CARTESIAN_POINT('',(-6.28318530718,1.));
#8036 = VECTOR('',#8037,1.);
#8037 = DIRECTION('',(1.,-0.));
#8038 = ( GEOMETRIC_REPRESENTATION_CONTEXT(2) 
PARAMETRIC_REPRESENTATION_CONTEXT() REPRESENTATION_CONTEXT('2D SPACE',''
  ) );
#8039 = ORIENTED_EDGE('',*,*,#8040,.T.);
#8040 = EDGE_CURVE('',#8017,#8041,#8043,.T.);
#8041 = VERTEX_POINT('',#8042);
#8042 = CARTESIAN_POINT('',(-26.,31.,36.3));
#8043 = SURFACE_CURVE('',#8044,(#8048,#8055),.PCURVE_S1.);
#8044 = LINE('',#8045,#8046);
#8045 = CARTESIAN_POINT('',(-26.,-9.,36.3));
#8046 = VECTOR('',#8047,1.);
#8047 = DIRECTION('',(-0.,1.,0.));
#8048 = PCURVE('',#5817,#8049);
#8049 = DEFINITIONAL_REPRESENTATION('',(#8050),#8054);
#8050 = LINE('',#8051,#8052);
#8051 = CARTESIAN_POINT('',(43.,46.));
#8052 = VECTOR('',#8053,1.);
#8053 = DIRECTION('',(0.,1.));
#8054 = ( GEOMETRIC_REPRESENTATION_CONTEXT(2) 
PARAMETRIC_REPRESENTATION_CONTEXT() REPRESENTATION_CONTEXT('2D SPACE',''
  ) );
#8055 = PCURVE('',#6830,#8056);
#8056 = DEFINITIONAL_REPRESENTATION('',(#8057),#8061);
#8057 = LINE('',#8058,#8059);
#8058 = CARTESIAN_POINT('',(46.,-1.));
#8059 = VECTOR('',#8060,1.);
#8060 = DIRECTION('',(-1.,-0.));
#8061 = ( GEOMETRIC_REPRESENTATION_CONTEXT(2) 
PARAMETRIC_REPRESENTATION_CONTEXT() REPRESENTATION_CONTEXT('2D SPACE',''
  ) );
#8062 = ORIENTED_EDGE('',*,*,#8063,.F.);
#8063 = EDGE_CURVE('',#8064,#8041,#8066,.T.);
#8064 = VERTEX_POINT('',#8065);
#8065 = CARTESIAN_POINT('',(-20.,37.,36.3));
#8066 = SURFACE_CURVE('',#8067,(#8072,#8079),.PCURVE_S1.);
#8067 = CIRCLE('',#8068,6.);
#8068 = AXIS2_PLACEMENT_3D('',#8069,#8070,#8071);
#8069 = CARTESIAN_POINT('',(-20.,31.,36.3));
#8070 = DIRECTION('',(0.,0.,1.));
#8071 = DIRECTION('',(-0.,1.,0.));
#8072 = PCURVE('',#5817,#8073);
#8073 = DEFINITIONAL_REPRESENTATION('',(#8074),#8078);
#8074 = CIRCLE('',#8075,6.);
#8075 = AXIS2_PLACEMENT_2D('',#8076,#8077);
#8076 = CARTESIAN_POINT('',(49.,86.));
#8077 = DIRECTION('',(0.,1.));
#8078 = ( GEOMETRIC_REPRESENTATION_CONTEXT(2) 
PARAMETRIC_REPRESENTATION_CONTEXT() REPRESENTATION_CONTEXT('2D SPACE',''
  ) );
#8079 = PCURVE('',#6859,#8080);
#8080 = DEFINITIONAL_REPRESENTATION('',(#8081),#8085);
#8081 = LINE('',#8082,#8083);
#8082 = CARTESIAN_POINT('',(0.,1.));
#8083 = VECTOR('',#8084,1.);
#8084 = DIRECTION('',(1.,0.));
#8085 = ( GEOMETRIC_REPRESENTATION_CONTEXT(2) 
PARAMETRIC_REPRESENTATION_CONTEXT() REPRESENTATION_CONTEXT('2D SPACE',''
  ) );
#8086 = ORIENTED_EDGE('',*,*,#8087,.T.);
#8087 = EDGE_CURVE('',#8064,#8088,#8090,.T.);
#8088 = VERTEX_POINT('',#8089);
#8089 = CARTESIAN_POINT('',(20.,37.,36.3));
#8090 = SURFACE_CURVE('',#8091,(#8095,#8102),.PCURVE_S1.);
#8091 = LINE('',#8092,#8093);
#8092 = CARTESIAN_POINT('',(-21.5,37.,36.3));
#8093 = VECTOR('',#8094,1.);
#8094 = DIRECTION('',(1.,0.,-0.));
#8095 = PCURVE('',#5817,#8096);
#8096 = DEFINITIONAL_REPRESENTATION('',(#8097),#8101);
#8097 = LINE('',#8098,#8099);
#8098 = CARTESIAN_POINT('',(47.5,92.));
#8099 = VECTOR('',#8100,1.);
#8100 = DIRECTION('',(1.,0.));
#8101 = ( GEOMETRIC_REPRESENTATION_CONTEXT(2) 
PARAMETRIC_REPRESENTATION_CONTEXT() REPRESENTATION_CONTEXT('2D SPACE',''
  ) );
#8102 = PCURVE('',#6887,#8103);
#8103 = DEFINITIONAL_REPRESENTATION('',(#8104),#8108);
#8104 = LINE('',#8105,#8106);
#8105 = CARTESIAN_POINT('',(47.5,-1.));
#8106 = VECTOR('',#8107,1.);
#8107 = DIRECTION('',(-1.,0.));
#8108 = ( GEOMETRIC_REPRESENTATION_CONTEXT(2) 
PARAMETRIC_REPRESENTATION_CONTEXT() REPRESENTATION_CONTEXT('2D SPACE',''
  ) );
#8109 = ORIENTED_EDGE('',*,*,#8110,.F.);
#8110 = EDGE_CURVE('',#8111,#8088,#8113,.T.);
#8111 = VERTEX_POINT('',#8112);
#8112 = CARTESIAN_POINT('',(26.,31.,36.3));
#8113 = SURFACE_CURVE('',#8114,(#8119,#8126),.PCURVE_S1.);
#8114 = CIRCLE('',#8115,6.);
#8115 = AXIS2_PLACEMENT_3D('',#8116,#8117,#8118);
#8116 = CARTESIAN_POINT('',(20.,31.,36.3));
#8117 = DIRECTION('',(0.,0.,1.));
#8118 = DIRECTION('',(1.,0.,-0.));
#8119 = PCURVE('',#5817,#8120);
#8120 = DEFINITIONAL_REPRESENTATION('',(#8121),#8125);
#8121 = CIRCLE('',#8122,6.);
#8122 = AXIS2_PLACEMENT_2D('',#8123,#8124);
#8123 = CARTESIAN_POINT('',(89.,86.));
#8124 = DIRECTION('',(1.,0.));
#8125 = ( GEOMETRIC_REPRESENTATION_CONTEXT(2) 
PARAMETRIC_REPRESENTATION_CONTEXT() REPRESENTATION_CONTEXT('2D SPACE',''
  ) );
#8126 = PCURVE('',#6916,#8127);
#8127 = DEFINITIONAL_REPRESENTATION('',(#8128),#8132);
#8128 = LINE('',#8129,#8130);
#8129 = CARTESIAN_POINT('',(0.,1.));
#8130 = VECTOR('',#8131,1.);
#8131 = DIRECTION('',(1.,0.));
#8132 = ( GEOMETRIC_REPRESENTATION_CONTEXT(2) 
PARAMETRIC_REPRESENTATION_CONTEXT() REPRESENTATION_CONTEXT('2D SPACE',''
  ) );
#8133 = ORIENTED_EDGE('',*,*,#8134,.T.);
#8134 = EDGE_CURVE('',#8111,#7970,#8135,.T.);
#8135 = SURFACE_CURVE('',#8136,(#8140,#8147),.PCURVE_S1.);
#8136 = LINE('',#8137,#8138);
#8137 = CARTESIAN_POINT('',(26.,-30.,36.3));
#8138 = VECTOR('',#8139,1.);
#8139 = DIRECTION('',(0.,-1.,0.));
#8140 = PCURVE('',#5817,#8141);
#8141 = DEFINITIONAL_REPRESENTATION('',(#8142),#8146);
#8142 = LINE('',#8143,#8144);
#8143 = CARTESIAN_POINT('',(95.,25.));
#8144 = VECTOR('',#8145,1.);
#8145 = DIRECTION('',(0.,-1.));
#8146 = ( GEOMETRIC_REPRESENTATION_CONTEXT(2) 
PARAMETRIC_REPRESENTATION_CONTEXT() REPRESENTATION_CONTEXT('2D SPACE',''
  ) );
#8147 = PCURVE('',#6942,#8148);
#8148 = DEFINITIONAL_REPRESENTATION('',(#8149),#8153);
#8149 = LINE('',#8150,#8151);
#8150 = CARTESIAN_POINT('',(-25.,-1.));
#8151 = VECTOR('',#8152,1.);
#8152 = DIRECTION('',(-1.,0.));
#8153 = ( GEOMETRIC_REPRESENTATION_CONTEXT(2) 
PARAMETRIC_REPRESENTATION_CONTEXT() REPRESENTATION_CONTEXT('2D SPACE',''
  ) );
#8154 = FACE_BOUND('',#8155,.F.);
#8155 = EDGE_LOOP('',(#8156,#8181,#8209,#8232));
#8156 = ORIENTED_EDGE('',*,*,#8157,.T.);
#8157 = EDGE_CURVE('',#8158,#8160,#8162,.T.);
#8158 = VERTEX_POINT('',#8159);
#8159 = CARTESIAN_POINT('',(42.4,42.,36.3));
#8160 = VERTEX_POINT('',#8161);
#8161 = CARTESIAN_POINT('',(42.4,38.081666528903,36.3));
#8162 = SURFACE_CURVE('',#8163,(#8167,#8174),.PCURVE_S1.);
#8163 = LINE('',#8164,#8165);
#8164 = CARTESIAN_POINT('',(42.4,-13.5,36.3));
#8165 = VECTOR('',#8166,1.);
#8166 = DIRECTION('',(0.,-1.,0.));
#8167 = PCURVE('',#5817,#8168);
#8168 = DEFINITIONAL_REPRESENTATION('',(#8169),#8173);
#8169 = LINE('',#8170,#8171);
#8170 = CARTESIAN_POINT('',(111.4,41.5));
#8171 = VECTOR('',#8172,1.);
#8172 = DIRECTION('',(0.,-1.));
#8173 = ( GEOMETRIC_REPRESENTATION_CONTEXT(2) 
PARAMETRIC_REPRESENTATION_CONTEXT() REPRESENTATION_CONTEXT('2D SPACE',''
  ) );
#8174 = PCURVE('',#6974,#8175);
#8175 = DEFINITIONAL_REPRESENTATION('',(#8176),#8180);
#8176 = LINE('',#8177,#8178);
#8177 = CARTESIAN_POINT('',(-41.5,-1.));
#8178 = VECTOR('',#8179,1.);
#8179 = DIRECTION('',(-1.,0.));
#8180 = ( GEOMETRIC_REPRESENTATION_CONTEXT(2) 
PARAMETRIC_REPRESENTATION_CONTEXT() REPRESENTATION_CONTEXT('2D SPACE',''
  ) );
#8181 = ORIENTED_EDGE('',*,*,#8182,.T.);
#8182 = EDGE_CURVE('',#8160,#8183,#8185,.T.);
#8183 = VERTEX_POINT('',#8184);
#8184 = CARTESIAN_POINT('',(33.6,38.081666528903,36.3));
#8185 = SURFACE_CURVE('',#8186,(#8191,#8202),.PCURVE_S1.);
#8186 = CIRCLE('',#8187,11.);
#8187 = AXIS2_PLACEMENT_3D('',#8188,#8189,#8190);
#8188 = CARTESIAN_POINT('',(38.,28.,36.3));
#8189 = DIRECTION('',(0.,0.,-1.));
#8190 = DIRECTION('',(1.,0.,0.));
#8191 = PCURVE('',#5817,#8192);
#8192 = DEFINITIONAL_REPRESENTATION('',(#8193),#8201);
#8193 = ( BOUNDED_CURVE() B_SPLINE_CURVE(2,(#8194,#8195,#8196,#8197,
#8198,#8199,#8200),.UNSPECIFIED.,.T.,.F.) B_SPLINE_CURVE_WITH_KNOTS((1,2
    ,2,2,2,1),(-2.094395102393,0.,2.094395102393,4.188790204786,
6.28318530718,8.377580409573),.UNSPECIFIED.) CURVE() 
GEOMETRIC_REPRESENTATION_ITEM() RATIONAL_B_SPLINE_CURVE((1.,0.5,1.,0.5,
1.,0.5,1.)) REPRESENTATION_ITEM('') );
#8194 = CARTESIAN_POINT('',(118.,83.));
#8195 = CARTESIAN_POINT('',(118.,63.947441116742));
#8196 = CARTESIAN_POINT('',(101.5,73.473720558371));
#8197 = CARTESIAN_POINT('',(85.,83.));
#8198 = CARTESIAN_POINT('',(101.5,92.526279441629));
#8199 = CARTESIAN_POINT('',(118.,102.05255888325));
#8200 = CARTESIAN_POINT('',(118.,83.));
#8201 = ( GEOMETRIC_REPRESENTATION_CONTEXT(2) 
PARAMETRIC_REPRESENTATION_CONTEXT() REPRESENTATION_CONTEXT('2D SPACE',''
  ) );
#8202 = PCURVE('',#7007,#8203);
#8203 = DEFINITIONAL_REPRESENTATION('',(#8204),#8208);
#8204 = LINE('',#8205,#8206);
#8205 = CARTESIAN_POINT('',(-12.56637061435,-1.));
#8206 = VECTOR('',#8207,1.);
#8207 = DIRECTION('',(1.,-0.));
#8208 = ( GEOMETRIC_REPRESENTATION_CONTEXT(2) 
PARAMETRIC_REPRESENTATION_CONTEXT() REPRESENTATION_CONTEXT('2D SPACE',''
  ) );
#8209 = ORIENTED_EDGE('',*,*,#8210,.T.);
#8210 = EDGE_CURVE('',#8183,#8211,#8213,.T.);
#8211 = VERTEX_POINT('',#8212);
#8212 = CARTESIAN_POINT('',(33.6,42.,36.3));
#8213 = SURFACE_CURVE('',#8214,(#8218,#8225),.PCURVE_S1.);
#8214 = LINE('',#8215,#8216);
#8215 = CARTESIAN_POINT('',(33.6,-6.5,36.3));
#8216 = VECTOR('',#8217,1.);
#8217 = DIRECTION('',(-0.,1.,0.));
#8218 = PCURVE('',#5817,#8219);
#8219 = DEFINITIONAL_REPRESENTATION('',(#8220),#8224);
#8220 = LINE('',#8221,#8222);
#8221 = CARTESIAN_POINT('',(102.6,48.5));
#8222 = VECTOR('',#8223,1.);
#8223 = DIRECTION('',(0.,1.));
#8224 = ( GEOMETRIC_REPRESENTATION_CONTEXT(2) 
PARAMETRIC_REPRESENTATION_CONTEXT() REPRESENTATION_CONTEXT('2D SPACE',''
  ) );
#8225 = PCURVE('',#7035,#8226);
#8226 = DEFINITIONAL_REPRESENTATION('',(#8227),#8231);
#8227 = LINE('',#8228,#8229);
#8228 = CARTESIAN_POINT('',(48.5,-1.));
#8229 = VECTOR('',#8230,1.);
#8230 = DIRECTION('',(-1.,-0.));
#8231 = ( GEOMETRIC_REPRESENTATION_CONTEXT(2) 
PARAMETRIC_REPRESENTATION_CONTEXT() REPRESENTATION_CONTEXT('2D SPACE',''
  ) );
#8232 = ORIENTED_EDGE('',*,*,#8233,.T.);
#8233 = EDGE_CURVE('',#8211,#8158,#8234,.T.);
#8234 = SURFACE_CURVE('',#8235,(#8240,#8251),.PCURVE_S1.);
#8235 = CIRCLE('',#8236,4.4);
#8236 = AXIS2_PLACEMENT_3D('',#8237,#8238,#8239);
#8237 = CARTESIAN_POINT('',(38.,42.,36.3));
#8238 = DIRECTION('',(0.,0.,-1.));
#8239 = DIRECTION('',(1.,0.,0.));
#8240 = PCURVE('',#5817,#8241);
#8241 = DEFINITIONAL_REPRESENTATION('',(#8242),#8250);
#8242 = ( BOUNDED_CURVE() B_SPLINE_CURVE(2,(#8243,#8244,#8245,#8246,
#8247,#8248,#8249),.UNSPECIFIED.,.T.,.F.) B_SPLINE_CURVE_WITH_KNOTS((1,2
    ,2,2,2,1),(-2.094395102393,0.,2.094395102393,4.188790204786,
6.28318530718,8.377580409573),.UNSPECIFIED.) CURVE() 
GEOMETRIC_REPRESENTATION_ITEM() RATIONAL_B_SPLINE_CURVE((1.,0.5,1.,0.5,
1.,0.5,1.)) REPRESENTATION_ITEM('') );
#8243 = CARTESIAN_POINT('',(111.4,97.));
#8244 = CARTESIAN_POINT('',(111.4,89.378976446697));
#8245 = CARTESIAN_POINT('',(104.8,93.189488223348));
#8246 = CARTESIAN_POINT('',(98.2,97.));
#8247 = CARTESIAN_POINT('',(104.8,100.81051177665));
#8248 = CARTESIAN_POINT('',(111.4,104.6210235533));
#8249 = CARTESIAN_POINT('',(111.4,97.));
#8250 = ( GEOMETRIC_REPRESENTATION_CONTEXT(2) 
PARAMETRIC_REPRESENTATION_CONTEXT() REPRESENTATION_CONTEXT('2D SPACE',''
  ) );
#8251 = PCURVE('',#7066,#8252);
#8252 = DEFINITIONAL_REPRESENTATION('',(#8253),#8257);
#8253 = LINE('',#8254,#8255);
#8254 = CARTESIAN_POINT('',(-6.28318530718,-1.));
#8255 = VECTOR('',#8256,1.);
#8256 = DIRECTION('',(1.,-0.));
#8257 = ( GEOMETRIC_REPRESENTATION_CONTEXT(2) 
PARAMETRIC_REPRESENTATION_CONTEXT() REPRESENTATION_CONTEXT('2D SPACE',''
  ) );
#8258 = FACE_BOUND('',#8259,.F.);
#8259 = EDGE_LOOP('',(#8260));
#8260 = ORIENTED_EDGE('',*,*,#8261,.T.);
#8261 = EDGE_CURVE('',#8262,#8262,#8264,.T.);
#8262 = VERTEX_POINT('',#8263);
#8263 = CARTESIAN_POINT('',(52.3,64.,36.3));
#8264 = SURFACE_CURVE('',#8265,(#8270,#8281),.PCURVE_S1.);
#8265 = CIRCLE('',#8266,2.3);
#8266 = AXIS2_PLACEMENT_3D('',#8267,#8268,#8269);
#8267 = CARTESIAN_POINT('',(50.,64.,36.3));
#8268 = DIRECTION('',(0.,0.,-1.));
#8269 = DIRECTION('',(1.,0.,0.));
#8270 = PCURVE('',#5817,#8271);
#8271 = DEFINITIONAL_REPRESENTATION('',(#8272),#8280);
#8272 = ( BOUNDED_CURVE() B_SPLINE_CURVE(2,(#8273,#8274,#8275,#8276,
#8277,#8278,#8279),.UNSPECIFIED.,.T.,.F.) B_SPLINE_CURVE_WITH_KNOTS((1,2
    ,2,2,2,1),(-2.094395102393,0.,2.094395102393,4.188790204786,
6.28318530718,8.377580409573),.UNSPECIFIED.) CURVE() 
GEOMETRIC_REPRESENTATION_ITEM() RATIONAL_B_SPLINE_CURVE((1.,0.5,1.,0.5,
1.,0.5,1.)) REPRESENTATION_ITEM('') );
#8273 = CARTESIAN_POINT('',(121.3,119.));
#8274 = CARTESIAN_POINT('',(121.3,115.01628314259));
#8275 = CARTESIAN_POINT('',(117.85,117.00814157129));
#8276 = CARTESIAN_POINT('',(114.4,119.));
#8277 = CARTESIAN_POINT('',(117.85,120.9918584287));
#8278 = CARTESIAN_POINT('',(121.3,122.9837168574));
#8279 = CARTESIAN_POINT('',(121.3,119.));
#8280 = ( GEOMETRIC_REPRESENTATION_CONTEXT(2) 
PARAMETRIC_REPRESENTATION_CONTEXT() REPRESENTATION_CONTEXT('2D SPACE',''
  ) );
#8281 = PCURVE('',#8282,#8287);
#8282 = CYLINDRICAL_SURFACE('',#8283,2.3);
#8283 = AXIS2_PLACEMENT_3D('',#8284,#8285,#8286);
#8284 = CARTESIAN_POINT('',(50.,64.,35.3));
#8285 = DIRECTION('',(-0.,-0.,-1.));
#8286 = DIRECTION('',(1.,0.,0.));
#8287 = DEFINITIONAL_REPRESENTATION('',(#8288),#8292);
#8288 = LINE('',#8289,#8290);
#8289 = CARTESIAN_POINT('',(-6.28318530718,-1.));
#8290 = VECTOR('',#8291,1.);
#8291 = DIRECTION('',(1.,-0.));
#8292 = ( GEOMETRIC_REPRESENTATION_CONTEXT(2) 
PARAMETRIC_REPRESENTATION_CONTEXT() REPRESENTATION_CONTEXT('2D SPACE',''
  ) );
#8293 = ADVANCED_FACE('',(#8294),#6129,.T.);
#8294 = FACE_BOUND('',#8295,.T.);
#8295 = EDGE_LOOP('',(#8296,#8297,#8298,#8299));
#8296 = ORIENTED_EDGE('',*,*,#7412,.F.);
#8297 = ORIENTED_EDGE('',*,*,#7194,.T.);
#8298 = ORIENTED_EDGE('',*,*,#6113,.T.);
#8299 = ORIENTED_EDGE('',*,*,#8300,.F.);
#8300 = EDGE_CURVE('',#7389,#6085,#8301,.T.);
#8301 = SURFACE_CURVE('',#8302,(#8306,#8313),.PCURVE_S1.);
#8302 = LINE('',#8303,#8304);
#8303 = CARTESIAN_POINT('',(64.,83.,36.3));
#8304 = VECTOR('',#8305,1.);
#8305 = DIRECTION('',(0.,0.,1.));
#8306 = PCURVE('',#6129,#8307);
#8307 = DEFINITIONAL_REPRESENTATION('',(#8308),#8312);
#8308 = LINE('',#8309,#8310);
#8309 = CARTESIAN_POINT('',(0.,133.));
#8310 = VECTOR('',#8311,1.);
#8311 = DIRECTION('',(1.,0.));
#8312 = ( GEOMETRIC_REPRESENTATION_CONTEXT(2) 
PARAMETRIC_REPRESENTATION_CONTEXT() REPRESENTATION_CONTEXT('2D SPACE',''
  ) );
#8313 = PCURVE('',#6101,#8314);
#8314 = DEFINITIONAL_REPRESENTATION('',(#8315),#8319);
#8315 = LINE('',#8316,#8317);
#8316 = CARTESIAN_POINT('',(1.570796326795,0.));
#8317 = VECTOR('',#8318,1.);
#8318 = DIRECTION('',(0.,1.));
#8319 = ( GEOMETRIC_REPRESENTATION_CONTEXT(2) 
PARAMETRIC_REPRESENTATION_CONTEXT() REPRESENTATION_CONTEXT('2D SPACE',''
  ) );
#8320 = ADVANCED_FACE('',(#8321),#6101,.T.);
#8321 = FACE_BOUND('',#8322,.T.);
#8322 = EDGE_LOOP('',(#8323,#8324,#8325,#8326));
#8323 = ORIENTED_EDGE('',*,*,#7388,.T.);
#8324 = ORIENTED_EDGE('',*,*,#8300,.T.);
#8325 = ORIENTED_EDGE('',*,*,#6084,.F.);
#8326 = ORIENTED_EDGE('',*,*,#8327,.F.);
#8327 = EDGE_CURVE('',#7366,#6057,#8328,.T.);
#8328 = SURFACE_CURVE('',#8329,(#8333,#8340),.PCURVE_S1.);
#8329 = LINE('',#8330,#8331);
#8330 = CARTESIAN_POINT('',(69.,78.,36.3));
#8331 = VECTOR('',#8332,1.);
#8332 = DIRECTION('',(0.,0.,1.));
#8333 = PCURVE('',#6101,#8334);
#8334 = DEFINITIONAL_REPRESENTATION('',(#8335),#8339);
#8335 = LINE('',#8336,#8337);
#8336 = CARTESIAN_POINT('',(0.,0.));
#8337 = VECTOR('',#8338,1.);
#8338 = DIRECTION('',(0.,1.));
#8339 = ( GEOMETRIC_REPRESENTATION_CONTEXT(2) 
PARAMETRIC_REPRESENTATION_CONTEXT() REPRESENTATION_CONTEXT('2D SPACE',''
  ) );
#8340 = PCURVE('',#6072,#8341);
#8341 = DEFINITIONAL_REPRESENTATION('',(#8342),#8346);
#8342 = LINE('',#8343,#8344);
#8343 = CARTESIAN_POINT('',(0.,-133.));
#8344 = VECTOR('',#8345,1.);
#8345 = DIRECTION('',(1.,0.));
#8346 = ( GEOMETRIC_REPRESENTATION_CONTEXT(2) 
PARAMETRIC_REPRESENTATION_CONTEXT() REPRESENTATION_CONTEXT('2D SPACE',''
  ) );
#8347 = ADVANCED_FACE('',(#8348),#6072,.T.);
#8348 = FACE_BOUND('',#8349,.T.);
#8349 = EDGE_LOOP('',(#8350,#8351,#8372,#8373));
#8350 = ORIENTED_EDGE('',*,*,#6056,.F.);
#8351 = ORIENTED_EDGE('',*,*,#8352,.F.);
#8352 = EDGE_CURVE('',#7338,#6024,#8353,.T.);
#8353 = SURFACE_CURVE('',#8354,(#8358,#8365),.PCURVE_S1.);
#8354 = LINE('',#8355,#8356);
#8355 = CARTESIAN_POINT('',(69.,-50.,36.3));
#8356 = VECTOR('',#8357,1.);
#8357 = DIRECTION('',(0.,0.,1.));
#8358 = PCURVE('',#6072,#8359);
#8359 = DEFINITIONAL_REPRESENTATION('',(#8360),#8364);
#8360 = LINE('',#8361,#8362);
#8361 = CARTESIAN_POINT('',(0.,-5.));
#8362 = VECTOR('',#8363,1.);
#8363 = DIRECTION('',(1.,0.));
#8364 = ( GEOMETRIC_REPRESENTATION_CONTEXT(2) 
PARAMETRIC_REPRESENTATION_CONTEXT() REPRESENTATION_CONTEXT('2D SPACE',''
  ) );
#8365 = PCURVE('',#6044,#8366);
#8366 = DEFINITIONAL_REPRESENTATION('',(#8367),#8371);
#8367 = LINE('',#8368,#8369);
#8368 = CARTESIAN_POINT('',(-0.,0.));
#8369 = VECTOR('',#8370,1.);
#8370 = DIRECTION('',(-0.,1.));
#8371 = ( GEOMETRIC_REPRESENTATION_CONTEXT(2) 
PARAMETRIC_REPRESENTATION_CONTEXT() REPRESENTATION_CONTEXT('2D SPACE',''
  ) );
#8372 = ORIENTED_EDGE('',*,*,#7365,.T.);
#8373 = ORIENTED_EDGE('',*,*,#8327,.T.);
#8374 = ADVANCED_FACE('',(#8375),#6044,.T.);
#8375 = FACE_BOUND('',#8376,.F.);
#8376 = EDGE_LOOP('',(#8377,#8378,#8399,#8400));
#8377 = ORIENTED_EDGE('',*,*,#7337,.T.);
#8378 = ORIENTED_EDGE('',*,*,#8379,.T.);
#8379 = EDGE_CURVE('',#7315,#5996,#8380,.T.);
#8380 = SURFACE_CURVE('',#8381,(#8385,#8392),.PCURVE_S1.);
#8381 = LINE('',#8382,#8383);
#8382 = CARTESIAN_POINT('',(64.,-55.,36.3));
#8383 = VECTOR('',#8384,1.);
#8384 = DIRECTION('',(0.,0.,1.));
#8385 = PCURVE('',#6044,#8386);
#8386 = DEFINITIONAL_REPRESENTATION('',(#8387),#8391);
#8387 = LINE('',#8388,#8389);
#8388 = CARTESIAN_POINT('',(-1.570796326795,0.));
#8389 = VECTOR('',#8390,1.);
#8390 = DIRECTION('',(-0.,1.));
#8391 = ( GEOMETRIC_REPRESENTATION_CONTEXT(2) 
PARAMETRIC_REPRESENTATION_CONTEXT() REPRESENTATION_CONTEXT('2D SPACE',''
  ) );
#8392 = PCURVE('',#6011,#8393);
#8393 = DEFINITIONAL_REPRESENTATION('',(#8394),#8398);
#8394 = LINE('',#8395,#8396);
#8395 = CARTESIAN_POINT('',(0.,133.));
#8396 = VECTOR('',#8397,1.);
#8397 = DIRECTION('',(1.,0.));
#8398 = ( GEOMETRIC_REPRESENTATION_CONTEXT(2) 
PARAMETRIC_REPRESENTATION_CONTEXT() REPRESENTATION_CONTEXT('2D SPACE',''
  ) );
#8399 = ORIENTED_EDGE('',*,*,#6023,.F.);
#8400 = ORIENTED_EDGE('',*,*,#8352,.F.);
#8401 = ADVANCED_FACE('',(#8402,#8428),#6011,.F.);
#8402 = FACE_BOUND('',#8403,.F.);
#8403 = EDGE_LOOP('',(#8404,#8405,#8426,#8427));
#8404 = ORIENTED_EDGE('',*,*,#7314,.F.);
#8405 = ORIENTED_EDGE('',*,*,#8406,.T.);
#8406 = EDGE_CURVE('',#7292,#5968,#8407,.T.);
#8407 = SURFACE_CURVE('',#8408,(#8412,#8419),.PCURVE_S1.);
#8408 = LINE('',#8409,#8410);
#8409 = CARTESIAN_POINT('',(8.,-55.,35.3));
#8410 = VECTOR('',#8411,1.);
#8411 = DIRECTION('',(0.,0.,1.));
#8412 = PCURVE('',#6011,#8413);
#8413 = DEFINITIONAL_REPRESENTATION('',(#8414),#8418);
#8414 = LINE('',#8415,#8416);
#8415 = CARTESIAN_POINT('',(-1.,77.));
#8416 = VECTOR('',#8417,1.);
#8417 = DIRECTION('',(1.,0.));
#8418 = ( GEOMETRIC_REPRESENTATION_CONTEXT(2) 
PARAMETRIC_REPRESENTATION_CONTEXT() REPRESENTATION_CONTEXT('2D SPACE',''
  ) );
#8419 = PCURVE('',#5983,#8420);
#8420 = DEFINITIONAL_REPRESENTATION('',(#8421),#8425);
#8421 = LINE('',#8422,#8423);
#8422 = CARTESIAN_POINT('',(0.,0.));
#8423 = VECTOR('',#8424,1.);
#8424 = DIRECTION('',(0.,-1.));
#8425 = ( GEOMETRIC_REPRESENTATION_CONTEXT(2) 
PARAMETRIC_REPRESENTATION_CONTEXT() REPRESENTATION_CONTEXT('2D SPACE',''
  ) );
#8426 = ORIENTED_EDGE('',*,*,#5995,.T.);
#8427 = ORIENTED_EDGE('',*,*,#8379,.F.);
#8428 = FACE_BOUND('',#8429,.F.);
#8429 = EDGE_LOOP('',(#8430));
#8430 = ORIENTED_EDGE('',*,*,#8431,.F.);
#8431 = EDGE_CURVE('',#8432,#8432,#8434,.T.);
#8432 = VERTEX_POINT('',#8433);
#8433 = CARTESIAN_POINT('',(22.,-55.,44.05));
#8434 = SURFACE_CURVE('',#8435,(#8440,#8447),.PCURVE_S1.);
#8435 = CIRCLE('',#8436,2.75);
#8436 = AXIS2_PLACEMENT_3D('',#8437,#8438,#8439);
#8437 = CARTESIAN_POINT('',(22.,-55.,41.3));
#8438 = DIRECTION('',(0.,1.,0.));
#8439 = DIRECTION('',(0.,-0.,1.));
#8440 = PCURVE('',#6011,#8441);
#8441 = DEFINITIONAL_REPRESENTATION('',(#8442),#8446);
#8442 = CIRCLE('',#8443,2.75);
#8443 = AXIS2_PLACEMENT_2D('',#8444,#8445);
#8444 = CARTESIAN_POINT('',(5.,91.));
#8445 = DIRECTION('',(1.,0.));
#8446 = ( GEOMETRIC_REPRESENTATION_CONTEXT(2) 
PARAMETRIC_REPRESENTATION_CONTEXT() REPRESENTATION_CONTEXT('2D SPACE',''
  ) );
#8447 = PCURVE('',#8448,#8453);
#8448 = CYLINDRICAL_SURFACE('',#8449,2.75);
#8449 = AXIS2_PLACEMENT_3D('',#8450,#8451,#8452);
#8450 = CARTESIAN_POINT('',(22.,-55.5,41.3));
#8451 = DIRECTION('',(0.,1.,0.));
#8452 = DIRECTION('',(0.,-0.,1.));
#8453 = DEFINITIONAL_REPRESENTATION('',(#8454),#8458);
#8454 = LINE('',#8455,#8456);
#8455 = CARTESIAN_POINT('',(0.,0.5));
#8456 = VECTOR('',#8457,1.);
#8457 = DIRECTION('',(1.,0.));
#8458 = ( GEOMETRIC_REPRESENTATION_CONTEXT(2) 
PARAMETRIC_REPRESENTATION_CONTEXT() REPRESENTATION_CONTEXT('2D SPACE',''
  ) );
#8459 = ADVANCED_FACE('',(#8460),#5983,.T.);
#8460 = FACE_BOUND('',#8461,.T.);
#8461 = EDGE_LOOP('',(#8462,#8463,#8464,#8465));
#8462 = ORIENTED_EDGE('',*,*,#7291,.T.);
#8463 = ORIENTED_EDGE('',*,*,#8406,.T.);
#8464 = ORIENTED_EDGE('',*,*,#5967,.F.);
#8465 = ORIENTED_EDGE('',*,*,#8466,.F.);
#8466 = EDGE_CURVE('',#7269,#5940,#8467,.T.);
#8467 = SURFACE_CURVE('',#8468,(#8472,#8479),.PCURVE_S1.);
#8468 = LINE('',#8469,#8470);
#8469 = CARTESIAN_POINT('',(8.,-24.,35.3));
#8470 = VECTOR('',#8471,1.);
#8471 = DIRECTION('',(0.,0.,1.));
#8472 = PCURVE('',#5983,#8473);
#8473 = DEFINITIONAL_REPRESENTATION('',(#8474),#8478);
#8474 = LINE('',#8475,#8476);
#8475 = CARTESIAN_POINT('',(31.,0.));
#8476 = VECTOR('',#8477,1.);
#8477 = DIRECTION('',(0.,-1.));
#8478 = ( GEOMETRIC_REPRESENTATION_CONTEXT(2) 
PARAMETRIC_REPRESENTATION_CONTEXT() REPRESENTATION_CONTEXT('2D SPACE',''
  ) );
#8479 = PCURVE('',#5955,#8480);
#8480 = DEFINITIONAL_REPRESENTATION('',(#8481),#8485);
#8481 = LINE('',#8482,#8483);
#8482 = CARTESIAN_POINT('',(0.,-0.));
#8483 = VECTOR('',#8484,1.);
#8484 = DIRECTION('',(0.,-1.));
#8485 = ( GEOMETRIC_REPRESENTATION_CONTEXT(2) 
PARAMETRIC_REPRESENTATION_CONTEXT() REPRESENTATION_CONTEXT('2D SPACE',''
  ) );
#8486 = ADVANCED_FACE('',(#8487),#5955,.T.);
#8487 = FACE_BOUND('',#8488,.T.);
#8488 = EDGE_LOOP('',(#8489,#8490,#8491,#8492));
#8489 = ORIENTED_EDGE('',*,*,#7268,.T.);
#8490 = ORIENTED_EDGE('',*,*,#8466,.T.);
#8491 = ORIENTED_EDGE('',*,*,#5939,.F.);
#8492 = ORIENTED_EDGE('',*,*,#8493,.F.);
#8493 = EDGE_CURVE('',#7246,#5912,#8494,.T.);
#8494 = SURFACE_CURVE('',#8495,(#8499,#8506),.PCURVE_S1.);
#8495 = LINE('',#8496,#8497);
#8496 = CARTESIAN_POINT('',(-8.,-24.,35.3));
#8497 = VECTOR('',#8498,1.);
#8498 = DIRECTION('',(0.,0.,1.));
#8499 = PCURVE('',#5955,#8500);
#8500 = DEFINITIONAL_REPRESENTATION('',(#8501),#8505);
#8501 = LINE('',#8502,#8503);
#8502 = CARTESIAN_POINT('',(16.,0.));
#8503 = VECTOR('',#8504,1.);
#8504 = DIRECTION('',(0.,-1.));
#8505 = ( GEOMETRIC_REPRESENTATION_CONTEXT(2) 
PARAMETRIC_REPRESENTATION_CONTEXT() REPRESENTATION_CONTEXT('2D SPACE',''
  ) );
#8506 = PCURVE('',#5927,#8507);
#8507 = DEFINITIONAL_REPRESENTATION('',(#8508),#8512);
#8508 = LINE('',#8509,#8510);
#8509 = CARTESIAN_POINT('',(0.,0.));
#8510 = VECTOR('',#8511,1.);
#8511 = DIRECTION('',(0.,-1.));
#8512 = ( GEOMETRIC_REPRESENTATION_CONTEXT(2) 
PARAMETRIC_REPRESENTATION_CONTEXT() REPRESENTATION_CONTEXT('2D SPACE',''
  ) );
#8513 = ADVANCED_FACE('',(#8514),#5927,.T.);
#8514 = FACE_BOUND('',#8515,.T.);
#8515 = EDGE_LOOP('',(#8516,#8517,#8518,#8519));
#8516 = ORIENTED_EDGE('',*,*,#7245,.T.);
#8517 = ORIENTED_EDGE('',*,*,#8493,.T.);
#8518 = ORIENTED_EDGE('',*,*,#5911,.F.);
#8519 = ORIENTED_EDGE('',*,*,#8520,.F.);
#8520 = EDGE_CURVE('',#7223,#5884,#8521,.T.);
#8521 = SURFACE_CURVE('',#8522,(#8526,#8533),.PCURVE_S1.);
#8522 = LINE('',#8523,#8524);
#8523 = CARTESIAN_POINT('',(-8.,-55.,35.3));
#8524 = VECTOR('',#8525,1.);
#8525 = DIRECTION('',(0.,0.,1.));
#8526 = PCURVE('',#5927,#8527);
#8527 = DEFINITIONAL_REPRESENTATION('',(#8528),#8532);
#8528 = LINE('',#8529,#8530);
#8529 = CARTESIAN_POINT('',(31.,0.));
#8530 = VECTOR('',#8531,1.);
#8531 = DIRECTION('',(0.,-1.));
#8532 = ( GEOMETRIC_REPRESENTATION_CONTEXT(2) 
PARAMETRIC_REPRESENTATION_CONTEXT() REPRESENTATION_CONTEXT('2D SPACE',''
  ) );
#8533 = PCURVE('',#5899,#8534);
#8534 = DEFINITIONAL_REPRESENTATION('',(#8535),#8539);
#8535 = LINE('',#8536,#8537);
#8536 = CARTESIAN_POINT('',(-1.,61.));
#8537 = VECTOR('',#8538,1.);
#8538 = DIRECTION('',(1.,0.));
#8539 = ( GEOMETRIC_REPRESENTATION_CONTEXT(2) 
PARAMETRIC_REPRESENTATION_CONTEXT() REPRESENTATION_CONTEXT('2D SPACE',''
  ) );
#8540 = ADVANCED_FACE('',(#8541),#5899,.F.);
#8541 = FACE_BOUND('',#8542,.F.);
#8542 = EDGE_LOOP('',(#8543,#8544,#8545,#8546));
#8543 = ORIENTED_EDGE('',*,*,#7222,.F.);
#8544 = ORIENTED_EDGE('',*,*,#7140,.T.);
#8545 = ORIENTED_EDGE('',*,*,#5883,.T.);
#8546 = ORIENTED_EDGE('',*,*,#8520,.F.);
#8547 = ADVANCED_FACE('',(#8548),#6192,.F.);
#8548 = FACE_BOUND('',#8549,.T.);
#8549 = EDGE_LOOP('',(#8550,#8551,#8572,#8573,#8596,#8629,#8650,#8651));
#8550 = ORIENTED_EDGE('',*,*,#7496,.T.);
#8551 = ORIENTED_EDGE('',*,*,#8552,.F.);
#8552 = EDGE_CURVE('',#6238,#7497,#8553,.T.);
#8553 = SURFACE_CURVE('',#8554,(#8558,#8565),.PCURVE_S1.);
#8554 = LINE('',#8555,#8556);
#8555 = CARTESIAN_POINT('',(-42.4,-17.91833347109,35.3));
#8556 = VECTOR('',#8557,1.);
#8557 = DIRECTION('',(-0.,-0.,-1.));
#8558 = PCURVE('',#6192,#8559);
#8559 = DEFINITIONAL_REPRESENTATION('',(#8560),#8564);
#8560 = LINE('',#8561,#8562);
#8561 = CARTESIAN_POINT('',(-1.982313172862,0.));
#8562 = VECTOR('',#8563,1.);
#8563 = DIRECTION('',(-0.,1.));
#8564 = ( GEOMETRIC_REPRESENTATION_CONTEXT(2) 
PARAMETRIC_REPRESENTATION_CONTEXT() REPRESENTATION_CONTEXT('2D SPACE',''
  ) );
#8565 = PCURVE('',#6281,#8566);
#8566 = DEFINITIONAL_REPRESENTATION('',(#8567),#8571);
#8567 = LINE('',#8568,#8569);
#8568 = CARTESIAN_POINT('',(3.918333471097,0.));
#8569 = VECTOR('',#8570,1.);
#8570 = DIRECTION('',(0.,1.));
#8571 = ( GEOMETRIC_REPRESENTATION_CONTEXT(2) 
PARAMETRIC_REPRESENTATION_CONTEXT() REPRESENTATION_CONTEXT('2D SPACE',''
  ) );
#8572 = ORIENTED_EDGE('',*,*,#6237,.F.);
#8573 = ORIENTED_EDGE('',*,*,#8574,.F.);
#8574 = EDGE_CURVE('',#8575,#6205,#8577,.T.);
#8575 = VERTEX_POINT('',#8576);
#8576 = CARTESIAN_POINT('',(-48.95978980826,-27.0603152876,47.3));
#8577 = SURFACE_CURVE('',#8578,(#8582,#8589),.PCURVE_S1.);
#8578 = LINE('',#8579,#8580);
#8579 = CARTESIAN_POINT('',(-48.95978980826,-27.0603152876,36.3));
#8580 = VECTOR('',#8581,1.);
#8581 = DIRECTION('',(-0.,-0.,-1.));
#8582 = PCURVE('',#6192,#8583);
#8583 = DEFINITIONAL_REPRESENTATION('',(#8584),#8588);
#8584 = LINE('',#8585,#8586);
#8585 = CARTESIAN_POINT('',(-3.056062527566,-1.));
#8586 = VECTOR('',#8587,1.);
#8587 = DIRECTION('',(-0.,1.));
#8588 = ( GEOMETRIC_REPRESENTATION_CONTEXT(2) 
PARAMETRIC_REPRESENTATION_CONTEXT() REPRESENTATION_CONTEXT('2D SPACE',''
  ) );
#8589 = PCURVE('',#6225,#8590);
#8590 = DEFINITIONAL_REPRESENTATION('',(#8591),#8595);
#8591 = LINE('',#8592,#8593);
#8592 = CARTESIAN_POINT('',(-1.454958530804,0.));
#8593 = VECTOR('',#8594,1.);
#8594 = DIRECTION('',(-0.,1.));
#8595 = ( GEOMETRIC_REPRESENTATION_CONTEXT(2) 
PARAMETRIC_REPRESENTATION_CONTEXT() REPRESENTATION_CONTEXT('2D SPACE',''
  ) );
#8596 = ORIENTED_EDGE('',*,*,#8597,.F.);
#8597 = EDGE_CURVE('',#8598,#8575,#8600,.T.);
#8598 = VERTEX_POINT('',#8599);
#8599 = CARTESIAN_POINT('',(-41.34790249943,-38.47814625085,47.3));
#8600 = SURFACE_CURVE('',#8601,(#8606,#8613),.PCURVE_S1.);
#8601 = CIRCLE('',#8602,11.);
#8602 = AXIS2_PLACEMENT_3D('',#8603,#8604,#8605);
#8603 = CARTESIAN_POINT('',(-38.,-28.,47.3));
#8604 = DIRECTION('',(0.,0.,-1.));
#8605 = DIRECTION('',(0.4,0.916515138991,0.));
#8606 = PCURVE('',#6192,#8607);
#8607 = DEFINITIONAL_REPRESENTATION('',(#8608),#8612);
#8608 = LINE('',#8609,#8610);
#8609 = CARTESIAN_POINT('',(-7.442464787907,-12.));
#8610 = VECTOR('',#8611,1.);
#8611 = DIRECTION('',(1.,-0.));
#8612 = ( GEOMETRIC_REPRESENTATION_CONTEXT(2) 
PARAMETRIC_REPRESENTATION_CONTEXT() REPRESENTATION_CONTEXT('2D SPACE',''
  ) );
#8613 = PCURVE('',#8614,#8619);
#8614 = PLANE('',#8615);
#8615 = AXIS2_PLACEMENT_3D('',#8616,#8617,#8618);
#8616 = CARTESIAN_POINT('',(-38.,-28.,47.3));
#8617 = DIRECTION('',(0.,0.,1.));
#8618 = DIRECTION('',(1.,0.,-0.));
#8619 = DEFINITIONAL_REPRESENTATION('',(#8620),#8628);
#8620 = ( BOUNDED_CURVE() B_SPLINE_CURVE(2,(#8621,#8622,#8623,#8624,
#8625,#8626,#8627),.UNSPECIFIED.,.T.,.F.) B_SPLINE_CURVE_WITH_KNOTS((1,2
    ,2,2,2,1),(-2.094395102393,0.,2.094395102393,4.188790204786,
6.28318530718,8.377580409573),.UNSPECIFIED.) CURVE() 
GEOMETRIC_REPRESENTATION_ITEM() RATIONAL_B_SPLINE_CURVE((1.,0.5,1.,0.5,
1.,0.5,1.)) REPRESENTATION_ITEM('') );
#8621 = CARTESIAN_POINT('',(4.4,10.081666528903));
#8622 = CARTESIAN_POINT('',(21.861958653026,2.460642975599));
#8623 = CARTESIAN_POINT('',(6.530979326513,-8.851345041103));
#8624 = CARTESIAN_POINT('',(-8.800000000001,-20.1633330578));
#8625 = CARTESIAN_POINT('',(-10.93097932651,-1.2303214878));
#8626 = CARTESIAN_POINT('',(-13.06195865302,17.702690082206));
#8627 = CARTESIAN_POINT('',(4.4,10.081666528903));
#8628 = ( GEOMETRIC_REPRESENTATION_CONTEXT(2) 
PARAMETRIC_REPRESENTATION_CONTEXT() REPRESENTATION_CONTEXT('2D SPACE',''
  ) );
#8629 = ORIENTED_EDGE('',*,*,#8630,.T.);
#8630 = EDGE_CURVE('',#8598,#6172,#8631,.T.);
#8631 = SURFACE_CURVE('',#8632,(#8636,#8643),.PCURVE_S1.);
#8632 = LINE('',#8633,#8634);
#8633 = CARTESIAN_POINT('',(-41.34790249943,-38.47814625085,36.3));
#8634 = VECTOR('',#8635,1.);
#8635 = DIRECTION('',(-0.,-0.,-1.));
#8636 = PCURVE('',#6192,#8637);
#8637 = DEFINITIONAL_REPRESENTATION('',(#8638),#8642);
#8638 = LINE('',#8639,#8640);
#8639 = CARTESIAN_POINT('',(-4.403127986709,-1.));
#8640 = VECTOR('',#8641,1.);
#8641 = DIRECTION('',(-0.,1.));
#8642 = ( GEOMETRIC_REPRESENTATION_CONTEXT(2) 
PARAMETRIC_REPRESENTATION_CONTEXT() REPRESENTATION_CONTEXT('2D SPACE',''
  ) );
#8643 = PCURVE('',#6225,#8644);
#8644 = DEFINITIONAL_REPRESENTATION('',(#8645),#8649);
#8645 = LINE('',#8646,#8647);
#8646 = CARTESIAN_POINT('',(-6.00423198347,0.));
#8647 = VECTOR('',#8648,1.);
#8648 = DIRECTION('',(-0.,1.));
#8649 = ( GEOMETRIC_REPRESENTATION_CONTEXT(2) 
PARAMETRIC_REPRESENTATION_CONTEXT() REPRESENTATION_CONTEXT('2D SPACE',''
  ) );
#8650 = ORIENTED_EDGE('',*,*,#6169,.F.);
#8651 = ORIENTED_EDGE('',*,*,#8652,.T.);
#8652 = EDGE_CURVE('',#6170,#7474,#8653,.T.);
#8653 = SURFACE_CURVE('',#8654,(#8658,#8665),.PCURVE_S1.);
#8654 = LINE('',#8655,#8656);
#8655 = CARTESIAN_POINT('',(-33.6,-17.91833347109,35.3));
#8656 = VECTOR('',#8657,1.);
#8657 = DIRECTION('',(-0.,-0.,-1.));
#8658 = PCURVE('',#6192,#8659);
#8659 = DEFINITIONAL_REPRESENTATION('',(#8660),#8664);
#8660 = LINE('',#8661,#8662);
#8661 = CARTESIAN_POINT('',(-7.442464787907,0.));
#8662 = VECTOR('',#8663,1.);
#8663 = DIRECTION('',(-0.,1.));
#8664 = ( GEOMETRIC_REPRESENTATION_CONTEXT(2) 
PARAMETRIC_REPRESENTATION_CONTEXT() REPRESENTATION_CONTEXT('2D SPACE',''
  ) );
#8665 = PCURVE('',#6340,#8666);
#8666 = DEFINITIONAL_REPRESENTATION('',(#8667),#8671);
#8667 = LINE('',#8668,#8669);
#8668 = CARTESIAN_POINT('',(10.081666528903,0.));
#8669 = VECTOR('',#8670,1.);
#8670 = DIRECTION('',(0.,1.));
#8671 = ( GEOMETRIC_REPRESENTATION_CONTEXT(2) 
PARAMETRIC_REPRESENTATION_CONTEXT() REPRESENTATION_CONTEXT('2D SPACE',''
  ) );
#8672 = ADVANCED_FACE('',(#8673),#6340,.T.);
#8673 = FACE_BOUND('',#8674,.T.);
#8674 = EDGE_LOOP('',(#8675,#8676,#8677,#8678));
#8675 = ORIENTED_EDGE('',*,*,#7471,.T.);
#8676 = ORIENTED_EDGE('',*,*,#8652,.F.);
#8677 = ORIENTED_EDGE('',*,*,#6326,.F.);
#8678 = ORIENTED_EDGE('',*,*,#8679,.F.);
#8679 = EDGE_CURVE('',#7472,#6294,#8680,.T.);
#8680 = SURFACE_CURVE('',#8681,(#8685,#8692),.PCURVE_S1.);
#8681 = LINE('',#8682,#8683);
#8682 = CARTESIAN_POINT('',(-33.6,-14.,35.3));
#8683 = VECTOR('',#8684,1.);
#8684 = DIRECTION('',(0.,0.,1.));
#8685 = PCURVE('',#6340,#8686);
#8686 = DEFINITIONAL_REPRESENTATION('',(#8687),#8691);
#8687 = LINE('',#8688,#8689);
#8688 = CARTESIAN_POINT('',(14.,0.));
#8689 = VECTOR('',#8690,1.);
#8690 = DIRECTION('',(0.,-1.));
#8691 = ( GEOMETRIC_REPRESENTATION_CONTEXT(2) 
PARAMETRIC_REPRESENTATION_CONTEXT() REPRESENTATION_CONTEXT('2D SPACE',''
  ) );
#8692 = PCURVE('',#6314,#8693);
#8693 = DEFINITIONAL_REPRESENTATION('',(#8694),#8698);
#8694 = LINE('',#8695,#8696);
#8695 = CARTESIAN_POINT('',(-0.,0.));
#8696 = VECTOR('',#8697,1.);
#8697 = DIRECTION('',(-0.,-1.));
#8698 = ( GEOMETRIC_REPRESENTATION_CONTEXT(2) 
PARAMETRIC_REPRESENTATION_CONTEXT() REPRESENTATION_CONTEXT('2D SPACE',''
  ) );
#8699 = ADVANCED_FACE('',(#8700),#6225,.T.);
#8700 = FACE_BOUND('',#8701,.F.);
#8701 = EDGE_LOOP('',(#8702,#8703,#8704,#8705,#8733,#8756,#8783,#8784));
#8702 = ORIENTED_EDGE('',*,*,#8630,.T.);
#8703 = ORIENTED_EDGE('',*,*,#6204,.T.);
#8704 = ORIENTED_EDGE('',*,*,#8574,.F.);
#8705 = ORIENTED_EDGE('',*,*,#8706,.T.);
#8706 = EDGE_CURVE('',#8575,#8707,#8709,.T.);
#8707 = VERTEX_POINT('',#8708);
#8708 = CARTESIAN_POINT('',(-41.,-36.,47.3));
#8709 = SURFACE_CURVE('',#8710,(#8715,#8722),.PCURVE_S1.);
#8710 = CIRCLE('',#8711,9.);
#8711 = AXIS2_PLACEMENT_3D('',#8712,#8713,#8714);
#8712 = CARTESIAN_POINT('',(-50.,-36.,47.3));
#8713 = DIRECTION('',(0.,0.,-1.));
#8714 = DIRECTION('',(1.,0.,0.));
#8715 = PCURVE('',#6225,#8716);
#8716 = DEFINITIONAL_REPRESENTATION('',(#8717),#8721);
#8717 = LINE('',#8718,#8719);
#8718 = CARTESIAN_POINT('',(-6.28318530718,-11.));
#8719 = VECTOR('',#8720,1.);
#8720 = DIRECTION('',(1.,-0.));
#8721 = ( GEOMETRIC_REPRESENTATION_CONTEXT(2) 
PARAMETRIC_REPRESENTATION_CONTEXT() REPRESENTATION_CONTEXT('2D SPACE',''
  ) );
#8722 = PCURVE('',#8614,#8723);
#8723 = DEFINITIONAL_REPRESENTATION('',(#8724),#8732);
#8724 = ( BOUNDED_CURVE() B_SPLINE_CURVE(2,(#8725,#8726,#8727,#8728,
#8729,#8730,#8731),.UNSPECIFIED.,.T.,.F.) B_SPLINE_CURVE_WITH_KNOTS((1,2
    ,2,2,2,1),(-2.094395102393,0.,2.094395102393,4.188790204786,
6.28318530718,8.377580409573),.UNSPECIFIED.) CURVE() 
GEOMETRIC_REPRESENTATION_ITEM() RATIONAL_B_SPLINE_CURVE((1.,0.5,1.,0.5,
1.,0.5,1.)) REPRESENTATION_ITEM('') );
#8725 = CARTESIAN_POINT('',(-3.,-8.));
#8726 = CARTESIAN_POINT('',(-3.,-23.58845726812));
#8727 = CARTESIAN_POINT('',(-16.5,-15.79422863406));
#8728 = CARTESIAN_POINT('',(-30.,-8.));
#8729 = CARTESIAN_POINT('',(-16.5,-0.20577136594));
#8730 = CARTESIAN_POINT('',(-3.,7.58845726812));
#8731 = CARTESIAN_POINT('',(-3.,-8.));
#8732 = ( GEOMETRIC_REPRESENTATION_CONTEXT(2) 
PARAMETRIC_REPRESENTATION_CONTEXT() REPRESENTATION_CONTEXT('2D SPACE',''
  ) );
#8733 = ORIENTED_EDGE('',*,*,#8734,.T.);
#8734 = EDGE_CURVE('',#8707,#8735,#8737,.T.);
#8735 = VERTEX_POINT('',#8736);
#8736 = CARTESIAN_POINT('',(-41.,-36.,52.3));
#8737 = SEAM_CURVE('',#8738,(#8742,#8749),.PCURVE_S1.);
#8738 = LINE('',#8739,#8740);
#8739 = CARTESIAN_POINT('',(-41.,-36.,36.3));
#8740 = VECTOR('',#8741,1.);
#8741 = DIRECTION('',(0.,0.,1.));
#8742 = PCURVE('',#6225,#8743);
#8743 = DEFINITIONAL_REPRESENTATION('',(#8744),#8748);
#8744 = LINE('',#8745,#8746);
#8745 = CARTESIAN_POINT('',(-6.28318530718,0.));
#8746 = VECTOR('',#8747,1.);
#8747 = DIRECTION('',(-0.,-1.));
#8748 = ( GEOMETRIC_REPRESENTATION_CONTEXT(2) 
PARAMETRIC_REPRESENTATION_CONTEXT() REPRESENTATION_CONTEXT('2D SPACE',''
  ) );
#8749 = PCURVE('',#6225,#8750);
#8750 = DEFINITIONAL_REPRESENTATION('',(#8751),#8755);
#8751 = LINE('',#8752,#8753);
#8752 = CARTESIAN_POINT('',(-0.,0.));
#8753 = VECTOR('',#8754,1.);
#8754 = DIRECTION('',(-0.,-1.));
#8755 = ( GEOMETRIC_REPRESENTATION_CONTEXT(2) 
PARAMETRIC_REPRESENTATION_CONTEXT() REPRESENTATION_CONTEXT('2D SPACE',''
  ) );
#8756 = ORIENTED_EDGE('',*,*,#8757,.T.);
#8757 = EDGE_CURVE('',#8735,#8735,#8758,.T.);
#8758 = SURFACE_CURVE('',#8759,(#8764,#8771),.PCURVE_S1.);
#8759 = CIRCLE('',#8760,9.);
#8760 = AXIS2_PLACEMENT_3D('',#8761,#8762,#8763);
#8761 = CARTESIAN_POINT('',(-50.,-36.,52.3));
#8762 = DIRECTION('',(0.,0.,1.));
#8763 = DIRECTION('',(1.,0.,0.));
#8764 = PCURVE('',#6225,#8765);
#8765 = DEFINITIONAL_REPRESENTATION('',(#8766),#8770);
#8766 = LINE('',#8767,#8768);
#8767 = CARTESIAN_POINT('',(-0.,-16.));
#8768 = VECTOR('',#8769,1.);
#8769 = DIRECTION('',(-1.,0.));
#8770 = ( GEOMETRIC_REPRESENTATION_CONTEXT(2) 
PARAMETRIC_REPRESENTATION_CONTEXT() REPRESENTATION_CONTEXT('2D SPACE',''
  ) );
#8771 = PCURVE('',#8772,#8777);
#8772 = PLANE('',#8773);
#8773 = AXIS2_PLACEMENT_3D('',#8774,#8775,#8776);
#8774 = CARTESIAN_POINT('',(-50.,-36.,52.3));
#8775 = DIRECTION('',(0.,0.,1.));
#8776 = DIRECTION('',(1.,0.,-0.));
#8777 = DEFINITIONAL_REPRESENTATION('',(#8778),#8782);
#8778 = CIRCLE('',#8779,9.);
#8779 = AXIS2_PLACEMENT_2D('',#8780,#8781);
#8780 = CARTESIAN_POINT('',(-7.105427357601E-15,7.105427357601E-15));
#8781 = DIRECTION('',(1.,0.));
#8782 = ( GEOMETRIC_REPRESENTATION_CONTEXT(2) 
PARAMETRIC_REPRESENTATION_CONTEXT() REPRESENTATION_CONTEXT('2D SPACE',''
  ) );
#8783 = ORIENTED_EDGE('',*,*,#8734,.F.);
#8784 = ORIENTED_EDGE('',*,*,#8785,.T.);
#8785 = EDGE_CURVE('',#8707,#8598,#8786,.T.);
#8786 = SURFACE_CURVE('',#8787,(#8792,#8799),.PCURVE_S1.);
#8787 = CIRCLE('',#8788,9.);
#8788 = AXIS2_PLACEMENT_3D('',#8789,#8790,#8791);
#8789 = CARTESIAN_POINT('',(-50.,-36.,47.3));
#8790 = DIRECTION('',(0.,0.,-1.));
#8791 = DIRECTION('',(1.,0.,0.));
#8792 = PCURVE('',#6225,#8793);
#8793 = DEFINITIONAL_REPRESENTATION('',(#8794),#8798);
#8794 = LINE('',#8795,#8796);
#8795 = CARTESIAN_POINT('',(-6.28318530718,-11.));
#8796 = VECTOR('',#8797,1.);
#8797 = DIRECTION('',(1.,-0.));
#8798 = ( GEOMETRIC_REPRESENTATION_CONTEXT(2) 
PARAMETRIC_REPRESENTATION_CONTEXT() REPRESENTATION_CONTEXT('2D SPACE',''
  ) );
#8799 = PCURVE('',#8614,#8800);
#8800 = DEFINITIONAL_REPRESENTATION('',(#8801),#8809);
#8801 = ( BOUNDED_CURVE() B_SPLINE_CURVE(2,(#8802,#8803,#8804,#8805,
#8806,#8807,#8808),.UNSPECIFIED.,.T.,.F.) B_SPLINE_CURVE_WITH_KNOTS((1,2
    ,2,2,2,1),(-2.094395102393,0.,2.094395102393,4.188790204786,
6.28318530718,8.377580409573),.UNSPECIFIED.) CURVE() 
GEOMETRIC_REPRESENTATION_ITEM() RATIONAL_B_SPLINE_CURVE((1.,0.5,1.,0.5,
1.,0.5,1.)) REPRESENTATION_ITEM('') );
#8802 = CARTESIAN_POINT('',(-3.,-8.));
#8803 = CARTESIAN_POINT('',(-3.,-23.58845726812));
#8804 = CARTESIAN_POINT('',(-16.5,-15.79422863406));
#8805 = CARTESIAN_POINT('',(-30.,-8.));
#8806 = CARTESIAN_POINT('',(-16.5,-0.20577136594));
#8807 = CARTESIAN_POINT('',(-3.,7.58845726812));
#8808 = CARTESIAN_POINT('',(-3.,-8.));
#8809 = ( GEOMETRIC_REPRESENTATION_CONTEXT(2) 
PARAMETRIC_REPRESENTATION_CONTEXT() REPRESENTATION_CONTEXT('2D SPACE',''
  ) );
#8810 = ADVANCED_FACE('',(#8811),#6314,.F.);
#8811 = FACE_BOUND('',#8812,.T.);
#8812 = EDGE_LOOP('',(#8813,#8814,#8815,#8816));
#8813 = ORIENTED_EDGE('',*,*,#7547,.T.);
#8814 = ORIENTED_EDGE('',*,*,#8679,.T.);
#8815 = ORIENTED_EDGE('',*,*,#6293,.F.);
#8816 = ORIENTED_EDGE('',*,*,#8817,.F.);
#8817 = EDGE_CURVE('',#7525,#6266,#8818,.T.);
#8818 = SURFACE_CURVE('',#8819,(#8823,#8830),.PCURVE_S1.);
#8819 = LINE('',#8820,#8821);
#8820 = CARTESIAN_POINT('',(-42.4,-14.,35.3));
#8821 = VECTOR('',#8822,1.);
#8822 = DIRECTION('',(0.,0.,1.));
#8823 = PCURVE('',#6314,#8824);
#8824 = DEFINITIONAL_REPRESENTATION('',(#8825),#8829);
#8825 = LINE('',#8826,#8827);
#8826 = CARTESIAN_POINT('',(-3.14159265359,0.));
#8827 = VECTOR('',#8828,1.);
#8828 = DIRECTION('',(-0.,-1.));
#8829 = ( GEOMETRIC_REPRESENTATION_CONTEXT(2) 
PARAMETRIC_REPRESENTATION_CONTEXT() REPRESENTATION_CONTEXT('2D SPACE',''
  ) );
#8830 = PCURVE('',#6281,#8831);
#8831 = DEFINITIONAL_REPRESENTATION('',(#8832),#8836);
#8832 = LINE('',#8833,#8834);
#8833 = CARTESIAN_POINT('',(0.,0.));
#8834 = VECTOR('',#8835,1.);
#8835 = DIRECTION('',(0.,-1.));
#8836 = ( GEOMETRIC_REPRESENTATION_CONTEXT(2) 
PARAMETRIC_REPRESENTATION_CONTEXT() REPRESENTATION_CONTEXT('2D SPACE',''
  ) );
#8837 = ADVANCED_FACE('',(#8838),#6281,.T.);
#8838 = FACE_BOUND('',#8839,.T.);
#8839 = EDGE_LOOP('',(#8840,#8841,#8842,#8843));
#8840 = ORIENTED_EDGE('',*,*,#7524,.T.);
#8841 = ORIENTED_EDGE('',*,*,#8817,.T.);
#8842 = ORIENTED_EDGE('',*,*,#6265,.F.);
#8843 = ORIENTED_EDGE('',*,*,#8552,.T.);
#8844 = ADVANCED_FACE('',(#8845),#6377,.T.);
#8845 = FACE_BOUND('',#8846,.F.);
#8846 = EDGE_LOOP('',(#8847,#8870,#8871,#8894,#8927,#8948,#8949,#8950));
#8847 = ORIENTED_EDGE('',*,*,#8848,.F.);
#8848 = EDGE_CURVE('',#6357,#8849,#8851,.T.);
#8849 = VERTEX_POINT('',#8850);
#8850 = CARTESIAN_POINT('',(59.,-36.,52.3));
#8851 = SEAM_CURVE('',#8852,(#8856,#8863),.PCURVE_S1.);
#8852 = LINE('',#8853,#8854);
#8853 = CARTESIAN_POINT('',(59.,-36.,36.3));
#8854 = VECTOR('',#8855,1.);
#8855 = DIRECTION('',(0.,0.,1.));
#8856 = PCURVE('',#6377,#8857);
#8857 = DEFINITIONAL_REPRESENTATION('',(#8858),#8862);
#8858 = LINE('',#8859,#8860);
#8859 = CARTESIAN_POINT('',(-6.28318530718,0.));
#8860 = VECTOR('',#8861,1.);
#8861 = DIRECTION('',(-0.,-1.));
#8862 = ( GEOMETRIC_REPRESENTATION_CONTEXT(2) 
PARAMETRIC_REPRESENTATION_CONTEXT() REPRESENTATION_CONTEXT('2D SPACE',''
  ) );
#8863 = PCURVE('',#6377,#8864);
#8864 = DEFINITIONAL_REPRESENTATION('',(#8865),#8869);
#8865 = LINE('',#8866,#8867);
#8866 = CARTESIAN_POINT('',(-0.,0.));
#8867 = VECTOR('',#8868,1.);
#8868 = DIRECTION('',(-0.,-1.));
#8869 = ( GEOMETRIC_REPRESENTATION_CONTEXT(2) 
PARAMETRIC_REPRESENTATION_CONTEXT() REPRESENTATION_CONTEXT('2D SPACE',''
  ) );
#8870 = ORIENTED_EDGE('',*,*,#6389,.T.);
#8871 = ORIENTED_EDGE('',*,*,#8872,.F.);
#8872 = EDGE_CURVE('',#8873,#6390,#8875,.T.);
#8873 = VERTEX_POINT('',#8874);
#8874 = CARTESIAN_POINT('',(41.34790249943,-38.47814625085,47.3));
#8875 = SURFACE_CURVE('',#8876,(#8880,#8887),.PCURVE_S1.);
#8876 = LINE('',#8877,#8878);
#8877 = CARTESIAN_POINT('',(41.34790249943,-38.47814625085,36.3));
#8878 = VECTOR('',#8879,1.);
#8879 = DIRECTION('',(-0.,-0.,-1.));
#8880 = PCURVE('',#6377,#8881);
#8881 = DEFINITIONAL_REPRESENTATION('',(#8882),#8886);
#8882 = LINE('',#8883,#8884);
#8883 = CARTESIAN_POINT('',(-3.420545977299,0.));
#8884 = VECTOR('',#8885,1.);
#8885 = DIRECTION('',(-0.,1.));
#8886 = ( GEOMETRIC_REPRESENTATION_CONTEXT(2) 
PARAMETRIC_REPRESENTATION_CONTEXT() REPRESENTATION_CONTEXT('2D SPACE',''
  ) );
#8887 = PCURVE('',#6438,#8888);
#8888 = DEFINITIONAL_REPRESENTATION('',(#8889),#8893);
#8889 = LINE('',#8890,#8891);
#8890 = CARTESIAN_POINT('',(-5.02164997406,-1.));
#8891 = VECTOR('',#8892,1.);
#8892 = DIRECTION('',(-0.,1.));
#8893 = ( GEOMETRIC_REPRESENTATION_CONTEXT(2) 
PARAMETRIC_REPRESENTATION_CONTEXT() REPRESENTATION_CONTEXT('2D SPACE',''
  ) );
#8894 = ORIENTED_EDGE('',*,*,#8895,.T.);
#8895 = EDGE_CURVE('',#8873,#8896,#8898,.T.);
#8896 = VERTEX_POINT('',#8897);
#8897 = CARTESIAN_POINT('',(48.959789808262,-27.0603152876,47.3));
#8898 = SURFACE_CURVE('',#8899,(#8904,#8911),.PCURVE_S1.);
#8899 = CIRCLE('',#8900,9.);
#8900 = AXIS2_PLACEMENT_3D('',#8901,#8902,#8903);
#8901 = CARTESIAN_POINT('',(50.,-36.,47.3));
#8902 = DIRECTION('',(0.,0.,-1.));
#8903 = DIRECTION('',(1.,0.,0.));
#8904 = PCURVE('',#6377,#8905);
#8905 = DEFINITIONAL_REPRESENTATION('',(#8906),#8910);
#8906 = LINE('',#8907,#8908);
#8907 = CARTESIAN_POINT('',(-6.28318530718,-11.));
#8908 = VECTOR('',#8909,1.);
#8909 = DIRECTION('',(1.,-0.));
#8910 = ( GEOMETRIC_REPRESENTATION_CONTEXT(2) 
PARAMETRIC_REPRESENTATION_CONTEXT() REPRESENTATION_CONTEXT('2D SPACE',''
  ) );
#8911 = PCURVE('',#8912,#8917);
#8912 = PLANE('',#8913);
#8913 = AXIS2_PLACEMENT_3D('',#8914,#8915,#8916);
#8914 = CARTESIAN_POINT('',(38.,-28.,47.3));
#8915 = DIRECTION('',(0.,0.,1.));
#8916 = DIRECTION('',(1.,0.,-0.));
#8917 = DEFINITIONAL_REPRESENTATION('',(#8918),#8926);
#8918 = ( BOUNDED_CURVE() B_SPLINE_CURVE(2,(#8919,#8920,#8921,#8922,
#8923,#8924,#8925),.UNSPECIFIED.,.T.,.F.) B_SPLINE_CURVE_WITH_KNOTS((1,2
    ,2,2,2,1),(-2.094395102393,0.,2.094395102393,4.188790204786,
6.28318530718,8.377580409573),.UNSPECIFIED.) CURVE() 
GEOMETRIC_REPRESENTATION_ITEM() RATIONAL_B_SPLINE_CURVE((1.,0.5,1.,0.5,
1.,0.5,1.)) REPRESENTATION_ITEM('') );
#8919 = CARTESIAN_POINT('',(21.,-8.));
#8920 = CARTESIAN_POINT('',(21.,-23.58845726812));
#8921 = CARTESIAN_POINT('',(7.5,-15.79422863406));
#8922 = CARTESIAN_POINT('',(-6.,-8.));
#8923 = CARTESIAN_POINT('',(7.5,-0.20577136594));
#8924 = CARTESIAN_POINT('',(21.,7.58845726812));
#8925 = CARTESIAN_POINT('',(21.,-8.));
#8926 = ( GEOMETRIC_REPRESENTATION_CONTEXT(2) 
PARAMETRIC_REPRESENTATION_CONTEXT() REPRESENTATION_CONTEXT('2D SPACE',''
  ) );
#8927 = ORIENTED_EDGE('',*,*,#8928,.T.);
#8928 = EDGE_CURVE('',#8896,#6355,#8929,.T.);
#8929 = SURFACE_CURVE('',#8930,(#8934,#8941),.PCURVE_S1.);
#8930 = LINE('',#8931,#8932);
#8931 = CARTESIAN_POINT('',(48.959789808262,-27.0603152876,36.3));
#8932 = VECTOR('',#8933,1.);
#8933 = DIRECTION('',(-0.,-0.,-1.));
#8934 = PCURVE('',#6377,#8935);
#8935 = DEFINITIONAL_REPRESENTATION('',(#8936),#8940);
#8936 = LINE('',#8937,#8938);
#8937 = CARTESIAN_POINT('',(-1.686634122785,0.));
#8938 = VECTOR('',#8939,1.);
#8939 = DIRECTION('',(-0.,1.));
#8940 = ( GEOMETRIC_REPRESENTATION_CONTEXT(2) 
PARAMETRIC_REPRESENTATION_CONTEXT() REPRESENTATION_CONTEXT('2D SPACE',''
  ) );
#8941 = PCURVE('',#6438,#8942);
#8942 = DEFINITIONAL_REPRESENTATION('',(#8943),#8947);
#8943 = LINE('',#8944,#8945);
#8944 = CARTESIAN_POINT('',(-6.368715433204,-1.));
#8945 = VECTOR('',#8946,1.);
#8946 = DIRECTION('',(-0.,1.));
#8947 = ( GEOMETRIC_REPRESENTATION_CONTEXT(2) 
PARAMETRIC_REPRESENTATION_CONTEXT() REPRESENTATION_CONTEXT('2D SPACE',''
  ) );
#8948 = ORIENTED_EDGE('',*,*,#6354,.T.);
#8949 = ORIENTED_EDGE('',*,*,#8848,.T.);
#8950 = ORIENTED_EDGE('',*,*,#8951,.T.);
#8951 = EDGE_CURVE('',#8849,#8849,#8952,.T.);
#8952 = SURFACE_CURVE('',#8953,(#8958,#8965),.PCURVE_S1.);
#8953 = CIRCLE('',#8954,9.);
#8954 = AXIS2_PLACEMENT_3D('',#8955,#8956,#8957);
#8955 = CARTESIAN_POINT('',(50.,-36.,52.3));
#8956 = DIRECTION('',(0.,0.,1.));
#8957 = DIRECTION('',(1.,0.,0.));
#8958 = PCURVE('',#6377,#8959);
#8959 = DEFINITIONAL_REPRESENTATION('',(#8960),#8964);
#8960 = LINE('',#8961,#8962);
#8961 = CARTESIAN_POINT('',(-0.,-16.));
#8962 = VECTOR('',#8963,1.);
#8963 = DIRECTION('',(-1.,0.));
#8964 = ( GEOMETRIC_REPRESENTATION_CONTEXT(2) 
PARAMETRIC_REPRESENTATION_CONTEXT() REPRESENTATION_CONTEXT('2D SPACE',''
  ) );
#8965 = PCURVE('',#8966,#8971);
#8966 = PLANE('',#8967);
#8967 = AXIS2_PLACEMENT_3D('',#8968,#8969,#8970);
#8968 = CARTESIAN_POINT('',(50.,-36.,52.3));
#8969 = DIRECTION('',(0.,0.,1.));
#8970 = DIRECTION('',(1.,0.,-0.));
#8971 = DEFINITIONAL_REPRESENTATION('',(#8972),#8976);
#8972 = CIRCLE('',#8973,9.);
#8973 = AXIS2_PLACEMENT_2D('',#8974,#8975);
#8974 = CARTESIAN_POINT('',(-7.105427357601E-15,7.105427357601E-15));
#8975 = DIRECTION('',(1.,0.));
#8976 = ( GEOMETRIC_REPRESENTATION_CONTEXT(2) 
PARAMETRIC_REPRESENTATION_CONTEXT() REPRESENTATION_CONTEXT('2D SPACE',''
  ) );
#8977 = ADVANCED_FACE('',(#8978),#6438,.F.);
#8978 = FACE_BOUND('',#8979,.T.);
#8979 = EDGE_LOOP('',(#8980,#8981,#9002,#9003,#9004,#9030,#9031,#9032));
#8980 = ORIENTED_EDGE('',*,*,#7749,.T.);
#8981 = ORIENTED_EDGE('',*,*,#8982,.F.);
#8982 = EDGE_CURVE('',#6418,#7750,#8983,.T.);
#8983 = SURFACE_CURVE('',#8984,(#8988,#8995),.PCURVE_S1.);
#8984 = LINE('',#8985,#8986);
#8985 = CARTESIAN_POINT('',(33.6,-17.91833347109,35.3));
#8986 = VECTOR('',#8987,1.);
#8987 = DIRECTION('',(-0.,-0.,-1.));
#8988 = PCURVE('',#6438,#8989);
#8989 = DEFINITIONAL_REPRESENTATION('',(#8990),#8994);
#8990 = LINE('',#8991,#8992);
#8991 = CARTESIAN_POINT('',(-1.982313172862,0.));
#8992 = VECTOR('',#8993,1.);
#8993 = DIRECTION('',(-0.,1.));
#8994 = ( GEOMETRIC_REPRESENTATION_CONTEXT(2) 
PARAMETRIC_REPRESENTATION_CONTEXT() REPRESENTATION_CONTEXT('2D SPACE',''
  ) );
#8995 = PCURVE('',#6466,#8996);
#8996 = DEFINITIONAL_REPRESENTATION('',(#8997),#9001);
#8997 = LINE('',#8998,#8999);
#8998 = CARTESIAN_POINT('',(3.918333471097,0.));
#8999 = VECTOR('',#9000,1.);
#9000 = DIRECTION('',(0.,1.));
#9001 = ( GEOMETRIC_REPRESENTATION_CONTEXT(2) 
PARAMETRIC_REPRESENTATION_CONTEXT() REPRESENTATION_CONTEXT('2D SPACE',''
  ) );
#9002 = ORIENTED_EDGE('',*,*,#6417,.F.);
#9003 = ORIENTED_EDGE('',*,*,#8872,.F.);
#9004 = ORIENTED_EDGE('',*,*,#9005,.F.);
#9005 = EDGE_CURVE('',#8896,#8873,#9006,.T.);
#9006 = SURFACE_CURVE('',#9007,(#9012,#9019),.PCURVE_S1.);
#9007 = CIRCLE('',#9008,11.);
#9008 = AXIS2_PLACEMENT_3D('',#9009,#9010,#9011);
#9009 = CARTESIAN_POINT('',(38.,-28.,47.3));
#9010 = DIRECTION('',(0.,0.,-1.));
#9011 = DIRECTION('',(0.4,0.916515138991,0.));
#9012 = PCURVE('',#6438,#9013);
#9013 = DEFINITIONAL_REPRESENTATION('',(#9014),#9018);
#9014 = LINE('',#9015,#9016);
#9015 = CARTESIAN_POINT('',(-7.442464787907,-12.));
#9016 = VECTOR('',#9017,1.);
#9017 = DIRECTION('',(1.,-0.));
#9018 = ( GEOMETRIC_REPRESENTATION_CONTEXT(2) 
PARAMETRIC_REPRESENTATION_CONTEXT() REPRESENTATION_CONTEXT('2D SPACE',''
  ) );
#9019 = PCURVE('',#8912,#9020);
#9020 = DEFINITIONAL_REPRESENTATION('',(#9021),#9029);
#9021 = ( BOUNDED_CURVE() B_SPLINE_CURVE(2,(#9022,#9023,#9024,#9025,
#9026,#9027,#9028),.UNSPECIFIED.,.T.,.F.) B_SPLINE_CURVE_WITH_KNOTS((1,2
    ,2,2,2,1),(-2.094395102393,0.,2.094395102393,4.188790204786,
6.28318530718,8.377580409573),.UNSPECIFIED.) CURVE() 
GEOMETRIC_REPRESENTATION_ITEM() RATIONAL_B_SPLINE_CURVE((1.,0.5,1.,0.5,
1.,0.5,1.)) REPRESENTATION_ITEM('') );
#9022 = CARTESIAN_POINT('',(4.4,10.081666528903));
#9023 = CARTESIAN_POINT('',(21.861958653026,2.460642975599));
#9024 = CARTESIAN_POINT('',(6.530979326513,-8.851345041103));
#9025 = CARTESIAN_POINT('',(-8.800000000001,-20.1633330578));
#9026 = CARTESIAN_POINT('',(-10.93097932651,-1.2303214878));
#9027 = CARTESIAN_POINT('',(-13.06195865302,17.702690082206));
#9028 = CARTESIAN_POINT('',(4.4,10.081666528903));
#9029 = ( GEOMETRIC_REPRESENTATION_CONTEXT(2) 
PARAMETRIC_REPRESENTATION_CONTEXT() REPRESENTATION_CONTEXT('2D SPACE',''
  ) );
#9030 = ORIENTED_EDGE('',*,*,#8928,.T.);
#9031 = ORIENTED_EDGE('',*,*,#6539,.F.);
#9032 = ORIENTED_EDGE('',*,*,#9033,.T.);
#9033 = EDGE_CURVE('',#6512,#7727,#9034,.T.);
#9034 = SURFACE_CURVE('',#9035,(#9039,#9046),.PCURVE_S1.);
#9035 = LINE('',#9036,#9037);
#9036 = CARTESIAN_POINT('',(42.4,-17.91833347109,35.3));
#9037 = VECTOR('',#9038,1.);
#9038 = DIRECTION('',(-0.,-0.,-1.));
#9039 = PCURVE('',#6438,#9040);
#9040 = DEFINITIONAL_REPRESENTATION('',(#9041),#9045);
#9041 = LINE('',#9042,#9043);
#9042 = CARTESIAN_POINT('',(-7.442464787907,0.));
#9043 = VECTOR('',#9044,1.);
#9044 = DIRECTION('',(-0.,1.));
#9045 = ( GEOMETRIC_REPRESENTATION_CONTEXT(2) 
PARAMETRIC_REPRESENTATION_CONTEXT() REPRESENTATION_CONTEXT('2D SPACE',''
  ) );
#9046 = PCURVE('',#6527,#9047);
#9047 = DEFINITIONAL_REPRESENTATION('',(#9048),#9052);
#9048 = LINE('',#9049,#9050);
#9049 = CARTESIAN_POINT('',(10.081666528903,0.));
#9050 = VECTOR('',#9051,1.);
#9051 = DIRECTION('',(0.,1.));
#9052 = ( GEOMETRIC_REPRESENTATION_CONTEXT(2) 
PARAMETRIC_REPRESENTATION_CONTEXT() REPRESENTATION_CONTEXT('2D SPACE',''
  ) );
#9053 = ADVANCED_FACE('',(#9054),#6527,.T.);
#9054 = FACE_BOUND('',#9055,.T.);
#9055 = EDGE_LOOP('',(#9056,#9057,#9058,#9059));
#9056 = ORIENTED_EDGE('',*,*,#7724,.T.);
#9057 = ORIENTED_EDGE('',*,*,#9033,.F.);
#9058 = ORIENTED_EDGE('',*,*,#6511,.F.);
#9059 = ORIENTED_EDGE('',*,*,#9060,.F.);
#9060 = EDGE_CURVE('',#7725,#6479,#9061,.T.);
#9061 = SURFACE_CURVE('',#9062,(#9066,#9073),.PCURVE_S1.);
#9062 = LINE('',#9063,#9064);
#9063 = CARTESIAN_POINT('',(42.4,-14.,35.3));
#9064 = VECTOR('',#9065,1.);
#9065 = DIRECTION('',(0.,0.,1.));
#9066 = PCURVE('',#6527,#9067);
#9067 = DEFINITIONAL_REPRESENTATION('',(#9068),#9072);
#9068 = LINE('',#9069,#9070);
#9069 = CARTESIAN_POINT('',(14.,0.));
#9070 = VECTOR('',#9071,1.);
#9071 = DIRECTION('',(0.,-1.));
#9072 = ( GEOMETRIC_REPRESENTATION_CONTEXT(2) 
PARAMETRIC_REPRESENTATION_CONTEXT() REPRESENTATION_CONTEXT('2D SPACE',''
  ) );
#9073 = PCURVE('',#6499,#9074);
#9074 = DEFINITIONAL_REPRESENTATION('',(#9075),#9079);
#9075 = LINE('',#9076,#9077);
#9076 = CARTESIAN_POINT('',(-0.,0.));
#9077 = VECTOR('',#9078,1.);
#9078 = DIRECTION('',(-0.,-1.));
#9079 = ( GEOMETRIC_REPRESENTATION_CONTEXT(2) 
PARAMETRIC_REPRESENTATION_CONTEXT() REPRESENTATION_CONTEXT('2D SPACE',''
  ) );
#9080 = ADVANCED_FACE('',(#9081),#6499,.F.);
#9081 = FACE_BOUND('',#9082,.T.);
#9082 = EDGE_LOOP('',(#9083,#9084,#9085,#9086));
#9083 = ORIENTED_EDGE('',*,*,#7800,.T.);
#9084 = ORIENTED_EDGE('',*,*,#9060,.T.);
#9085 = ORIENTED_EDGE('',*,*,#6478,.F.);
#9086 = ORIENTED_EDGE('',*,*,#9087,.F.);
#9087 = EDGE_CURVE('',#7778,#6451,#9088,.T.);
#9088 = SURFACE_CURVE('',#9089,(#9093,#9100),.PCURVE_S1.);
#9089 = LINE('',#9090,#9091);
#9090 = CARTESIAN_POINT('',(33.6,-14.,35.3));
#9091 = VECTOR('',#9092,1.);
#9092 = DIRECTION('',(0.,0.,1.));
#9093 = PCURVE('',#6499,#9094);
#9094 = DEFINITIONAL_REPRESENTATION('',(#9095),#9099);
#9095 = LINE('',#9096,#9097);
#9096 = CARTESIAN_POINT('',(-3.14159265359,0.));
#9097 = VECTOR('',#9098,1.);
#9098 = DIRECTION('',(-0.,-1.));
#9099 = ( GEOMETRIC_REPRESENTATION_CONTEXT(2) 
PARAMETRIC_REPRESENTATION_CONTEXT() REPRESENTATION_CONTEXT('2D SPACE',''
  ) );
#9100 = PCURVE('',#6466,#9101);
#9101 = DEFINITIONAL_REPRESENTATION('',(#9102),#9106);
#9102 = LINE('',#9103,#9104);
#9103 = CARTESIAN_POINT('',(0.,0.));
#9104 = VECTOR('',#9105,1.);
#9105 = DIRECTION('',(0.,-1.));
#9106 = ( GEOMETRIC_REPRESENTATION_CONTEXT(2) 
PARAMETRIC_REPRESENTATION_CONTEXT() REPRESENTATION_CONTEXT('2D SPACE',''
  ) );
#9107 = ADVANCED_FACE('',(#9108),#6466,.T.);
#9108 = FACE_BOUND('',#9109,.T.);
#9109 = EDGE_LOOP('',(#9110,#9111,#9112,#9113));
#9110 = ORIENTED_EDGE('',*,*,#7777,.T.);
#9111 = ORIENTED_EDGE('',*,*,#9087,.T.);
#9112 = ORIENTED_EDGE('',*,*,#6450,.F.);
#9113 = ORIENTED_EDGE('',*,*,#8982,.T.);
#9114 = ADVANCED_FACE('',(#9115),#6585,.T.);
#9115 = FACE_BOUND('',#9116,.T.);
#9116 = EDGE_LOOP('',(#9117,#9118,#9139,#9140));
#9117 = ORIENTED_EDGE('',*,*,#7828,.T.);
#9118 = ORIENTED_EDGE('',*,*,#9119,.F.);
#9119 = EDGE_CURVE('',#6570,#7831,#9120,.T.);
#9120 = SURFACE_CURVE('',#9121,(#9125,#9132),.PCURVE_S1.);
#9121 = LINE('',#9122,#9123);
#9122 = CARTESIAN_POINT('',(-33.6,38.081666528903,35.3));
#9123 = VECTOR('',#9124,1.);
#9124 = DIRECTION('',(-0.,-0.,-1.));
#9125 = PCURVE('',#6585,#9126);
#9126 = DEFINITIONAL_REPRESENTATION('',(#9127),#9131);
#9127 = LINE('',#9128,#9129);
#9128 = CARTESIAN_POINT('',(10.081666528903,0.));
#9129 = VECTOR('',#9130,1.);
#9130 = DIRECTION('',(0.,1.));
#9131 = ( GEOMETRIC_REPRESENTATION_CONTEXT(2) 
PARAMETRIC_REPRESENTATION_CONTEXT() REPRESENTATION_CONTEXT('2D SPACE',''
  ) );
#9132 = PCURVE('',#6618,#9133);
#9133 = DEFINITIONAL_REPRESENTATION('',(#9134),#9138);
#9134 = LINE('',#9135,#9136);
#9135 = CARTESIAN_POINT('',(-7.442464787907,0.));
#9136 = VECTOR('',#9137,1.);
#9137 = DIRECTION('',(-0.,1.));
#9138 = ( GEOMETRIC_REPRESENTATION_CONTEXT(2) 
PARAMETRIC_REPRESENTATION_CONTEXT() REPRESENTATION_CONTEXT('2D SPACE',''
  ) );
#9139 = ORIENTED_EDGE('',*,*,#6567,.F.);
#9140 = ORIENTED_EDGE('',*,*,#9141,.F.);
#9141 = EDGE_CURVE('',#7829,#6568,#9142,.T.);
#9142 = SURFACE_CURVE('',#9143,(#9147,#9154),.PCURVE_S1.);
#9143 = LINE('',#9144,#9145);
#9144 = CARTESIAN_POINT('',(-33.6,42.,35.3));
#9145 = VECTOR('',#9146,1.);
#9146 = DIRECTION('',(0.,0.,1.));
#9147 = PCURVE('',#6585,#9148);
#9148 = DEFINITIONAL_REPRESENTATION('',(#9149),#9153);
#9149 = LINE('',#9150,#9151);
#9150 = CARTESIAN_POINT('',(14.,0.));
#9151 = VECTOR('',#9152,1.);
#9152 = DIRECTION('',(0.,-1.));
#9153 = ( GEOMETRIC_REPRESENTATION_CONTEXT(2) 
PARAMETRIC_REPRESENTATION_CONTEXT() REPRESENTATION_CONTEXT('2D SPACE',''
  ) );
#9154 = PCURVE('',#6677,#9155);
#9155 = DEFINITIONAL_REPRESENTATION('',(#9156),#9160);
#9156 = LINE('',#9157,#9158);
#9157 = CARTESIAN_POINT('',(-0.,0.));
#9158 = VECTOR('',#9159,1.);
#9159 = DIRECTION('',(-0.,-1.));
#9160 = ( GEOMETRIC_REPRESENTATION_CONTEXT(2) 
PARAMETRIC_REPRESENTATION_CONTEXT() REPRESENTATION_CONTEXT('2D SPACE',''
  ) );
#9161 = ADVANCED_FACE('',(#9162),#6677,.F.);
#9162 = FACE_BOUND('',#9163,.T.);
#9163 = EDGE_LOOP('',(#9164,#9165,#9166,#9167));
#9164 = ORIENTED_EDGE('',*,*,#7904,.T.);
#9165 = ORIENTED_EDGE('',*,*,#9141,.T.);
#9166 = ORIENTED_EDGE('',*,*,#6658,.F.);
#9167 = ORIENTED_EDGE('',*,*,#9168,.F.);
#9168 = EDGE_CURVE('',#7882,#6631,#9169,.T.);
#9169 = SURFACE_CURVE('',#9170,(#9174,#9181),.PCURVE_S1.);
#9170 = LINE('',#9171,#9172);
#9171 = CARTESIAN_POINT('',(-42.4,42.,35.3));
#9172 = VECTOR('',#9173,1.);
#9173 = DIRECTION('',(0.,0.,1.));
#9174 = PCURVE('',#6677,#9175);
#9175 = DEFINITIONAL_REPRESENTATION('',(#9176),#9180);
#9176 = LINE('',#9177,#9178);
#9177 = CARTESIAN_POINT('',(-3.14159265359,0.));
#9178 = VECTOR('',#9179,1.);
#9179 = DIRECTION('',(-0.,-1.));
#9180 = ( GEOMETRIC_REPRESENTATION_CONTEXT(2) 
PARAMETRIC_REPRESENTATION_CONTEXT() REPRESENTATION_CONTEXT('2D SPACE',''
  ) );
#9181 = PCURVE('',#6646,#9182);
#9182 = DEFINITIONAL_REPRESENTATION('',(#9183),#9187);
#9183 = LINE('',#9184,#9185);
#9184 = CARTESIAN_POINT('',(0.,0.));
#9185 = VECTOR('',#9186,1.);
#9186 = DIRECTION('',(0.,-1.));
#9187 = ( GEOMETRIC_REPRESENTATION_CONTEXT(2) 
PARAMETRIC_REPRESENTATION_CONTEXT() REPRESENTATION_CONTEXT('2D SPACE',''
  ) );
#9188 = ADVANCED_FACE('',(#9189),#6618,.F.);
#9189 = FACE_BOUND('',#9190,.T.);
#9190 = EDGE_LOOP('',(#9191,#9192,#9213,#9214));
#9191 = ORIENTED_EDGE('',*,*,#7853,.T.);
#9192 = ORIENTED_EDGE('',*,*,#9193,.F.);
#9193 = EDGE_CURVE('',#6598,#7854,#9194,.T.);
#9194 = SURFACE_CURVE('',#9195,(#9199,#9206),.PCURVE_S1.);
#9195 = LINE('',#9196,#9197);
#9196 = CARTESIAN_POINT('',(-42.4,38.081666528903,35.3));
#9197 = VECTOR('',#9198,1.);
#9198 = DIRECTION('',(-0.,-0.,-1.));
#9199 = PCURVE('',#6618,#9200);
#9200 = DEFINITIONAL_REPRESENTATION('',(#9201),#9205);
#9201 = LINE('',#9202,#9203);
#9202 = CARTESIAN_POINT('',(-1.982313172862,0.));
#9203 = VECTOR('',#9204,1.);
#9204 = DIRECTION('',(-0.,1.));
#9205 = ( GEOMETRIC_REPRESENTATION_CONTEXT(2) 
PARAMETRIC_REPRESENTATION_CONTEXT() REPRESENTATION_CONTEXT('2D SPACE',''
  ) );
#9206 = PCURVE('',#6646,#9207);
#9207 = DEFINITIONAL_REPRESENTATION('',(#9208),#9212);
#9208 = LINE('',#9209,#9210);
#9209 = CARTESIAN_POINT('',(3.918333471097,0.));
#9210 = VECTOR('',#9211,1.);
#9211 = DIRECTION('',(0.,1.));
#9212 = ( GEOMETRIC_REPRESENTATION_CONTEXT(2) 
PARAMETRIC_REPRESENTATION_CONTEXT() REPRESENTATION_CONTEXT('2D SPACE',''
  ) );
#9213 = ORIENTED_EDGE('',*,*,#6597,.F.);
#9214 = ORIENTED_EDGE('',*,*,#9119,.T.);
#9215 = ADVANCED_FACE('',(#9216),#6646,.T.);
#9216 = FACE_BOUND('',#9217,.T.);
#9217 = EDGE_LOOP('',(#9218,#9219,#9220,#9221));
#9218 = ORIENTED_EDGE('',*,*,#7881,.T.);
#9219 = ORIENTED_EDGE('',*,*,#9168,.T.);
#9220 = ORIENTED_EDGE('',*,*,#6630,.F.);
#9221 = ORIENTED_EDGE('',*,*,#9193,.T.);
#9222 = ADVANCED_FACE('',(#9223),#6712,.T.);
#9223 = FACE_BOUND('',#9224,.F.);
#9224 = EDGE_LOOP('',(#9225,#9226,#9249,#9276));
#9225 = ORIENTED_EDGE('',*,*,#6691,.T.);
#9226 = ORIENTED_EDGE('',*,*,#9227,.T.);
#9227 = EDGE_CURVE('',#6692,#9228,#9230,.T.);
#9228 = VERTEX_POINT('',#9229);
#9229 = CARTESIAN_POINT('',(-41.,64.,52.3));
#9230 = SEAM_CURVE('',#9231,(#9235,#9242),.PCURVE_S1.);
#9231 = LINE('',#9232,#9233);
#9232 = CARTESIAN_POINT('',(-41.,64.,36.3));
#9233 = VECTOR('',#9234,1.);
#9234 = DIRECTION('',(0.,0.,1.));
#9235 = PCURVE('',#6712,#9236);
#9236 = DEFINITIONAL_REPRESENTATION('',(#9237),#9241);
#9237 = LINE('',#9238,#9239);
#9238 = CARTESIAN_POINT('',(-6.28318530718,0.));
#9239 = VECTOR('',#9240,1.);
#9240 = DIRECTION('',(-0.,-1.));
#9241 = ( GEOMETRIC_REPRESENTATION_CONTEXT(2) 
PARAMETRIC_REPRESENTATION_CONTEXT() REPRESENTATION_CONTEXT('2D SPACE',''
  ) );
#9242 = PCURVE('',#6712,#9243);
#9243 = DEFINITIONAL_REPRESENTATION('',(#9244),#9248);
#9244 = LINE('',#9245,#9246);
#9245 = CARTESIAN_POINT('',(-0.,0.));
#9246 = VECTOR('',#9247,1.);
#9247 = DIRECTION('',(-0.,-1.));
#9248 = ( GEOMETRIC_REPRESENTATION_CONTEXT(2) 
PARAMETRIC_REPRESENTATION_CONTEXT() REPRESENTATION_CONTEXT('2D SPACE',''
  ) );
#9249 = ORIENTED_EDGE('',*,*,#9250,.T.);
#9250 = EDGE_CURVE('',#9228,#9228,#9251,.T.);
#9251 = SURFACE_CURVE('',#9252,(#9257,#9264),.PCURVE_S1.);
#9252 = CIRCLE('',#9253,9.);
#9253 = AXIS2_PLACEMENT_3D('',#9254,#9255,#9256);
#9254 = CARTESIAN_POINT('',(-50.,64.,52.3));
#9255 = DIRECTION('',(0.,0.,1.));
#9256 = DIRECTION('',(1.,0.,0.));
#9257 = PCURVE('',#6712,#9258);
#9258 = DEFINITIONAL_REPRESENTATION('',(#9259),#9263);
#9259 = LINE('',#9260,#9261);
#9260 = CARTESIAN_POINT('',(-0.,-16.));
#9261 = VECTOR('',#9262,1.);
#9262 = DIRECTION('',(-1.,0.));
#9263 = ( GEOMETRIC_REPRESENTATION_CONTEXT(2) 
PARAMETRIC_REPRESENTATION_CONTEXT() REPRESENTATION_CONTEXT('2D SPACE',''
  ) );
#9264 = PCURVE('',#9265,#9270);
#9265 = PLANE('',#9266);
#9266 = AXIS2_PLACEMENT_3D('',#9267,#9268,#9269);
#9267 = CARTESIAN_POINT('',(-50.,64.,52.3));
#9268 = DIRECTION('',(0.,0.,1.));
#9269 = DIRECTION('',(1.,0.,-0.));
#9270 = DEFINITIONAL_REPRESENTATION('',(#9271),#9275);
#9271 = CIRCLE('',#9272,9.);
#9272 = AXIS2_PLACEMENT_2D('',#9273,#9274);
#9273 = CARTESIAN_POINT('',(-7.105427357601E-15,0.));
#9274 = DIRECTION('',(1.,0.));
#9275 = ( GEOMETRIC_REPRESENTATION_CONTEXT(2) 
PARAMETRIC_REPRESENTATION_CONTEXT() REPRESENTATION_CONTEXT('2D SPACE',''
  ) );
#9276 = ORIENTED_EDGE('',*,*,#9227,.F.);
#9277 = ADVANCED_FACE('',(#9278),#6745,.F.);
#9278 = FACE_BOUND('',#9279,.F.);
#9279 = EDGE_LOOP('',(#9280,#9301,#9302,#9323));
#9280 = ORIENTED_EDGE('',*,*,#9281,.F.);
#9281 = EDGE_CURVE('',#7968,#6727,#9282,.T.);
#9282 = SURFACE_CURVE('',#9283,(#9287,#9294),.PCURVE_S1.);
#9283 = LINE('',#9284,#9285);
#9284 = CARTESIAN_POINT('',(20.,-5.,35.3));
#9285 = VECTOR('',#9286,1.);
#9286 = DIRECTION('',(0.,0.,1.));
#9287 = PCURVE('',#6745,#9288);
#9288 = DEFINITIONAL_REPRESENTATION('',(#9289),#9293);
#9289 = LINE('',#9290,#9291);
#9290 = CARTESIAN_POINT('',(0.,0.));
#9291 = VECTOR('',#9292,1.);
#9292 = DIRECTION('',(0.,1.));
#9293 = ( GEOMETRIC_REPRESENTATION_CONTEXT(2) 
PARAMETRIC_REPRESENTATION_CONTEXT() REPRESENTATION_CONTEXT('2D SPACE',''
  ) );
#9294 = PCURVE('',#6773,#9295);
#9295 = DEFINITIONAL_REPRESENTATION('',(#9296),#9300);
#9296 = LINE('',#9297,#9298);
#9297 = CARTESIAN_POINT('',(46.,0.));
#9298 = VECTOR('',#9299,1.);
#9299 = DIRECTION('',(0.,-1.));
#9300 = ( GEOMETRIC_REPRESENTATION_CONTEXT(2) 
PARAMETRIC_REPRESENTATION_CONTEXT() REPRESENTATION_CONTEXT('2D SPACE',''
  ) );
#9301 = ORIENTED_EDGE('',*,*,#7967,.T.);
#9302 = ORIENTED_EDGE('',*,*,#9303,.T.);
#9303 = EDGE_CURVE('',#7970,#6729,#9304,.T.);
#9304 = SURFACE_CURVE('',#9305,(#9309,#9316),.PCURVE_S1.);
#9305 = LINE('',#9306,#9307);
#9306 = CARTESIAN_POINT('',(26.,1.,35.3));
#9307 = VECTOR('',#9308,1.);
#9308 = DIRECTION('',(0.,0.,1.));
#9309 = PCURVE('',#6745,#9310);
#9310 = DEFINITIONAL_REPRESENTATION('',(#9311),#9315);
#9311 = LINE('',#9312,#9313);
#9312 = CARTESIAN_POINT('',(1.570796326795,0.));
#9313 = VECTOR('',#9314,1.);
#9314 = DIRECTION('',(0.,1.));
#9315 = ( GEOMETRIC_REPRESENTATION_CONTEXT(2) 
PARAMETRIC_REPRESENTATION_CONTEXT() REPRESENTATION_CONTEXT('2D SPACE',''
  ) );
#9316 = PCURVE('',#6942,#9317);
#9317 = DEFINITIONAL_REPRESENTATION('',(#9318),#9322);
#9318 = LINE('',#9319,#9320);
#9319 = CARTESIAN_POINT('',(6.,0.));
#9320 = VECTOR('',#9321,1.);
#9321 = DIRECTION('',(0.,-1.));
#9322 = ( GEOMETRIC_REPRESENTATION_CONTEXT(2) 
PARAMETRIC_REPRESENTATION_CONTEXT() REPRESENTATION_CONTEXT('2D SPACE',''
  ) );
#9323 = ORIENTED_EDGE('',*,*,#6726,.F.);
#9324 = ADVANCED_FACE('',(#9325),#6773,.T.);
#9325 = FACE_BOUND('',#9326,.T.);
#9326 = EDGE_LOOP('',(#9327,#9328,#9349,#9350));
#9327 = ORIENTED_EDGE('',*,*,#7993,.T.);
#9328 = ORIENTED_EDGE('',*,*,#9329,.T.);
#9329 = EDGE_CURVE('',#7994,#6758,#9330,.T.);
#9330 = SURFACE_CURVE('',#9331,(#9335,#9342),.PCURVE_S1.);
#9331 = LINE('',#9332,#9333);
#9332 = CARTESIAN_POINT('',(-20.,-5.,35.3));
#9333 = VECTOR('',#9334,1.);
#9334 = DIRECTION('',(0.,0.,1.));
#9335 = PCURVE('',#6773,#9336);
#9336 = DEFINITIONAL_REPRESENTATION('',(#9337),#9341);
#9337 = LINE('',#9338,#9339);
#9338 = CARTESIAN_POINT('',(6.,0.));
#9339 = VECTOR('',#9340,1.);
#9340 = DIRECTION('',(0.,-1.));
#9341 = ( GEOMETRIC_REPRESENTATION_CONTEXT(2) 
PARAMETRIC_REPRESENTATION_CONTEXT() REPRESENTATION_CONTEXT('2D SPACE',''
  ) );
#9342 = PCURVE('',#6802,#9343);
#9343 = DEFINITIONAL_REPRESENTATION('',(#9344),#9348);
#9344 = LINE('',#9345,#9346);
#9345 = CARTESIAN_POINT('',(-0.,0.));
#9346 = VECTOR('',#9347,1.);
#9347 = DIRECTION('',(-0.,1.));
#9348 = ( GEOMETRIC_REPRESENTATION_CONTEXT(2) 
PARAMETRIC_REPRESENTATION_CONTEXT() REPRESENTATION_CONTEXT('2D SPACE',''
  ) );
#9349 = ORIENTED_EDGE('',*,*,#6757,.F.);
#9350 = ORIENTED_EDGE('',*,*,#9281,.F.);
#9351 = ADVANCED_FACE('',(#9352),#6942,.T.);
#9352 = FACE_BOUND('',#9353,.T.);
#9353 = EDGE_LOOP('',(#9354,#9355,#9356,#9357));
#9354 = ORIENTED_EDGE('',*,*,#8134,.T.);
#9355 = ORIENTED_EDGE('',*,*,#9303,.T.);
#9356 = ORIENTED_EDGE('',*,*,#6928,.F.);
#9357 = ORIENTED_EDGE('',*,*,#9358,.F.);
#9358 = EDGE_CURVE('',#8111,#6900,#9359,.T.);
#9359 = SURFACE_CURVE('',#9360,(#9364,#9371),.PCURVE_S1.);
#9360 = LINE('',#9361,#9362);
#9361 = CARTESIAN_POINT('',(26.,31.,35.3));
#9362 = VECTOR('',#9363,1.);
#9363 = DIRECTION('',(0.,0.,1.));
#9364 = PCURVE('',#6942,#9365);
#9365 = DEFINITIONAL_REPRESENTATION('',(#9366),#9370);
#9366 = LINE('',#9367,#9368);
#9367 = CARTESIAN_POINT('',(36.,0.));
#9368 = VECTOR('',#9369,1.);
#9369 = DIRECTION('',(0.,-1.));
#9370 = ( GEOMETRIC_REPRESENTATION_CONTEXT(2) 
PARAMETRIC_REPRESENTATION_CONTEXT() REPRESENTATION_CONTEXT('2D SPACE',''
  ) );
#9371 = PCURVE('',#6916,#9372);
#9372 = DEFINITIONAL_REPRESENTATION('',(#9373),#9377);
#9373 = LINE('',#9374,#9375);
#9374 = CARTESIAN_POINT('',(0.,0.));
#9375 = VECTOR('',#9376,1.);
#9376 = DIRECTION('',(0.,1.));
#9377 = ( GEOMETRIC_REPRESENTATION_CONTEXT(2) 
PARAMETRIC_REPRESENTATION_CONTEXT() REPRESENTATION_CONTEXT('2D SPACE',''
  ) );
#9378 = ADVANCED_FACE('',(#9379),#6802,.F.);
#9379 = FACE_BOUND('',#9380,.T.);
#9380 = EDGE_LOOP('',(#9381,#9382,#9383,#9404));
#9381 = ORIENTED_EDGE('',*,*,#9329,.F.);
#9382 = ORIENTED_EDGE('',*,*,#8016,.F.);
#9383 = ORIENTED_EDGE('',*,*,#9384,.T.);
#9384 = EDGE_CURVE('',#8017,#6786,#9385,.T.);
#9385 = SURFACE_CURVE('',#9386,(#9390,#9397),.PCURVE_S1.);
#9386 = LINE('',#9387,#9388);
#9387 = CARTESIAN_POINT('',(-26.,1.,35.3));
#9388 = VECTOR('',#9389,1.);
#9389 = DIRECTION('',(0.,0.,1.));
#9390 = PCURVE('',#6802,#9391);
#9391 = DEFINITIONAL_REPRESENTATION('',(#9392),#9396);
#9392 = LINE('',#9393,#9394);
#9393 = CARTESIAN_POINT('',(-1.570796326795,0.));
#9394 = VECTOR('',#9395,1.);
#9395 = DIRECTION('',(-0.,1.));
#9396 = ( GEOMETRIC_REPRESENTATION_CONTEXT(2) 
PARAMETRIC_REPRESENTATION_CONTEXT() REPRESENTATION_CONTEXT('2D SPACE',''
  ) );
#9397 = PCURVE('',#6830,#9398);
#9398 = DEFINITIONAL_REPRESENTATION('',(#9399),#9403);
#9399 = LINE('',#9400,#9401);
#9400 = CARTESIAN_POINT('',(36.,0.));
#9401 = VECTOR('',#9402,1.);
#9402 = DIRECTION('',(0.,-1.));
#9403 = ( GEOMETRIC_REPRESENTATION_CONTEXT(2) 
PARAMETRIC_REPRESENTATION_CONTEXT() REPRESENTATION_CONTEXT('2D SPACE',''
  ) );
#9404 = ORIENTED_EDGE('',*,*,#6785,.T.);
#9405 = ADVANCED_FACE('',(#9406),#6916,.F.);
#9406 = FACE_BOUND('',#9407,.F.);
#9407 = EDGE_LOOP('',(#9408,#9409,#9410,#9431));
#9408 = ORIENTED_EDGE('',*,*,#9358,.F.);
#9409 = ORIENTED_EDGE('',*,*,#8110,.T.);
#9410 = ORIENTED_EDGE('',*,*,#9411,.T.);
#9411 = EDGE_CURVE('',#8088,#6872,#9412,.T.);
#9412 = SURFACE_CURVE('',#9413,(#9417,#9424),.PCURVE_S1.);
#9413 = LINE('',#9414,#9415);
#9414 = CARTESIAN_POINT('',(20.,37.,35.3));
#9415 = VECTOR('',#9416,1.);
#9416 = DIRECTION('',(0.,0.,1.));
#9417 = PCURVE('',#6916,#9418);
#9418 = DEFINITIONAL_REPRESENTATION('',(#9419),#9423);
#9419 = LINE('',#9420,#9421);
#9420 = CARTESIAN_POINT('',(1.570796326795,0.));
#9421 = VECTOR('',#9422,1.);
#9422 = DIRECTION('',(0.,1.));
#9423 = ( GEOMETRIC_REPRESENTATION_CONTEXT(2) 
PARAMETRIC_REPRESENTATION_CONTEXT() REPRESENTATION_CONTEXT('2D SPACE',''
  ) );
#9424 = PCURVE('',#6887,#9425);
#9425 = DEFINITIONAL_REPRESENTATION('',(#9426),#9430);
#9426 = LINE('',#9427,#9428);
#9427 = CARTESIAN_POINT('',(6.,0.));
#9428 = VECTOR('',#9429,1.);
#9429 = DIRECTION('',(0.,-1.));
#9430 = ( GEOMETRIC_REPRESENTATION_CONTEXT(2) 
PARAMETRIC_REPRESENTATION_CONTEXT() REPRESENTATION_CONTEXT('2D SPACE',''
  ) );
#9431 = ORIENTED_EDGE('',*,*,#6899,.F.);
#9432 = ADVANCED_FACE('',(#9433),#6830,.T.);
#9433 = FACE_BOUND('',#9434,.T.);
#9434 = EDGE_LOOP('',(#9435,#9436,#9457,#9458));
#9435 = ORIENTED_EDGE('',*,*,#8040,.T.);
#9436 = ORIENTED_EDGE('',*,*,#9437,.T.);
#9437 = EDGE_CURVE('',#8041,#6815,#9438,.T.);
#9438 = SURFACE_CURVE('',#9439,(#9443,#9450),.PCURVE_S1.);
#9439 = LINE('',#9440,#9441);
#9440 = CARTESIAN_POINT('',(-26.,31.,35.3));
#9441 = VECTOR('',#9442,1.);
#9442 = DIRECTION('',(0.,0.,1.));
#9443 = PCURVE('',#6830,#9444);
#9444 = DEFINITIONAL_REPRESENTATION('',(#9445),#9449);
#9445 = LINE('',#9446,#9447);
#9446 = CARTESIAN_POINT('',(6.,0.));
#9447 = VECTOR('',#9448,1.);
#9448 = DIRECTION('',(0.,-1.));
#9449 = ( GEOMETRIC_REPRESENTATION_CONTEXT(2) 
PARAMETRIC_REPRESENTATION_CONTEXT() REPRESENTATION_CONTEXT('2D SPACE',''
  ) );
#9450 = PCURVE('',#6859,#9451);
#9451 = DEFINITIONAL_REPRESENTATION('',(#9452),#9456);
#9452 = LINE('',#9453,#9454);
#9453 = CARTESIAN_POINT('',(1.570796326795,0.));
#9454 = VECTOR('',#9455,1.);
#9455 = DIRECTION('',(0.,1.));
#9456 = ( GEOMETRIC_REPRESENTATION_CONTEXT(2) 
PARAMETRIC_REPRESENTATION_CONTEXT() REPRESENTATION_CONTEXT('2D SPACE',''
  ) );
#9457 = ORIENTED_EDGE('',*,*,#6814,.F.);
#9458 = ORIENTED_EDGE('',*,*,#9384,.F.);
#9459 = ADVANCED_FACE('',(#9460),#6887,.T.);
#9460 = FACE_BOUND('',#9461,.T.);
#9461 = EDGE_LOOP('',(#9462,#9463,#9464,#9465));
#9462 = ORIENTED_EDGE('',*,*,#8087,.T.);
#9463 = ORIENTED_EDGE('',*,*,#9411,.T.);
#9464 = ORIENTED_EDGE('',*,*,#6871,.F.);
#9465 = ORIENTED_EDGE('',*,*,#9466,.F.);
#9466 = EDGE_CURVE('',#8064,#6843,#9467,.T.);
#9467 = SURFACE_CURVE('',#9468,(#9472,#9479),.PCURVE_S1.);
#9468 = LINE('',#9469,#9470);
#9469 = CARTESIAN_POINT('',(-20.,37.,35.3));
#9470 = VECTOR('',#9471,1.);
#9471 = DIRECTION('',(0.,0.,1.));
#9472 = PCURVE('',#6887,#9473);
#9473 = DEFINITIONAL_REPRESENTATION('',(#9474),#9478);
#9474 = LINE('',#9475,#9476);
#9475 = CARTESIAN_POINT('',(46.,0.));
#9476 = VECTOR('',#9477,1.);
#9477 = DIRECTION('',(0.,-1.));
#9478 = ( GEOMETRIC_REPRESENTATION_CONTEXT(2) 
PARAMETRIC_REPRESENTATION_CONTEXT() REPRESENTATION_CONTEXT('2D SPACE',''
  ) );
#9479 = PCURVE('',#6859,#9480);
#9480 = DEFINITIONAL_REPRESENTATION('',(#9481),#9485);
#9481 = LINE('',#9482,#9483);
#9482 = CARTESIAN_POINT('',(0.,0.));
#9483 = VECTOR('',#9484,1.);
#9484 = DIRECTION('',(0.,1.));
#9485 = ( GEOMETRIC_REPRESENTATION_CONTEXT(2) 
PARAMETRIC_REPRESENTATION_CONTEXT() REPRESENTATION_CONTEXT('2D SPACE',''
  ) );
#9486 = ADVANCED_FACE('',(#9487),#6859,.F.);
#9487 = FACE_BOUND('',#9488,.F.);
#9488 = EDGE_LOOP('',(#9489,#9490,#9491,#9492));
#9489 = ORIENTED_EDGE('',*,*,#9466,.F.);
#9490 = ORIENTED_EDGE('',*,*,#8063,.T.);
#9491 = ORIENTED_EDGE('',*,*,#9437,.T.);
#9492 = ORIENTED_EDGE('',*,*,#6842,.F.);
#9493 = ADVANCED_FACE('',(#9494),#6974,.T.);
#9494 = FACE_BOUND('',#9495,.T.);
#9495 = EDGE_LOOP('',(#9496,#9497,#9518,#9519));
#9496 = ORIENTED_EDGE('',*,*,#8157,.T.);
#9497 = ORIENTED_EDGE('',*,*,#9498,.F.);
#9498 = EDGE_CURVE('',#6959,#8160,#9499,.T.);
#9499 = SURFACE_CURVE('',#9500,(#9504,#9511),.PCURVE_S1.);
#9500 = LINE('',#9501,#9502);
#9501 = CARTESIAN_POINT('',(42.4,38.081666528903,35.3));
#9502 = VECTOR('',#9503,1.);
#9503 = DIRECTION('',(-0.,-0.,-1.));
#9504 = PCURVE('',#6974,#9505);
#9505 = DEFINITIONAL_REPRESENTATION('',(#9506),#9510);
#9506 = LINE('',#9507,#9508);
#9507 = CARTESIAN_POINT('',(10.081666528903,0.));
#9508 = VECTOR('',#9509,1.);
#9509 = DIRECTION('',(0.,1.));
#9510 = ( GEOMETRIC_REPRESENTATION_CONTEXT(2) 
PARAMETRIC_REPRESENTATION_CONTEXT() REPRESENTATION_CONTEXT('2D SPACE',''
  ) );
#9511 = PCURVE('',#7007,#9512);
#9512 = DEFINITIONAL_REPRESENTATION('',(#9513),#9517);
#9513 = LINE('',#9514,#9515);
#9514 = CARTESIAN_POINT('',(-7.442464787907,0.));
#9515 = VECTOR('',#9516,1.);
#9516 = DIRECTION('',(-0.,1.));
#9517 = ( GEOMETRIC_REPRESENTATION_CONTEXT(2) 
PARAMETRIC_REPRESENTATION_CONTEXT() REPRESENTATION_CONTEXT('2D SPACE',''
  ) );
#9518 = ORIENTED_EDGE('',*,*,#6956,.F.);
#9519 = ORIENTED_EDGE('',*,*,#9520,.F.);
#9520 = EDGE_CURVE('',#8158,#6957,#9521,.T.);
#9521 = SURFACE_CURVE('',#9522,(#9526,#9533),.PCURVE_S1.);
#9522 = LINE('',#9523,#9524);
#9523 = CARTESIAN_POINT('',(42.4,42.,35.3));
#9524 = VECTOR('',#9525,1.);
#9525 = DIRECTION('',(0.,0.,1.));
#9526 = PCURVE('',#6974,#9527);
#9527 = DEFINITIONAL_REPRESENTATION('',(#9528),#9532);
#9528 = LINE('',#9529,#9530);
#9529 = CARTESIAN_POINT('',(14.,0.));
#9530 = VECTOR('',#9531,1.);
#9531 = DIRECTION('',(0.,-1.));
#9532 = ( GEOMETRIC_REPRESENTATION_CONTEXT(2) 
PARAMETRIC_REPRESENTATION_CONTEXT() REPRESENTATION_CONTEXT('2D SPACE',''
  ) );
#9533 = PCURVE('',#7066,#9534);
#9534 = DEFINITIONAL_REPRESENTATION('',(#9535),#9539);
#9535 = LINE('',#9536,#9537);
#9536 = CARTESIAN_POINT('',(-0.,0.));
#9537 = VECTOR('',#9538,1.);
#9538 = DIRECTION('',(-0.,-1.));
#9539 = ( GEOMETRIC_REPRESENTATION_CONTEXT(2) 
PARAMETRIC_REPRESENTATION_CONTEXT() REPRESENTATION_CONTEXT('2D SPACE',''
  ) );
#9540 = ADVANCED_FACE('',(#9541),#7066,.F.);
#9541 = FACE_BOUND('',#9542,.T.);
#9542 = EDGE_LOOP('',(#9543,#9544,#9545,#9546));
#9543 = ORIENTED_EDGE('',*,*,#8233,.T.);
#9544 = ORIENTED_EDGE('',*,*,#9520,.T.);
#9545 = ORIENTED_EDGE('',*,*,#7047,.F.);
#9546 = ORIENTED_EDGE('',*,*,#9547,.F.);
#9547 = EDGE_CURVE('',#8211,#7020,#9548,.T.);
#9548 = SURFACE_CURVE('',#9549,(#9553,#9560),.PCURVE_S1.);
#9549 = LINE('',#9550,#9551);
#9550 = CARTESIAN_POINT('',(33.6,42.,35.3));
#9551 = VECTOR('',#9552,1.);
#9552 = DIRECTION('',(0.,0.,1.));
#9553 = PCURVE('',#7066,#9554);
#9554 = DEFINITIONAL_REPRESENTATION('',(#9555),#9559);
#9555 = LINE('',#9556,#9557);
#9556 = CARTESIAN_POINT('',(-3.14159265359,0.));
#9557 = VECTOR('',#9558,1.);
#9558 = DIRECTION('',(-0.,-1.));
#9559 = ( GEOMETRIC_REPRESENTATION_CONTEXT(2) 
PARAMETRIC_REPRESENTATION_CONTEXT() REPRESENTATION_CONTEXT('2D SPACE',''
  ) );
#9560 = PCURVE('',#7035,#9561);
#9561 = DEFINITIONAL_REPRESENTATION('',(#9562),#9566);
#9562 = LINE('',#9563,#9564);
#9563 = CARTESIAN_POINT('',(0.,0.));
#9564 = VECTOR('',#9565,1.);
#9565 = DIRECTION('',(0.,-1.));
#9566 = ( GEOMETRIC_REPRESENTATION_CONTEXT(2) 
PARAMETRIC_REPRESENTATION_CONTEXT() REPRESENTATION_CONTEXT('2D SPACE',''
  ) );
#9567 = ADVANCED_FACE('',(#9568),#7007,.F.);
#9568 = FACE_BOUND('',#9569,.T.);
#9569 = EDGE_LOOP('',(#9570,#9571,#9592,#9593));
#9570 = ORIENTED_EDGE('',*,*,#8182,.T.);
#9571 = ORIENTED_EDGE('',*,*,#9572,.F.);
#9572 = EDGE_CURVE('',#6987,#8183,#9573,.T.);
#9573 = SURFACE_CURVE('',#9574,(#9578,#9585),.PCURVE_S1.);
#9574 = LINE('',#9575,#9576);
#9575 = CARTESIAN_POINT('',(33.6,38.081666528903,35.3));
#9576 = VECTOR('',#9577,1.);
#9577 = DIRECTION('',(-0.,-0.,-1.));
#9578 = PCURVE('',#7007,#9579);
#9579 = DEFINITIONAL_REPRESENTATION('',(#9580),#9584);
#9580 = LINE('',#9581,#9582);
#9581 = CARTESIAN_POINT('',(-1.982313172862,0.));
#9582 = VECTOR('',#9583,1.);
#9583 = DIRECTION('',(-0.,1.));
#9584 = ( GEOMETRIC_REPRESENTATION_CONTEXT(2) 
PARAMETRIC_REPRESENTATION_CONTEXT() REPRESENTATION_CONTEXT('2D SPACE',''
  ) );
#9585 = PCURVE('',#7035,#9586);
#9586 = DEFINITIONAL_REPRESENTATION('',(#9587),#9591);
#9587 = LINE('',#9588,#9589);
#9588 = CARTESIAN_POINT('',(3.918333471097,0.));
#9589 = VECTOR('',#9590,1.);
#9590 = DIRECTION('',(0.,1.));
#9591 = ( GEOMETRIC_REPRESENTATION_CONTEXT(2) 
PARAMETRIC_REPRESENTATION_CONTEXT() REPRESENTATION_CONTEXT('2D SPACE',''
  ) );
#9592 = ORIENTED_EDGE('',*,*,#6986,.F.);
#9593 = ORIENTED_EDGE('',*,*,#9498,.T.);
#9594 = ADVANCED_FACE('',(#9595),#7035,.T.);
#9595 = FACE_BOUND('',#9596,.T.);
#9596 = EDGE_LOOP('',(#9597,#9598,#9599,#9600));
#9597 = ORIENTED_EDGE('',*,*,#8210,.T.);
#9598 = ORIENTED_EDGE('',*,*,#9547,.T.);
#9599 = ORIENTED_EDGE('',*,*,#7019,.F.);
#9600 = ORIENTED_EDGE('',*,*,#9572,.T.);
#9601 = ADVANCED_FACE('',(#9602),#7101,.T.);
#9602 = FACE_BOUND('',#9603,.F.);
#9603 = EDGE_LOOP('',(#9604,#9605,#9628,#9655));
#9604 = ORIENTED_EDGE('',*,*,#7080,.T.);
#9605 = ORIENTED_EDGE('',*,*,#9606,.T.);
#9606 = EDGE_CURVE('',#7081,#9607,#9609,.T.);
#9607 = VERTEX_POINT('',#9608);
#9608 = CARTESIAN_POINT('',(59.,64.,52.3));
#9609 = SEAM_CURVE('',#9610,(#9614,#9621),.PCURVE_S1.);
#9610 = LINE('',#9611,#9612);
#9611 = CARTESIAN_POINT('',(59.,64.,36.3));
#9612 = VECTOR('',#9613,1.);
#9613 = DIRECTION('',(0.,0.,1.));
#9614 = PCURVE('',#7101,#9615);
#9615 = DEFINITIONAL_REPRESENTATION('',(#9616),#9620);
#9616 = LINE('',#9617,#9618);
#9617 = CARTESIAN_POINT('',(-6.28318530718,0.));
#9618 = VECTOR('',#9619,1.);
#9619 = DIRECTION('',(-0.,-1.));
#9620 = ( GEOMETRIC_REPRESENTATION_CONTEXT(2) 
PARAMETRIC_REPRESENTATION_CONTEXT() REPRESENTATION_CONTEXT('2D SPACE',''
  ) );
#9621 = PCURVE('',#7101,#9622);
#9622 = DEFINITIONAL_REPRESENTATION('',(#9623),#9627);
#9623 = LINE('',#9624,#9625);
#9624 = CARTESIAN_POINT('',(-0.,0.));
#9625 = VECTOR('',#9626,1.);
#9626 = DIRECTION('',(-0.,-1.));
#9627 = ( GEOMETRIC_REPRESENTATION_CONTEXT(2) 
PARAMETRIC_REPRESENTATION_CONTEXT() REPRESENTATION_CONTEXT('2D SPACE',''
  ) );
#9628 = ORIENTED_EDGE('',*,*,#9629,.T.);
#9629 = EDGE_CURVE('',#9607,#9607,#9630,.T.);
#9630 = SURFACE_CURVE('',#9631,(#9636,#9643),.PCURVE_S1.);
#9631 = CIRCLE('',#9632,9.);
#9632 = AXIS2_PLACEMENT_3D('',#9633,#9634,#9635);
#9633 = CARTESIAN_POINT('',(50.,64.,52.3));
#9634 = DIRECTION('',(0.,0.,1.));
#9635 = DIRECTION('',(1.,0.,0.));
#9636 = PCURVE('',#7101,#9637);
#9637 = DEFINITIONAL_REPRESENTATION('',(#9638),#9642);
#9638 = LINE('',#9639,#9640);
#9639 = CARTESIAN_POINT('',(-0.,-16.));
#9640 = VECTOR('',#9641,1.);
#9641 = DIRECTION('',(-1.,0.));
#9642 = ( GEOMETRIC_REPRESENTATION_CONTEXT(2) 
PARAMETRIC_REPRESENTATION_CONTEXT() REPRESENTATION_CONTEXT('2D SPACE',''
  ) );
#9643 = PCURVE('',#9644,#9649);
#9644 = PLANE('',#9645);
#9645 = AXIS2_PLACEMENT_3D('',#9646,#9647,#9648);
#9646 = CARTESIAN_POINT('',(50.,64.,52.3));
#9647 = DIRECTION('',(0.,0.,1.));
#9648 = DIRECTION('',(1.,0.,-0.));
#9649 = DEFINITIONAL_REPRESENTATION('',(#9650),#9654);
#9650 = CIRCLE('',#9651,9.);
#9651 = AXIS2_PLACEMENT_2D('',#9652,#9653);
#9652 = CARTESIAN_POINT('',(-7.105427357601E-15,0.));
#9653 = DIRECTION('',(1.,0.));
#9654 = ( GEOMETRIC_REPRESENTATION_CONTEXT(2) 
PARAMETRIC_REPRESENTATION_CONTEXT() REPRESENTATION_CONTEXT('2D SPACE',''
  ) );
#9655 = ORIENTED_EDGE('',*,*,#9606,.F.);
#9656 = ADVANCED_FACE('',(#9657),#7457,.F.);
#9657 = FACE_BOUND('',#9658,.T.);
#9658 = EDGE_LOOP('',(#9659,#9660,#9683,#9709));
#9659 = ORIENTED_EDGE('',*,*,#7436,.T.);
#9660 = ORIENTED_EDGE('',*,*,#9661,.T.);
#9661 = EDGE_CURVE('',#7437,#9662,#9664,.T.);
#9662 = VERTEX_POINT('',#9663);
#9663 = CARTESIAN_POINT('',(-47.7,-36.,52.3));
#9664 = SEAM_CURVE('',#9665,(#9669,#9676),.PCURVE_S1.);
#9665 = LINE('',#9666,#9667);
#9666 = CARTESIAN_POINT('',(-47.7,-36.,35.3));
#9667 = VECTOR('',#9668,1.);
#9668 = DIRECTION('',(0.,0.,1.));
#9669 = PCURVE('',#7457,#9670);
#9670 = DEFINITIONAL_REPRESENTATION('',(#9671),#9675);
#9671 = LINE('',#9672,#9673);
#9672 = CARTESIAN_POINT('',(-6.28318530718,0.));
#9673 = VECTOR('',#9674,1.);
#9674 = DIRECTION('',(-0.,-1.));
#9675 = ( GEOMETRIC_REPRESENTATION_CONTEXT(2) 
PARAMETRIC_REPRESENTATION_CONTEXT() REPRESENTATION_CONTEXT('2D SPACE',''
  ) );
#9676 = PCURVE('',#7457,#9677);
#9677 = DEFINITIONAL_REPRESENTATION('',(#9678),#9682);
#9678 = LINE('',#9679,#9680);
#9679 = CARTESIAN_POINT('',(-0.,0.));
#9680 = VECTOR('',#9681,1.);
#9681 = DIRECTION('',(-0.,-1.));
#9682 = ( GEOMETRIC_REPRESENTATION_CONTEXT(2) 
PARAMETRIC_REPRESENTATION_CONTEXT() REPRESENTATION_CONTEXT('2D SPACE',''
  ) );
#9683 = ORIENTED_EDGE('',*,*,#9684,.F.);
#9684 = EDGE_CURVE('',#9662,#9662,#9685,.T.);
#9685 = SURFACE_CURVE('',#9686,(#9691,#9698),.PCURVE_S1.);
#9686 = CIRCLE('',#9687,2.3);
#9687 = AXIS2_PLACEMENT_3D('',#9688,#9689,#9690);
#9688 = CARTESIAN_POINT('',(-50.,-36.,52.3));
#9689 = DIRECTION('',(0.,0.,-1.));
#9690 = DIRECTION('',(1.,0.,0.));
#9691 = PCURVE('',#7457,#9692);
#9692 = DEFINITIONAL_REPRESENTATION('',(#9693),#9697);
#9693 = LINE('',#9694,#9695);
#9694 = CARTESIAN_POINT('',(-6.28318530718,-17.));
#9695 = VECTOR('',#9696,1.);
#9696 = DIRECTION('',(1.,-0.));
#9697 = ( GEOMETRIC_REPRESENTATION_CONTEXT(2) 
PARAMETRIC_REPRESENTATION_CONTEXT() REPRESENTATION_CONTEXT('2D SPACE',''
  ) );
#9698 = PCURVE('',#8772,#9699);
#9699 = DEFINITIONAL_REPRESENTATION('',(#9700),#9708);
#9700 = ( BOUNDED_CURVE() B_SPLINE_CURVE(2,(#9701,#9702,#9703,#9704,
#9705,#9706,#9707),.UNSPECIFIED.,.T.,.F.) B_SPLINE_CURVE_WITH_KNOTS((1,2
    ,2,2,2,1),(-2.094395102393,0.,2.094395102393,4.188790204786,
6.28318530718,8.377580409573),.UNSPECIFIED.) CURVE() 
GEOMETRIC_REPRESENTATION_ITEM() RATIONAL_B_SPLINE_CURVE((1.,0.5,1.,0.5,
1.,0.5,1.)) REPRESENTATION_ITEM('') );
#9701 = CARTESIAN_POINT('',(2.3,7.105427357601E-15));
#9702 = CARTESIAN_POINT('',(2.3,-3.983716857408));
#9703 = CARTESIAN_POINT('',(-1.15,-1.991858428704));
#9704 = CARTESIAN_POINT('',(-4.6,6.542089829993E-15));
#9705 = CARTESIAN_POINT('',(-1.15,1.991858428704));
#9706 = CARTESIAN_POINT('',(2.3,3.983716857408));
#9707 = CARTESIAN_POINT('',(2.3,7.105427357601E-15));
#9708 = ( GEOMETRIC_REPRESENTATION_CONTEXT(2) 
PARAMETRIC_REPRESENTATION_CONTEXT() REPRESENTATION_CONTEXT('2D SPACE',''
  ) );
#9709 = ORIENTED_EDGE('',*,*,#9661,.F.);
#9710 = ADVANCED_FACE('',(#9711,#9786),#7593,.T.);
#9711 = FACE_BOUND('',#9712,.T.);
#9712 = EDGE_LOOP('',(#9713,#9736,#9764,#9785));
#9713 = ORIENTED_EDGE('',*,*,#9714,.T.);
#9714 = EDGE_CURVE('',#7576,#9715,#9717,.T.);
#9715 = VERTEX_POINT('',#9716);
#9716 = CARTESIAN_POINT('',(17.8,-44.2,44.8));
#9717 = SURFACE_CURVE('',#9718,(#9722,#9729),.PCURVE_S1.);
#9718 = LINE('',#9719,#9720);
#9719 = CARTESIAN_POINT('',(17.8,-44.2,36.3));
#9720 = VECTOR('',#9721,1.);
#9721 = DIRECTION('',(0.,0.,1.));
#9722 = PCURVE('',#7593,#9723);
#9723 = DEFINITIONAL_REPRESENTATION('',(#9724),#9728);
#9724 = LINE('',#9725,#9726);
#9725 = CARTESIAN_POINT('',(0.,0.));
#9726 = VECTOR('',#9727,1.);
#9727 = DIRECTION('',(0.,-1.));
#9728 = ( GEOMETRIC_REPRESENTATION_CONTEXT(2) 
PARAMETRIC_REPRESENTATION_CONTEXT() REPRESENTATION_CONTEXT('2D SPACE',''
  ) );
#9729 = PCURVE('',#7621,#9730);
#9730 = DEFINITIONAL_REPRESENTATION('',(#9731),#9735);
#9731 = LINE('',#9732,#9733);
#9732 = CARTESIAN_POINT('',(4.4,0.));
#9733 = VECTOR('',#9734,1.);
#9734 = DIRECTION('',(0.,-1.));
#9735 = ( GEOMETRIC_REPRESENTATION_CONTEXT(2) 
PARAMETRIC_REPRESENTATION_CONTEXT() REPRESENTATION_CONTEXT('2D SPACE',''
  ) );
#9736 = ORIENTED_EDGE('',*,*,#9737,.T.);
#9737 = EDGE_CURVE('',#9715,#9738,#9740,.T.);
#9738 = VERTEX_POINT('',#9739);
#9739 = CARTESIAN_POINT('',(26.2,-44.2,44.8));
#9740 = SURFACE_CURVE('',#9741,(#9745,#9752),.PCURVE_S1.);
#9741 = LINE('',#9742,#9743);
#9742 = CARTESIAN_POINT('',(17.8,-44.2,44.8));
#9743 = VECTOR('',#9744,1.);
#9744 = DIRECTION('',(1.,0.,0.));
#9745 = PCURVE('',#7593,#9746);
#9746 = DEFINITIONAL_REPRESENTATION('',(#9747),#9751);
#9747 = LINE('',#9748,#9749);
#9748 = CARTESIAN_POINT('',(0.,-8.5));
#9749 = VECTOR('',#9750,1.);
#9750 = DIRECTION('',(1.,0.));
#9751 = ( GEOMETRIC_REPRESENTATION_CONTEXT(2) 
PARAMETRIC_REPRESENTATION_CONTEXT() REPRESENTATION_CONTEXT('2D SPACE',''
  ) );
#9752 = PCURVE('',#9753,#9758);
#9753 = PLANE('',#9754);
#9754 = AXIS2_PLACEMENT_3D('',#9755,#9756,#9757);
#9755 = CARTESIAN_POINT('',(22.,-42.,44.8));
#9756 = DIRECTION('',(0.,0.,1.));
#9757 = DIRECTION('',(1.,0.,-0.));
#9758 = DEFINITIONAL_REPRESENTATION('',(#9759),#9763);
#9759 = LINE('',#9760,#9761);
#9760 = CARTESIAN_POINT('',(-4.2,-2.2));
#9761 = VECTOR('',#9762,1.);
#9762 = DIRECTION('',(1.,0.));
#9763 = ( GEOMETRIC_REPRESENTATION_CONTEXT(2) 
PARAMETRIC_REPRESENTATION_CONTEXT() REPRESENTATION_CONTEXT('2D SPACE',''
  ) );
#9764 = ORIENTED_EDGE('',*,*,#9765,.F.);
#9765 = EDGE_CURVE('',#7578,#9738,#9766,.T.);
#9766 = SURFACE_CURVE('',#9767,(#9771,#9778),.PCURVE_S1.);
#9767 = LINE('',#9768,#9769);
#9768 = CARTESIAN_POINT('',(26.2,-44.2,36.3));
#9769 = VECTOR('',#9770,1.);
#9770 = DIRECTION('',(0.,0.,1.));
#9771 = PCURVE('',#7593,#9772);
#9772 = DEFINITIONAL_REPRESENTATION('',(#9773),#9777);
#9773 = LINE('',#9774,#9775);
#9774 = CARTESIAN_POINT('',(8.4,0.));
#9775 = VECTOR('',#9776,1.);
#9776 = DIRECTION('',(0.,-1.));
#9777 = ( GEOMETRIC_REPRESENTATION_CONTEXT(2) 
PARAMETRIC_REPRESENTATION_CONTEXT() REPRESENTATION_CONTEXT('2D SPACE',''
  ) );
#9778 = PCURVE('',#7675,#9779);
#9779 = DEFINITIONAL_REPRESENTATION('',(#9780),#9784);
#9780 = LINE('',#9781,#9782);
#9781 = CARTESIAN_POINT('',(0.,0.));
#9782 = VECTOR('',#9783,1.);
#9783 = DIRECTION('',(0.,-1.));
#9784 = ( GEOMETRIC_REPRESENTATION_CONTEXT(2) 
PARAMETRIC_REPRESENTATION_CONTEXT() REPRESENTATION_CONTEXT('2D SPACE',''
  ) );
#9785 = ORIENTED_EDGE('',*,*,#7575,.F.);
#9786 = FACE_BOUND('',#9787,.T.);
#9787 = EDGE_LOOP('',(#9788));
#9788 = ORIENTED_EDGE('',*,*,#9789,.F.);
#9789 = EDGE_CURVE('',#9790,#9790,#9792,.T.);
#9790 = VERTEX_POINT('',#9791);
#9791 = CARTESIAN_POINT('',(22.,-44.2,44.05));
#9792 = SURFACE_CURVE('',#9793,(#9798,#9805),.PCURVE_S1.);
#9793 = CIRCLE('',#9794,2.75);
#9794 = AXIS2_PLACEMENT_3D('',#9795,#9796,#9797);
#9795 = CARTESIAN_POINT('',(22.,-44.2,41.3));
#9796 = DIRECTION('',(0.,1.,0.));
#9797 = DIRECTION('',(0.,-0.,1.));
#9798 = PCURVE('',#7593,#9799);
#9799 = DEFINITIONAL_REPRESENTATION('',(#9800),#9804);
#9800 = CIRCLE('',#9801,2.75);
#9801 = AXIS2_PLACEMENT_2D('',#9802,#9803);
#9802 = CARTESIAN_POINT('',(4.2,-5.));
#9803 = DIRECTION('',(0.,-1.));
#9804 = ( GEOMETRIC_REPRESENTATION_CONTEXT(2) 
PARAMETRIC_REPRESENTATION_CONTEXT() REPRESENTATION_CONTEXT('2D SPACE',''
  ) );
#9805 = PCURVE('',#8448,#9806);
#9806 = DEFINITIONAL_REPRESENTATION('',(#9807),#9811);
#9807 = LINE('',#9808,#9809);
#9808 = CARTESIAN_POINT('',(0.,11.3));
#9809 = VECTOR('',#9810,1.);
#9810 = DIRECTION('',(1.,0.));
#9811 = ( GEOMETRIC_REPRESENTATION_CONTEXT(2) 
PARAMETRIC_REPRESENTATION_CONTEXT() REPRESENTATION_CONTEXT('2D SPACE',''
  ) );
#9812 = ADVANCED_FACE('',(#9813),#7675,.T.);
#9813 = FACE_BOUND('',#9814,.T.);
#9814 = EDGE_LOOP('',(#9815,#9816,#9839,#9860));
#9815 = ORIENTED_EDGE('',*,*,#9765,.T.);
#9816 = ORIENTED_EDGE('',*,*,#9817,.T.);
#9817 = EDGE_CURVE('',#9738,#9818,#9820,.T.);
#9818 = VERTEX_POINT('',#9819);
#9819 = CARTESIAN_POINT('',(26.2,-39.8,44.8));
#9820 = SURFACE_CURVE('',#9821,(#9825,#9832),.PCURVE_S1.);
#9821 = LINE('',#9822,#9823);
#9822 = CARTESIAN_POINT('',(26.2,-44.2,44.8));
#9823 = VECTOR('',#9824,1.);
#9824 = DIRECTION('',(0.,1.,0.));
#9825 = PCURVE('',#7675,#9826);
#9826 = DEFINITIONAL_REPRESENTATION('',(#9827),#9831);
#9827 = LINE('',#9828,#9829);
#9828 = CARTESIAN_POINT('',(0.,-8.5));
#9829 = VECTOR('',#9830,1.);
#9830 = DIRECTION('',(1.,0.));
#9831 = ( GEOMETRIC_REPRESENTATION_CONTEXT(2) 
PARAMETRIC_REPRESENTATION_CONTEXT() REPRESENTATION_CONTEXT('2D SPACE',''
  ) );
#9832 = PCURVE('',#9753,#9833);
#9833 = DEFINITIONAL_REPRESENTATION('',(#9834),#9838);
#9834 = LINE('',#9835,#9836);
#9835 = CARTESIAN_POINT('',(4.2,-2.2));
#9836 = VECTOR('',#9837,1.);
#9837 = DIRECTION('',(0.,1.));
#9838 = ( GEOMETRIC_REPRESENTATION_CONTEXT(2) 
PARAMETRIC_REPRESENTATION_CONTEXT() REPRESENTATION_CONTEXT('2D SPACE',''
  ) );
#9839 = ORIENTED_EDGE('',*,*,#9840,.F.);
#9840 = EDGE_CURVE('',#7634,#9818,#9841,.T.);
#9841 = SURFACE_CURVE('',#9842,(#9846,#9853),.PCURVE_S1.);
#9842 = LINE('',#9843,#9844);
#9843 = CARTESIAN_POINT('',(26.2,-39.8,36.3));
#9844 = VECTOR('',#9845,1.);
#9845 = DIRECTION('',(0.,0.,1.));
#9846 = PCURVE('',#7675,#9847);
#9847 = DEFINITIONAL_REPRESENTATION('',(#9848),#9852);
#9848 = LINE('',#9849,#9850);
#9849 = CARTESIAN_POINT('',(4.4,0.));
#9850 = VECTOR('',#9851,1.);
#9851 = DIRECTION('',(0.,-1.));
#9852 = ( GEOMETRIC_REPRESENTATION_CONTEXT(2) 
PARAMETRIC_REPRESENTATION_CONTEXT() REPRESENTATION_CONTEXT('2D SPACE',''
  ) );
#9853 = PCURVE('',#7649,#9854);
#9854 = DEFINITIONAL_REPRESENTATION('',(#9855),#9859);
#9855 = LINE('',#9856,#9857);
#9856 = CARTESIAN_POINT('',(0.,-0.));
#9857 = VECTOR('',#9858,1.);
#9858 = DIRECTION('',(0.,-1.));
#9859 = ( GEOMETRIC_REPRESENTATION_CONTEXT(2) 
PARAMETRIC_REPRESENTATION_CONTEXT() REPRESENTATION_CONTEXT('2D SPACE',''
  ) );
#9860 = ORIENTED_EDGE('',*,*,#7661,.F.);
#9861 = ADVANCED_FACE('',(#9862,#9910),#7649,.T.);
#9862 = FACE_BOUND('',#9863,.T.);
#9863 = EDGE_LOOP('',(#9864,#9865,#9888,#9909));
#9864 = ORIENTED_EDGE('',*,*,#9840,.T.);
#9865 = ORIENTED_EDGE('',*,*,#9866,.T.);
#9866 = EDGE_CURVE('',#9818,#9867,#9869,.T.);
#9867 = VERTEX_POINT('',#9868);
#9868 = CARTESIAN_POINT('',(17.8,-39.8,44.8));
#9869 = SURFACE_CURVE('',#9870,(#9874,#9881),.PCURVE_S1.);
#9870 = LINE('',#9871,#9872);
#9871 = CARTESIAN_POINT('',(26.2,-39.8,44.8));
#9872 = VECTOR('',#9873,1.);
#9873 = DIRECTION('',(-1.,0.,0.));
#9874 = PCURVE('',#7649,#9875);
#9875 = DEFINITIONAL_REPRESENTATION('',(#9876),#9880);
#9876 = LINE('',#9877,#9878);
#9877 = CARTESIAN_POINT('',(0.,-8.5));
#9878 = VECTOR('',#9879,1.);
#9879 = DIRECTION('',(1.,0.));
#9880 = ( GEOMETRIC_REPRESENTATION_CONTEXT(2) 
PARAMETRIC_REPRESENTATION_CONTEXT() REPRESENTATION_CONTEXT('2D SPACE',''
  ) );
#9881 = PCURVE('',#9753,#9882);
#9882 = DEFINITIONAL_REPRESENTATION('',(#9883),#9887);
#9883 = LINE('',#9884,#9885);
#9884 = CARTESIAN_POINT('',(4.2,2.2));
#9885 = VECTOR('',#9886,1.);
#9886 = DIRECTION('',(-1.,0.));
#9887 = ( GEOMETRIC_REPRESENTATION_CONTEXT(2) 
PARAMETRIC_REPRESENTATION_CONTEXT() REPRESENTATION_CONTEXT('2D SPACE',''
  ) );
#9888 = ORIENTED_EDGE('',*,*,#9889,.F.);
#9889 = EDGE_CURVE('',#7606,#9867,#9890,.T.);
#9890 = SURFACE_CURVE('',#9891,(#9895,#9902),.PCURVE_S1.);
#9891 = LINE('',#9892,#9893);
#9892 = CARTESIAN_POINT('',(17.8,-39.8,36.3));
#9893 = VECTOR('',#9894,1.);
#9894 = DIRECTION('',(0.,0.,1.));
#9895 = PCURVE('',#7649,#9896);
#9896 = DEFINITIONAL_REPRESENTATION('',(#9897),#9901);
#9897 = LINE('',#9898,#9899);
#9898 = CARTESIAN_POINT('',(8.4,0.));
#9899 = VECTOR('',#9900,1.);
#9900 = DIRECTION('',(0.,-1.));
#9901 = ( GEOMETRIC_REPRESENTATION_CONTEXT(2) 
PARAMETRIC_REPRESENTATION_CONTEXT() REPRESENTATION_CONTEXT('2D SPACE',''
  ) );
#9902 = PCURVE('',#7621,#9903);
#9903 = DEFINITIONAL_REPRESENTATION('',(#9904),#9908);
#9904 = LINE('',#9905,#9906);
#9905 = CARTESIAN_POINT('',(0.,0.));
#9906 = VECTOR('',#9907,1.);
#9907 = DIRECTION('',(0.,-1.));
#9908 = ( GEOMETRIC_REPRESENTATION_CONTEXT(2) 
PARAMETRIC_REPRESENTATION_CONTEXT() REPRESENTATION_CONTEXT('2D SPACE',''
  ) );
#9909 = ORIENTED_EDGE('',*,*,#7633,.F.);
#9910 = FACE_BOUND('',#9911,.T.);
#9911 = EDGE_LOOP('',(#9912));
#9912 = ORIENTED_EDGE('',*,*,#9913,.T.);
#9913 = EDGE_CURVE('',#9914,#9914,#9916,.T.);
#9914 = VERTEX_POINT('',#9915);
#9915 = CARTESIAN_POINT('',(22.,-39.8,44.05));
#9916 = SURFACE_CURVE('',#9917,(#9922,#9933),.PCURVE_S1.);
#9917 = CIRCLE('',#9918,2.75);
#9918 = AXIS2_PLACEMENT_3D('',#9919,#9920,#9921);
#9919 = CARTESIAN_POINT('',(22.,-39.8,41.3));
#9920 = DIRECTION('',(0.,1.,0.));
#9921 = DIRECTION('',(0.,-0.,1.));
#9922 = PCURVE('',#7649,#9923);
#9923 = DEFINITIONAL_REPRESENTATION('',(#9924),#9932);
#9924 = ( BOUNDED_CURVE() B_SPLINE_CURVE(2,(#9925,#9926,#9927,#9928,
#9929,#9930,#9931),.UNSPECIFIED.,.T.,.F.) B_SPLINE_CURVE_WITH_KNOTS((1,2
    ,2,2,2,1),(-2.094395102393,0.,2.094395102393,4.188790204786,
6.28318530718,8.377580409573),.UNSPECIFIED.) CURVE() 
GEOMETRIC_REPRESENTATION_ITEM() RATIONAL_B_SPLINE_CURVE((1.,0.5,1.,0.5,
1.,0.5,1.)) REPRESENTATION_ITEM('') );
#9925 = CARTESIAN_POINT('',(4.2,-7.75));
#9926 = CARTESIAN_POINT('',(-0.563139720814,-7.75));
#9927 = CARTESIAN_POINT('',(1.818430139593,-3.625));
#9928 = CARTESIAN_POINT('',(4.2,0.5));
#9929 = CARTESIAN_POINT('',(6.581569860407,-3.625));
#9930 = CARTESIAN_POINT('',(8.963139720814,-7.75));
#9931 = CARTESIAN_POINT('',(4.2,-7.75));
#9932 = ( GEOMETRIC_REPRESENTATION_CONTEXT(2) 
PARAMETRIC_REPRESENTATION_CONTEXT() REPRESENTATION_CONTEXT('2D SPACE',''
  ) );
#9933 = PCURVE('',#9934,#9939);
#9934 = CYLINDRICAL_SURFACE('',#9935,2.75);
#9935 = AXIS2_PLACEMENT_3D('',#9936,#9937,#9938);
#9936 = CARTESIAN_POINT('',(22.,-55.5,41.3));
#9937 = DIRECTION('',(0.,1.,0.));
#9938 = DIRECTION('',(0.,-0.,1.));
#9939 = DEFINITIONAL_REPRESENTATION('',(#9940),#9944);
#9940 = LINE('',#9941,#9942);
#9941 = CARTESIAN_POINT('',(0.,15.7));
#9942 = VECTOR('',#9943,1.);
#9943 = DIRECTION('',(1.,0.));
#9944 = ( GEOMETRIC_REPRESENTATION_CONTEXT(2) 
PARAMETRIC_REPRESENTATION_CONTEXT() REPRESENTATION_CONTEXT('2D SPACE',''
  ) );
#9945 = ADVANCED_FACE('',(#9946),#7621,.T.);
#9946 = FACE_BOUND('',#9947,.T.);
#9947 = EDGE_LOOP('',(#9948,#9949,#9970,#9971));
#9948 = ORIENTED_EDGE('',*,*,#9889,.T.);
#9949 = ORIENTED_EDGE('',*,*,#9950,.T.);
#9950 = EDGE_CURVE('',#9867,#9715,#9951,.T.);
#9951 = SURFACE_CURVE('',#9952,(#9956,#9963),.PCURVE_S1.);
#9952 = LINE('',#9953,#9954);
#9953 = CARTESIAN_POINT('',(17.8,-39.8,44.8));
#9954 = VECTOR('',#9955,1.);
#9955 = DIRECTION('',(0.,-1.,0.));
#9956 = PCURVE('',#7621,#9957);
#9957 = DEFINITIONAL_REPRESENTATION('',(#9958),#9962);
#9958 = LINE('',#9959,#9960);
#9959 = CARTESIAN_POINT('',(0.,-8.5));
#9960 = VECTOR('',#9961,1.);
#9961 = DIRECTION('',(1.,0.));
#9962 = ( GEOMETRIC_REPRESENTATION_CONTEXT(2) 
PARAMETRIC_REPRESENTATION_CONTEXT() REPRESENTATION_CONTEXT('2D SPACE',''
  ) );
#9963 = PCURVE('',#9753,#9964);
#9964 = DEFINITIONAL_REPRESENTATION('',(#9965),#9969);
#9965 = LINE('',#9966,#9967);
#9966 = CARTESIAN_POINT('',(-4.2,2.2));
#9967 = VECTOR('',#9968,1.);
#9968 = DIRECTION('',(0.,-1.));
#9969 = ( GEOMETRIC_REPRESENTATION_CONTEXT(2) 
PARAMETRIC_REPRESENTATION_CONTEXT() REPRESENTATION_CONTEXT('2D SPACE',''
  ) );
#9970 = ORIENTED_EDGE('',*,*,#9714,.F.);
#9971 = ORIENTED_EDGE('',*,*,#7605,.F.);
#9972 = ADVANCED_FACE('',(#9973),#7710,.F.);
#9973 = FACE_BOUND('',#9974,.T.);
#9974 = EDGE_LOOP('',(#9975,#9976,#9999,#10025));
#9975 = ORIENTED_EDGE('',*,*,#7689,.T.);
#9976 = ORIENTED_EDGE('',*,*,#9977,.T.);
#9977 = EDGE_CURVE('',#7690,#9978,#9980,.T.);
#9978 = VERTEX_POINT('',#9979);
#9979 = CARTESIAN_POINT('',(52.3,-36.,52.3));
#9980 = SEAM_CURVE('',#9981,(#9985,#9992),.PCURVE_S1.);
#9981 = LINE('',#9982,#9983);
#9982 = CARTESIAN_POINT('',(52.3,-36.,35.3));
#9983 = VECTOR('',#9984,1.);
#9984 = DIRECTION('',(0.,0.,1.));
#9985 = PCURVE('',#7710,#9986);
#9986 = DEFINITIONAL_REPRESENTATION('',(#9987),#9991);
#9987 = LINE('',#9988,#9989);
#9988 = CARTESIAN_POINT('',(-6.28318530718,0.));
#9989 = VECTOR('',#9990,1.);
#9990 = DIRECTION('',(-0.,-1.));
#9991 = ( GEOMETRIC_REPRESENTATION_CONTEXT(2) 
PARAMETRIC_REPRESENTATION_CONTEXT() REPRESENTATION_CONTEXT('2D SPACE',''
  ) );
#9992 = PCURVE('',#7710,#9993);
#9993 = DEFINITIONAL_REPRESENTATION('',(#9994),#9998);
#9994 = LINE('',#9995,#9996);
#9995 = CARTESIAN_POINT('',(-0.,0.));
#9996 = VECTOR('',#9997,1.);
#9997 = DIRECTION('',(-0.,-1.));
#9998 = ( GEOMETRIC_REPRESENTATION_CONTEXT(2) 
PARAMETRIC_REPRESENTATION_CONTEXT() REPRESENTATION_CONTEXT('2D SPACE',''
  ) );
#9999 = ORIENTED_EDGE('',*,*,#10000,.F.);
#10000 = EDGE_CURVE('',#9978,#9978,#10001,.T.);
#10001 = SURFACE_CURVE('',#10002,(#10007,#10014),.PCURVE_S1.);
#10002 = CIRCLE('',#10003,2.3);
#10003 = AXIS2_PLACEMENT_3D('',#10004,#10005,#10006);
#10004 = CARTESIAN_POINT('',(50.,-36.,52.3));
#10005 = DIRECTION('',(0.,0.,-1.));
#10006 = DIRECTION('',(1.,0.,0.));
#10007 = PCURVE('',#7710,#10008);
#10008 = DEFINITIONAL_REPRESENTATION('',(#10009),#10013);
#10009 = LINE('',#10010,#10011);
#10010 = CARTESIAN_POINT('',(-6.28318530718,-17.));
#10011 = VECTOR('',#10012,1.);
#10012 = DIRECTION('',(1.,-0.));
#10013 = ( GEOMETRIC_REPRESENTATION_CONTEXT(2) 
PARAMETRIC_REPRESENTATION_CONTEXT() REPRESENTATION_CONTEXT('2D SPACE',''
  ) );
#10014 = PCURVE('',#8966,#10015);
#10015 = DEFINITIONAL_REPRESENTATION('',(#10016),#10024);
#10016 = ( BOUNDED_CURVE() B_SPLINE_CURVE(2,(#10017,#10018,#10019,#10020
    ,#10021,#10022,#10023),.UNSPECIFIED.,.T.,.F.) 
B_SPLINE_CURVE_WITH_KNOTS((1,2,2,2,2,1),(-2.094395102393,0.,
    2.094395102393,4.188790204786,6.28318530718,8.377580409573),
.UNSPECIFIED.) CURVE() GEOMETRIC_REPRESENTATION_ITEM() 
RATIONAL_B_SPLINE_CURVE((1.,0.5,1.,0.5,1.,0.5,1.)) REPRESENTATION_ITEM(
  '') );
#10017 = CARTESIAN_POINT('',(2.3,7.105427357601E-15));
#10018 = CARTESIAN_POINT('',(2.3,-3.983716857408));
#10019 = CARTESIAN_POINT('',(-1.15,-1.991858428704));
#10020 = CARTESIAN_POINT('',(-4.6,6.542089829993E-15));
#10021 = CARTESIAN_POINT('',(-1.15,1.991858428704));
#10022 = CARTESIAN_POINT('',(2.3,3.983716857408));
#10023 = CARTESIAN_POINT('',(2.3,7.105427357601E-15));
#10024 = ( GEOMETRIC_REPRESENTATION_CONTEXT(2) 
PARAMETRIC_REPRESENTATION_CONTEXT() REPRESENTATION_CONTEXT('2D SPACE',''
  ) );
#10025 = ORIENTED_EDGE('',*,*,#9977,.F.);
#10026 = ADVANCED_FACE('',(#10027),#7953,.F.);
#10027 = FACE_BOUND('',#10028,.T.);
#10028 = EDGE_LOOP('',(#10029,#10030,#10053,#10079));
#10029 = ORIENTED_EDGE('',*,*,#7932,.T.);
#10030 = ORIENTED_EDGE('',*,*,#10031,.T.);
#10031 = EDGE_CURVE('',#7933,#10032,#10034,.T.);
#10032 = VERTEX_POINT('',#10033);
#10033 = CARTESIAN_POINT('',(-47.7,64.,52.3));
#10034 = SEAM_CURVE('',#10035,(#10039,#10046),.PCURVE_S1.);
#10035 = LINE('',#10036,#10037);
#10036 = CARTESIAN_POINT('',(-47.7,64.,35.3));
#10037 = VECTOR('',#10038,1.);
#10038 = DIRECTION('',(0.,0.,1.));
#10039 = PCURVE('',#7953,#10040);
#10040 = DEFINITIONAL_REPRESENTATION('',(#10041),#10045);
#10041 = LINE('',#10042,#10043);
#10042 = CARTESIAN_POINT('',(-6.28318530718,0.));
#10043 = VECTOR('',#10044,1.);
#10044 = DIRECTION('',(-0.,-1.));
#10045 = ( GEOMETRIC_REPRESENTATION_CONTEXT(2) 
PARAMETRIC_REPRESENTATION_CONTEXT() REPRESENTATION_CONTEXT('2D SPACE',''
  ) );
#10046 = PCURVE('',#7953,#10047);
#10047 = DEFINITIONAL_REPRESENTATION('',(#10048),#10052);
#10048 = LINE('',#10049,#10050);
#10049 = CARTESIAN_POINT('',(-0.,0.));
#10050 = VECTOR('',#10051,1.);
#10051 = DIRECTION('',(-0.,-1.));
#10052 = ( GEOMETRIC_REPRESENTATION_CONTEXT(2) 
PARAMETRIC_REPRESENTATION_CONTEXT() REPRESENTATION_CONTEXT('2D SPACE',''
  ) );
#10053 = ORIENTED_EDGE('',*,*,#10054,.F.);
#10054 = EDGE_CURVE('',#10032,#10032,#10055,.T.);
#10055 = SURFACE_CURVE('',#10056,(#10061,#10068),.PCURVE_S1.);
#10056 = CIRCLE('',#10057,2.3);
#10057 = AXIS2_PLACEMENT_3D('',#10058,#10059,#10060);
#10058 = CARTESIAN_POINT('',(-50.,64.,52.3));
#10059 = DIRECTION('',(0.,0.,-1.));
#10060 = DIRECTION('',(1.,0.,0.));
#10061 = PCURVE('',#7953,#10062);
#10062 = DEFINITIONAL_REPRESENTATION('',(#10063),#10067);
#10063 = LINE('',#10064,#10065);
#10064 = CARTESIAN_POINT('',(-6.28318530718,-17.));
#10065 = VECTOR('',#10066,1.);
#10066 = DIRECTION('',(1.,-0.));
#10067 = ( GEOMETRIC_REPRESENTATION_CONTEXT(2) 
PARAMETRIC_REPRESENTATION_CONTEXT() REPRESENTATION_CONTEXT('2D SPACE',''
  ) );
#10068 = PCURVE('',#9265,#10069);
#10069 = DEFINITIONAL_REPRESENTATION('',(#10070),#10078);
#10070 = ( BOUNDED_CURVE() B_SPLINE_CURVE(2,(#10071,#10072,#10073,#10074
    ,#10075,#10076,#10077),.UNSPECIFIED.,.T.,.F.) 
B_SPLINE_CURVE_WITH_KNOTS((1,2,2,2,2,1),(-2.094395102393,0.,
    2.094395102393,4.188790204786,6.28318530718,8.377580409573),
.UNSPECIFIED.) CURVE() GEOMETRIC_REPRESENTATION_ITEM() 
RATIONAL_B_SPLINE_CURVE((1.,0.5,1.,0.5,1.,0.5,1.)) REPRESENTATION_ITEM(
  '') );
#10071 = CARTESIAN_POINT('',(2.3,0.));
#10072 = CARTESIAN_POINT('',(2.3,-3.983716857408));
#10073 = CARTESIAN_POINT('',(-1.15,-1.991858428704));
#10074 = CARTESIAN_POINT('',(-4.6,-5.633375276078E-16));
#10075 = CARTESIAN_POINT('',(-1.15,1.991858428704));
#10076 = CARTESIAN_POINT('',(2.3,3.983716857408));
#10077 = CARTESIAN_POINT('',(2.3,0.));
#10078 = ( GEOMETRIC_REPRESENTATION_CONTEXT(2) 
PARAMETRIC_REPRESENTATION_CONTEXT() REPRESENTATION_CONTEXT('2D SPACE',''
  ) );
#10079 = ORIENTED_EDGE('',*,*,#10031,.F.);
#10080 = ADVANCED_FACE('',(#10081),#8282,.F.);
#10081 = FACE_BOUND('',#10082,.T.);
#10082 = EDGE_LOOP('',(#10083,#10084,#10107,#10133));
#10083 = ORIENTED_EDGE('',*,*,#8261,.T.);
#10084 = ORIENTED_EDGE('',*,*,#10085,.T.);
#10085 = EDGE_CURVE('',#8262,#10086,#10088,.T.);
#10086 = VERTEX_POINT('',#10087);
#10087 = CARTESIAN_POINT('',(52.3,64.,52.3));
#10088 = SEAM_CURVE('',#10089,(#10093,#10100),.PCURVE_S1.);
#10089 = LINE('',#10090,#10091);
#10090 = CARTESIAN_POINT('',(52.3,64.,35.3));
#10091 = VECTOR('',#10092,1.);
#10092 = DIRECTION('',(0.,0.,1.));
#10093 = PCURVE('',#8282,#10094);
#10094 = DEFINITIONAL_REPRESENTATION('',(#10095),#10099);
#10095 = LINE('',#10096,#10097);
#10096 = CARTESIAN_POINT('',(-6.28318530718,0.));
#10097 = VECTOR('',#10098,1.);
#10098 = DIRECTION('',(-0.,-1.));
#10099 = ( GEOMETRIC_REPRESENTATION_CONTEXT(2) 
PARAMETRIC_REPRESENTATION_CONTEXT() REPRESENTATION_CONTEXT('2D SPACE',''
  ) );
#10100 = PCURVE('',#8282,#10101);
#10101 = DEFINITIONAL_REPRESENTATION('',(#10102),#10106);
#10102 = LINE('',#10103,#10104);
#10103 = CARTESIAN_POINT('',(-0.,0.));
#10104 = VECTOR('',#10105,1.);
#10105 = DIRECTION('',(-0.,-1.));
#10106 = ( GEOMETRIC_REPRESENTATION_CONTEXT(2) 
PARAMETRIC_REPRESENTATION_CONTEXT() REPRESENTATION_CONTEXT('2D SPACE',''
  ) );
#10107 = ORIENTED_EDGE('',*,*,#10108,.F.);
#10108 = EDGE_CURVE('',#10086,#10086,#10109,.T.);
#10109 = SURFACE_CURVE('',#10110,(#10115,#10122),.PCURVE_S1.);
#10110 = CIRCLE('',#10111,2.3);
#10111 = AXIS2_PLACEMENT_3D('',#10112,#10113,#10114);
#10112 = CARTESIAN_POINT('',(50.,64.,52.3));
#10113 = DIRECTION('',(0.,0.,-1.));
#10114 = DIRECTION('',(1.,0.,0.));
#10115 = PCURVE('',#8282,#10116);
#10116 = DEFINITIONAL_REPRESENTATION('',(#10117),#10121);
#10117 = LINE('',#10118,#10119);
#10118 = CARTESIAN_POINT('',(-6.28318530718,-17.));
#10119 = VECTOR('',#10120,1.);
#10120 = DIRECTION('',(1.,-0.));
#10121 = ( GEOMETRIC_REPRESENTATION_CONTEXT(2) 
PARAMETRIC_REPRESENTATION_CONTEXT() REPRESENTATION_CONTEXT('2D SPACE',''
  ) );
#10122 = PCURVE('',#9644,#10123);
#10123 = DEFINITIONAL_REPRESENTATION('',(#10124),#10132);
#10124 = ( BOUNDED_CURVE() B_SPLINE_CURVE(2,(#10125,#10126,#10127,#10128
    ,#10129,#10130,#10131),.UNSPECIFIED.,.T.,.F.) 
B_SPLINE_CURVE_WITH_KNOTS((1,2,2,2,2,1),(-2.094395102393,0.,
    2.094395102393,4.188790204786,6.28318530718,8.377580409573),
.UNSPECIFIED.) CURVE() GEOMETRIC_REPRESENTATION_ITEM() 
RATIONAL_B_SPLINE_CURVE((1.,0.5,1.,0.5,1.,0.5,1.)) REPRESENTATION_ITEM(
  '') );
#10125 = CARTESIAN_POINT('',(2.3,0.));
#10126 = CARTESIAN_POINT('',(2.3,-3.983716857408));
#10127 = CARTESIAN_POINT('',(-1.15,-1.991858428704));
#10128 = CARTESIAN_POINT('',(-4.6,-5.633375276078E-16));
#10129 = CARTESIAN_POINT('',(-1.15,1.991858428704));
#10130 = CARTESIAN_POINT('',(2.3,3.983716857408));
#10131 = CARTESIAN_POINT('',(2.3,0.));
#10132 = ( GEOMETRIC_REPRESENTATION_CONTEXT(2) 
PARAMETRIC_REPRESENTATION_CONTEXT() REPRESENTATION_CONTEXT('2D SPACE',''
  ) );
#10133 = ORIENTED_EDGE('',*,*,#10085,.F.);
#10134 = ADVANCED_FACE('',(#10135),#8448,.F.);
#10135 = FACE_BOUND('',#10136,.F.);
#10136 = EDGE_LOOP('',(#10137,#10138,#10159,#10160));
#10137 = ORIENTED_EDGE('',*,*,#8431,.T.);
#10138 = ORIENTED_EDGE('',*,*,#10139,.T.);
#10139 = EDGE_CURVE('',#8432,#9790,#10140,.T.);
#10140 = SEAM_CURVE('',#10141,(#10145,#10152),.PCURVE_S1.);
#10141 = LINE('',#10142,#10143);
#10142 = CARTESIAN_POINT('',(22.,-55.5,44.05));
#10143 = VECTOR('',#10144,1.);
#10144 = DIRECTION('',(0.,1.,0.));
#10145 = PCURVE('',#8448,#10146);
#10146 = DEFINITIONAL_REPRESENTATION('',(#10147),#10151);
#10147 = LINE('',#10148,#10149);
#10148 = CARTESIAN_POINT('',(0.,-0.));
#10149 = VECTOR('',#10150,1.);
#10150 = DIRECTION('',(0.,1.));
#10151 = ( GEOMETRIC_REPRESENTATION_CONTEXT(2) 
PARAMETRIC_REPRESENTATION_CONTEXT() REPRESENTATION_CONTEXT('2D SPACE',''
  ) );
#10152 = PCURVE('',#8448,#10153);
#10153 = DEFINITIONAL_REPRESENTATION('',(#10154),#10158);
#10154 = LINE('',#10155,#10156);
#10155 = CARTESIAN_POINT('',(6.28318530718,-0.));
#10156 = VECTOR('',#10157,1.);
#10157 = DIRECTION('',(0.,1.));
#10158 = ( GEOMETRIC_REPRESENTATION_CONTEXT(2) 
PARAMETRIC_REPRESENTATION_CONTEXT() REPRESENTATION_CONTEXT('2D SPACE',''
  ) );
#10159 = ORIENTED_EDGE('',*,*,#9789,.F.);
#10160 = ORIENTED_EDGE('',*,*,#10139,.F.);
#10161 = ADVANCED_FACE('',(#10162),#8614,.F.);
#10162 = FACE_BOUND('',#10163,.F.);
#10163 = EDGE_LOOP('',(#10164,#10165,#10166));
#10164 = ORIENTED_EDGE('',*,*,#8597,.F.);
#10165 = ORIENTED_EDGE('',*,*,#8785,.F.);
#10166 = ORIENTED_EDGE('',*,*,#8706,.F.);
#10167 = ADVANCED_FACE('',(#10168,#10171),#8772,.T.);
#10168 = FACE_BOUND('',#10169,.T.);
#10169 = EDGE_LOOP('',(#10170));
#10170 = ORIENTED_EDGE('',*,*,#8757,.T.);
#10171 = FACE_BOUND('',#10172,.T.);
#10172 = EDGE_LOOP('',(#10173));
#10173 = ORIENTED_EDGE('',*,*,#9684,.T.);
#10174 = ADVANCED_FACE('',(#10175,#10178),#8966,.T.);
#10175 = FACE_BOUND('',#10176,.T.);
#10176 = EDGE_LOOP('',(#10177));
#10177 = ORIENTED_EDGE('',*,*,#8951,.T.);
#10178 = FACE_BOUND('',#10179,.T.);
#10179 = EDGE_LOOP('',(#10180));
#10180 = ORIENTED_EDGE('',*,*,#10000,.T.);
#10181 = ADVANCED_FACE('',(#10182),#8912,.F.);
#10182 = FACE_BOUND('',#10183,.F.);
#10183 = EDGE_LOOP('',(#10184,#10185));
#10184 = ORIENTED_EDGE('',*,*,#9005,.F.);
#10185 = ORIENTED_EDGE('',*,*,#8895,.F.);
#10186 = ADVANCED_FACE('',(#10187,#10190),#9265,.T.);
#10187 = FACE_BOUND('',#10188,.T.);
#10188 = EDGE_LOOP('',(#10189));
#10189 = ORIENTED_EDGE('',*,*,#9250,.T.);
#10190 = FACE_BOUND('',#10191,.T.);
#10191 = EDGE_LOOP('',(#10192));
#10192 = ORIENTED_EDGE('',*,*,#10054,.T.);
#10193 = ADVANCED_FACE('',(#10194,#10197),#9644,.T.);
#10194 = FACE_BOUND('',#10195,.T.);
#10195 = EDGE_LOOP('',(#10196));
#10196 = ORIENTED_EDGE('',*,*,#9629,.T.);
#10197 = FACE_BOUND('',#10198,.T.);
#10198 = EDGE_LOOP('',(#10199));
#10199 = ORIENTED_EDGE('',*,*,#10108,.T.);
#10200 = ADVANCED_FACE('',(#10201),#9753,.F.);
#10201 = FACE_BOUND('',#10202,.F.);
#10202 = EDGE_LOOP('',(#10203,#10204,#10205,#10206));
#10203 = ORIENTED_EDGE('',*,*,#9737,.T.);
#10204 = ORIENTED_EDGE('',*,*,#9817,.T.);
#10205 = ORIENTED_EDGE('',*,*,#9866,.T.);
#10206 = ORIENTED_EDGE('',*,*,#9950,.T.);
#10207 = ADVANCED_FACE('',(#10208),#9934,.F.);
#10208 = FACE_BOUND('',#10209,.F.);
#10209 = EDGE_LOOP('',(#10210,#10211,#10234,#10261));
#10210 = ORIENTED_EDGE('',*,*,#9913,.T.);
#10211 = ORIENTED_EDGE('',*,*,#10212,.T.);
#10212 = EDGE_CURVE('',#9914,#10213,#10215,.T.);
#10213 = VERTEX_POINT('',#10214);
#10214 = CARTESIAN_POINT('',(22.,-33.5,44.05));
#10215 = SEAM_CURVE('',#10216,(#10220,#10227),.PCURVE_S1.);
#10216 = LINE('',#10217,#10218);
#10217 = CARTESIAN_POINT('',(22.,-55.5,44.05));
#10218 = VECTOR('',#10219,1.);
#10219 = DIRECTION('',(0.,1.,0.));
#10220 = PCURVE('',#9934,#10221);
#10221 = DEFINITIONAL_REPRESENTATION('',(#10222),#10226);
#10222 = LINE('',#10223,#10224);
#10223 = CARTESIAN_POINT('',(0.,-0.));
#10224 = VECTOR('',#10225,1.);
#10225 = DIRECTION('',(0.,1.));
#10226 = ( GEOMETRIC_REPRESENTATION_CONTEXT(2) 
PARAMETRIC_REPRESENTATION_CONTEXT() REPRESENTATION_CONTEXT('2D SPACE',''
  ) );
#10227 = PCURVE('',#9934,#10228);
#10228 = DEFINITIONAL_REPRESENTATION('',(#10229),#10233);
#10229 = LINE('',#10230,#10231);
#10230 = CARTESIAN_POINT('',(6.28318530718,-0.));
#10231 = VECTOR('',#10232,1.);
#10232 = DIRECTION('',(0.,1.));
#10233 = ( GEOMETRIC_REPRESENTATION_CONTEXT(2) 
PARAMETRIC_REPRESENTATION_CONTEXT() REPRESENTATION_CONTEXT('2D SPACE',''
  ) );
#10234 = ORIENTED_EDGE('',*,*,#10235,.F.);
#10235 = EDGE_CURVE('',#10213,#10213,#10236,.T.);
#10236 = SURFACE_CURVE('',#10237,(#10242,#10249),.PCURVE_S1.);
#10237 = CIRCLE('',#10238,2.75);
#10238 = AXIS2_PLACEMENT_3D('',#10239,#10240,#10241);
#10239 = CARTESIAN_POINT('',(22.,-33.5,41.3));
#10240 = DIRECTION('',(0.,1.,0.));
#10241 = DIRECTION('',(0.,-0.,1.));
#10242 = PCURVE('',#9934,#10243);
#10243 = DEFINITIONAL_REPRESENTATION('',(#10244),#10248);
#10244 = LINE('',#10245,#10246);
#10245 = CARTESIAN_POINT('',(0.,22.));
#10246 = VECTOR('',#10247,1.);
#10247 = DIRECTION('',(1.,0.));
#10248 = ( GEOMETRIC_REPRESENTATION_CONTEXT(2) 
PARAMETRIC_REPRESENTATION_CONTEXT() REPRESENTATION_CONTEXT('2D SPACE',''
  ) );
#10249 = PCURVE('',#10250,#10255);
#10250 = PLANE('',#10251);
#10251 = AXIS2_PLACEMENT_3D('',#10252,#10253,#10254);
#10252 = CARTESIAN_POINT('',(22.,-33.5,41.3));
#10253 = DIRECTION('',(0.,1.,0.));
#10254 = DIRECTION('',(0.,-0.,1.));
#10255 = DEFINITIONAL_REPRESENTATION('',(#10256),#10260);
#10256 = CIRCLE('',#10257,2.75);
#10257 = AXIS2_PLACEMENT_2D('',#10258,#10259);
#10258 = CARTESIAN_POINT('',(0.,0.));
#10259 = DIRECTION('',(1.,0.));
#10260 = ( GEOMETRIC_REPRESENTATION_CONTEXT(2) 
PARAMETRIC_REPRESENTATION_CONTEXT() REPRESENTATION_CONTEXT('2D SPACE',''
  ) );
#10261 = ORIENTED_EDGE('',*,*,#10212,.F.);
#10262 = ADVANCED_FACE('',(#10263),#10250,.F.);
#10263 = FACE_BOUND('',#10264,.F.);
#10264 = EDGE_LOOP('',(#10265));
#10265 = ORIENTED_EDGE('',*,*,#10235,.T.);
#10266 = ( GEOMETRIC_REPRESENTATION_CONTEXT(3) 
GLOBAL_UNCERTAINTY_ASSIGNED_CONTEXT((#10270)) 
GLOBAL_UNIT_ASSIGNED_CONTEXT((#10267,#10268,#10269)) 
REPRESENTATION_CONTEXT('Context #1',
  '3D Context with UNIT and UNCERTAINTY') );
#10267 = ( LENGTH_UNIT() NAMED_UNIT(*) SI_UNIT(.MILLI.,.METRE.) );
#10268 = ( NAMED_UNIT(*) PLANE_ANGLE_UNIT() SI_UNIT($,.RADIAN.) );
#10269 = ( NAMED_UNIT(*) SI_UNIT($,.STERADIAN.) SOLID_ANGLE_UNIT() );
#10270 = UNCERTAINTY_MEASURE_WITH_UNIT(LENGTH_MEASURE(1.E-07),#10267,
  'distance_accuracy_value','confusion accuracy');
#10271 = CONTEXT_DEPENDENT_SHAPE_REPRESENTATION(#10272,#10274);
#10272 = ( REPRESENTATION_RELATIONSHIP('','',#5731,#10) 
REPRESENTATION_RELATIONSHIP_WITH_TRANSFORMATION(#10273) 
SHAPE_REPRESENTATION_RELATIONSHIP() );
#10273 = ITEM_DEFINED_TRANSFORMATION('','',#11,#19);
#10274 = PRODUCT_DEFINITION_SHAPE('Placement','Placement of an item',
  #10275);
#10275 = NEXT_ASSEMBLY_USAGE_OCCURRENCE('22','receiver_entry','',#5,
  #5726,$);
#10276 = PRODUCT_RELATED_PRODUCT_CATEGORY('part',$,(#5728));
ENDSEC;
END-ISO-10303-21;
