ISO-10303-21;
HEADER;
FILE_DESCRIPTION(('Open CASCADE Model'),'2;1');
FILE_NAME('Open CASCADE Shape Model','2026-08-09T18:43:24',('Author'),(
    'Open CASCADE'),'Open CASCADE STEP processor 7.9','Open CASCADE 7.9'
  ,'Unknown');
FILE_SCHEMA(('AUTOMOTIVE_DESIGN { 1 0 10303 214 1 1 1 1 }'));
ENDSEC;
DATA;
#1 = APPLICATION_PROTOCOL_DEFINITION('international standard',
  'automotive_design',2000,#2);
#2 = APPLICATION_CONTEXT(
  'core data for automotive mechanical design processes');
#3 = SHAPE_DEFINITION_REPRESENTATION(#4,#10);
#4 = PRODUCT_DEFINITION_SHAPE('','',#5);
#5 = PRODUCT_DEFINITION('design','',#6,#9);
#6 = PRODUCT_DEFINITION_FORMATION('','',#7);
#7 = PRODUCT('Open CASCADE STEP translator 7.9 1',
  'Open CASCADE STEP translator 7.9 1','',(#8));
#8 = PRODUCT_CONTEXT('',#2,'mechanical');
#9 = PRODUCT_DEFINITION_CONTEXT('part definition',#2,'design');
#10 = ADVANCED_BREP_SHAPE_REPRESENTATION('',(#11,#15),#5342);
#11 = AXIS2_PLACEMENT_3D('',#12,#13,#14);
#12 = CARTESIAN_POINT('',(0.,0.,0.));
#13 = DIRECTION('',(0.,0.,1.));
#14 = DIRECTION('',(1.,0.,-0.));
#15 = MANIFOLD_SOLID_BREP('',#16);
#16 = CLOSED_SHELL('',(#17,#137,#1375,#1425,#1479,#2636,#2663,#2690,
    #2717,#2744,#2802,#2829,#2856,#2883,#2890,#2987,#3013,#3144,#3171,
    #3243,#3250,#3379,#3451,#3477,#4164,#4191,#4198,#4242,#4269,#4294,
    #4301,#4356,#4403,#4430,#4457,#4484,#4511,#4538,#4565,#4572,#4616,
    #4643,#4668,#4675,#4730,#4840,#4916,#4965,#5040,#5067,#5150,#5204,
    #5258,#5285,#5294,#5301,#5308,#5315,#5320,#5328,#5335));
#17 = ADVANCED_FACE('',(#18),#32,.F.);
#18 = FACE_BOUND('',#19,.F.);
#19 = EDGE_LOOP('',(#20,#55,#83,#111));
#20 = ORIENTED_EDGE('',*,*,#21,.F.);
#21 = EDGE_CURVE('',#22,#24,#26,.T.);
#22 = VERTEX_POINT('',#23);
#23 = CARTESIAN_POINT('',(-64.,-59.,10.));
#24 = VERTEX_POINT('',#25);
#25 = CARTESIAN_POINT('',(-64.,59.,10.));
#26 = SURFACE_CURVE('',#27,(#31,#43),.PCURVE_S1.);
#27 = LINE('',#28,#29);
#28 = CARTESIAN_POINT('',(-64.,-64.,10.));
#29 = VECTOR('',#30,1.);
#30 = DIRECTION('',(0.,1.,0.));
#31 = PCURVE('',#32,#37);
#32 = PLANE('',#33);
#33 = AXIS2_PLACEMENT_3D('',#34,#35,#36);
#34 = CARTESIAN_POINT('',(-64.,-64.,0.));
#35 = DIRECTION('',(1.,0.,0.));
#36 = DIRECTION('',(0.,0.,1.));
#37 = DEFINITIONAL_REPRESENTATION('',(#38),#42);
#38 = LINE('',#39,#40);
#39 = CARTESIAN_POINT('',(10.,0.));
#40 = VECTOR('',#41,1.);
#41 = DIRECTION('',(0.,-1.));
#42 = ( GEOMETRIC_REPRESENTATION_CONTEXT(2) 
PARAMETRIC_REPRESENTATION_CONTEXT() REPRESENTATION_CONTEXT('2D SPACE',''
  ) );
#43 = PCURVE('',#44,#49);
#44 = PLANE('',#45);
#45 = AXIS2_PLACEMENT_3D('',#46,#47,#48);
#46 = CARTESIAN_POINT('',(-64.,-64.,10.));
#47 = DIRECTION('',(0.,0.,1.));
#48 = DIRECTION('',(1.,0.,0.));
#49 = DEFINITIONAL_REPRESENTATION('',(#50),#54);
#50 = LINE('',#51,#52);
#51 = CARTESIAN_POINT('',(0.,0.));
#52 = VECTOR('',#53,1.);
#53 = DIRECTION('',(0.,1.));
#54 = ( GEOMETRIC_REPRESENTATION_CONTEXT(2) 
PARAMETRIC_REPRESENTATION_CONTEXT() REPRESENTATION_CONTEXT('2D SPACE',''
  ) );
#55 = ORIENTED_EDGE('',*,*,#56,.F.);
#56 = EDGE_CURVE('',#57,#22,#59,.T.);
#57 = VERTEX_POINT('',#58);
#58 = CARTESIAN_POINT('',(-64.,-59.,0.));
#59 = SURFACE_CURVE('',#60,(#64,#71),.PCURVE_S1.);
#60 = LINE('',#61,#62);
#61 = CARTESIAN_POINT('',(-64.,-59.,0.));
#62 = VECTOR('',#63,1.);
#63 = DIRECTION('',(0.,0.,1.));
#64 = PCURVE('',#32,#65);
#65 = DEFINITIONAL_REPRESENTATION('',(#66),#70);
#66 = LINE('',#67,#68);
#67 = CARTESIAN_POINT('',(0.,-5.));
#68 = VECTOR('',#69,1.);
#69 = DIRECTION('',(1.,0.));
#70 = ( GEOMETRIC_REPRESENTATION_CONTEXT(2) 
PARAMETRIC_REPRESENTATION_CONTEXT() REPRESENTATION_CONTEXT('2D SPACE',''
  ) );
#71 = PCURVE('',#72,#77);
#72 = CYLINDRICAL_SURFACE('',#73,5.);
#73 = AXIS2_PLACEMENT_3D('',#74,#75,#76);
#74 = CARTESIAN_POINT('',(-59.,-59.,0.));
#75 = DIRECTION('',(0.,0.,1.));
#76 = DIRECTION('',(-1.,-0.,0.));
#77 = DEFINITIONAL_REPRESENTATION('',(#78),#82);
#78 = LINE('',#79,#80);
#79 = CARTESIAN_POINT('',(0.,0.));
#80 = VECTOR('',#81,1.);
#81 = DIRECTION('',(0.,1.));
#82 = ( GEOMETRIC_REPRESENTATION_CONTEXT(2) 
PARAMETRIC_REPRESENTATION_CONTEXT() REPRESENTATION_CONTEXT('2D SPACE',''
  ) );
#83 = ORIENTED_EDGE('',*,*,#84,.T.);
#84 = EDGE_CURVE('',#57,#85,#87,.T.);
#85 = VERTEX_POINT('',#86);
#86 = CARTESIAN_POINT('',(-64.,59.,0.));
#87 = SURFACE_CURVE('',#88,(#92,#99),.PCURVE_S1.);
#88 = LINE('',#89,#90);
#89 = CARTESIAN_POINT('',(-64.,-64.,0.));
#90 = VECTOR('',#91,1.);
#91 = DIRECTION('',(0.,1.,0.));
#92 = PCURVE('',#32,#93);
#93 = DEFINITIONAL_REPRESENTATION('',(#94),#98);
#94 = LINE('',#95,#96);
#95 = CARTESIAN_POINT('',(0.,0.));
#96 = VECTOR('',#97,1.);
#97 = DIRECTION('',(0.,-1.));
#98 = ( GEOMETRIC_REPRESENTATION_CONTEXT(2) 
PARAMETRIC_REPRESENTATION_CONTEXT() REPRESENTATION_CONTEXT('2D SPACE',''
  ) );
#99 = PCURVE('',#100,#105);
#100 = PLANE('',#101);
#101 = AXIS2_PLACEMENT_3D('',#102,#103,#104);
#102 = CARTESIAN_POINT('',(-64.,-64.,0.));
#103 = DIRECTION('',(0.,0.,1.));
#104 = DIRECTION('',(1.,0.,0.));
#105 = DEFINITIONAL_REPRESENTATION('',(#106),#110);
#106 = LINE('',#107,#108);
#107 = CARTESIAN_POINT('',(0.,0.));
#108 = VECTOR('',#109,1.);
#109 = DIRECTION('',(0.,1.));
#110 = ( GEOMETRIC_REPRESENTATION_CONTEXT(2) 
PARAMETRIC_REPRESENTATION_CONTEXT() REPRESENTATION_CONTEXT('2D SPACE',''
  ) );
#111 = ORIENTED_EDGE('',*,*,#112,.T.);
#112 = EDGE_CURVE('',#85,#24,#113,.T.);
#113 = SURFACE_CURVE('',#114,(#118,#125),.PCURVE_S1.);
#114 = LINE('',#115,#116);
#115 = CARTESIAN_POINT('',(-64.,59.,0.));
#116 = VECTOR('',#117,1.);
#117 = DIRECTION('',(0.,0.,1.));
#118 = PCURVE('',#32,#119);
#119 = DEFINITIONAL_REPRESENTATION('',(#120),#124);
#120 = LINE('',#121,#122);
#121 = CARTESIAN_POINT('',(0.,-123.));
#122 = VECTOR('',#123,1.);
#123 = DIRECTION('',(1.,0.));
#124 = ( GEOMETRIC_REPRESENTATION_CONTEXT(2) 
PARAMETRIC_REPRESENTATION_CONTEXT() REPRESENTATION_CONTEXT('2D SPACE',''
  ) );
#125 = PCURVE('',#126,#131);
#126 = CYLINDRICAL_SURFACE('',#127,5.);
#127 = AXIS2_PLACEMENT_3D('',#128,#129,#130);
#128 = CARTESIAN_POINT('',(-59.,59.,0.));
#129 = DIRECTION('',(0.,0.,1.));
#130 = DIRECTION('',(-1.,-0.,0.));
#131 = DEFINITIONAL_REPRESENTATION('',(#132),#136);
#132 = LINE('',#133,#134);
#133 = CARTESIAN_POINT('',(-0.,0.));
#134 = VECTOR('',#135,1.);
#135 = DIRECTION('',(-0.,1.));
#136 = ( GEOMETRIC_REPRESENTATION_CONTEXT(2) 
PARAMETRIC_REPRESENTATION_CONTEXT() REPRESENTATION_CONTEXT('2D SPACE',''
  ) );
#137 = ADVANCED_FACE('',(#138,#443,#629,#843,#963,#998,#1220,#1340),#44,
  .T.);
#138 = FACE_BOUND('',#139,.T.);
#139 = EDGE_LOOP('',(#140,#141,#165,#193,#219,#245,#271,#299,#332,#360,
    #389,#417));
#140 = ORIENTED_EDGE('',*,*,#21,.F.);
#141 = ORIENTED_EDGE('',*,*,#142,.T.);
#142 = EDGE_CURVE('',#22,#143,#145,.T.);
#143 = VERTEX_POINT('',#144);
#144 = CARTESIAN_POINT('',(-59.,-64.,10.));
#145 = SURFACE_CURVE('',#146,(#151,#158),.PCURVE_S1.);
#146 = CIRCLE('',#147,5.);
#147 = AXIS2_PLACEMENT_3D('',#148,#149,#150);
#148 = CARTESIAN_POINT('',(-59.,-59.,10.));
#149 = DIRECTION('',(0.,0.,1.));
#150 = DIRECTION('',(0.,-1.,0.));
#151 = PCURVE('',#44,#152);
#152 = DEFINITIONAL_REPRESENTATION('',(#153),#157);
#153 = CIRCLE('',#154,5.);
#154 = AXIS2_PLACEMENT_2D('',#155,#156);
#155 = CARTESIAN_POINT('',(5.,5.));
#156 = DIRECTION('',(0.,-1.));
#157 = ( GEOMETRIC_REPRESENTATION_CONTEXT(2) 
PARAMETRIC_REPRESENTATION_CONTEXT() REPRESENTATION_CONTEXT('2D SPACE',''
  ) );
#158 = PCURVE('',#72,#159);
#159 = DEFINITIONAL_REPRESENTATION('',(#160),#164);
#160 = LINE('',#161,#162);
#161 = CARTESIAN_POINT('',(-4.712388980385,10.));
#162 = VECTOR('',#163,1.);
#163 = DIRECTION('',(1.,0.));
#164 = ( GEOMETRIC_REPRESENTATION_CONTEXT(2) 
PARAMETRIC_REPRESENTATION_CONTEXT() REPRESENTATION_CONTEXT('2D SPACE',''
  ) );
#165 = ORIENTED_EDGE('',*,*,#166,.T.);
#166 = EDGE_CURVE('',#143,#167,#169,.T.);
#167 = VERTEX_POINT('',#168);
#168 = CARTESIAN_POINT('',(-28.,-64.,10.));
#169 = SURFACE_CURVE('',#170,(#174,#181),.PCURVE_S1.);
#170 = LINE('',#171,#172);
#171 = CARTESIAN_POINT('',(-64.,-64.,10.));
#172 = VECTOR('',#173,1.);
#173 = DIRECTION('',(1.,0.,0.));
#174 = PCURVE('',#44,#175);
#175 = DEFINITIONAL_REPRESENTATION('',(#176),#180);
#176 = LINE('',#177,#178);
#177 = CARTESIAN_POINT('',(0.,0.));
#178 = VECTOR('',#179,1.);
#179 = DIRECTION('',(1.,0.));
#180 = ( GEOMETRIC_REPRESENTATION_CONTEXT(2) 
PARAMETRIC_REPRESENTATION_CONTEXT() REPRESENTATION_CONTEXT('2D SPACE',''
  ) );
#181 = PCURVE('',#182,#187);
#182 = PLANE('',#183);
#183 = AXIS2_PLACEMENT_3D('',#184,#185,#186);
#184 = CARTESIAN_POINT('',(-64.,-64.,0.));
#185 = DIRECTION('',(0.,1.,0.));
#186 = DIRECTION('',(0.,0.,1.));
#187 = DEFINITIONAL_REPRESENTATION('',(#188),#192);
#188 = LINE('',#189,#190);
#189 = CARTESIAN_POINT('',(10.,0.));
#190 = VECTOR('',#191,1.);
#191 = DIRECTION('',(0.,1.));
#192 = ( GEOMETRIC_REPRESENTATION_CONTEXT(2) 
PARAMETRIC_REPRESENTATION_CONTEXT() REPRESENTATION_CONTEXT('2D SPACE',''
  ) );
#193 = ORIENTED_EDGE('',*,*,#194,.T.);
#194 = EDGE_CURVE('',#167,#195,#197,.T.);
#195 = VERTEX_POINT('',#196);
#196 = CARTESIAN_POINT('',(-28.,-34.,10.));
#197 = SURFACE_CURVE('',#198,(#202,#208),.PCURVE_S1.);
#198 = LINE('',#199,#200);
#199 = CARTESIAN_POINT('',(-28.,-49.,10.));
#200 = VECTOR('',#201,1.);
#201 = DIRECTION('',(-0.,1.,0.));
#202 = PCURVE('',#44,#203);
#203 = DEFINITIONAL_REPRESENTATION('',(#204),#207);
#204 = B_SPLINE_CURVE_WITH_KNOTS('',1,(#205,#206),.UNSPECIFIED.,.F.,.F.,
  (2,2),(-15.,15.),.PIECEWISE_BEZIER_KNOTS.);
#205 = CARTESIAN_POINT('',(36.,0.));
#206 = CARTESIAN_POINT('',(36.,30.));
#207 = ( GEOMETRIC_REPRESENTATION_CONTEXT(2) 
PARAMETRIC_REPRESENTATION_CONTEXT() REPRESENTATION_CONTEXT('2D SPACE',''
  ) );
#208 = PCURVE('',#209,#214);
#209 = PLANE('',#210);
#210 = AXIS2_PLACEMENT_3D('',#211,#212,#213);
#211 = CARTESIAN_POINT('',(-28.,-34.,-1.));
#212 = DIRECTION('',(1.,0.,-0.));
#213 = DIRECTION('',(0.,-1.,0.));
#214 = DEFINITIONAL_REPRESENTATION('',(#215),#218);
#215 = B_SPLINE_CURVE_WITH_KNOTS('',1,(#216,#217),.UNSPECIFIED.,.F.,.F.,
  (2,2),(-15.,15.),.PIECEWISE_BEZIER_KNOTS.);
#216 = CARTESIAN_POINT('',(30.,-11.));
#217 = CARTESIAN_POINT('',(0.,-11.));
#218 = ( GEOMETRIC_REPRESENTATION_CONTEXT(2) 
PARAMETRIC_REPRESENTATION_CONTEXT() REPRESENTATION_CONTEXT('2D SPACE',''
  ) );
#219 = ORIENTED_EDGE('',*,*,#220,.T.);
#220 = EDGE_CURVE('',#195,#221,#223,.T.);
#221 = VERTEX_POINT('',#222);
#222 = CARTESIAN_POINT('',(28.,-34.,10.));
#223 = SURFACE_CURVE('',#224,(#228,#234),.PCURVE_S1.);
#224 = LINE('',#225,#226);
#225 = CARTESIAN_POINT('',(-18.,-34.,10.));
#226 = VECTOR('',#227,1.);
#227 = DIRECTION('',(1.,0.,-0.));
#228 = PCURVE('',#44,#229);
#229 = DEFINITIONAL_REPRESENTATION('',(#230),#233);
#230 = B_SPLINE_CURVE_WITH_KNOTS('',1,(#231,#232),.UNSPECIFIED.,.F.,.F.,
  (2,2),(-10.,46.),.PIECEWISE_BEZIER_KNOTS.);
#231 = CARTESIAN_POINT('',(36.,30.));
#232 = CARTESIAN_POINT('',(92.,30.));
#233 = ( GEOMETRIC_REPRESENTATION_CONTEXT(2) 
PARAMETRIC_REPRESENTATION_CONTEXT() REPRESENTATION_CONTEXT('2D SPACE',''
  ) );
#234 = PCURVE('',#235,#240);
#235 = PLANE('',#236);
#236 = AXIS2_PLACEMENT_3D('',#237,#238,#239);
#237 = CARTESIAN_POINT('',(28.,-34.,-1.));
#238 = DIRECTION('',(0.,-1.,0.));
#239 = DIRECTION('',(-1.,0.,0.));
#240 = DEFINITIONAL_REPRESENTATION('',(#241),#244);
#241 = B_SPLINE_CURVE_WITH_KNOTS('',1,(#242,#243),.UNSPECIFIED.,.F.,.F.,
  (2,2),(-10.,46.),.PIECEWISE_BEZIER_KNOTS.);
#242 = CARTESIAN_POINT('',(56.,-11.));
#243 = CARTESIAN_POINT('',(0.,-11.));
#244 = ( GEOMETRIC_REPRESENTATION_CONTEXT(2) 
PARAMETRIC_REPRESENTATION_CONTEXT() REPRESENTATION_CONTEXT('2D SPACE',''
  ) );
#245 = ORIENTED_EDGE('',*,*,#246,.T.);
#246 = EDGE_CURVE('',#221,#247,#249,.T.);
#247 = VERTEX_POINT('',#248);
#248 = CARTESIAN_POINT('',(28.,-64.,10.));
#249 = SURFACE_CURVE('',#250,(#254,#260),.PCURVE_S1.);
#250 = LINE('',#251,#252);
#251 = CARTESIAN_POINT('',(28.,-64.,10.));
#252 = VECTOR('',#253,1.);
#253 = DIRECTION('',(0.,-1.,0.));
#254 = PCURVE('',#44,#255);
#255 = DEFINITIONAL_REPRESENTATION('',(#256),#259);
#256 = B_SPLINE_CURVE_WITH_KNOTS('',1,(#257,#258),.UNSPECIFIED.,.F.,.F.,
  (2,2),(-30.,0.),.PIECEWISE_BEZIER_KNOTS.);
#257 = CARTESIAN_POINT('',(92.,30.));
#258 = CARTESIAN_POINT('',(92.,0.));
#259 = ( GEOMETRIC_REPRESENTATION_CONTEXT(2) 
PARAMETRIC_REPRESENTATION_CONTEXT() REPRESENTATION_CONTEXT('2D SPACE',''
  ) );
#260 = PCURVE('',#261,#266);
#261 = PLANE('',#262);
#262 = AXIS2_PLACEMENT_3D('',#263,#264,#265);
#263 = CARTESIAN_POINT('',(28.,-64.,-1.));
#264 = DIRECTION('',(-1.,0.,0.));
#265 = DIRECTION('',(0.,1.,0.));
#266 = DEFINITIONAL_REPRESENTATION('',(#267),#270);
#267 = B_SPLINE_CURVE_WITH_KNOTS('',1,(#268,#269),.UNSPECIFIED.,.F.,.F.,
  (2,2),(-30.,0.),.PIECEWISE_BEZIER_KNOTS.);
#268 = CARTESIAN_POINT('',(30.,-11.));
#269 = CARTESIAN_POINT('',(0.,-11.));
#270 = ( GEOMETRIC_REPRESENTATION_CONTEXT(2) 
PARAMETRIC_REPRESENTATION_CONTEXT() REPRESENTATION_CONTEXT('2D SPACE',''
  ) );
#271 = ORIENTED_EDGE('',*,*,#272,.T.);
#272 = EDGE_CURVE('',#247,#273,#275,.T.);
#273 = VERTEX_POINT('',#274);
#274 = CARTESIAN_POINT('',(59.,-64.,10.));
#275 = SURFACE_CURVE('',#276,(#280,#287),.PCURVE_S1.);
#276 = LINE('',#277,#278);
#277 = CARTESIAN_POINT('',(-64.,-64.,10.));
#278 = VECTOR('',#279,1.);
#279 = DIRECTION('',(1.,0.,0.));
#280 = PCURVE('',#44,#281);
#281 = DEFINITIONAL_REPRESENTATION('',(#282),#286);
#282 = LINE('',#283,#284);
#283 = CARTESIAN_POINT('',(0.,0.));
#284 = VECTOR('',#285,1.);
#285 = DIRECTION('',(1.,0.));
#286 = ( GEOMETRIC_REPRESENTATION_CONTEXT(2) 
PARAMETRIC_REPRESENTATION_CONTEXT() REPRESENTATION_CONTEXT('2D SPACE',''
  ) );
#287 = PCURVE('',#288,#293);
#288 = PLANE('',#289);
#289 = AXIS2_PLACEMENT_3D('',#290,#291,#292);
#290 = CARTESIAN_POINT('',(-64.,-64.,0.));
#291 = DIRECTION('',(0.,1.,0.));
#292 = DIRECTION('',(0.,0.,1.));
#293 = DEFINITIONAL_REPRESENTATION('',(#294),#298);
#294 = LINE('',#295,#296);
#295 = CARTESIAN_POINT('',(10.,0.));
#296 = VECTOR('',#297,1.);
#297 = DIRECTION('',(0.,1.));
#298 = ( GEOMETRIC_REPRESENTATION_CONTEXT(2) 
PARAMETRIC_REPRESENTATION_CONTEXT() REPRESENTATION_CONTEXT('2D SPACE',''
  ) );
#299 = ORIENTED_EDGE('',*,*,#300,.F.);
#300 = EDGE_CURVE('',#301,#273,#303,.T.);
#301 = VERTEX_POINT('',#302);
#302 = CARTESIAN_POINT('',(64.,-59.,10.));
#303 = SURFACE_CURVE('',#304,(#309,#320),.PCURVE_S1.);
#304 = CIRCLE('',#305,5.);
#305 = AXIS2_PLACEMENT_3D('',#306,#307,#308);
#306 = CARTESIAN_POINT('',(59.,-59.,10.));
#307 = DIRECTION('',(-0.,-0.,-1.));
#308 = DIRECTION('',(0.,-1.,0.));
#309 = PCURVE('',#44,#310);
#310 = DEFINITIONAL_REPRESENTATION('',(#311),#319);
#311 = ( BOUNDED_CURVE() B_SPLINE_CURVE(2,(#312,#313,#314,#315,#316,#317
,#318),.UNSPECIFIED.,.T.,.F.) B_SPLINE_CURVE_WITH_KNOTS((1,2,2,2,2,1),(
    -2.094395102393,0.,2.094395102393,4.188790204786,6.28318530718,
8.377580409573),.UNSPECIFIED.) CURVE() GEOMETRIC_REPRESENTATION_ITEM() 
RATIONAL_B_SPLINE_CURVE((1.,0.5,1.,0.5,1.,0.5,1.)) REPRESENTATION_ITEM(
  '') );
#312 = CARTESIAN_POINT('',(123.,0.));
#313 = CARTESIAN_POINT('',(114.33974596215,0.));
#314 = CARTESIAN_POINT('',(118.66987298107,7.5));
#315 = CARTESIAN_POINT('',(123.,15.));
#316 = CARTESIAN_POINT('',(127.33012701892,7.5));
#317 = CARTESIAN_POINT('',(131.66025403784,7.993605777301E-15));
#318 = CARTESIAN_POINT('',(123.,0.));
#319 = ( GEOMETRIC_REPRESENTATION_CONTEXT(2) 
PARAMETRIC_REPRESENTATION_CONTEXT() REPRESENTATION_CONTEXT('2D SPACE',''
  ) );
#320 = PCURVE('',#321,#326);
#321 = CYLINDRICAL_SURFACE('',#322,5.);
#322 = AXIS2_PLACEMENT_3D('',#323,#324,#325);
#323 = CARTESIAN_POINT('',(59.,-59.,0.));
#324 = DIRECTION('',(0.,0.,1.));
#325 = DIRECTION('',(1.,0.,-0.));
#326 = DEFINITIONAL_REPRESENTATION('',(#327),#331);
#327 = LINE('',#328,#329);
#328 = CARTESIAN_POINT('',(4.712388980385,10.));
#329 = VECTOR('',#330,1.);
#330 = DIRECTION('',(-1.,0.));
#331 = ( GEOMETRIC_REPRESENTATION_CONTEXT(2) 
PARAMETRIC_REPRESENTATION_CONTEXT() REPRESENTATION_CONTEXT('2D SPACE',''
  ) );
#332 = ORIENTED_EDGE('',*,*,#333,.T.);
#333 = EDGE_CURVE('',#301,#334,#336,.T.);
#334 = VERTEX_POINT('',#335);
#335 = CARTESIAN_POINT('',(64.,59.,10.));
#336 = SURFACE_CURVE('',#337,(#341,#348),.PCURVE_S1.);
#337 = LINE('',#338,#339);
#338 = CARTESIAN_POINT('',(64.,-64.,10.));
#339 = VECTOR('',#340,1.);
#340 = DIRECTION('',(0.,1.,0.));
#341 = PCURVE('',#44,#342);
#342 = DEFINITIONAL_REPRESENTATION('',(#343),#347);
#343 = LINE('',#344,#345);
#344 = CARTESIAN_POINT('',(128.,0.));
#345 = VECTOR('',#346,1.);
#346 = DIRECTION('',(0.,1.));
#347 = ( GEOMETRIC_REPRESENTATION_CONTEXT(2) 
PARAMETRIC_REPRESENTATION_CONTEXT() REPRESENTATION_CONTEXT('2D SPACE',''
  ) );
#348 = PCURVE('',#349,#354);
#349 = PLANE('',#350);
#350 = AXIS2_PLACEMENT_3D('',#351,#352,#353);
#351 = CARTESIAN_POINT('',(64.,-64.,0.));
#352 = DIRECTION('',(1.,0.,0.));
#353 = DIRECTION('',(0.,0.,1.));
#354 = DEFINITIONAL_REPRESENTATION('',(#355),#359);
#355 = LINE('',#356,#357);
#356 = CARTESIAN_POINT('',(10.,0.));
#357 = VECTOR('',#358,1.);
#358 = DIRECTION('',(0.,-1.));
#359 = ( GEOMETRIC_REPRESENTATION_CONTEXT(2) 
PARAMETRIC_REPRESENTATION_CONTEXT() REPRESENTATION_CONTEXT('2D SPACE',''
  ) );
#360 = ORIENTED_EDGE('',*,*,#361,.T.);
#361 = EDGE_CURVE('',#334,#362,#364,.T.);
#362 = VERTEX_POINT('',#363);
#363 = CARTESIAN_POINT('',(59.,64.,10.));
#364 = SURFACE_CURVE('',#365,(#370,#377),.PCURVE_S1.);
#365 = CIRCLE('',#366,5.);
#366 = AXIS2_PLACEMENT_3D('',#367,#368,#369);
#367 = CARTESIAN_POINT('',(59.,59.,10.));
#368 = DIRECTION('',(0.,0.,1.));
#369 = DIRECTION('',(0.,-1.,0.));
#370 = PCURVE('',#44,#371);
#371 = DEFINITIONAL_REPRESENTATION('',(#372),#376);
#372 = CIRCLE('',#373,5.);
#373 = AXIS2_PLACEMENT_2D('',#374,#375);
#374 = CARTESIAN_POINT('',(123.,123.));
#375 = DIRECTION('',(0.,-1.));
#376 = ( GEOMETRIC_REPRESENTATION_CONTEXT(2) 
PARAMETRIC_REPRESENTATION_CONTEXT() REPRESENTATION_CONTEXT('2D SPACE',''
  ) );
#377 = PCURVE('',#378,#383);
#378 = CYLINDRICAL_SURFACE('',#379,5.);
#379 = AXIS2_PLACEMENT_3D('',#380,#381,#382);
#380 = CARTESIAN_POINT('',(59.,59.,0.));
#381 = DIRECTION('',(0.,0.,1.));
#382 = DIRECTION('',(1.,0.,-0.));
#383 = DEFINITIONAL_REPRESENTATION('',(#384),#388);
#384 = LINE('',#385,#386);
#385 = CARTESIAN_POINT('',(-1.570796326795,10.));
#386 = VECTOR('',#387,1.);
#387 = DIRECTION('',(1.,0.));
#388 = ( GEOMETRIC_REPRESENTATION_CONTEXT(2) 
PARAMETRIC_REPRESENTATION_CONTEXT() REPRESENTATION_CONTEXT('2D SPACE',''
  ) );
#389 = ORIENTED_EDGE('',*,*,#390,.F.);
#390 = EDGE_CURVE('',#391,#362,#393,.T.);
#391 = VERTEX_POINT('',#392);
#392 = CARTESIAN_POINT('',(-59.,64.,10.));
#393 = SURFACE_CURVE('',#394,(#398,#405),.PCURVE_S1.);
#394 = LINE('',#395,#396);
#395 = CARTESIAN_POINT('',(-64.,64.,10.));
#396 = VECTOR('',#397,1.);
#397 = DIRECTION('',(1.,0.,0.));
#398 = PCURVE('',#44,#399);
#399 = DEFINITIONAL_REPRESENTATION('',(#400),#404);
#400 = LINE('',#401,#402);
#401 = CARTESIAN_POINT('',(0.,128.));
#402 = VECTOR('',#403,1.);
#403 = DIRECTION('',(1.,0.));
#404 = ( GEOMETRIC_REPRESENTATION_CONTEXT(2) 
PARAMETRIC_REPRESENTATION_CONTEXT() REPRESENTATION_CONTEXT('2D SPACE',''
  ) );
#405 = PCURVE('',#406,#411);
#406 = PLANE('',#407);
#407 = AXIS2_PLACEMENT_3D('',#408,#409,#410);
#408 = CARTESIAN_POINT('',(-64.,64.,0.));
#409 = DIRECTION('',(0.,1.,0.));
#410 = DIRECTION('',(0.,0.,1.));
#411 = DEFINITIONAL_REPRESENTATION('',(#412),#416);
#412 = LINE('',#413,#414);
#413 = CARTESIAN_POINT('',(10.,0.));
#414 = VECTOR('',#415,1.);
#415 = DIRECTION('',(0.,1.));
#416 = ( GEOMETRIC_REPRESENTATION_CONTEXT(2) 
PARAMETRIC_REPRESENTATION_CONTEXT() REPRESENTATION_CONTEXT('2D SPACE',''
  ) );
#417 = ORIENTED_EDGE('',*,*,#418,.F.);
#418 = EDGE_CURVE('',#24,#391,#419,.T.);
#419 = SURFACE_CURVE('',#420,(#425,#436),.PCURVE_S1.);
#420 = CIRCLE('',#421,5.);
#421 = AXIS2_PLACEMENT_3D('',#422,#423,#424);
#422 = CARTESIAN_POINT('',(-59.,59.,10.));
#423 = DIRECTION('',(-0.,-0.,-1.));
#424 = DIRECTION('',(0.,-1.,0.));
#425 = PCURVE('',#44,#426);
#426 = DEFINITIONAL_REPRESENTATION('',(#427),#435);
#427 = ( BOUNDED_CURVE() B_SPLINE_CURVE(2,(#428,#429,#430,#431,#432,#433
,#434),.UNSPECIFIED.,.T.,.F.) B_SPLINE_CURVE_WITH_KNOTS((1,2,2,2,2,1),(
    -2.094395102393,0.,2.094395102393,4.188790204786,6.28318530718,
8.377580409573),.UNSPECIFIED.) CURVE() GEOMETRIC_REPRESENTATION_ITEM() 
RATIONAL_B_SPLINE_CURVE((1.,0.5,1.,0.5,1.,0.5,1.)) REPRESENTATION_ITEM(
  '') );
#428 = CARTESIAN_POINT('',(5.,118.));
#429 = CARTESIAN_POINT('',(-3.660254037844,118.));
#430 = CARTESIAN_POINT('',(0.669872981078,125.5));
#431 = CARTESIAN_POINT('',(5.,133.));
#432 = CARTESIAN_POINT('',(9.330127018922,125.5));
#433 = CARTESIAN_POINT('',(13.660254037844,118.));
#434 = CARTESIAN_POINT('',(5.,118.));
#435 = ( GEOMETRIC_REPRESENTATION_CONTEXT(2) 
PARAMETRIC_REPRESENTATION_CONTEXT() REPRESENTATION_CONTEXT('2D SPACE',''
  ) );
#436 = PCURVE('',#126,#437);
#437 = DEFINITIONAL_REPRESENTATION('',(#438),#442);
#438 = LINE('',#439,#440);
#439 = CARTESIAN_POINT('',(1.570796326795,10.));
#440 = VECTOR('',#441,1.);
#441 = DIRECTION('',(-1.,0.));
#442 = ( GEOMETRIC_REPRESENTATION_CONTEXT(2) 
PARAMETRIC_REPRESENTATION_CONTEXT() REPRESENTATION_CONTEXT('2D SPACE',''
  ) );
#443 = FACE_BOUND('',#444,.T.);
#444 = EDGE_LOOP('',(#445,#480,#513,#546,#572,#605));
#445 = ORIENTED_EDGE('',*,*,#446,.T.);
#446 = EDGE_CURVE('',#447,#449,#451,.T.);
#447 = VERTEX_POINT('',#448);
#448 = CARTESIAN_POINT('',(-37.6,-31.91833347109,10.));
#449 = VERTEX_POINT('',#450);
#450 = CARTESIAN_POINT('',(-41.51087985837,-52.98912014162,10.));
#451 = SURFACE_CURVE('',#452,(#457,#468),.PCURVE_S1.);
#452 = CIRCLE('',#453,11.);
#453 = AXIS2_PLACEMENT_3D('',#454,#455,#456);
#454 = CARTESIAN_POINT('',(-42.,-42.,10.));
#455 = DIRECTION('',(0.,0.,-1.));
#456 = DIRECTION('',(1.,0.,0.));
#457 = PCURVE('',#44,#458);
#458 = DEFINITIONAL_REPRESENTATION('',(#459),#467);
#459 = ( BOUNDED_CURVE() B_SPLINE_CURVE(2,(#460,#461,#462,#463,#464,#465
,#466),.UNSPECIFIED.,.T.,.F.) B_SPLINE_CURVE_WITH_KNOTS((1,2,2,2,2,1),(
    -2.094395102393,0.,2.094395102393,4.188790204786,6.28318530718,
8.377580409573),.UNSPECIFIED.) CURVE() GEOMETRIC_REPRESENTATION_ITEM() 
RATIONAL_B_SPLINE_CURVE((1.,0.5,1.,0.5,1.,0.5,1.)) REPRESENTATION_ITEM(
  '') );
#460 = CARTESIAN_POINT('',(33.,22.));
#461 = CARTESIAN_POINT('',(33.,2.947441116742));
#462 = CARTESIAN_POINT('',(16.5,12.473720558371));
#463 = CARTESIAN_POINT('',(3.552713678801E-15,22.));
#464 = CARTESIAN_POINT('',(16.5,31.526279441629));
#465 = CARTESIAN_POINT('',(33.,41.052558883258));
#466 = CARTESIAN_POINT('',(33.,22.));
#467 = ( GEOMETRIC_REPRESENTATION_CONTEXT(2) 
PARAMETRIC_REPRESENTATION_CONTEXT() REPRESENTATION_CONTEXT('2D SPACE',''
  ) );
#468 = PCURVE('',#469,#474);
#469 = CYLINDRICAL_SURFACE('',#470,11.);
#470 = AXIS2_PLACEMENT_3D('',#471,#472,#473);
#471 = CARTESIAN_POINT('',(-42.,-42.,-1.));
#472 = DIRECTION('',(-0.,-0.,-1.));
#473 = DIRECTION('',(1.,0.,0.));
#474 = DEFINITIONAL_REPRESENTATION('',(#475),#479);
#475 = LINE('',#476,#477);
#476 = CARTESIAN_POINT('',(-12.56637061435,-11.));
#477 = VECTOR('',#478,1.);
#478 = DIRECTION('',(1.,-0.));
#479 = ( GEOMETRIC_REPRESENTATION_CONTEXT(2) 
PARAMETRIC_REPRESENTATION_CONTEXT() REPRESENTATION_CONTEXT('2D SPACE',''
  ) );
#480 = ORIENTED_EDGE('',*,*,#481,.T.);
#481 = EDGE_CURVE('',#449,#482,#484,.T.);
#482 = VERTEX_POINT('',#483);
#483 = CARTESIAN_POINT('',(-52.98912014162,-41.51087985837,10.));
#484 = SURFACE_CURVE('',#485,(#490,#501),.PCURVE_S1.);
#485 = CIRCLE('',#486,9.);
#486 = AXIS2_PLACEMENT_3D('',#487,#488,#489);
#487 = CARTESIAN_POINT('',(-50.,-50.,10.));
#488 = DIRECTION('',(0.,0.,-1.));
#489 = DIRECTION('',(1.,0.,0.));
#490 = PCURVE('',#44,#491);
#491 = DEFINITIONAL_REPRESENTATION('',(#492),#500);
#492 = ( BOUNDED_CURVE() B_SPLINE_CURVE(2,(#493,#494,#495,#496,#497,#498
,#499),.UNSPECIFIED.,.T.,.F.) B_SPLINE_CURVE_WITH_KNOTS((1,2,2,2,2,1),(
    -2.094395102393,0.,2.094395102393,4.188790204786,6.28318530718,
8.377580409573),.UNSPECIFIED.) CURVE() GEOMETRIC_REPRESENTATION_ITEM() 
RATIONAL_B_SPLINE_CURVE((1.,0.5,1.,0.5,1.,0.5,1.)) REPRESENTATION_ITEM(
  '') );
#493 = CARTESIAN_POINT('',(23.,14.));
#494 = CARTESIAN_POINT('',(23.,-1.58845726812));
#495 = CARTESIAN_POINT('',(9.5,6.20577136594));
#496 = CARTESIAN_POINT('',(-4.,14.));
#497 = CARTESIAN_POINT('',(9.5,21.79422863406));
#498 = CARTESIAN_POINT('',(23.,29.58845726812));
#499 = CARTESIAN_POINT('',(23.,14.));
#500 = ( GEOMETRIC_REPRESENTATION_CONTEXT(2) 
PARAMETRIC_REPRESENTATION_CONTEXT() REPRESENTATION_CONTEXT('2D SPACE',''
  ) );
#501 = PCURVE('',#502,#507);
#502 = CYLINDRICAL_SURFACE('',#503,9.);
#503 = AXIS2_PLACEMENT_3D('',#504,#505,#506);
#504 = CARTESIAN_POINT('',(-50.,-50.,0.));
#505 = DIRECTION('',(-0.,-0.,-1.));
#506 = DIRECTION('',(1.,0.,0.));
#507 = DEFINITIONAL_REPRESENTATION('',(#508),#512);
#508 = LINE('',#509,#510);
#509 = CARTESIAN_POINT('',(-6.28318530718,-10.));
#510 = VECTOR('',#511,1.);
#511 = DIRECTION('',(1.,-0.));
#512 = ( GEOMETRIC_REPRESENTATION_CONTEXT(2) 
PARAMETRIC_REPRESENTATION_CONTEXT() REPRESENTATION_CONTEXT('2D SPACE',''
  ) );
#513 = ORIENTED_EDGE('',*,*,#514,.T.);
#514 = EDGE_CURVE('',#482,#515,#517,.T.);
#515 = VERTEX_POINT('',#516);
#516 = CARTESIAN_POINT('',(-46.4,-31.91833347109,10.));
#517 = SURFACE_CURVE('',#518,(#523,#534),.PCURVE_S1.);
#518 = CIRCLE('',#519,11.);
#519 = AXIS2_PLACEMENT_3D('',#520,#521,#522);
#520 = CARTESIAN_POINT('',(-42.,-42.,10.));
#521 = DIRECTION('',(0.,0.,-1.));
#522 = DIRECTION('',(1.,0.,0.));
#523 = PCURVE('',#44,#524);
#524 = DEFINITIONAL_REPRESENTATION('',(#525),#533);
#525 = ( BOUNDED_CURVE() B_SPLINE_CURVE(2,(#526,#527,#528,#529,#530,#531
,#532),.UNSPECIFIED.,.T.,.F.) B_SPLINE_CURVE_WITH_KNOTS((1,2,2,2,2,1),(
    -2.094395102393,0.,2.094395102393,4.188790204786,6.28318530718,
8.377580409573),.UNSPECIFIED.) CURVE() GEOMETRIC_REPRESENTATION_ITEM() 
RATIONAL_B_SPLINE_CURVE((1.,0.5,1.,0.5,1.,0.5,1.)) REPRESENTATION_ITEM(
  '') );
#526 = CARTESIAN_POINT('',(33.,22.));
#527 = CARTESIAN_POINT('',(33.,2.947441116742));
#528 = CARTESIAN_POINT('',(16.5,12.473720558371));
#529 = CARTESIAN_POINT('',(3.552713678801E-15,22.));
#530 = CARTESIAN_POINT('',(16.5,31.526279441629));
#531 = CARTESIAN_POINT('',(33.,41.052558883258));
#532 = CARTESIAN_POINT('',(33.,22.));
#533 = ( GEOMETRIC_REPRESENTATION_CONTEXT(2) 
PARAMETRIC_REPRESENTATION_CONTEXT() REPRESENTATION_CONTEXT('2D SPACE',''
  ) );
#534 = PCURVE('',#535,#540);
#535 = CYLINDRICAL_SURFACE('',#536,11.);
#536 = AXIS2_PLACEMENT_3D('',#537,#538,#539);
#537 = CARTESIAN_POINT('',(-42.,-42.,-1.));
#538 = DIRECTION('',(-0.,-0.,-1.));
#539 = DIRECTION('',(1.,0.,0.));
#540 = DEFINITIONAL_REPRESENTATION('',(#541),#545);
#541 = LINE('',#542,#543);
#542 = CARTESIAN_POINT('',(-12.56637061435,-11.));
#543 = VECTOR('',#544,1.);
#544 = DIRECTION('',(1.,-0.));
#545 = ( GEOMETRIC_REPRESENTATION_CONTEXT(2) 
PARAMETRIC_REPRESENTATION_CONTEXT() REPRESENTATION_CONTEXT('2D SPACE',''
  ) );
#546 = ORIENTED_EDGE('',*,*,#547,.T.);
#547 = EDGE_CURVE('',#515,#548,#550,.T.);
#548 = VERTEX_POINT('',#549);
#549 = CARTESIAN_POINT('',(-46.4,-28.,10.));
#550 = SURFACE_CURVE('',#551,(#555,#561),.PCURVE_S1.);
#551 = LINE('',#552,#553);
#552 = CARTESIAN_POINT('',(-46.4,-46.,10.));
#553 = VECTOR('',#554,1.);
#554 = DIRECTION('',(-0.,1.,0.));
#555 = PCURVE('',#44,#556);
#556 = DEFINITIONAL_REPRESENTATION('',(#557),#560);
#557 = B_SPLINE_CURVE_WITH_KNOTS('',1,(#558,#559),.UNSPECIFIED.,.F.,.F.,
  (2,2),(14.081666528903,18.),.PIECEWISE_BEZIER_KNOTS.);
#558 = CARTESIAN_POINT('',(17.6,32.081666528903));
#559 = CARTESIAN_POINT('',(17.6,36.));
#560 = ( GEOMETRIC_REPRESENTATION_CONTEXT(2) 
PARAMETRIC_REPRESENTATION_CONTEXT() REPRESENTATION_CONTEXT('2D SPACE',''
  ) );
#561 = PCURVE('',#562,#567);
#562 = PLANE('',#563);
#563 = AXIS2_PLACEMENT_3D('',#564,#565,#566);
#564 = CARTESIAN_POINT('',(-46.4,-28.,-1.));
#565 = DIRECTION('',(1.,0.,-0.));
#566 = DIRECTION('',(0.,-1.,0.));
#567 = DEFINITIONAL_REPRESENTATION('',(#568),#571);
#568 = B_SPLINE_CURVE_WITH_KNOTS('',1,(#569,#570),.UNSPECIFIED.,.F.,.F.,
  (2,2),(14.081666528903,18.),.PIECEWISE_BEZIER_KNOTS.);
#569 = CARTESIAN_POINT('',(3.918333471097,-11.));
#570 = CARTESIAN_POINT('',(0.,-11.));
#571 = ( GEOMETRIC_REPRESENTATION_CONTEXT(2) 
PARAMETRIC_REPRESENTATION_CONTEXT() REPRESENTATION_CONTEXT('2D SPACE',''
  ) );
#572 = ORIENTED_EDGE('',*,*,#573,.T.);
#573 = EDGE_CURVE('',#548,#574,#576,.T.);
#574 = VERTEX_POINT('',#575);
#575 = CARTESIAN_POINT('',(-37.6,-28.,10.));
#576 = SURFACE_CURVE('',#577,(#582,#593),.PCURVE_S1.);
#577 = CIRCLE('',#578,4.4);
#578 = AXIS2_PLACEMENT_3D('',#579,#580,#581);
#579 = CARTESIAN_POINT('',(-42.,-28.,10.));
#580 = DIRECTION('',(0.,0.,-1.));
#581 = DIRECTION('',(1.,0.,0.));
#582 = PCURVE('',#44,#583);
#583 = DEFINITIONAL_REPRESENTATION('',(#584),#592);
#584 = ( BOUNDED_CURVE() B_SPLINE_CURVE(2,(#585,#586,#587,#588,#589,#590
,#591),.UNSPECIFIED.,.T.,.F.) B_SPLINE_CURVE_WITH_KNOTS((1,2,2,2,2,1),(
    -2.094395102393,0.,2.094395102393,4.188790204786,6.28318530718,
8.377580409573),.UNSPECIFIED.) CURVE() GEOMETRIC_REPRESENTATION_ITEM() 
RATIONAL_B_SPLINE_CURVE((1.,0.5,1.,0.5,1.,0.5,1.)) REPRESENTATION_ITEM(
  '') );
#585 = CARTESIAN_POINT('',(26.4,36.));
#586 = CARTESIAN_POINT('',(26.4,28.378976446697));
#587 = CARTESIAN_POINT('',(19.8,32.189488223348));
#588 = CARTESIAN_POINT('',(13.2,36.));
#589 = CARTESIAN_POINT('',(19.8,39.810511776652));
#590 = CARTESIAN_POINT('',(26.4,43.621023553303));
#591 = CARTESIAN_POINT('',(26.4,36.));
#592 = ( GEOMETRIC_REPRESENTATION_CONTEXT(2) 
PARAMETRIC_REPRESENTATION_CONTEXT() REPRESENTATION_CONTEXT('2D SPACE',''
  ) );
#593 = PCURVE('',#594,#599);
#594 = CYLINDRICAL_SURFACE('',#595,4.4);
#595 = AXIS2_PLACEMENT_3D('',#596,#597,#598);
#596 = CARTESIAN_POINT('',(-42.,-28.,-1.));
#597 = DIRECTION('',(-0.,-0.,-1.));
#598 = DIRECTION('',(1.,0.,0.));
#599 = DEFINITIONAL_REPRESENTATION('',(#600),#604);
#600 = LINE('',#601,#602);
#601 = CARTESIAN_POINT('',(-6.28318530718,-11.));
#602 = VECTOR('',#603,1.);
#603 = DIRECTION('',(1.,-0.));
#604 = ( GEOMETRIC_REPRESENTATION_CONTEXT(2) 
PARAMETRIC_REPRESENTATION_CONTEXT() REPRESENTATION_CONTEXT('2D SPACE',''
  ) );
#605 = ORIENTED_EDGE('',*,*,#606,.T.);
#606 = EDGE_CURVE('',#574,#447,#607,.T.);
#607 = SURFACE_CURVE('',#608,(#612,#618),.PCURVE_S1.);
#608 = LINE('',#609,#610);
#609 = CARTESIAN_POINT('',(-37.6,-53.,10.));
#610 = VECTOR('',#611,1.);
#611 = DIRECTION('',(0.,-1.,0.));
#612 = PCURVE('',#44,#613);
#613 = DEFINITIONAL_REPRESENTATION('',(#614),#617);
#614 = B_SPLINE_CURVE_WITH_KNOTS('',1,(#615,#616),.UNSPECIFIED.,.F.,.F.,
  (2,2),(-25.,-21.0816665289),.PIECEWISE_BEZIER_KNOTS.);
#615 = CARTESIAN_POINT('',(26.4,36.));
#616 = CARTESIAN_POINT('',(26.4,32.081666528903));
#617 = ( GEOMETRIC_REPRESENTATION_CONTEXT(2) 
PARAMETRIC_REPRESENTATION_CONTEXT() REPRESENTATION_CONTEXT('2D SPACE',''
  ) );
#618 = PCURVE('',#619,#624);
#619 = PLANE('',#620);
#620 = AXIS2_PLACEMENT_3D('',#621,#622,#623);
#621 = CARTESIAN_POINT('',(-37.6,-42.,-1.));
#622 = DIRECTION('',(-1.,0.,0.));
#623 = DIRECTION('',(0.,1.,0.));
#624 = DEFINITIONAL_REPRESENTATION('',(#625),#628);
#625 = B_SPLINE_CURVE_WITH_KNOTS('',1,(#626,#627),.UNSPECIFIED.,.F.,.F.,
  (2,2),(-25.,-21.0816665289),.PIECEWISE_BEZIER_KNOTS.);
#626 = CARTESIAN_POINT('',(14.,-11.));
#627 = CARTESIAN_POINT('',(10.081666528903,-11.));
#628 = ( GEOMETRIC_REPRESENTATION_CONTEXT(2) 
PARAMETRIC_REPRESENTATION_CONTEXT() REPRESENTATION_CONTEXT('2D SPACE',''
  ) );
#629 = FACE_BOUND('',#630,.T.);
#630 = EDGE_LOOP('',(#631,#666,#694,#727,#753,#786,#812));
#631 = ORIENTED_EDGE('',*,*,#632,.T.);
#632 = EDGE_CURVE('',#633,#635,#637,.T.);
#633 = VERTEX_POINT('',#634);
#634 = CARTESIAN_POINT('',(52.989120141624,-41.51087985837,10.));
#635 = VERTEX_POINT('',#636);
#636 = CARTESIAN_POINT('',(59.,-50.,10.));
#637 = SURFACE_CURVE('',#638,(#643,#654),.PCURVE_S1.);
#638 = CIRCLE('',#639,9.);
#639 = AXIS2_PLACEMENT_3D('',#640,#641,#642);
#640 = CARTESIAN_POINT('',(50.,-50.,10.));
#641 = DIRECTION('',(0.,0.,-1.));
#642 = DIRECTION('',(1.,0.,0.));
#643 = PCURVE('',#44,#644);
#644 = DEFINITIONAL_REPRESENTATION('',(#645),#653);
#645 = ( BOUNDED_CURVE() B_SPLINE_CURVE(2,(#646,#647,#648,#649,#650,#651
,#652),.UNSPECIFIED.,.T.,.F.) B_SPLINE_CURVE_WITH_KNOTS((1,2,2,2,2,1),(
    -2.094395102393,0.,2.094395102393,4.188790204786,6.28318530718,
8.377580409573),.UNSPECIFIED.) CURVE() GEOMETRIC_REPRESENTATION_ITEM() 
RATIONAL_B_SPLINE_CURVE((1.,0.5,1.,0.5,1.,0.5,1.)) REPRESENTATION_ITEM(
  '') );
#646 = CARTESIAN_POINT('',(123.,14.));
#647 = CARTESIAN_POINT('',(123.,-1.58845726812));
#648 = CARTESIAN_POINT('',(109.5,6.20577136594));
#649 = CARTESIAN_POINT('',(96.,14.));
#650 = CARTESIAN_POINT('',(109.5,21.79422863406));
#651 = CARTESIAN_POINT('',(123.,29.58845726812));
#652 = CARTESIAN_POINT('',(123.,14.));
#653 = ( GEOMETRIC_REPRESENTATION_CONTEXT(2) 
PARAMETRIC_REPRESENTATION_CONTEXT() REPRESENTATION_CONTEXT('2D SPACE',''
  ) );
#654 = PCURVE('',#655,#660);
#655 = CYLINDRICAL_SURFACE('',#656,9.);
#656 = AXIS2_PLACEMENT_3D('',#657,#658,#659);
#657 = CARTESIAN_POINT('',(50.,-50.,0.));
#658 = DIRECTION('',(-0.,-0.,-1.));
#659 = DIRECTION('',(1.,0.,0.));
#660 = DEFINITIONAL_REPRESENTATION('',(#661),#665);
#661 = LINE('',#662,#663);
#662 = CARTESIAN_POINT('',(-6.28318530718,-10.));
#663 = VECTOR('',#664,1.);
#664 = DIRECTION('',(1.,-0.));
#665 = ( GEOMETRIC_REPRESENTATION_CONTEXT(2) 
PARAMETRIC_REPRESENTATION_CONTEXT() REPRESENTATION_CONTEXT('2D SPACE',''
  ) );
#666 = ORIENTED_EDGE('',*,*,#667,.T.);
#667 = EDGE_CURVE('',#635,#668,#670,.T.);
#668 = VERTEX_POINT('',#669);
#669 = CARTESIAN_POINT('',(41.510879858376,-52.98912014162,10.));
#670 = SURFACE_CURVE('',#671,(#676,#687),.PCURVE_S1.);
#671 = CIRCLE('',#672,9.);
#672 = AXIS2_PLACEMENT_3D('',#673,#674,#675);
#673 = CARTESIAN_POINT('',(50.,-50.,10.));
#674 = DIRECTION('',(0.,0.,-1.));
#675 = DIRECTION('',(1.,0.,0.));
#676 = PCURVE('',#44,#677);
#677 = DEFINITIONAL_REPRESENTATION('',(#678),#686);
#678 = ( BOUNDED_CURVE() B_SPLINE_CURVE(2,(#679,#680,#681,#682,#683,#684
,#685),.UNSPECIFIED.,.T.,.F.) B_SPLINE_CURVE_WITH_KNOTS((1,2,2,2,2,1),(
    -2.094395102393,0.,2.094395102393,4.188790204786,6.28318530718,
8.377580409573),.UNSPECIFIED.) CURVE() GEOMETRIC_REPRESENTATION_ITEM() 
RATIONAL_B_SPLINE_CURVE((1.,0.5,1.,0.5,1.,0.5,1.)) REPRESENTATION_ITEM(
  '') );
#679 = CARTESIAN_POINT('',(123.,14.));
#680 = CARTESIAN_POINT('',(123.,-1.58845726812));
#681 = CARTESIAN_POINT('',(109.5,6.20577136594));
#682 = CARTESIAN_POINT('',(96.,14.));
#683 = CARTESIAN_POINT('',(109.5,21.79422863406));
#684 = CARTESIAN_POINT('',(123.,29.58845726812));
#685 = CARTESIAN_POINT('',(123.,14.));
#686 = ( GEOMETRIC_REPRESENTATION_CONTEXT(2) 
PARAMETRIC_REPRESENTATION_CONTEXT() REPRESENTATION_CONTEXT('2D SPACE',''
  ) );
#687 = PCURVE('',#655,#688);
#688 = DEFINITIONAL_REPRESENTATION('',(#689),#693);
#689 = LINE('',#690,#691);
#690 = CARTESIAN_POINT('',(-6.28318530718,-10.));
#691 = VECTOR('',#692,1.);
#692 = DIRECTION('',(1.,-0.));
#693 = ( GEOMETRIC_REPRESENTATION_CONTEXT(2) 
PARAMETRIC_REPRESENTATION_CONTEXT() REPRESENTATION_CONTEXT('2D SPACE',''
  ) );
#694 = ORIENTED_EDGE('',*,*,#695,.T.);
#695 = EDGE_CURVE('',#668,#696,#698,.T.);
#696 = VERTEX_POINT('',#697);
#697 = CARTESIAN_POINT('',(37.6,-31.91833347109,10.));
#698 = SURFACE_CURVE('',#699,(#704,#715),.PCURVE_S1.);
#699 = CIRCLE('',#700,11.);
#700 = AXIS2_PLACEMENT_3D('',#701,#702,#703);
#701 = CARTESIAN_POINT('',(42.,-42.,10.));
#702 = DIRECTION('',(0.,0.,-1.));
#703 = DIRECTION('',(1.,0.,0.));
#704 = PCURVE('',#44,#705);
#705 = DEFINITIONAL_REPRESENTATION('',(#706),#714);
#706 = ( BOUNDED_CURVE() B_SPLINE_CURVE(2,(#707,#708,#709,#710,#711,#712
,#713),.UNSPECIFIED.,.T.,.F.) B_SPLINE_CURVE_WITH_KNOTS((1,2,2,2,2,1),(
    -2.094395102393,0.,2.094395102393,4.188790204786,6.28318530718,
8.377580409573),.UNSPECIFIED.) CURVE() GEOMETRIC_REPRESENTATION_ITEM() 
RATIONAL_B_SPLINE_CURVE((1.,0.5,1.,0.5,1.,0.5,1.)) REPRESENTATION_ITEM(
  '') );
#707 = CARTESIAN_POINT('',(117.,22.));
#708 = CARTESIAN_POINT('',(117.,2.947441116742));
#709 = CARTESIAN_POINT('',(100.5,12.473720558371));
#710 = CARTESIAN_POINT('',(84.,22.));
#711 = CARTESIAN_POINT('',(100.5,31.526279441629));
#712 = CARTESIAN_POINT('',(117.,41.052558883258));
#713 = CARTESIAN_POINT('',(117.,22.));
#714 = ( GEOMETRIC_REPRESENTATION_CONTEXT(2) 
PARAMETRIC_REPRESENTATION_CONTEXT() REPRESENTATION_CONTEXT('2D SPACE',''
  ) );
#715 = PCURVE('',#716,#721);
#716 = CYLINDRICAL_SURFACE('',#717,11.);
#717 = AXIS2_PLACEMENT_3D('',#718,#719,#720);
#718 = CARTESIAN_POINT('',(42.,-42.,-1.));
#719 = DIRECTION('',(-0.,-0.,-1.));
#720 = DIRECTION('',(1.,0.,0.));
#721 = DEFINITIONAL_REPRESENTATION('',(#722),#726);
#722 = LINE('',#723,#724);
#723 = CARTESIAN_POINT('',(-12.56637061435,-11.));
#724 = VECTOR('',#725,1.);
#725 = DIRECTION('',(1.,-0.));
#726 = ( GEOMETRIC_REPRESENTATION_CONTEXT(2) 
PARAMETRIC_REPRESENTATION_CONTEXT() REPRESENTATION_CONTEXT('2D SPACE',''
  ) );
#727 = ORIENTED_EDGE('',*,*,#728,.T.);
#728 = EDGE_CURVE('',#696,#729,#731,.T.);
#729 = VERTEX_POINT('',#730);
#730 = CARTESIAN_POINT('',(37.6,-28.,10.));
#731 = SURFACE_CURVE('',#732,(#736,#742),.PCURVE_S1.);
#732 = LINE('',#733,#734);
#733 = CARTESIAN_POINT('',(37.6,-46.,10.));
#734 = VECTOR('',#735,1.);
#735 = DIRECTION('',(-0.,1.,0.));
#736 = PCURVE('',#44,#737);
#737 = DEFINITIONAL_REPRESENTATION('',(#738),#741);
#738 = B_SPLINE_CURVE_WITH_KNOTS('',1,(#739,#740),.UNSPECIFIED.,.F.,.F.,
  (2,2),(14.081666528903,18.),.PIECEWISE_BEZIER_KNOTS.);
#739 = CARTESIAN_POINT('',(101.6,32.081666528903));
#740 = CARTESIAN_POINT('',(101.6,36.));
#741 = ( GEOMETRIC_REPRESENTATION_CONTEXT(2) 
PARAMETRIC_REPRESENTATION_CONTEXT() REPRESENTATION_CONTEXT('2D SPACE',''
  ) );
#742 = PCURVE('',#743,#748);
#743 = PLANE('',#744);
#744 = AXIS2_PLACEMENT_3D('',#745,#746,#747);
#745 = CARTESIAN_POINT('',(37.6,-28.,-1.));
#746 = DIRECTION('',(1.,0.,-0.));
#747 = DIRECTION('',(0.,-1.,0.));
#748 = DEFINITIONAL_REPRESENTATION('',(#749),#752);
#749 = B_SPLINE_CURVE_WITH_KNOTS('',1,(#750,#751),.UNSPECIFIED.,.F.,.F.,
  (2,2),(14.081666528903,18.),.PIECEWISE_BEZIER_KNOTS.);
#750 = CARTESIAN_POINT('',(3.918333471097,-11.));
#751 = CARTESIAN_POINT('',(0.,-11.));
#752 = ( GEOMETRIC_REPRESENTATION_CONTEXT(2) 
PARAMETRIC_REPRESENTATION_CONTEXT() REPRESENTATION_CONTEXT('2D SPACE',''
  ) );
#753 = ORIENTED_EDGE('',*,*,#754,.T.);
#754 = EDGE_CURVE('',#729,#755,#757,.T.);
#755 = VERTEX_POINT('',#756);
#756 = CARTESIAN_POINT('',(46.4,-28.,10.));
#757 = SURFACE_CURVE('',#758,(#763,#774),.PCURVE_S1.);
#758 = CIRCLE('',#759,4.4);
#759 = AXIS2_PLACEMENT_3D('',#760,#761,#762);
#760 = CARTESIAN_POINT('',(42.,-28.,10.));
#761 = DIRECTION('',(0.,0.,-1.));
#762 = DIRECTION('',(1.,0.,0.));
#763 = PCURVE('',#44,#764);
#764 = DEFINITIONAL_REPRESENTATION('',(#765),#773);
#765 = ( BOUNDED_CURVE() B_SPLINE_CURVE(2,(#766,#767,#768,#769,#770,#771
,#772),.UNSPECIFIED.,.T.,.F.) B_SPLINE_CURVE_WITH_KNOTS((1,2,2,2,2,1),(
    -2.094395102393,0.,2.094395102393,4.188790204786,6.28318530718,
8.377580409573),.UNSPECIFIED.) CURVE() GEOMETRIC_REPRESENTATION_ITEM() 
RATIONAL_B_SPLINE_CURVE((1.,0.5,1.,0.5,1.,0.5,1.)) REPRESENTATION_ITEM(
  '') );
#766 = CARTESIAN_POINT('',(110.4,36.));
#767 = CARTESIAN_POINT('',(110.4,28.378976446697));
#768 = CARTESIAN_POINT('',(103.8,32.189488223348));
#769 = CARTESIAN_POINT('',(97.2,36.));
#770 = CARTESIAN_POINT('',(103.8,39.810511776652));
#771 = CARTESIAN_POINT('',(110.4,43.621023553303));
#772 = CARTESIAN_POINT('',(110.4,36.));
#773 = ( GEOMETRIC_REPRESENTATION_CONTEXT(2) 
PARAMETRIC_REPRESENTATION_CONTEXT() REPRESENTATION_CONTEXT('2D SPACE',''
  ) );
#774 = PCURVE('',#775,#780);
#775 = CYLINDRICAL_SURFACE('',#776,4.4);
#776 = AXIS2_PLACEMENT_3D('',#777,#778,#779);
#777 = CARTESIAN_POINT('',(42.,-28.,-1.));
#778 = DIRECTION('',(-0.,-0.,-1.));
#779 = DIRECTION('',(1.,0.,0.));
#780 = DEFINITIONAL_REPRESENTATION('',(#781),#785);
#781 = LINE('',#782,#783);
#782 = CARTESIAN_POINT('',(-6.28318530718,-11.));
#783 = VECTOR('',#784,1.);
#784 = DIRECTION('',(1.,-0.));
#785 = ( GEOMETRIC_REPRESENTATION_CONTEXT(2) 
PARAMETRIC_REPRESENTATION_CONTEXT() REPRESENTATION_CONTEXT('2D SPACE',''
  ) );
#786 = ORIENTED_EDGE('',*,*,#787,.T.);
#787 = EDGE_CURVE('',#755,#788,#790,.T.);
#788 = VERTEX_POINT('',#789);
#789 = CARTESIAN_POINT('',(46.4,-31.91833347109,10.));
#790 = SURFACE_CURVE('',#791,(#795,#801),.PCURVE_S1.);
#791 = LINE('',#792,#793);
#792 = CARTESIAN_POINT('',(46.4,-53.,10.));
#793 = VECTOR('',#794,1.);
#794 = DIRECTION('',(0.,-1.,0.));
#795 = PCURVE('',#44,#796);
#796 = DEFINITIONAL_REPRESENTATION('',(#797),#800);
#797 = B_SPLINE_CURVE_WITH_KNOTS('',1,(#798,#799),.UNSPECIFIED.,.F.,.F.,
  (2,2),(-25.,-21.0816665289),.PIECEWISE_BEZIER_KNOTS.);
#798 = CARTESIAN_POINT('',(110.4,36.));
#799 = CARTESIAN_POINT('',(110.4,32.081666528903));
#800 = ( GEOMETRIC_REPRESENTATION_CONTEXT(2) 
PARAMETRIC_REPRESENTATION_CONTEXT() REPRESENTATION_CONTEXT('2D SPACE',''
  ) );
#801 = PCURVE('',#802,#807);
#802 = PLANE('',#803);
#803 = AXIS2_PLACEMENT_3D('',#804,#805,#806);
#804 = CARTESIAN_POINT('',(46.4,-42.,-1.));
#805 = DIRECTION('',(-1.,0.,0.));
#806 = DIRECTION('',(0.,1.,0.));
#807 = DEFINITIONAL_REPRESENTATION('',(#808),#811);
#808 = B_SPLINE_CURVE_WITH_KNOTS('',1,(#809,#810),.UNSPECIFIED.,.F.,.F.,
  (2,2),(-25.,-21.0816665289),.PIECEWISE_BEZIER_KNOTS.);
#809 = CARTESIAN_POINT('',(14.,-11.));
#810 = CARTESIAN_POINT('',(10.081666528903,-11.));
#811 = ( GEOMETRIC_REPRESENTATION_CONTEXT(2) 
PARAMETRIC_REPRESENTATION_CONTEXT() REPRESENTATION_CONTEXT('2D SPACE',''
  ) );
#812 = ORIENTED_EDGE('',*,*,#813,.T.);
#813 = EDGE_CURVE('',#788,#633,#814,.T.);
#814 = SURFACE_CURVE('',#815,(#820,#831),.PCURVE_S1.);
#815 = CIRCLE('',#816,11.);
#816 = AXIS2_PLACEMENT_3D('',#817,#818,#819);
#817 = CARTESIAN_POINT('',(42.,-42.,10.));
#818 = DIRECTION('',(0.,0.,-1.));
#819 = DIRECTION('',(1.,0.,0.));
#820 = PCURVE('',#44,#821);
#821 = DEFINITIONAL_REPRESENTATION('',(#822),#830);
#822 = ( BOUNDED_CURVE() B_SPLINE_CURVE(2,(#823,#824,#825,#826,#827,#828
,#829),.UNSPECIFIED.,.T.,.F.) B_SPLINE_CURVE_WITH_KNOTS((1,2,2,2,2,1),(
    -2.094395102393,0.,2.094395102393,4.188790204786,6.28318530718,
8.377580409573),.UNSPECIFIED.) CURVE() GEOMETRIC_REPRESENTATION_ITEM() 
RATIONAL_B_SPLINE_CURVE((1.,0.5,1.,0.5,1.,0.5,1.)) REPRESENTATION_ITEM(
  '') );
#823 = CARTESIAN_POINT('',(117.,22.));
#824 = CARTESIAN_POINT('',(117.,2.947441116742));
#825 = CARTESIAN_POINT('',(100.5,12.473720558371));
#826 = CARTESIAN_POINT('',(84.,22.));
#827 = CARTESIAN_POINT('',(100.5,31.526279441629));
#828 = CARTESIAN_POINT('',(117.,41.052558883258));
#829 = CARTESIAN_POINT('',(117.,22.));
#830 = ( GEOMETRIC_REPRESENTATION_CONTEXT(2) 
PARAMETRIC_REPRESENTATION_CONTEXT() REPRESENTATION_CONTEXT('2D SPACE',''
  ) );
#831 = PCURVE('',#832,#837);
#832 = CYLINDRICAL_SURFACE('',#833,11.);
#833 = AXIS2_PLACEMENT_3D('',#834,#835,#836);
#834 = CARTESIAN_POINT('',(42.,-42.,-1.));
#835 = DIRECTION('',(-0.,-0.,-1.));
#836 = DIRECTION('',(1.,0.,0.));
#837 = DEFINITIONAL_REPRESENTATION('',(#838),#842);
#838 = LINE('',#839,#840);
#839 = CARTESIAN_POINT('',(-12.56637061435,-11.));
#840 = VECTOR('',#841,1.);
#841 = DIRECTION('',(1.,-0.));
#842 = ( GEOMETRIC_REPRESENTATION_CONTEXT(2) 
PARAMETRIC_REPRESENTATION_CONTEXT() REPRESENTATION_CONTEXT('2D SPACE',''
  ) );
#843 = FACE_BOUND('',#844,.T.);
#844 = EDGE_LOOP('',(#845,#873,#906,#932));
#845 = ORIENTED_EDGE('',*,*,#846,.T.);
#846 = EDGE_CURVE('',#847,#849,#851,.T.);
#847 = VERTEX_POINT('',#848);
#848 = CARTESIAN_POINT('',(-37.6,28.,10.));
#849 = VERTEX_POINT('',#850);
#850 = CARTESIAN_POINT('',(-37.6,24.081666528903,10.));
#851 = SURFACE_CURVE('',#852,(#856,#862),.PCURVE_S1.);
#852 = LINE('',#853,#854);
#853 = CARTESIAN_POINT('',(-37.6,-25.,10.));
#854 = VECTOR('',#855,1.);
#855 = DIRECTION('',(0.,-1.,0.));
#856 = PCURVE('',#44,#857);
#857 = DEFINITIONAL_REPRESENTATION('',(#858),#861);
#858 = B_SPLINE_CURVE_WITH_KNOTS('',1,(#859,#860),.UNSPECIFIED.,.F.,.F.,
  (2,2),(-53.,-49.0816665289),.PIECEWISE_BEZIER_KNOTS.);
#859 = CARTESIAN_POINT('',(26.4,92.));
#860 = CARTESIAN_POINT('',(26.4,88.081666528903));
#861 = ( GEOMETRIC_REPRESENTATION_CONTEXT(2) 
PARAMETRIC_REPRESENTATION_CONTEXT() REPRESENTATION_CONTEXT('2D SPACE',''
  ) );
#862 = PCURVE('',#863,#868);
#863 = PLANE('',#864);
#864 = AXIS2_PLACEMENT_3D('',#865,#866,#867);
#865 = CARTESIAN_POINT('',(-37.6,14.,-1.));
#866 = DIRECTION('',(-1.,0.,0.));
#867 = DIRECTION('',(0.,1.,0.));
#868 = DEFINITIONAL_REPRESENTATION('',(#869),#872);
#869 = B_SPLINE_CURVE_WITH_KNOTS('',1,(#870,#871),.UNSPECIFIED.,.F.,.F.,
  (2,2),(-53.,-49.0816665289),.PIECEWISE_BEZIER_KNOTS.);
#870 = CARTESIAN_POINT('',(14.,-11.));
#871 = CARTESIAN_POINT('',(10.081666528903,-11.));
#872 = ( GEOMETRIC_REPRESENTATION_CONTEXT(2) 
PARAMETRIC_REPRESENTATION_CONTEXT() REPRESENTATION_CONTEXT('2D SPACE',''
  ) );
#873 = ORIENTED_EDGE('',*,*,#874,.T.);
#874 = EDGE_CURVE('',#849,#875,#877,.T.);
#875 = VERTEX_POINT('',#876);
#876 = CARTESIAN_POINT('',(-46.4,24.081666528903,10.));
#877 = SURFACE_CURVE('',#878,(#883,#894),.PCURVE_S1.);
#878 = CIRCLE('',#879,11.);
#879 = AXIS2_PLACEMENT_3D('',#880,#881,#882);
#880 = CARTESIAN_POINT('',(-42.,14.,10.));
#881 = DIRECTION('',(0.,0.,-1.));
#882 = DIRECTION('',(1.,0.,0.));
#883 = PCURVE('',#44,#884);
#884 = DEFINITIONAL_REPRESENTATION('',(#885),#893);
#885 = ( BOUNDED_CURVE() B_SPLINE_CURVE(2,(#886,#887,#888,#889,#890,#891
,#892),.UNSPECIFIED.,.T.,.F.) B_SPLINE_CURVE_WITH_KNOTS((1,2,2,2,2,1),(
    -2.094395102393,0.,2.094395102393,4.188790204786,6.28318530718,
8.377580409573),.UNSPECIFIED.) CURVE() GEOMETRIC_REPRESENTATION_ITEM() 
RATIONAL_B_SPLINE_CURVE((1.,0.5,1.,0.5,1.,0.5,1.)) REPRESENTATION_ITEM(
  '') );
#886 = CARTESIAN_POINT('',(33.,78.));
#887 = CARTESIAN_POINT('',(33.,58.947441116742));
#888 = CARTESIAN_POINT('',(16.5,68.473720558371));
#889 = CARTESIAN_POINT('',(3.552713678801E-15,78.));
#890 = CARTESIAN_POINT('',(16.5,87.526279441629));
#891 = CARTESIAN_POINT('',(33.,97.052558883258));
#892 = CARTESIAN_POINT('',(33.,78.));
#893 = ( GEOMETRIC_REPRESENTATION_CONTEXT(2) 
PARAMETRIC_REPRESENTATION_CONTEXT() REPRESENTATION_CONTEXT('2D SPACE',''
  ) );
#894 = PCURVE('',#895,#900);
#895 = CYLINDRICAL_SURFACE('',#896,11.);
#896 = AXIS2_PLACEMENT_3D('',#897,#898,#899);
#897 = CARTESIAN_POINT('',(-42.,14.,-1.));
#898 = DIRECTION('',(-0.,-0.,-1.));
#899 = DIRECTION('',(1.,0.,0.));
#900 = DEFINITIONAL_REPRESENTATION('',(#901),#905);
#901 = LINE('',#902,#903);
#902 = CARTESIAN_POINT('',(-12.56637061435,-11.));
#903 = VECTOR('',#904,1.);
#904 = DIRECTION('',(1.,-0.));
#905 = ( GEOMETRIC_REPRESENTATION_CONTEXT(2) 
PARAMETRIC_REPRESENTATION_CONTEXT() REPRESENTATION_CONTEXT('2D SPACE',''
  ) );
#906 = ORIENTED_EDGE('',*,*,#907,.T.);
#907 = EDGE_CURVE('',#875,#908,#910,.T.);
#908 = VERTEX_POINT('',#909);
#909 = CARTESIAN_POINT('',(-46.4,28.,10.));
#910 = SURFACE_CURVE('',#911,(#915,#921),.PCURVE_S1.);
#911 = LINE('',#912,#913);
#912 = CARTESIAN_POINT('',(-46.4,-18.,10.));
#913 = VECTOR('',#914,1.);
#914 = DIRECTION('',(-0.,1.,0.));
#915 = PCURVE('',#44,#916);
#916 = DEFINITIONAL_REPRESENTATION('',(#917),#920);
#917 = B_SPLINE_CURVE_WITH_KNOTS('',1,(#918,#919),.UNSPECIFIED.,.F.,.F.,
  (2,2),(42.081666528903,46.),.PIECEWISE_BEZIER_KNOTS.);
#918 = CARTESIAN_POINT('',(17.6,88.081666528903));
#919 = CARTESIAN_POINT('',(17.6,92.));
#920 = ( GEOMETRIC_REPRESENTATION_CONTEXT(2) 
PARAMETRIC_REPRESENTATION_CONTEXT() REPRESENTATION_CONTEXT('2D SPACE',''
  ) );
#921 = PCURVE('',#922,#927);
#922 = PLANE('',#923);
#923 = AXIS2_PLACEMENT_3D('',#924,#925,#926);
#924 = CARTESIAN_POINT('',(-46.4,28.,-1.));
#925 = DIRECTION('',(1.,0.,-0.));
#926 = DIRECTION('',(0.,-1.,0.));
#927 = DEFINITIONAL_REPRESENTATION('',(#928),#931);
#928 = B_SPLINE_CURVE_WITH_KNOTS('',1,(#929,#930),.UNSPECIFIED.,.F.,.F.,
  (2,2),(42.081666528903,46.),.PIECEWISE_BEZIER_KNOTS.);
#929 = CARTESIAN_POINT('',(3.918333471097,-11.));
#930 = CARTESIAN_POINT('',(0.,-11.));
#931 = ( GEOMETRIC_REPRESENTATION_CONTEXT(2) 
PARAMETRIC_REPRESENTATION_CONTEXT() REPRESENTATION_CONTEXT('2D SPACE',''
  ) );
#932 = ORIENTED_EDGE('',*,*,#933,.T.);
#933 = EDGE_CURVE('',#908,#847,#934,.T.);
#934 = SURFACE_CURVE('',#935,(#940,#951),.PCURVE_S1.);
#935 = CIRCLE('',#936,4.4);
#936 = AXIS2_PLACEMENT_3D('',#937,#938,#939);
#937 = CARTESIAN_POINT('',(-42.,28.,10.));
#938 = DIRECTION('',(0.,0.,-1.));
#939 = DIRECTION('',(1.,0.,0.));
#940 = PCURVE('',#44,#941);
#941 = DEFINITIONAL_REPRESENTATION('',(#942),#950);
#942 = ( BOUNDED_CURVE() B_SPLINE_CURVE(2,(#943,#944,#945,#946,#947,#948
,#949),.UNSPECIFIED.,.T.,.F.) B_SPLINE_CURVE_WITH_KNOTS((1,2,2,2,2,1),(
    -2.094395102393,0.,2.094395102393,4.188790204786,6.28318530718,
8.377580409573),.UNSPECIFIED.) CURVE() GEOMETRIC_REPRESENTATION_ITEM() 
RATIONAL_B_SPLINE_CURVE((1.,0.5,1.,0.5,1.,0.5,1.)) REPRESENTATION_ITEM(
  '') );
#943 = CARTESIAN_POINT('',(26.4,92.));
#944 = CARTESIAN_POINT('',(26.4,84.378976446697));
#945 = CARTESIAN_POINT('',(19.8,88.189488223348));
#946 = CARTESIAN_POINT('',(13.2,92.));
#947 = CARTESIAN_POINT('',(19.8,95.810511776652));
#948 = CARTESIAN_POINT('',(26.4,99.621023553303));
#949 = CARTESIAN_POINT('',(26.4,92.));
#950 = ( GEOMETRIC_REPRESENTATION_CONTEXT(2) 
PARAMETRIC_REPRESENTATION_CONTEXT() REPRESENTATION_CONTEXT('2D SPACE',''
  ) );
#951 = PCURVE('',#952,#957);
#952 = CYLINDRICAL_SURFACE('',#953,4.4);
#953 = AXIS2_PLACEMENT_3D('',#954,#955,#956);
#954 = CARTESIAN_POINT('',(-42.,28.,-1.));
#955 = DIRECTION('',(-0.,-0.,-1.));
#956 = DIRECTION('',(1.,0.,0.));
#957 = DEFINITIONAL_REPRESENTATION('',(#958),#962);
#958 = LINE('',#959,#960);
#959 = CARTESIAN_POINT('',(-6.28318530718,-11.));
#960 = VECTOR('',#961,1.);
#961 = DIRECTION('',(1.,-0.));
#962 = ( GEOMETRIC_REPRESENTATION_CONTEXT(2) 
PARAMETRIC_REPRESENTATION_CONTEXT() REPRESENTATION_CONTEXT('2D SPACE',''
  ) );
#963 = FACE_BOUND('',#964,.T.);
#964 = EDGE_LOOP('',(#965));
#965 = ORIENTED_EDGE('',*,*,#966,.T.);
#966 = EDGE_CURVE('',#967,#967,#969,.T.);
#967 = VERTEX_POINT('',#968);
#968 = CARTESIAN_POINT('',(-41.,50.,10.));
#969 = SURFACE_CURVE('',#970,(#975,#986),.PCURVE_S1.);
#970 = CIRCLE('',#971,9.);
#971 = AXIS2_PLACEMENT_3D('',#972,#973,#974);
#972 = CARTESIAN_POINT('',(-50.,50.,10.));
#973 = DIRECTION('',(0.,0.,-1.));
#974 = DIRECTION('',(1.,0.,0.));
#975 = PCURVE('',#44,#976);
#976 = DEFINITIONAL_REPRESENTATION('',(#977),#985);
#977 = ( BOUNDED_CURVE() B_SPLINE_CURVE(2,(#978,#979,#980,#981,#982,#983
,#984),.UNSPECIFIED.,.T.,.F.) B_SPLINE_CURVE_WITH_KNOTS((1,2,2,2,2,1),(
    -2.094395102393,0.,2.094395102393,4.188790204786,6.28318530718,
8.377580409573),.UNSPECIFIED.) CURVE() GEOMETRIC_REPRESENTATION_ITEM() 
RATIONAL_B_SPLINE_CURVE((1.,0.5,1.,0.5,1.,0.5,1.)) REPRESENTATION_ITEM(
  '') );
#978 = CARTESIAN_POINT('',(23.,114.));
#979 = CARTESIAN_POINT('',(23.,98.41154273188));
#980 = CARTESIAN_POINT('',(9.5,106.20577136594));
#981 = CARTESIAN_POINT('',(-4.,114.));
#982 = CARTESIAN_POINT('',(9.5,121.79422863406));
#983 = CARTESIAN_POINT('',(23.,129.58845726812));
#984 = CARTESIAN_POINT('',(23.,114.));
#985 = ( GEOMETRIC_REPRESENTATION_CONTEXT(2) 
PARAMETRIC_REPRESENTATION_CONTEXT() REPRESENTATION_CONTEXT('2D SPACE',''
  ) );
#986 = PCURVE('',#987,#992);
#987 = CYLINDRICAL_SURFACE('',#988,9.);
#988 = AXIS2_PLACEMENT_3D('',#989,#990,#991);
#989 = CARTESIAN_POINT('',(-50.,50.,0.));
#990 = DIRECTION('',(-0.,-0.,-1.));
#991 = DIRECTION('',(1.,0.,0.));
#992 = DEFINITIONAL_REPRESENTATION('',(#993),#997);
#993 = LINE('',#994,#995);
#994 = CARTESIAN_POINT('',(-6.28318530718,-10.));
#995 = VECTOR('',#996,1.);
#996 = DIRECTION('',(1.,-0.));
#997 = ( GEOMETRIC_REPRESENTATION_CONTEXT(2) 
PARAMETRIC_REPRESENTATION_CONTEXT() REPRESENTATION_CONTEXT('2D SPACE',''
  ) );
#998 = FACE_BOUND('',#999,.T.);
#999 = EDGE_LOOP('',(#1000,#1031,#1057,#1086,#1112,#1141,#1167,#1196));
#1000 = ORIENTED_EDGE('',*,*,#1001,.F.);
#1001 = EDGE_CURVE('',#1002,#1004,#1006,.T.);
#1002 = VERTEX_POINT('',#1003);
#1003 = CARTESIAN_POINT('',(20.,-19.,10.));
#1004 = VERTEX_POINT('',#1005);
#1005 = CARTESIAN_POINT('',(26.,-13.,10.));
#1006 = SURFACE_CURVE('',#1007,(#1012,#1019),.PCURVE_S1.);
#1007 = CIRCLE('',#1008,6.);
#1008 = AXIS2_PLACEMENT_3D('',#1009,#1010,#1011);
#1009 = CARTESIAN_POINT('',(20.,-13.,10.));
#1010 = DIRECTION('',(0.,0.,1.));
#1011 = DIRECTION('',(0.,-1.,0.));
#1012 = PCURVE('',#44,#1013);
#1013 = DEFINITIONAL_REPRESENTATION('',(#1014),#1018);
#1014 = CIRCLE('',#1015,6.);
#1015 = AXIS2_PLACEMENT_2D('',#1016,#1017);
#1016 = CARTESIAN_POINT('',(84.,51.));
#1017 = DIRECTION('',(0.,-1.));
#1018 = ( GEOMETRIC_REPRESENTATION_CONTEXT(2) 
PARAMETRIC_REPRESENTATION_CONTEXT() REPRESENTATION_CONTEXT('2D SPACE',''
  ) );
#1019 = PCURVE('',#1020,#1025);
#1020 = CYLINDRICAL_SURFACE('',#1021,6.);
#1021 = AXIS2_PLACEMENT_3D('',#1022,#1023,#1024);
#1022 = CARTESIAN_POINT('',(20.,-13.,-1.));
#1023 = DIRECTION('',(0.,0.,1.));
#1024 = DIRECTION('',(0.,-1.,0.));
#1025 = DEFINITIONAL_REPRESENTATION('',(#1026),#1030);
#1026 = LINE('',#1027,#1028);
#1027 = CARTESIAN_POINT('',(0.,11.));
#1028 = VECTOR('',#1029,1.);
#1029 = DIRECTION('',(1.,0.));
#1030 = ( GEOMETRIC_REPRESENTATION_CONTEXT(2) 
PARAMETRIC_REPRESENTATION_CONTEXT() REPRESENTATION_CONTEXT('2D SPACE',''
  ) );
#1031 = ORIENTED_EDGE('',*,*,#1032,.T.);
#1032 = EDGE_CURVE('',#1002,#1033,#1035,.T.);
#1033 = VERTEX_POINT('',#1034);
#1034 = CARTESIAN_POINT('',(-20.,-19.,10.));
#1035 = SURFACE_CURVE('',#1036,(#1040,#1046),.PCURVE_S1.);
#1036 = LINE('',#1037,#1038);
#1037 = CARTESIAN_POINT('',(-45.,-19.,10.));
#1038 = VECTOR('',#1039,1.);
#1039 = DIRECTION('',(-1.,0.,0.));
#1040 = PCURVE('',#44,#1041);
#1041 = DEFINITIONAL_REPRESENTATION('',(#1042),#1045);
#1042 = B_SPLINE_CURVE_WITH_KNOTS('',1,(#1043,#1044),.UNSPECIFIED.,.F.,
  .F.,(2,2),(-65.,-25.),.PIECEWISE_BEZIER_KNOTS.);
#1043 = CARTESIAN_POINT('',(84.,45.));
#1044 = CARTESIAN_POINT('',(44.,45.));
#1045 = ( GEOMETRIC_REPRESENTATION_CONTEXT(2) 
PARAMETRIC_REPRESENTATION_CONTEXT() REPRESENTATION_CONTEXT('2D SPACE',''
  ) );
#1046 = PCURVE('',#1047,#1052);
#1047 = PLANE('',#1048);
#1048 = AXIS2_PLACEMENT_3D('',#1049,#1050,#1051);
#1049 = CARTESIAN_POINT('',(-26.,-19.,-1.));
#1050 = DIRECTION('',(0.,1.,0.));
#1051 = DIRECTION('',(1.,0.,0.));
#1052 = DEFINITIONAL_REPRESENTATION('',(#1053),#1056);
#1053 = B_SPLINE_CURVE_WITH_KNOTS('',1,(#1054,#1055),.UNSPECIFIED.,.F.,
  .F.,(2,2),(-65.,-25.),.PIECEWISE_BEZIER_KNOTS.);
#1054 = CARTESIAN_POINT('',(46.,-11.));
#1055 = CARTESIAN_POINT('',(6.,-11.));
#1056 = ( GEOMETRIC_REPRESENTATION_CONTEXT(2) 
PARAMETRIC_REPRESENTATION_CONTEXT() REPRESENTATION_CONTEXT('2D SPACE',''
  ) );
#1057 = ORIENTED_EDGE('',*,*,#1058,.F.);
#1058 = EDGE_CURVE('',#1059,#1033,#1061,.T.);
#1059 = VERTEX_POINT('',#1060);
#1060 = CARTESIAN_POINT('',(-26.,-13.,10.));
#1061 = SURFACE_CURVE('',#1062,(#1067,#1074),.PCURVE_S1.);
#1062 = CIRCLE('',#1063,6.);
#1063 = AXIS2_PLACEMENT_3D('',#1064,#1065,#1066);
#1064 = CARTESIAN_POINT('',(-20.,-13.,10.));
#1065 = DIRECTION('',(0.,0.,1.));
#1066 = DIRECTION('',(0.,-1.,0.));
#1067 = PCURVE('',#44,#1068);
#1068 = DEFINITIONAL_REPRESENTATION('',(#1069),#1073);
#1069 = CIRCLE('',#1070,6.);
#1070 = AXIS2_PLACEMENT_2D('',#1071,#1072);
#1071 = CARTESIAN_POINT('',(44.,51.));
#1072 = DIRECTION('',(0.,-1.));
#1073 = ( GEOMETRIC_REPRESENTATION_CONTEXT(2) 
PARAMETRIC_REPRESENTATION_CONTEXT() REPRESENTATION_CONTEXT('2D SPACE',''
  ) );
#1074 = PCURVE('',#1075,#1080);
#1075 = CYLINDRICAL_SURFACE('',#1076,6.);
#1076 = AXIS2_PLACEMENT_3D('',#1077,#1078,#1079);
#1077 = CARTESIAN_POINT('',(-20.,-13.,-1.));
#1078 = DIRECTION('',(0.,0.,1.));
#1079 = DIRECTION('',(0.,-1.,0.));
#1080 = DEFINITIONAL_REPRESENTATION('',(#1081),#1085);
#1081 = LINE('',#1082,#1083);
#1082 = CARTESIAN_POINT('',(-6.28318530718,11.));
#1083 = VECTOR('',#1084,1.);
#1084 = DIRECTION('',(1.,-0.));
#1085 = ( GEOMETRIC_REPRESENTATION_CONTEXT(2) 
PARAMETRIC_REPRESENTATION_CONTEXT() REPRESENTATION_CONTEXT('2D SPACE',''
  ) );
#1086 = ORIENTED_EDGE('',*,*,#1087,.T.);
#1087 = EDGE_CURVE('',#1059,#1088,#1090,.T.);
#1088 = VERTEX_POINT('',#1089);
#1089 = CARTESIAN_POINT('',(-26.,17.,10.));
#1090 = SURFACE_CURVE('',#1091,(#1095,#1101),.PCURVE_S1.);
#1091 = LINE('',#1092,#1093);
#1092 = CARTESIAN_POINT('',(-26.,-20.5,10.));
#1093 = VECTOR('',#1094,1.);
#1094 = DIRECTION('',(-0.,1.,0.));
#1095 = PCURVE('',#44,#1096);
#1096 = DEFINITIONAL_REPRESENTATION('',(#1097),#1100);
#1097 = B_SPLINE_CURVE_WITH_KNOTS('',1,(#1098,#1099),.UNSPECIFIED.,.F.,
  .F.,(2,2),(7.5,37.5),.PIECEWISE_BEZIER_KNOTS.);
#1098 = CARTESIAN_POINT('',(38.,51.));
#1099 = CARTESIAN_POINT('',(38.,81.));
#1100 = ( GEOMETRIC_REPRESENTATION_CONTEXT(2) 
PARAMETRIC_REPRESENTATION_CONTEXT() REPRESENTATION_CONTEXT('2D SPACE',''
  ) );
#1101 = PCURVE('',#1102,#1107);
#1102 = PLANE('',#1103);
#1103 = AXIS2_PLACEMENT_3D('',#1104,#1105,#1106);
#1104 = CARTESIAN_POINT('',(-26.,23.,-1.));
#1105 = DIRECTION('',(1.,0.,-0.));
#1106 = DIRECTION('',(0.,-1.,0.));
#1107 = DEFINITIONAL_REPRESENTATION('',(#1108),#1111);
#1108 = B_SPLINE_CURVE_WITH_KNOTS('',1,(#1109,#1110),.UNSPECIFIED.,.F.,
  .F.,(2,2),(7.5,37.5),.PIECEWISE_BEZIER_KNOTS.);
#1109 = CARTESIAN_POINT('',(36.,-11.));
#1110 = CARTESIAN_POINT('',(6.,-11.));
#1111 = ( GEOMETRIC_REPRESENTATION_CONTEXT(2) 
PARAMETRIC_REPRESENTATION_CONTEXT() REPRESENTATION_CONTEXT('2D SPACE',''
  ) );
#1112 = ORIENTED_EDGE('',*,*,#1113,.F.);
#1113 = EDGE_CURVE('',#1114,#1088,#1116,.T.);
#1114 = VERTEX_POINT('',#1115);
#1115 = CARTESIAN_POINT('',(-20.,23.,10.));
#1116 = SURFACE_CURVE('',#1117,(#1122,#1129),.PCURVE_S1.);
#1117 = CIRCLE('',#1118,6.);
#1118 = AXIS2_PLACEMENT_3D('',#1119,#1120,#1121);
#1119 = CARTESIAN_POINT('',(-20.,17.,10.));
#1120 = DIRECTION('',(0.,0.,1.));
#1121 = DIRECTION('',(-0.,1.,0.));
#1122 = PCURVE('',#44,#1123);
#1123 = DEFINITIONAL_REPRESENTATION('',(#1124),#1128);
#1124 = CIRCLE('',#1125,6.);
#1125 = AXIS2_PLACEMENT_2D('',#1126,#1127);
#1126 = CARTESIAN_POINT('',(44.,81.));
#1127 = DIRECTION('',(0.,1.));
#1128 = ( GEOMETRIC_REPRESENTATION_CONTEXT(2) 
PARAMETRIC_REPRESENTATION_CONTEXT() REPRESENTATION_CONTEXT('2D SPACE',''
  ) );
#1129 = PCURVE('',#1130,#1135);
#1130 = CYLINDRICAL_SURFACE('',#1131,6.);
#1131 = AXIS2_PLACEMENT_3D('',#1132,#1133,#1134);
#1132 = CARTESIAN_POINT('',(-20.,17.,-1.));
#1133 = DIRECTION('',(0.,0.,1.));
#1134 = DIRECTION('',(-0.,1.,0.));
#1135 = DEFINITIONAL_REPRESENTATION('',(#1136),#1140);
#1136 = LINE('',#1137,#1138);
#1137 = CARTESIAN_POINT('',(0.,11.));
#1138 = VECTOR('',#1139,1.);
#1139 = DIRECTION('',(1.,0.));
#1140 = ( GEOMETRIC_REPRESENTATION_CONTEXT(2) 
PARAMETRIC_REPRESENTATION_CONTEXT() REPRESENTATION_CONTEXT('2D SPACE',''
  ) );
#1141 = ORIENTED_EDGE('',*,*,#1142,.T.);
#1142 = EDGE_CURVE('',#1114,#1143,#1145,.T.);
#1143 = VERTEX_POINT('',#1144);
#1144 = CARTESIAN_POINT('',(20.,23.,10.));
#1145 = SURFACE_CURVE('',#1146,(#1150,#1156),.PCURVE_S1.);
#1146 = LINE('',#1147,#1148);
#1147 = CARTESIAN_POINT('',(-19.,23.,10.));
#1148 = VECTOR('',#1149,1.);
#1149 = DIRECTION('',(1.,0.,-0.));
#1150 = PCURVE('',#44,#1151);
#1151 = DEFINITIONAL_REPRESENTATION('',(#1152),#1155);
#1152 = B_SPLINE_CURVE_WITH_KNOTS('',1,(#1153,#1154),.UNSPECIFIED.,.F.,
  .F.,(2,2),(-1.,39.),.PIECEWISE_BEZIER_KNOTS.);
#1153 = CARTESIAN_POINT('',(44.,87.));
#1154 = CARTESIAN_POINT('',(84.,87.));
#1155 = ( GEOMETRIC_REPRESENTATION_CONTEXT(2) 
PARAMETRIC_REPRESENTATION_CONTEXT() REPRESENTATION_CONTEXT('2D SPACE',''
  ) );
#1156 = PCURVE('',#1157,#1162);
#1157 = PLANE('',#1158);
#1158 = AXIS2_PLACEMENT_3D('',#1159,#1160,#1161);
#1159 = CARTESIAN_POINT('',(26.,23.,-1.));
#1160 = DIRECTION('',(0.,-1.,0.));
#1161 = DIRECTION('',(-1.,0.,0.));
#1162 = DEFINITIONAL_REPRESENTATION('',(#1163),#1166);
#1163 = B_SPLINE_CURVE_WITH_KNOTS('',1,(#1164,#1165),.UNSPECIFIED.,.F.,
  .F.,(2,2),(-1.,39.),.PIECEWISE_BEZIER_KNOTS.);
#1164 = CARTESIAN_POINT('',(46.,-11.));
#1165 = CARTESIAN_POINT('',(6.,-11.));
#1166 = ( GEOMETRIC_REPRESENTATION_CONTEXT(2) 
PARAMETRIC_REPRESENTATION_CONTEXT() REPRESENTATION_CONTEXT('2D SPACE',''
  ) );
#1167 = ORIENTED_EDGE('',*,*,#1168,.F.);
#1168 = EDGE_CURVE('',#1169,#1143,#1171,.T.);
#1169 = VERTEX_POINT('',#1170);
#1170 = CARTESIAN_POINT('',(26.,17.,10.));
#1171 = SURFACE_CURVE('',#1172,(#1177,#1184),.PCURVE_S1.);
#1172 = CIRCLE('',#1173,6.);
#1173 = AXIS2_PLACEMENT_3D('',#1174,#1175,#1176);
#1174 = CARTESIAN_POINT('',(20.,17.,10.));
#1175 = DIRECTION('',(0.,0.,1.));
#1176 = DIRECTION('',(1.,0.,-0.));
#1177 = PCURVE('',#44,#1178);
#1178 = DEFINITIONAL_REPRESENTATION('',(#1179),#1183);
#1179 = CIRCLE('',#1180,6.);
#1180 = AXIS2_PLACEMENT_2D('',#1181,#1182);
#1181 = CARTESIAN_POINT('',(84.,81.));
#1182 = DIRECTION('',(1.,0.));
#1183 = ( GEOMETRIC_REPRESENTATION_CONTEXT(2) 
PARAMETRIC_REPRESENTATION_CONTEXT() REPRESENTATION_CONTEXT('2D SPACE',''
  ) );
#1184 = PCURVE('',#1185,#1190);
#1185 = CYLINDRICAL_SURFACE('',#1186,6.);
#1186 = AXIS2_PLACEMENT_3D('',#1187,#1188,#1189);
#1187 = CARTESIAN_POINT('',(20.,17.,-1.));
#1188 = DIRECTION('',(0.,0.,1.));
#1189 = DIRECTION('',(1.,0.,-0.));
#1190 = DEFINITIONAL_REPRESENTATION('',(#1191),#1195);
#1191 = LINE('',#1192,#1193);
#1192 = CARTESIAN_POINT('',(0.,11.));
#1193 = VECTOR('',#1194,1.);
#1194 = DIRECTION('',(1.,0.));
#1195 = ( GEOMETRIC_REPRESENTATION_CONTEXT(2) 
PARAMETRIC_REPRESENTATION_CONTEXT() REPRESENTATION_CONTEXT('2D SPACE',''
  ) );
#1196 = ORIENTED_EDGE('',*,*,#1197,.T.);
#1197 = EDGE_CURVE('',#1169,#1004,#1198,.T.);
#1198 = SURFACE_CURVE('',#1199,(#1203,#1209),.PCURVE_S1.);
#1199 = LINE('',#1200,#1201);
#1200 = CARTESIAN_POINT('',(26.,-41.5,10.));
#1201 = VECTOR('',#1202,1.);
#1202 = DIRECTION('',(0.,-1.,0.));
#1203 = PCURVE('',#44,#1204);
#1204 = DEFINITIONAL_REPRESENTATION('',(#1205),#1208);
#1205 = B_SPLINE_CURVE_WITH_KNOTS('',1,(#1206,#1207),.UNSPECIFIED.,.F.,
  .F.,(2,2),(-58.5,-28.5),.PIECEWISE_BEZIER_KNOTS.);
#1206 = CARTESIAN_POINT('',(90.,81.));
#1207 = CARTESIAN_POINT('',(90.,51.));
#1208 = ( GEOMETRIC_REPRESENTATION_CONTEXT(2) 
PARAMETRIC_REPRESENTATION_CONTEXT() REPRESENTATION_CONTEXT('2D SPACE',''
  ) );
#1209 = PCURVE('',#1210,#1215);
#1210 = PLANE('',#1211);
#1211 = AXIS2_PLACEMENT_3D('',#1212,#1213,#1214);
#1212 = CARTESIAN_POINT('',(26.,-19.,-1.));
#1213 = DIRECTION('',(-1.,0.,0.));
#1214 = DIRECTION('',(0.,1.,0.));
#1215 = DEFINITIONAL_REPRESENTATION('',(#1216),#1219);
#1216 = B_SPLINE_CURVE_WITH_KNOTS('',1,(#1217,#1218),.UNSPECIFIED.,.F.,
  .F.,(2,2),(-58.5,-28.5),.PIECEWISE_BEZIER_KNOTS.);
#1217 = CARTESIAN_POINT('',(36.,-11.));
#1218 = CARTESIAN_POINT('',(6.,-11.));
#1219 = ( GEOMETRIC_REPRESENTATION_CONTEXT(2) 
PARAMETRIC_REPRESENTATION_CONTEXT() REPRESENTATION_CONTEXT('2D SPACE',''
  ) );
#1220 = FACE_BOUND('',#1221,.T.);
#1221 = EDGE_LOOP('',(#1222,#1250,#1283,#1309));
#1222 = ORIENTED_EDGE('',*,*,#1223,.T.);
#1223 = EDGE_CURVE('',#1224,#1226,#1228,.T.);
#1224 = VERTEX_POINT('',#1225);
#1225 = CARTESIAN_POINT('',(46.4,28.,10.));
#1226 = VERTEX_POINT('',#1227);
#1227 = CARTESIAN_POINT('',(46.4,24.081666528903,10.));
#1228 = SURFACE_CURVE('',#1229,(#1233,#1239),.PCURVE_S1.);
#1229 = LINE('',#1230,#1231);
#1230 = CARTESIAN_POINT('',(46.4,-25.,10.));
#1231 = VECTOR('',#1232,1.);
#1232 = DIRECTION('',(0.,-1.,0.));
#1233 = PCURVE('',#44,#1234);
#1234 = DEFINITIONAL_REPRESENTATION('',(#1235),#1238);
#1235 = B_SPLINE_CURVE_WITH_KNOTS('',1,(#1236,#1237),.UNSPECIFIED.,.F.,
  .F.,(2,2),(-53.,-49.0816665289),.PIECEWISE_BEZIER_KNOTS.);
#1236 = CARTESIAN_POINT('',(110.4,92.));
#1237 = CARTESIAN_POINT('',(110.4,88.081666528903));
#1238 = ( GEOMETRIC_REPRESENTATION_CONTEXT(2) 
PARAMETRIC_REPRESENTATION_CONTEXT() REPRESENTATION_CONTEXT('2D SPACE',''
  ) );
#1239 = PCURVE('',#1240,#1245);
#1240 = PLANE('',#1241);
#1241 = AXIS2_PLACEMENT_3D('',#1242,#1243,#1244);
#1242 = CARTESIAN_POINT('',(46.4,14.,-1.));
#1243 = DIRECTION('',(-1.,0.,0.));
#1244 = DIRECTION('',(0.,1.,0.));
#1245 = DEFINITIONAL_REPRESENTATION('',(#1246),#1249);
#1246 = B_SPLINE_CURVE_WITH_KNOTS('',1,(#1247,#1248),.UNSPECIFIED.,.F.,
  .F.,(2,2),(-53.,-49.0816665289),.PIECEWISE_BEZIER_KNOTS.);
#1247 = CARTESIAN_POINT('',(14.,-11.));
#1248 = CARTESIAN_POINT('',(10.081666528903,-11.));
#1249 = ( GEOMETRIC_REPRESENTATION_CONTEXT(2) 
PARAMETRIC_REPRESENTATION_CONTEXT() REPRESENTATION_CONTEXT('2D SPACE',''
  ) );
#1250 = ORIENTED_EDGE('',*,*,#1251,.T.);
#1251 = EDGE_CURVE('',#1226,#1252,#1254,.T.);
#1252 = VERTEX_POINT('',#1253);
#1253 = CARTESIAN_POINT('',(37.6,24.081666528903,10.));
#1254 = SURFACE_CURVE('',#1255,(#1260,#1271),.PCURVE_S1.);
#1255 = CIRCLE('',#1256,11.);
#1256 = AXIS2_PLACEMENT_3D('',#1257,#1258,#1259);
#1257 = CARTESIAN_POINT('',(42.,14.,10.));
#1258 = DIRECTION('',(0.,0.,-1.));
#1259 = DIRECTION('',(1.,0.,0.));
#1260 = PCURVE('',#44,#1261);
#1261 = DEFINITIONAL_REPRESENTATION('',(#1262),#1270);
#1262 = ( BOUNDED_CURVE() B_SPLINE_CURVE(2,(#1263,#1264,#1265,#1266,
#1267,#1268,#1269),.UNSPECIFIED.,.T.,.F.) B_SPLINE_CURVE_WITH_KNOTS((1,2
    ,2,2,2,1),(-2.094395102393,0.,2.094395102393,4.188790204786,
6.28318530718,8.377580409573),.UNSPECIFIED.) CURVE() 
GEOMETRIC_REPRESENTATION_ITEM() RATIONAL_B_SPLINE_CURVE((1.,0.5,1.,0.5,
1.,0.5,1.)) REPRESENTATION_ITEM('') );
#1263 = CARTESIAN_POINT('',(117.,78.));
#1264 = CARTESIAN_POINT('',(117.,58.947441116742));
#1265 = CARTESIAN_POINT('',(100.5,68.473720558371));
#1266 = CARTESIAN_POINT('',(84.,78.));
#1267 = CARTESIAN_POINT('',(100.5,87.526279441629));
#1268 = CARTESIAN_POINT('',(117.,97.052558883258));
#1269 = CARTESIAN_POINT('',(117.,78.));
#1270 = ( GEOMETRIC_REPRESENTATION_CONTEXT(2) 
PARAMETRIC_REPRESENTATION_CONTEXT() REPRESENTATION_CONTEXT('2D SPACE',''
  ) );
#1271 = PCURVE('',#1272,#1277);
#1272 = CYLINDRICAL_SURFACE('',#1273,11.);
#1273 = AXIS2_PLACEMENT_3D('',#1274,#1275,#1276);
#1274 = CARTESIAN_POINT('',(42.,14.,-1.));
#1275 = DIRECTION('',(-0.,-0.,-1.));
#1276 = DIRECTION('',(1.,0.,0.));
#1277 = DEFINITIONAL_REPRESENTATION('',(#1278),#1282);
#1278 = LINE('',#1279,#1280);
#1279 = CARTESIAN_POINT('',(-12.56637061435,-11.));
#1280 = VECTOR('',#1281,1.);
#1281 = DIRECTION('',(1.,-0.));
#1282 = ( GEOMETRIC_REPRESENTATION_CONTEXT(2) 
PARAMETRIC_REPRESENTATION_CONTEXT() REPRESENTATION_CONTEXT('2D SPACE',''
  ) );
#1283 = ORIENTED_EDGE('',*,*,#1284,.T.);
#1284 = EDGE_CURVE('',#1252,#1285,#1287,.T.);
#1285 = VERTEX_POINT('',#1286);
#1286 = CARTESIAN_POINT('',(37.6,28.,10.));
#1287 = SURFACE_CURVE('',#1288,(#1292,#1298),.PCURVE_S1.);
#1288 = LINE('',#1289,#1290);
#1289 = CARTESIAN_POINT('',(37.6,-18.,10.));
#1290 = VECTOR('',#1291,1.);
#1291 = DIRECTION('',(-0.,1.,0.));
#1292 = PCURVE('',#44,#1293);
#1293 = DEFINITIONAL_REPRESENTATION('',(#1294),#1297);
#1294 = B_SPLINE_CURVE_WITH_KNOTS('',1,(#1295,#1296),.UNSPECIFIED.,.F.,
  .F.,(2,2),(42.081666528903,46.),.PIECEWISE_BEZIER_KNOTS.);
#1295 = CARTESIAN_POINT('',(101.6,88.081666528903));
#1296 = CARTESIAN_POINT('',(101.6,92.));
#1297 = ( GEOMETRIC_REPRESENTATION_CONTEXT(2) 
PARAMETRIC_REPRESENTATION_CONTEXT() REPRESENTATION_CONTEXT('2D SPACE',''
  ) );
#1298 = PCURVE('',#1299,#1304);
#1299 = PLANE('',#1300);
#1300 = AXIS2_PLACEMENT_3D('',#1301,#1302,#1303);
#1301 = CARTESIAN_POINT('',(37.6,28.,-1.));
#1302 = DIRECTION('',(1.,0.,-0.));
#1303 = DIRECTION('',(0.,-1.,0.));
#1304 = DEFINITIONAL_REPRESENTATION('',(#1305),#1308);
#1305 = B_SPLINE_CURVE_WITH_KNOTS('',1,(#1306,#1307),.UNSPECIFIED.,.F.,
  .F.,(2,2),(42.081666528903,46.),.PIECEWISE_BEZIER_KNOTS.);
#1306 = CARTESIAN_POINT('',(3.918333471097,-11.));
#1307 = CARTESIAN_POINT('',(0.,-11.));
#1308 = ( GEOMETRIC_REPRESENTATION_CONTEXT(2) 
PARAMETRIC_REPRESENTATION_CONTEXT() REPRESENTATION_CONTEXT('2D SPACE',''
  ) );
#1309 = ORIENTED_EDGE('',*,*,#1310,.T.);
#1310 = EDGE_CURVE('',#1285,#1224,#1311,.T.);
#1311 = SURFACE_CURVE('',#1312,(#1317,#1328),.PCURVE_S1.);
#1312 = CIRCLE('',#1313,4.4);
#1313 = AXIS2_PLACEMENT_3D('',#1314,#1315,#1316);
#1314 = CARTESIAN_POINT('',(42.,28.,10.));
#1315 = DIRECTION('',(0.,0.,-1.));
#1316 = DIRECTION('',(1.,0.,0.));
#1317 = PCURVE('',#44,#1318);
#1318 = DEFINITIONAL_REPRESENTATION('',(#1319),#1327);
#1319 = ( BOUNDED_CURVE() B_SPLINE_CURVE(2,(#1320,#1321,#1322,#1323,
#1324,#1325,#1326),.UNSPECIFIED.,.T.,.F.) B_SPLINE_CURVE_WITH_KNOTS((1,2
    ,2,2,2,1),(-2.094395102393,0.,2.094395102393,4.188790204786,
6.28318530718,8.377580409573),.UNSPECIFIED.) CURVE() 
GEOMETRIC_REPRESENTATION_ITEM() RATIONAL_B_SPLINE_CURVE((1.,0.5,1.,0.5,
1.,0.5,1.)) REPRESENTATION_ITEM('') );
#1320 = CARTESIAN_POINT('',(110.4,92.));
#1321 = CARTESIAN_POINT('',(110.4,84.378976446697));
#1322 = CARTESIAN_POINT('',(103.8,88.189488223348));
#1323 = CARTESIAN_POINT('',(97.2,92.));
#1324 = CARTESIAN_POINT('',(103.8,95.810511776652));
#1325 = CARTESIAN_POINT('',(110.4,99.621023553303));
#1326 = CARTESIAN_POINT('',(110.4,92.));
#1327 = ( GEOMETRIC_REPRESENTATION_CONTEXT(2) 
PARAMETRIC_REPRESENTATION_CONTEXT() REPRESENTATION_CONTEXT('2D SPACE',''
  ) );
#1328 = PCURVE('',#1329,#1334);
#1329 = CYLINDRICAL_SURFACE('',#1330,4.4);
#1330 = AXIS2_PLACEMENT_3D('',#1331,#1332,#1333);
#1331 = CARTESIAN_POINT('',(42.,28.,-1.));
#1332 = DIRECTION('',(-0.,-0.,-1.));
#1333 = DIRECTION('',(1.,0.,0.));
#1334 = DEFINITIONAL_REPRESENTATION('',(#1335),#1339);
#1335 = LINE('',#1336,#1337);
#1336 = CARTESIAN_POINT('',(-6.28318530718,-11.));
#1337 = VECTOR('',#1338,1.);
#1338 = DIRECTION('',(1.,-0.));
#1339 = ( GEOMETRIC_REPRESENTATION_CONTEXT(2) 
PARAMETRIC_REPRESENTATION_CONTEXT() REPRESENTATION_CONTEXT('2D SPACE',''
  ) );
#1340 = FACE_BOUND('',#1341,.T.);
#1341 = EDGE_LOOP('',(#1342));
#1342 = ORIENTED_EDGE('',*,*,#1343,.T.);
#1343 = EDGE_CURVE('',#1344,#1344,#1346,.T.);
#1344 = VERTEX_POINT('',#1345);
#1345 = CARTESIAN_POINT('',(59.,50.,10.));
#1346 = SURFACE_CURVE('',#1347,(#1352,#1363),.PCURVE_S1.);
#1347 = CIRCLE('',#1348,9.);
#1348 = AXIS2_PLACEMENT_3D('',#1349,#1350,#1351);
#1349 = CARTESIAN_POINT('',(50.,50.,10.));
#1350 = DIRECTION('',(0.,0.,-1.));
#1351 = DIRECTION('',(1.,0.,0.));
#1352 = PCURVE('',#44,#1353);
#1353 = DEFINITIONAL_REPRESENTATION('',(#1354),#1362);
#1354 = ( BOUNDED_CURVE() B_SPLINE_CURVE(2,(#1355,#1356,#1357,#1358,
#1359,#1360,#1361),.UNSPECIFIED.,.T.,.F.) B_SPLINE_CURVE_WITH_KNOTS((1,2
    ,2,2,2,1),(-2.094395102393,0.,2.094395102393,4.188790204786,
6.28318530718,8.377580409573),.UNSPECIFIED.) CURVE() 
GEOMETRIC_REPRESENTATION_ITEM() RATIONAL_B_SPLINE_CURVE((1.,0.5,1.,0.5,
1.,0.5,1.)) REPRESENTATION_ITEM('') );
#1355 = CARTESIAN_POINT('',(123.,114.));
#1356 = CARTESIAN_POINT('',(123.,98.41154273188));
#1357 = CARTESIAN_POINT('',(109.5,106.20577136594));
#1358 = CARTESIAN_POINT('',(96.,114.));
#1359 = CARTESIAN_POINT('',(109.5,121.79422863406));
#1360 = CARTESIAN_POINT('',(123.,129.58845726812));
#1361 = CARTESIAN_POINT('',(123.,114.));
#1362 = ( GEOMETRIC_REPRESENTATION_CONTEXT(2) 
PARAMETRIC_REPRESENTATION_CONTEXT() REPRESENTATION_CONTEXT('2D SPACE',''
  ) );
#1363 = PCURVE('',#1364,#1369);
#1364 = CYLINDRICAL_SURFACE('',#1365,9.);
#1365 = AXIS2_PLACEMENT_3D('',#1366,#1367,#1368);
#1366 = CARTESIAN_POINT('',(50.,50.,0.));
#1367 = DIRECTION('',(-0.,-0.,-1.));
#1368 = DIRECTION('',(1.,0.,0.));
#1369 = DEFINITIONAL_REPRESENTATION('',(#1370),#1374);
#1370 = LINE('',#1371,#1372);
#1371 = CARTESIAN_POINT('',(-6.28318530718,-10.));
#1372 = VECTOR('',#1373,1.);
#1373 = DIRECTION('',(1.,-0.));
#1374 = ( GEOMETRIC_REPRESENTATION_CONTEXT(2) 
PARAMETRIC_REPRESENTATION_CONTEXT() REPRESENTATION_CONTEXT('2D SPACE',''
  ) );
#1375 = ADVANCED_FACE('',(#1376),#72,.T.);
#1376 = FACE_BOUND('',#1377,.T.);
#1377 = EDGE_LOOP('',(#1378,#1402,#1423,#1424));
#1378 = ORIENTED_EDGE('',*,*,#1379,.T.);
#1379 = EDGE_CURVE('',#57,#1380,#1382,.T.);
#1380 = VERTEX_POINT('',#1381);
#1381 = CARTESIAN_POINT('',(-59.,-64.,0.));
#1382 = SURFACE_CURVE('',#1383,(#1388,#1395),.PCURVE_S1.);
#1383 = CIRCLE('',#1384,5.);
#1384 = AXIS2_PLACEMENT_3D('',#1385,#1386,#1387);
#1385 = CARTESIAN_POINT('',(-59.,-59.,0.));
#1386 = DIRECTION('',(0.,0.,1.));
#1387 = DIRECTION('',(0.,-1.,0.));
#1388 = PCURVE('',#72,#1389);
#1389 = DEFINITIONAL_REPRESENTATION('',(#1390),#1394);
#1390 = LINE('',#1391,#1392);
#1391 = CARTESIAN_POINT('',(-4.712388980385,0.));
#1392 = VECTOR('',#1393,1.);
#1393 = DIRECTION('',(1.,0.));
#1394 = ( GEOMETRIC_REPRESENTATION_CONTEXT(2) 
PARAMETRIC_REPRESENTATION_CONTEXT() REPRESENTATION_CONTEXT('2D SPACE',''
  ) );
#1395 = PCURVE('',#100,#1396);
#1396 = DEFINITIONAL_REPRESENTATION('',(#1397),#1401);
#1397 = CIRCLE('',#1398,5.);
#1398 = AXIS2_PLACEMENT_2D('',#1399,#1400);
#1399 = CARTESIAN_POINT('',(5.,5.));
#1400 = DIRECTION('',(0.,-1.));
#1401 = ( GEOMETRIC_REPRESENTATION_CONTEXT(2) 
PARAMETRIC_REPRESENTATION_CONTEXT() REPRESENTATION_CONTEXT('2D SPACE',''
  ) );
#1402 = ORIENTED_EDGE('',*,*,#1403,.T.);
#1403 = EDGE_CURVE('',#1380,#143,#1404,.T.);
#1404 = SURFACE_CURVE('',#1405,(#1409,#1416),.PCURVE_S1.);
#1405 = LINE('',#1406,#1407);
#1406 = CARTESIAN_POINT('',(-59.,-64.,0.));
#1407 = VECTOR('',#1408,1.);
#1408 = DIRECTION('',(0.,0.,1.));
#1409 = PCURVE('',#72,#1410);
#1410 = DEFINITIONAL_REPRESENTATION('',(#1411),#1415);
#1411 = LINE('',#1412,#1413);
#1412 = CARTESIAN_POINT('',(1.570796326795,0.));
#1413 = VECTOR('',#1414,1.);
#1414 = DIRECTION('',(0.,1.));
#1415 = ( GEOMETRIC_REPRESENTATION_CONTEXT(2) 
PARAMETRIC_REPRESENTATION_CONTEXT() REPRESENTATION_CONTEXT('2D SPACE',''
  ) );
#1416 = PCURVE('',#182,#1417);
#1417 = DEFINITIONAL_REPRESENTATION('',(#1418),#1422);
#1418 = LINE('',#1419,#1420);
#1419 = CARTESIAN_POINT('',(0.,5.));
#1420 = VECTOR('',#1421,1.);
#1421 = DIRECTION('',(1.,0.));
#1422 = ( GEOMETRIC_REPRESENTATION_CONTEXT(2) 
PARAMETRIC_REPRESENTATION_CONTEXT() REPRESENTATION_CONTEXT('2D SPACE',''
  ) );
#1423 = ORIENTED_EDGE('',*,*,#142,.F.);
#1424 = ORIENTED_EDGE('',*,*,#56,.F.);
#1425 = ADVANCED_FACE('',(#1426),#126,.T.);
#1426 = FACE_BOUND('',#1427,.F.);
#1427 = EDGE_LOOP('',(#1428,#1456,#1477,#1478));
#1428 = ORIENTED_EDGE('',*,*,#1429,.T.);
#1429 = EDGE_CURVE('',#85,#1430,#1432,.T.);
#1430 = VERTEX_POINT('',#1431);
#1431 = CARTESIAN_POINT('',(-59.,64.,0.));
#1432 = SURFACE_CURVE('',#1433,(#1438,#1445),.PCURVE_S1.);
#1433 = CIRCLE('',#1434,5.);
#1434 = AXIS2_PLACEMENT_3D('',#1435,#1436,#1437);
#1435 = CARTESIAN_POINT('',(-59.,59.,0.));
#1436 = DIRECTION('',(-0.,-0.,-1.));
#1437 = DIRECTION('',(0.,-1.,0.));
#1438 = PCURVE('',#126,#1439);
#1439 = DEFINITIONAL_REPRESENTATION('',(#1440),#1444);
#1440 = LINE('',#1441,#1442);
#1441 = CARTESIAN_POINT('',(1.570796326795,-0.));
#1442 = VECTOR('',#1443,1.);
#1443 = DIRECTION('',(-1.,0.));
#1444 = ( GEOMETRIC_REPRESENTATION_CONTEXT(2) 
PARAMETRIC_REPRESENTATION_CONTEXT() REPRESENTATION_CONTEXT('2D SPACE',''
  ) );
#1445 = PCURVE('',#100,#1446);
#1446 = DEFINITIONAL_REPRESENTATION('',(#1447),#1455);
#1447 = ( BOUNDED_CURVE() B_SPLINE_CURVE(2,(#1448,#1449,#1450,#1451,
#1452,#1453,#1454),.UNSPECIFIED.,.T.,.F.) B_SPLINE_CURVE_WITH_KNOTS((1,2
    ,2,2,2,1),(-2.094395102393,0.,2.094395102393,4.188790204786,
6.28318530718,8.377580409573),.UNSPECIFIED.) CURVE() 
GEOMETRIC_REPRESENTATION_ITEM() RATIONAL_B_SPLINE_CURVE((1.,0.5,1.,0.5,
1.,0.5,1.)) REPRESENTATION_ITEM('') );
#1448 = CARTESIAN_POINT('',(5.,118.));
#1449 = CARTESIAN_POINT('',(-3.660254037844,118.));
#1450 = CARTESIAN_POINT('',(0.669872981078,125.5));
#1451 = CARTESIAN_POINT('',(5.,133.));
#1452 = CARTESIAN_POINT('',(9.330127018922,125.5));
#1453 = CARTESIAN_POINT('',(13.660254037844,118.));
#1454 = CARTESIAN_POINT('',(5.,118.));
#1455 = ( GEOMETRIC_REPRESENTATION_CONTEXT(2) 
PARAMETRIC_REPRESENTATION_CONTEXT() REPRESENTATION_CONTEXT('2D SPACE',''
  ) );
#1456 = ORIENTED_EDGE('',*,*,#1457,.T.);
#1457 = EDGE_CURVE('',#1430,#391,#1458,.T.);
#1458 = SURFACE_CURVE('',#1459,(#1463,#1470),.PCURVE_S1.);
#1459 = LINE('',#1460,#1461);
#1460 = CARTESIAN_POINT('',(-59.,64.,0.));
#1461 = VECTOR('',#1462,1.);
#1462 = DIRECTION('',(0.,0.,1.));
#1463 = PCURVE('',#126,#1464);
#1464 = DEFINITIONAL_REPRESENTATION('',(#1465),#1469);
#1465 = LINE('',#1466,#1467);
#1466 = CARTESIAN_POINT('',(-1.570796326795,0.));
#1467 = VECTOR('',#1468,1.);
#1468 = DIRECTION('',(-0.,1.));
#1469 = ( GEOMETRIC_REPRESENTATION_CONTEXT(2) 
PARAMETRIC_REPRESENTATION_CONTEXT() REPRESENTATION_CONTEXT('2D SPACE',''
  ) );
#1470 = PCURVE('',#406,#1471);
#1471 = DEFINITIONAL_REPRESENTATION('',(#1472),#1476);
#1472 = LINE('',#1473,#1474);
#1473 = CARTESIAN_POINT('',(0.,5.));
#1474 = VECTOR('',#1475,1.);
#1475 = DIRECTION('',(1.,0.));
#1476 = ( GEOMETRIC_REPRESENTATION_CONTEXT(2) 
PARAMETRIC_REPRESENTATION_CONTEXT() REPRESENTATION_CONTEXT('2D SPACE',''
  ) );
#1477 = ORIENTED_EDGE('',*,*,#418,.F.);
#1478 = ORIENTED_EDGE('',*,*,#112,.F.);
#1479 = ADVANCED_FACE('',(#1480,#1690,#1851,#2180,#2280,#2315,#2501,
    #2601),#100,.F.);
#1480 = FACE_BOUND('',#1481,.F.);
#1481 = EDGE_LOOP('',(#1482,#1483,#1484,#1507,#1528,#1549,#1570,#1593,
    #1621,#1644,#1668,#1689));
#1482 = ORIENTED_EDGE('',*,*,#84,.F.);
#1483 = ORIENTED_EDGE('',*,*,#1379,.T.);
#1484 = ORIENTED_EDGE('',*,*,#1485,.T.);
#1485 = EDGE_CURVE('',#1380,#1486,#1488,.T.);
#1486 = VERTEX_POINT('',#1487);
#1487 = CARTESIAN_POINT('',(-28.,-64.,0.));
#1488 = SURFACE_CURVE('',#1489,(#1493,#1500),.PCURVE_S1.);
#1489 = LINE('',#1490,#1491);
#1490 = CARTESIAN_POINT('',(-64.,-64.,0.));
#1491 = VECTOR('',#1492,1.);
#1492 = DIRECTION('',(1.,0.,0.));
#1493 = PCURVE('',#100,#1494);
#1494 = DEFINITIONAL_REPRESENTATION('',(#1495),#1499);
#1495 = LINE('',#1496,#1497);
#1496 = CARTESIAN_POINT('',(0.,0.));
#1497 = VECTOR('',#1498,1.);
#1498 = DIRECTION('',(1.,0.));
#1499 = ( GEOMETRIC_REPRESENTATION_CONTEXT(2) 
PARAMETRIC_REPRESENTATION_CONTEXT() REPRESENTATION_CONTEXT('2D SPACE',''
  ) );
#1500 = PCURVE('',#182,#1501);
#1501 = DEFINITIONAL_REPRESENTATION('',(#1502),#1506);
#1502 = LINE('',#1503,#1504);
#1503 = CARTESIAN_POINT('',(0.,0.));
#1504 = VECTOR('',#1505,1.);
#1505 = DIRECTION('',(0.,1.));
#1506 = ( GEOMETRIC_REPRESENTATION_CONTEXT(2) 
PARAMETRIC_REPRESENTATION_CONTEXT() REPRESENTATION_CONTEXT('2D SPACE',''
  ) );
#1507 = ORIENTED_EDGE('',*,*,#1508,.T.);
#1508 = EDGE_CURVE('',#1486,#1509,#1511,.T.);
#1509 = VERTEX_POINT('',#1510);
#1510 = CARTESIAN_POINT('',(-28.,-34.,0.));
#1511 = SURFACE_CURVE('',#1512,(#1516,#1522),.PCURVE_S1.);
#1512 = LINE('',#1513,#1514);
#1513 = CARTESIAN_POINT('',(-28.,-49.,0.));
#1514 = VECTOR('',#1515,1.);
#1515 = DIRECTION('',(-0.,1.,0.));
#1516 = PCURVE('',#100,#1517);
#1517 = DEFINITIONAL_REPRESENTATION('',(#1518),#1521);
#1518 = B_SPLINE_CURVE_WITH_KNOTS('',1,(#1519,#1520),.UNSPECIFIED.,.F.,
  .F.,(2,2),(-15.,15.),.PIECEWISE_BEZIER_KNOTS.);
#1519 = CARTESIAN_POINT('',(36.,0.));
#1520 = CARTESIAN_POINT('',(36.,30.));
#1521 = ( GEOMETRIC_REPRESENTATION_CONTEXT(2) 
PARAMETRIC_REPRESENTATION_CONTEXT() REPRESENTATION_CONTEXT('2D SPACE',''
  ) );
#1522 = PCURVE('',#209,#1523);
#1523 = DEFINITIONAL_REPRESENTATION('',(#1524),#1527);
#1524 = B_SPLINE_CURVE_WITH_KNOTS('',1,(#1525,#1526),.UNSPECIFIED.,.F.,
  .F.,(2,2),(-15.,15.),.PIECEWISE_BEZIER_KNOTS.);
#1525 = CARTESIAN_POINT('',(30.,-1.));
#1526 = CARTESIAN_POINT('',(0.,-1.));
#1527 = ( GEOMETRIC_REPRESENTATION_CONTEXT(2) 
PARAMETRIC_REPRESENTATION_CONTEXT() REPRESENTATION_CONTEXT('2D SPACE',''
  ) );
#1528 = ORIENTED_EDGE('',*,*,#1529,.T.);
#1529 = EDGE_CURVE('',#1509,#1530,#1532,.T.);
#1530 = VERTEX_POINT('',#1531);
#1531 = CARTESIAN_POINT('',(28.,-34.,0.));
#1532 = SURFACE_CURVE('',#1533,(#1537,#1543),.PCURVE_S1.);
#1533 = LINE('',#1534,#1535);
#1534 = CARTESIAN_POINT('',(-18.,-34.,0.));
#1535 = VECTOR('',#1536,1.);
#1536 = DIRECTION('',(1.,0.,-0.));
#1537 = PCURVE('',#100,#1538);
#1538 = DEFINITIONAL_REPRESENTATION('',(#1539),#1542);
#1539 = B_SPLINE_CURVE_WITH_KNOTS('',1,(#1540,#1541),.UNSPECIFIED.,.F.,
  .F.,(2,2),(-10.,46.),.PIECEWISE_BEZIER_KNOTS.);
#1540 = CARTESIAN_POINT('',(36.,30.));
#1541 = CARTESIAN_POINT('',(92.,30.));
#1542 = ( GEOMETRIC_REPRESENTATION_CONTEXT(2) 
PARAMETRIC_REPRESENTATION_CONTEXT() REPRESENTATION_CONTEXT('2D SPACE',''
  ) );
#1543 = PCURVE('',#235,#1544);
#1544 = DEFINITIONAL_REPRESENTATION('',(#1545),#1548);
#1545 = B_SPLINE_CURVE_WITH_KNOTS('',1,(#1546,#1547),.UNSPECIFIED.,.F.,
  .F.,(2,2),(-10.,46.),.PIECEWISE_BEZIER_KNOTS.);
#1546 = CARTESIAN_POINT('',(56.,-1.));
#1547 = CARTESIAN_POINT('',(0.,-1.));
#1548 = ( GEOMETRIC_REPRESENTATION_CONTEXT(2) 
PARAMETRIC_REPRESENTATION_CONTEXT() REPRESENTATION_CONTEXT('2D SPACE',''
  ) );
#1549 = ORIENTED_EDGE('',*,*,#1550,.T.);
#1550 = EDGE_CURVE('',#1530,#1551,#1553,.T.);
#1551 = VERTEX_POINT('',#1552);
#1552 = CARTESIAN_POINT('',(28.,-64.,0.));
#1553 = SURFACE_CURVE('',#1554,(#1558,#1564),.PCURVE_S1.);
#1554 = LINE('',#1555,#1556);
#1555 = CARTESIAN_POINT('',(28.,-64.,0.));
#1556 = VECTOR('',#1557,1.);
#1557 = DIRECTION('',(0.,-1.,0.));
#1558 = PCURVE('',#100,#1559);
#1559 = DEFINITIONAL_REPRESENTATION('',(#1560),#1563);
#1560 = B_SPLINE_CURVE_WITH_KNOTS('',1,(#1561,#1562),.UNSPECIFIED.,.F.,
  .F.,(2,2),(-30.,0.),.PIECEWISE_BEZIER_KNOTS.);
#1561 = CARTESIAN_POINT('',(92.,30.));
#1562 = CARTESIAN_POINT('',(92.,0.));
#1563 = ( GEOMETRIC_REPRESENTATION_CONTEXT(2) 
PARAMETRIC_REPRESENTATION_CONTEXT() REPRESENTATION_CONTEXT('2D SPACE',''
  ) );
#1564 = PCURVE('',#261,#1565);
#1565 = DEFINITIONAL_REPRESENTATION('',(#1566),#1569);
#1566 = B_SPLINE_CURVE_WITH_KNOTS('',1,(#1567,#1568),.UNSPECIFIED.,.F.,
  .F.,(2,2),(-30.,0.),.PIECEWISE_BEZIER_KNOTS.);
#1567 = CARTESIAN_POINT('',(30.,-1.));
#1568 = CARTESIAN_POINT('',(0.,-1.));
#1569 = ( GEOMETRIC_REPRESENTATION_CONTEXT(2) 
PARAMETRIC_REPRESENTATION_CONTEXT() REPRESENTATION_CONTEXT('2D SPACE',''
  ) );
#1570 = ORIENTED_EDGE('',*,*,#1571,.T.);
#1571 = EDGE_CURVE('',#1551,#1572,#1574,.T.);
#1572 = VERTEX_POINT('',#1573);
#1573 = CARTESIAN_POINT('',(59.,-64.,0.));
#1574 = SURFACE_CURVE('',#1575,(#1579,#1586),.PCURVE_S1.);
#1575 = LINE('',#1576,#1577);
#1576 = CARTESIAN_POINT('',(-64.,-64.,0.));
#1577 = VECTOR('',#1578,1.);
#1578 = DIRECTION('',(1.,0.,0.));
#1579 = PCURVE('',#100,#1580);
#1580 = DEFINITIONAL_REPRESENTATION('',(#1581),#1585);
#1581 = LINE('',#1582,#1583);
#1582 = CARTESIAN_POINT('',(0.,0.));
#1583 = VECTOR('',#1584,1.);
#1584 = DIRECTION('',(1.,0.));
#1585 = ( GEOMETRIC_REPRESENTATION_CONTEXT(2) 
PARAMETRIC_REPRESENTATION_CONTEXT() REPRESENTATION_CONTEXT('2D SPACE',''
  ) );
#1586 = PCURVE('',#288,#1587);
#1587 = DEFINITIONAL_REPRESENTATION('',(#1588),#1592);
#1588 = LINE('',#1589,#1590);
#1589 = CARTESIAN_POINT('',(0.,0.));
#1590 = VECTOR('',#1591,1.);
#1591 = DIRECTION('',(0.,1.));
#1592 = ( GEOMETRIC_REPRESENTATION_CONTEXT(2) 
PARAMETRIC_REPRESENTATION_CONTEXT() REPRESENTATION_CONTEXT('2D SPACE',''
  ) );
#1593 = ORIENTED_EDGE('',*,*,#1594,.F.);
#1594 = EDGE_CURVE('',#1595,#1572,#1597,.T.);
#1595 = VERTEX_POINT('',#1596);
#1596 = CARTESIAN_POINT('',(64.,-59.,0.));
#1597 = SURFACE_CURVE('',#1598,(#1603,#1614),.PCURVE_S1.);
#1598 = CIRCLE('',#1599,5.);
#1599 = AXIS2_PLACEMENT_3D('',#1600,#1601,#1602);
#1600 = CARTESIAN_POINT('',(59.,-59.,0.));
#1601 = DIRECTION('',(-0.,-0.,-1.));
#1602 = DIRECTION('',(0.,-1.,0.));
#1603 = PCURVE('',#100,#1604);
#1604 = DEFINITIONAL_REPRESENTATION('',(#1605),#1613);
#1605 = ( BOUNDED_CURVE() B_SPLINE_CURVE(2,(#1606,#1607,#1608,#1609,
#1610,#1611,#1612),.UNSPECIFIED.,.T.,.F.) B_SPLINE_CURVE_WITH_KNOTS((1,2
    ,2,2,2,1),(-2.094395102393,0.,2.094395102393,4.188790204786,
6.28318530718,8.377580409573),.UNSPECIFIED.) CURVE() 
GEOMETRIC_REPRESENTATION_ITEM() RATIONAL_B_SPLINE_CURVE((1.,0.5,1.,0.5,
1.,0.5,1.)) REPRESENTATION_ITEM('') );
#1606 = CARTESIAN_POINT('',(123.,0.));
#1607 = CARTESIAN_POINT('',(114.33974596215,0.));
#1608 = CARTESIAN_POINT('',(118.66987298107,7.5));
#1609 = CARTESIAN_POINT('',(123.,15.));
#1610 = CARTESIAN_POINT('',(127.33012701892,7.5));
#1611 = CARTESIAN_POINT('',(131.66025403784,7.993605777301E-15));
#1612 = CARTESIAN_POINT('',(123.,0.));
#1613 = ( GEOMETRIC_REPRESENTATION_CONTEXT(2) 
PARAMETRIC_REPRESENTATION_CONTEXT() REPRESENTATION_CONTEXT('2D SPACE',''
  ) );
#1614 = PCURVE('',#321,#1615);
#1615 = DEFINITIONAL_REPRESENTATION('',(#1616),#1620);
#1616 = LINE('',#1617,#1618);
#1617 = CARTESIAN_POINT('',(4.712388980385,-0.));
#1618 = VECTOR('',#1619,1.);
#1619 = DIRECTION('',(-1.,0.));
#1620 = ( GEOMETRIC_REPRESENTATION_CONTEXT(2) 
PARAMETRIC_REPRESENTATION_CONTEXT() REPRESENTATION_CONTEXT('2D SPACE',''
  ) );
#1621 = ORIENTED_EDGE('',*,*,#1622,.T.);
#1622 = EDGE_CURVE('',#1595,#1623,#1625,.T.);
#1623 = VERTEX_POINT('',#1624);
#1624 = CARTESIAN_POINT('',(64.,59.,0.));
#1625 = SURFACE_CURVE('',#1626,(#1630,#1637),.PCURVE_S1.);
#1626 = LINE('',#1627,#1628);
#1627 = CARTESIAN_POINT('',(64.,-64.,0.));
#1628 = VECTOR('',#1629,1.);
#1629 = DIRECTION('',(0.,1.,0.));
#1630 = PCURVE('',#100,#1631);
#1631 = DEFINITIONAL_REPRESENTATION('',(#1632),#1636);
#1632 = LINE('',#1633,#1634);
#1633 = CARTESIAN_POINT('',(128.,0.));
#1634 = VECTOR('',#1635,1.);
#1635 = DIRECTION('',(0.,1.));
#1636 = ( GEOMETRIC_REPRESENTATION_CONTEXT(2) 
PARAMETRIC_REPRESENTATION_CONTEXT() REPRESENTATION_CONTEXT('2D SPACE',''
  ) );
#1637 = PCURVE('',#349,#1638);
#1638 = DEFINITIONAL_REPRESENTATION('',(#1639),#1643);
#1639 = LINE('',#1640,#1641);
#1640 = CARTESIAN_POINT('',(0.,0.));
#1641 = VECTOR('',#1642,1.);
#1642 = DIRECTION('',(0.,-1.));
#1643 = ( GEOMETRIC_REPRESENTATION_CONTEXT(2) 
PARAMETRIC_REPRESENTATION_CONTEXT() REPRESENTATION_CONTEXT('2D SPACE',''
  ) );
#1644 = ORIENTED_EDGE('',*,*,#1645,.T.);
#1645 = EDGE_CURVE('',#1623,#1646,#1648,.T.);
#1646 = VERTEX_POINT('',#1647);
#1647 = CARTESIAN_POINT('',(59.,64.,0.));
#1648 = SURFACE_CURVE('',#1649,(#1654,#1661),.PCURVE_S1.);
#1649 = CIRCLE('',#1650,5.);
#1650 = AXIS2_PLACEMENT_3D('',#1651,#1652,#1653);
#1651 = CARTESIAN_POINT('',(59.,59.,0.));
#1652 = DIRECTION('',(0.,0.,1.));
#1653 = DIRECTION('',(0.,-1.,0.));
#1654 = PCURVE('',#100,#1655);
#1655 = DEFINITIONAL_REPRESENTATION('',(#1656),#1660);
#1656 = CIRCLE('',#1657,5.);
#1657 = AXIS2_PLACEMENT_2D('',#1658,#1659);
#1658 = CARTESIAN_POINT('',(123.,123.));
#1659 = DIRECTION('',(0.,-1.));
#1660 = ( GEOMETRIC_REPRESENTATION_CONTEXT(2) 
PARAMETRIC_REPRESENTATION_CONTEXT() REPRESENTATION_CONTEXT('2D SPACE',''
  ) );
#1661 = PCURVE('',#378,#1662);
#1662 = DEFINITIONAL_REPRESENTATION('',(#1663),#1667);
#1663 = LINE('',#1664,#1665);
#1664 = CARTESIAN_POINT('',(-1.570796326795,0.));
#1665 = VECTOR('',#1666,1.);
#1666 = DIRECTION('',(1.,0.));
#1667 = ( GEOMETRIC_REPRESENTATION_CONTEXT(2) 
PARAMETRIC_REPRESENTATION_CONTEXT() REPRESENTATION_CONTEXT('2D SPACE',''
  ) );
#1668 = ORIENTED_EDGE('',*,*,#1669,.F.);
#1669 = EDGE_CURVE('',#1430,#1646,#1670,.T.);
#1670 = SURFACE_CURVE('',#1671,(#1675,#1682),.PCURVE_S1.);
#1671 = LINE('',#1672,#1673);
#1672 = CARTESIAN_POINT('',(-64.,64.,0.));
#1673 = VECTOR('',#1674,1.);
#1674 = DIRECTION('',(1.,0.,0.));
#1675 = PCURVE('',#100,#1676);
#1676 = DEFINITIONAL_REPRESENTATION('',(#1677),#1681);
#1677 = LINE('',#1678,#1679);
#1678 = CARTESIAN_POINT('',(0.,128.));
#1679 = VECTOR('',#1680,1.);
#1680 = DIRECTION('',(1.,0.));
#1681 = ( GEOMETRIC_REPRESENTATION_CONTEXT(2) 
PARAMETRIC_REPRESENTATION_CONTEXT() REPRESENTATION_CONTEXT('2D SPACE',''
  ) );
#1682 = PCURVE('',#406,#1683);
#1683 = DEFINITIONAL_REPRESENTATION('',(#1684),#1688);
#1684 = LINE('',#1685,#1686);
#1685 = CARTESIAN_POINT('',(0.,0.));
#1686 = VECTOR('',#1687,1.);
#1687 = DIRECTION('',(0.,1.));
#1688 = ( GEOMETRIC_REPRESENTATION_CONTEXT(2) 
PARAMETRIC_REPRESENTATION_CONTEXT() REPRESENTATION_CONTEXT('2D SPACE',''
  ) );
#1689 = ORIENTED_EDGE('',*,*,#1429,.F.);
#1690 = FACE_BOUND('',#1691,.F.);
#1691 = EDGE_LOOP('',(#1692,#1722,#1755,#1783,#1804,#1832));
#1692 = ORIENTED_EDGE('',*,*,#1693,.T.);
#1693 = EDGE_CURVE('',#1694,#1696,#1698,.T.);
#1694 = VERTEX_POINT('',#1695);
#1695 = CARTESIAN_POINT('',(-37.6,-31.91833347109,0.));
#1696 = VERTEX_POINT('',#1697);
#1697 = CARTESIAN_POINT('',(-48.03559070385,-51.19628429614,0.));
#1698 = SURFACE_CURVE('',#1699,(#1704,#1715),.PCURVE_S1.);
#1699 = CIRCLE('',#1700,11.);
#1700 = AXIS2_PLACEMENT_3D('',#1701,#1702,#1703);
#1701 = CARTESIAN_POINT('',(-42.,-42.,0.));
#1702 = DIRECTION('',(0.,0.,-1.));
#1703 = DIRECTION('',(1.,0.,0.));
#1704 = PCURVE('',#100,#1705);
#1705 = DEFINITIONAL_REPRESENTATION('',(#1706),#1714);
#1706 = ( BOUNDED_CURVE() B_SPLINE_CURVE(2,(#1707,#1708,#1709,#1710,
#1711,#1712,#1713),.UNSPECIFIED.,.T.,.F.) B_SPLINE_CURVE_WITH_KNOTS((1,2
    ,2,2,2,1),(-2.094395102393,0.,2.094395102393,4.188790204786,
6.28318530718,8.377580409573),.UNSPECIFIED.) CURVE() 
GEOMETRIC_REPRESENTATION_ITEM() RATIONAL_B_SPLINE_CURVE((1.,0.5,1.,0.5,
1.,0.5,1.)) REPRESENTATION_ITEM('') );
#1707 = CARTESIAN_POINT('',(33.,22.));
#1708 = CARTESIAN_POINT('',(33.,2.947441116742));
#1709 = CARTESIAN_POINT('',(16.5,12.473720558371));
#1710 = CARTESIAN_POINT('',(3.552713678801E-15,22.));
#1711 = CARTESIAN_POINT('',(16.5,31.526279441629));
#1712 = CARTESIAN_POINT('',(33.,41.052558883258));
#1713 = CARTESIAN_POINT('',(33.,22.));
#1714 = ( GEOMETRIC_REPRESENTATION_CONTEXT(2) 
PARAMETRIC_REPRESENTATION_CONTEXT() REPRESENTATION_CONTEXT('2D SPACE',''
  ) );
#1715 = PCURVE('',#469,#1716);
#1716 = DEFINITIONAL_REPRESENTATION('',(#1717),#1721);
#1717 = LINE('',#1718,#1719);
#1718 = CARTESIAN_POINT('',(-12.56637061435,-1.));
#1719 = VECTOR('',#1720,1.);
#1720 = DIRECTION('',(1.,-0.));
#1721 = ( GEOMETRIC_REPRESENTATION_CONTEXT(2) 
PARAMETRIC_REPRESENTATION_CONTEXT() REPRESENTATION_CONTEXT('2D SPACE',''
  ) );
#1722 = ORIENTED_EDGE('',*,*,#1723,.T.);
#1723 = EDGE_CURVE('',#1696,#1724,#1726,.T.);
#1724 = VERTEX_POINT('',#1725);
#1725 = CARTESIAN_POINT('',(-51.19628429614,-48.03559070385,0.));
#1726 = SURFACE_CURVE('',#1727,(#1732,#1743),.PCURVE_S1.);
#1727 = CIRCLE('',#1728,2.3);
#1728 = AXIS2_PLACEMENT_3D('',#1729,#1730,#1731);
#1729 = CARTESIAN_POINT('',(-50.,-50.,0.));
#1730 = DIRECTION('',(0.,0.,-1.));
#1731 = DIRECTION('',(1.,0.,0.));
#1732 = PCURVE('',#100,#1733);
#1733 = DEFINITIONAL_REPRESENTATION('',(#1734),#1742);
#1734 = ( BOUNDED_CURVE() B_SPLINE_CURVE(2,(#1735,#1736,#1737,#1738,
#1739,#1740,#1741),.UNSPECIFIED.,.T.,.F.) B_SPLINE_CURVE_WITH_KNOTS((1,2
    ,2,2,2,1),(-2.094395102393,0.,2.094395102393,4.188790204786,
6.28318530718,8.377580409573),.UNSPECIFIED.) CURVE() 
GEOMETRIC_REPRESENTATION_ITEM() RATIONAL_B_SPLINE_CURVE((1.,0.5,1.,0.5,
1.,0.5,1.)) REPRESENTATION_ITEM('') );
#1735 = CARTESIAN_POINT('',(16.3,14.));
#1736 = CARTESIAN_POINT('',(16.3,10.016283142592));
#1737 = CARTESIAN_POINT('',(12.85,12.008141571296));
#1738 = CARTESIAN_POINT('',(9.4,14.));
#1739 = CARTESIAN_POINT('',(12.85,15.991858428704));
#1740 = CARTESIAN_POINT('',(16.3,17.983716857408));
#1741 = CARTESIAN_POINT('',(16.3,14.));
#1742 = ( GEOMETRIC_REPRESENTATION_CONTEXT(2) 
PARAMETRIC_REPRESENTATION_CONTEXT() REPRESENTATION_CONTEXT('2D SPACE',''
  ) );
#1743 = PCURVE('',#1744,#1749);
#1744 = CYLINDRICAL_SURFACE('',#1745,2.3);
#1745 = AXIS2_PLACEMENT_3D('',#1746,#1747,#1748);
#1746 = CARTESIAN_POINT('',(-50.,-50.,-1.));
#1747 = DIRECTION('',(-0.,-0.,-1.));
#1748 = DIRECTION('',(1.,0.,0.));
#1749 = DEFINITIONAL_REPRESENTATION('',(#1750),#1754);
#1750 = LINE('',#1751,#1752);
#1751 = CARTESIAN_POINT('',(-6.28318530718,-1.));
#1752 = VECTOR('',#1753,1.);
#1753 = DIRECTION('',(1.,-0.));
#1754 = ( GEOMETRIC_REPRESENTATION_CONTEXT(2) 
PARAMETRIC_REPRESENTATION_CONTEXT() REPRESENTATION_CONTEXT('2D SPACE',''
  ) );
#1755 = ORIENTED_EDGE('',*,*,#1756,.T.);
#1756 = EDGE_CURVE('',#1724,#1757,#1759,.T.);
#1757 = VERTEX_POINT('',#1758);
#1758 = CARTESIAN_POINT('',(-46.4,-31.91833347109,0.));
#1759 = SURFACE_CURVE('',#1760,(#1765,#1776),.PCURVE_S1.);
#1760 = CIRCLE('',#1761,11.);
#1761 = AXIS2_PLACEMENT_3D('',#1762,#1763,#1764);
#1762 = CARTESIAN_POINT('',(-42.,-42.,0.));
#1763 = DIRECTION('',(0.,0.,-1.));
#1764 = DIRECTION('',(1.,0.,0.));
#1765 = PCURVE('',#100,#1766);
#1766 = DEFINITIONAL_REPRESENTATION('',(#1767),#1775);
#1767 = ( BOUNDED_CURVE() B_SPLINE_CURVE(2,(#1768,#1769,#1770,#1771,
#1772,#1773,#1774),.UNSPECIFIED.,.T.,.F.) B_SPLINE_CURVE_WITH_KNOTS((1,2
    ,2,2,2,1),(-2.094395102393,0.,2.094395102393,4.188790204786,
6.28318530718,8.377580409573),.UNSPECIFIED.) CURVE() 
GEOMETRIC_REPRESENTATION_ITEM() RATIONAL_B_SPLINE_CURVE((1.,0.5,1.,0.5,
1.,0.5,1.)) REPRESENTATION_ITEM('') );
#1768 = CARTESIAN_POINT('',(33.,22.));
#1769 = CARTESIAN_POINT('',(33.,2.947441116742));
#1770 = CARTESIAN_POINT('',(16.5,12.473720558371));
#1771 = CARTESIAN_POINT('',(3.552713678801E-15,22.));
#1772 = CARTESIAN_POINT('',(16.5,31.526279441629));
#1773 = CARTESIAN_POINT('',(33.,41.052558883258));
#1774 = CARTESIAN_POINT('',(33.,22.));
#1775 = ( GEOMETRIC_REPRESENTATION_CONTEXT(2) 
PARAMETRIC_REPRESENTATION_CONTEXT() REPRESENTATION_CONTEXT('2D SPACE',''
  ) );
#1776 = PCURVE('',#535,#1777);
#1777 = DEFINITIONAL_REPRESENTATION('',(#1778),#1782);
#1778 = LINE('',#1779,#1780);
#1779 = CARTESIAN_POINT('',(-12.56637061435,-1.));
#1780 = VECTOR('',#1781,1.);
#1781 = DIRECTION('',(1.,-0.));
#1782 = ( GEOMETRIC_REPRESENTATION_CONTEXT(2) 
PARAMETRIC_REPRESENTATION_CONTEXT() REPRESENTATION_CONTEXT('2D SPACE',''
  ) );
#1783 = ORIENTED_EDGE('',*,*,#1784,.T.);
#1784 = EDGE_CURVE('',#1757,#1785,#1787,.T.);
#1785 = VERTEX_POINT('',#1786);
#1786 = CARTESIAN_POINT('',(-46.4,-28.,0.));
#1787 = SURFACE_CURVE('',#1788,(#1792,#1798),.PCURVE_S1.);
#1788 = LINE('',#1789,#1790);
#1789 = CARTESIAN_POINT('',(-46.4,-46.,0.));
#1790 = VECTOR('',#1791,1.);
#1791 = DIRECTION('',(-0.,1.,0.));
#1792 = PCURVE('',#100,#1793);
#1793 = DEFINITIONAL_REPRESENTATION('',(#1794),#1797);
#1794 = B_SPLINE_CURVE_WITH_KNOTS('',1,(#1795,#1796),.UNSPECIFIED.,.F.,
  .F.,(2,2),(14.081666528903,18.),.PIECEWISE_BEZIER_KNOTS.);
#1795 = CARTESIAN_POINT('',(17.6,32.081666528903));
#1796 = CARTESIAN_POINT('',(17.6,36.));
#1797 = ( GEOMETRIC_REPRESENTATION_CONTEXT(2) 
PARAMETRIC_REPRESENTATION_CONTEXT() REPRESENTATION_CONTEXT('2D SPACE',''
  ) );
#1798 = PCURVE('',#562,#1799);
#1799 = DEFINITIONAL_REPRESENTATION('',(#1800),#1803);
#1800 = B_SPLINE_CURVE_WITH_KNOTS('',1,(#1801,#1802),.UNSPECIFIED.,.F.,
  .F.,(2,2),(14.081666528903,18.),.PIECEWISE_BEZIER_KNOTS.);
#1801 = CARTESIAN_POINT('',(3.918333471097,-1.));
#1802 = CARTESIAN_POINT('',(0.,-1.));
#1803 = ( GEOMETRIC_REPRESENTATION_CONTEXT(2) 
PARAMETRIC_REPRESENTATION_CONTEXT() REPRESENTATION_CONTEXT('2D SPACE',''
  ) );
#1804 = ORIENTED_EDGE('',*,*,#1805,.T.);
#1805 = EDGE_CURVE('',#1785,#1806,#1808,.T.);
#1806 = VERTEX_POINT('',#1807);
#1807 = CARTESIAN_POINT('',(-37.6,-28.,0.));
#1808 = SURFACE_CURVE('',#1809,(#1814,#1825),.PCURVE_S1.);
#1809 = CIRCLE('',#1810,4.4);
#1810 = AXIS2_PLACEMENT_3D('',#1811,#1812,#1813);
#1811 = CARTESIAN_POINT('',(-42.,-28.,0.));
#1812 = DIRECTION('',(0.,0.,-1.));
#1813 = DIRECTION('',(1.,0.,0.));
#1814 = PCURVE('',#100,#1815);
#1815 = DEFINITIONAL_REPRESENTATION('',(#1816),#1824);
#1816 = ( BOUNDED_CURVE() B_SPLINE_CURVE(2,(#1817,#1818,#1819,#1820,
#1821,#1822,#1823),.UNSPECIFIED.,.T.,.F.) B_SPLINE_CURVE_WITH_KNOTS((1,2
    ,2,2,2,1),(-2.094395102393,0.,2.094395102393,4.188790204786,
6.28318530718,8.377580409573),.UNSPECIFIED.) CURVE() 
GEOMETRIC_REPRESENTATION_ITEM() RATIONAL_B_SPLINE_CURVE((1.,0.5,1.,0.5,
1.,0.5,1.)) REPRESENTATION_ITEM('') );
#1817 = CARTESIAN_POINT('',(26.4,36.));
#1818 = CARTESIAN_POINT('',(26.4,28.378976446697));
#1819 = CARTESIAN_POINT('',(19.8,32.189488223348));
#1820 = CARTESIAN_POINT('',(13.2,36.));
#1821 = CARTESIAN_POINT('',(19.8,39.810511776652));
#1822 = CARTESIAN_POINT('',(26.4,43.621023553303));
#1823 = CARTESIAN_POINT('',(26.4,36.));
#1824 = ( GEOMETRIC_REPRESENTATION_CONTEXT(2) 
PARAMETRIC_REPRESENTATION_CONTEXT() REPRESENTATION_CONTEXT('2D SPACE',''
  ) );
#1825 = PCURVE('',#594,#1826);
#1826 = DEFINITIONAL_REPRESENTATION('',(#1827),#1831);
#1827 = LINE('',#1828,#1829);
#1828 = CARTESIAN_POINT('',(-6.28318530718,-1.));
#1829 = VECTOR('',#1830,1.);
#1830 = DIRECTION('',(1.,-0.));
#1831 = ( GEOMETRIC_REPRESENTATION_CONTEXT(2) 
PARAMETRIC_REPRESENTATION_CONTEXT() REPRESENTATION_CONTEXT('2D SPACE',''
  ) );
#1832 = ORIENTED_EDGE('',*,*,#1833,.T.);
#1833 = EDGE_CURVE('',#1806,#1694,#1834,.T.);
#1834 = SURFACE_CURVE('',#1835,(#1839,#1845),.PCURVE_S1.);
#1835 = LINE('',#1836,#1837);
#1836 = CARTESIAN_POINT('',(-37.6,-53.,0.));
#1837 = VECTOR('',#1838,1.);
#1838 = DIRECTION('',(0.,-1.,0.));
#1839 = PCURVE('',#100,#1840);
#1840 = DEFINITIONAL_REPRESENTATION('',(#1841),#1844);
#1841 = B_SPLINE_CURVE_WITH_KNOTS('',1,(#1842,#1843),.UNSPECIFIED.,.F.,
  .F.,(2,2),(-25.,-21.0816665289),.PIECEWISE_BEZIER_KNOTS.);
#1842 = CARTESIAN_POINT('',(26.4,36.));
#1843 = CARTESIAN_POINT('',(26.4,32.081666528903));
#1844 = ( GEOMETRIC_REPRESENTATION_CONTEXT(2) 
PARAMETRIC_REPRESENTATION_CONTEXT() REPRESENTATION_CONTEXT('2D SPACE',''
  ) );
#1845 = PCURVE('',#619,#1846);
#1846 = DEFINITIONAL_REPRESENTATION('',(#1847),#1850);
#1847 = B_SPLINE_CURVE_WITH_KNOTS('',1,(#1848,#1849),.UNSPECIFIED.,.F.,
  .F.,(2,2),(-25.,-21.0816665289),.PIECEWISE_BEZIER_KNOTS.);
#1848 = CARTESIAN_POINT('',(14.,-1.));
#1849 = CARTESIAN_POINT('',(10.081666528903,-1.));
#1850 = ( GEOMETRIC_REPRESENTATION_CONTEXT(2) 
PARAMETRIC_REPRESENTATION_CONTEXT() REPRESENTATION_CONTEXT('2D SPACE',''
  ) );
#1851 = FACE_BOUND('',#1852,.F.);
#1852 = EDGE_LOOP('',(#1853,#1883,#1916,#1944,#1972,#2000,#2028,#2056,
    #2084,#2112,#2133,#2161));
#1853 = ORIENTED_EDGE('',*,*,#1854,.T.);
#1854 = EDGE_CURVE('',#1855,#1857,#1859,.T.);
#1855 = VERTEX_POINT('',#1856);
#1856 = CARTESIAN_POINT('',(46.4,-31.91833347109,0.));
#1857 = VERTEX_POINT('',#1858);
#1858 = CARTESIAN_POINT('',(51.196284296148,-48.03559070385,0.));
#1859 = SURFACE_CURVE('',#1860,(#1865,#1876),.PCURVE_S1.);
#1860 = CIRCLE('',#1861,11.);
#1861 = AXIS2_PLACEMENT_3D('',#1862,#1863,#1864);
#1862 = CARTESIAN_POINT('',(42.,-42.,0.));
#1863 = DIRECTION('',(0.,0.,-1.));
#1864 = DIRECTION('',(1.,0.,0.));
#1865 = PCURVE('',#100,#1866);
#1866 = DEFINITIONAL_REPRESENTATION('',(#1867),#1875);
#1867 = ( BOUNDED_CURVE() B_SPLINE_CURVE(2,(#1868,#1869,#1870,#1871,
#1872,#1873,#1874),.UNSPECIFIED.,.T.,.F.) B_SPLINE_CURVE_WITH_KNOTS((1,2
    ,2,2,2,1),(-2.094395102393,0.,2.094395102393,4.188790204786,
6.28318530718,8.377580409573),.UNSPECIFIED.) CURVE() 
GEOMETRIC_REPRESENTATION_ITEM() RATIONAL_B_SPLINE_CURVE((1.,0.5,1.,0.5,
1.,0.5,1.)) REPRESENTATION_ITEM('') );
#1868 = CARTESIAN_POINT('',(117.,22.));
#1869 = CARTESIAN_POINT('',(117.,2.947441116742));
#1870 = CARTESIAN_POINT('',(100.5,12.473720558371));
#1871 = CARTESIAN_POINT('',(84.,22.));
#1872 = CARTESIAN_POINT('',(100.5,31.526279441629));
#1873 = CARTESIAN_POINT('',(117.,41.052558883258));
#1874 = CARTESIAN_POINT('',(117.,22.));
#1875 = ( GEOMETRIC_REPRESENTATION_CONTEXT(2) 
PARAMETRIC_REPRESENTATION_CONTEXT() REPRESENTATION_CONTEXT('2D SPACE',''
  ) );
#1876 = PCURVE('',#832,#1877);
#1877 = DEFINITIONAL_REPRESENTATION('',(#1878),#1882);
#1878 = LINE('',#1879,#1880);
#1879 = CARTESIAN_POINT('',(-12.56637061435,-1.));
#1880 = VECTOR('',#1881,1.);
#1881 = DIRECTION('',(1.,-0.));
#1882 = ( GEOMETRIC_REPRESENTATION_CONTEXT(2) 
PARAMETRIC_REPRESENTATION_CONTEXT() REPRESENTATION_CONTEXT('2D SPACE',''
  ) );
#1883 = ORIENTED_EDGE('',*,*,#1884,.T.);
#1884 = EDGE_CURVE('',#1857,#1885,#1887,.T.);
#1885 = VERTEX_POINT('',#1886);
#1886 = CARTESIAN_POINT('',(52.3,-50.,0.));
#1887 = SURFACE_CURVE('',#1888,(#1893,#1904),.PCURVE_S1.);
#1888 = CIRCLE('',#1889,2.3);
#1889 = AXIS2_PLACEMENT_3D('',#1890,#1891,#1892);
#1890 = CARTESIAN_POINT('',(50.,-50.,0.));
#1891 = DIRECTION('',(0.,0.,-1.));
#1892 = DIRECTION('',(1.,0.,0.));
#1893 = PCURVE('',#100,#1894);
#1894 = DEFINITIONAL_REPRESENTATION('',(#1895),#1903);
#1895 = ( BOUNDED_CURVE() B_SPLINE_CURVE(2,(#1896,#1897,#1898,#1899,
#1900,#1901,#1902),.UNSPECIFIED.,.T.,.F.) B_SPLINE_CURVE_WITH_KNOTS((1,2
    ,2,2,2,1),(-2.094395102393,0.,2.094395102393,4.188790204786,
6.28318530718,8.377580409573),.UNSPECIFIED.) CURVE() 
GEOMETRIC_REPRESENTATION_ITEM() RATIONAL_B_SPLINE_CURVE((1.,0.5,1.,0.5,
1.,0.5,1.)) REPRESENTATION_ITEM('') );
#1896 = CARTESIAN_POINT('',(116.3,14.));
#1897 = CARTESIAN_POINT('',(116.3,10.016283142592));
#1898 = CARTESIAN_POINT('',(112.85,12.008141571296));
#1899 = CARTESIAN_POINT('',(109.4,14.));
#1900 = CARTESIAN_POINT('',(112.85,15.991858428704));
#1901 = CARTESIAN_POINT('',(116.3,17.983716857408));
#1902 = CARTESIAN_POINT('',(116.3,14.));
#1903 = ( GEOMETRIC_REPRESENTATION_CONTEXT(2) 
PARAMETRIC_REPRESENTATION_CONTEXT() REPRESENTATION_CONTEXT('2D SPACE',''
  ) );
#1904 = PCURVE('',#1905,#1910);
#1905 = CYLINDRICAL_SURFACE('',#1906,2.3);
#1906 = AXIS2_PLACEMENT_3D('',#1907,#1908,#1909);
#1907 = CARTESIAN_POINT('',(50.,-50.,-1.));
#1908 = DIRECTION('',(-0.,-0.,-1.));
#1909 = DIRECTION('',(1.,0.,0.));
#1910 = DEFINITIONAL_REPRESENTATION('',(#1911),#1915);
#1911 = LINE('',#1912,#1913);
#1912 = CARTESIAN_POINT('',(-6.28318530718,-1.));
#1913 = VECTOR('',#1914,1.);
#1914 = DIRECTION('',(1.,-0.));
#1915 = ( GEOMETRIC_REPRESENTATION_CONTEXT(2) 
PARAMETRIC_REPRESENTATION_CONTEXT() REPRESENTATION_CONTEXT('2D SPACE',''
  ) );
#1916 = ORIENTED_EDGE('',*,*,#1917,.T.);
#1917 = EDGE_CURVE('',#1885,#1918,#1920,.T.);
#1918 = VERTEX_POINT('',#1919);
#1919 = CARTESIAN_POINT('',(48.035590703852,-51.19628429614,0.));
#1920 = SURFACE_CURVE('',#1921,(#1926,#1937),.PCURVE_S1.);
#1921 = CIRCLE('',#1922,2.3);
#1922 = AXIS2_PLACEMENT_3D('',#1923,#1924,#1925);
#1923 = CARTESIAN_POINT('',(50.,-50.,0.));
#1924 = DIRECTION('',(0.,0.,-1.));
#1925 = DIRECTION('',(1.,0.,0.));
#1926 = PCURVE('',#100,#1927);
#1927 = DEFINITIONAL_REPRESENTATION('',(#1928),#1936);
#1928 = ( BOUNDED_CURVE() B_SPLINE_CURVE(2,(#1929,#1930,#1931,#1932,
#1933,#1934,#1935),.UNSPECIFIED.,.T.,.F.) B_SPLINE_CURVE_WITH_KNOTS((1,2
    ,2,2,2,1),(-2.094395102393,0.,2.094395102393,4.188790204786,
6.28318530718,8.377580409573),.UNSPECIFIED.) CURVE() 
GEOMETRIC_REPRESENTATION_ITEM() RATIONAL_B_SPLINE_CURVE((1.,0.5,1.,0.5,
1.,0.5,1.)) REPRESENTATION_ITEM('') );
#1929 = CARTESIAN_POINT('',(116.3,14.));
#1930 = CARTESIAN_POINT('',(116.3,10.016283142592));
#1931 = CARTESIAN_POINT('',(112.85,12.008141571296));
#1932 = CARTESIAN_POINT('',(109.4,14.));
#1933 = CARTESIAN_POINT('',(112.85,15.991858428704));
#1934 = CARTESIAN_POINT('',(116.3,17.983716857408));
#1935 = CARTESIAN_POINT('',(116.3,14.));
#1936 = ( GEOMETRIC_REPRESENTATION_CONTEXT(2) 
PARAMETRIC_REPRESENTATION_CONTEXT() REPRESENTATION_CONTEXT('2D SPACE',''
  ) );
#1937 = PCURVE('',#1905,#1938);
#1938 = DEFINITIONAL_REPRESENTATION('',(#1939),#1943);
#1939 = LINE('',#1940,#1941);
#1940 = CARTESIAN_POINT('',(-6.28318530718,-1.));
#1941 = VECTOR('',#1942,1.);
#1942 = DIRECTION('',(1.,-0.));
#1943 = ( GEOMETRIC_REPRESENTATION_CONTEXT(2) 
PARAMETRIC_REPRESENTATION_CONTEXT() REPRESENTATION_CONTEXT('2D SPACE',''
  ) );
#1944 = ORIENTED_EDGE('',*,*,#1945,.T.);
#1945 = EDGE_CURVE('',#1918,#1946,#1948,.T.);
#1946 = VERTEX_POINT('',#1947);
#1947 = CARTESIAN_POINT('',(40.2,-52.851727973,0.));
#1948 = SURFACE_CURVE('',#1949,(#1954,#1965),.PCURVE_S1.);
#1949 = CIRCLE('',#1950,11.);
#1950 = AXIS2_PLACEMENT_3D('',#1951,#1952,#1953);
#1951 = CARTESIAN_POINT('',(42.,-42.,0.));
#1952 = DIRECTION('',(0.,0.,-1.));
#1953 = DIRECTION('',(1.,0.,0.));
#1954 = PCURVE('',#100,#1955);
#1955 = DEFINITIONAL_REPRESENTATION('',(#1956),#1964);
#1956 = ( BOUNDED_CURVE() B_SPLINE_CURVE(2,(#1957,#1958,#1959,#1960,
#1961,#1962,#1963),.UNSPECIFIED.,.T.,.F.) B_SPLINE_CURVE_WITH_KNOTS((1,2
    ,2,2,2,1),(-2.094395102393,0.,2.094395102393,4.188790204786,
6.28318530718,8.377580409573),.UNSPECIFIED.) CURVE() 
GEOMETRIC_REPRESENTATION_ITEM() RATIONAL_B_SPLINE_CURVE((1.,0.5,1.,0.5,
1.,0.5,1.)) REPRESENTATION_ITEM('') );
#1957 = CARTESIAN_POINT('',(117.,22.));
#1958 = CARTESIAN_POINT('',(117.,2.947441116742));
#1959 = CARTESIAN_POINT('',(100.5,12.473720558371));
#1960 = CARTESIAN_POINT('',(84.,22.));
#1961 = CARTESIAN_POINT('',(100.5,31.526279441629));
#1962 = CARTESIAN_POINT('',(117.,41.052558883258));
#1963 = CARTESIAN_POINT('',(117.,22.));
#1964 = ( GEOMETRIC_REPRESENTATION_CONTEXT(2) 
PARAMETRIC_REPRESENTATION_CONTEXT() REPRESENTATION_CONTEXT('2D SPACE',''
  ) );
#1965 = PCURVE('',#716,#1966);
#1966 = DEFINITIONAL_REPRESENTATION('',(#1967),#1971);
#1967 = LINE('',#1968,#1969);
#1968 = CARTESIAN_POINT('',(-12.56637061435,-1.));
#1969 = VECTOR('',#1970,1.);
#1970 = DIRECTION('',(1.,-0.));
#1971 = ( GEOMETRIC_REPRESENTATION_CONTEXT(2) 
PARAMETRIC_REPRESENTATION_CONTEXT() REPRESENTATION_CONTEXT('2D SPACE',''
  ) );
#1972 = ORIENTED_EDGE('',*,*,#1973,.F.);
#1973 = EDGE_CURVE('',#1974,#1946,#1976,.T.);
#1974 = VERTEX_POINT('',#1975);
#1975 = CARTESIAN_POINT('',(40.2,-53.2,0.));
#1976 = SURFACE_CURVE('',#1977,(#1981,#1988),.PCURVE_S1.);
#1977 = LINE('',#1978,#1979);
#1978 = CARTESIAN_POINT('',(40.2,-53.2,0.));
#1979 = VECTOR('',#1980,1.);
#1980 = DIRECTION('',(0.,1.,0.));
#1981 = PCURVE('',#100,#1982);
#1982 = DEFINITIONAL_REPRESENTATION('',(#1983),#1987);
#1983 = LINE('',#1984,#1985);
#1984 = CARTESIAN_POINT('',(104.2,10.8));
#1985 = VECTOR('',#1986,1.);
#1986 = DIRECTION('',(0.,1.));
#1987 = ( GEOMETRIC_REPRESENTATION_CONTEXT(2) 
PARAMETRIC_REPRESENTATION_CONTEXT() REPRESENTATION_CONTEXT('2D SPACE',''
  ) );
#1988 = PCURVE('',#1989,#1994);
#1989 = PLANE('',#1990);
#1990 = AXIS2_PLACEMENT_3D('',#1991,#1992,#1993);
#1991 = CARTESIAN_POINT('',(40.2,-53.2,0.));
#1992 = DIRECTION('',(-1.,0.,0.));
#1993 = DIRECTION('',(0.,1.,0.));
#1994 = DEFINITIONAL_REPRESENTATION('',(#1995),#1999);
#1995 = LINE('',#1996,#1997);
#1996 = CARTESIAN_POINT('',(0.,0.));
#1997 = VECTOR('',#1998,1.);
#1998 = DIRECTION('',(1.,0.));
#1999 = ( GEOMETRIC_REPRESENTATION_CONTEXT(2) 
PARAMETRIC_REPRESENTATION_CONTEXT() REPRESENTATION_CONTEXT('2D SPACE',''
  ) );
#2000 = ORIENTED_EDGE('',*,*,#2001,.F.);
#2001 = EDGE_CURVE('',#2002,#1974,#2004,.T.);
#2002 = VERTEX_POINT('',#2003);
#2003 = CARTESIAN_POINT('',(31.8,-53.2,0.));
#2004 = SURFACE_CURVE('',#2005,(#2009,#2016),.PCURVE_S1.);
#2005 = LINE('',#2006,#2007);
#2006 = CARTESIAN_POINT('',(31.8,-53.2,0.));
#2007 = VECTOR('',#2008,1.);
#2008 = DIRECTION('',(1.,0.,0.));
#2009 = PCURVE('',#100,#2010);
#2010 = DEFINITIONAL_REPRESENTATION('',(#2011),#2015);
#2011 = LINE('',#2012,#2013);
#2012 = CARTESIAN_POINT('',(95.8,10.8));
#2013 = VECTOR('',#2014,1.);
#2014 = DIRECTION('',(1.,0.));
#2015 = ( GEOMETRIC_REPRESENTATION_CONTEXT(2) 
PARAMETRIC_REPRESENTATION_CONTEXT() REPRESENTATION_CONTEXT('2D SPACE',''
  ) );
#2016 = PCURVE('',#2017,#2022);
#2017 = PLANE('',#2018);
#2018 = AXIS2_PLACEMENT_3D('',#2019,#2020,#2021);
#2019 = CARTESIAN_POINT('',(31.8,-53.2,0.));
#2020 = DIRECTION('',(0.,1.,0.));
#2021 = DIRECTION('',(1.,0.,0.));
#2022 = DEFINITIONAL_REPRESENTATION('',(#2023),#2027);
#2023 = LINE('',#2024,#2025);
#2024 = CARTESIAN_POINT('',(0.,0.));
#2025 = VECTOR('',#2026,1.);
#2026 = DIRECTION('',(1.,0.));
#2027 = ( GEOMETRIC_REPRESENTATION_CONTEXT(2) 
PARAMETRIC_REPRESENTATION_CONTEXT() REPRESENTATION_CONTEXT('2D SPACE',''
  ) );
#2028 = ORIENTED_EDGE('',*,*,#2029,.F.);
#2029 = EDGE_CURVE('',#2030,#2002,#2032,.T.);
#2030 = VERTEX_POINT('',#2031);
#2031 = CARTESIAN_POINT('',(31.8,-48.8,0.));
#2032 = SURFACE_CURVE('',#2033,(#2037,#2044),.PCURVE_S1.);
#2033 = LINE('',#2034,#2035);
#2034 = CARTESIAN_POINT('',(31.8,-48.8,0.));
#2035 = VECTOR('',#2036,1.);
#2036 = DIRECTION('',(0.,-1.,0.));
#2037 = PCURVE('',#100,#2038);
#2038 = DEFINITIONAL_REPRESENTATION('',(#2039),#2043);
#2039 = LINE('',#2040,#2041);
#2040 = CARTESIAN_POINT('',(95.8,15.2));
#2041 = VECTOR('',#2042,1.);
#2042 = DIRECTION('',(0.,-1.));
#2043 = ( GEOMETRIC_REPRESENTATION_CONTEXT(2) 
PARAMETRIC_REPRESENTATION_CONTEXT() REPRESENTATION_CONTEXT('2D SPACE',''
  ) );
#2044 = PCURVE('',#2045,#2050);
#2045 = PLANE('',#2046);
#2046 = AXIS2_PLACEMENT_3D('',#2047,#2048,#2049);
#2047 = CARTESIAN_POINT('',(31.8,-48.8,0.));
#2048 = DIRECTION('',(1.,0.,-0.));
#2049 = DIRECTION('',(0.,-1.,0.));
#2050 = DEFINITIONAL_REPRESENTATION('',(#2051),#2055);
#2051 = LINE('',#2052,#2053);
#2052 = CARTESIAN_POINT('',(0.,0.));
#2053 = VECTOR('',#2054,1.);
#2054 = DIRECTION('',(1.,0.));
#2055 = ( GEOMETRIC_REPRESENTATION_CONTEXT(2) 
PARAMETRIC_REPRESENTATION_CONTEXT() REPRESENTATION_CONTEXT('2D SPACE',''
  ) );
#2056 = ORIENTED_EDGE('',*,*,#2057,.F.);
#2057 = EDGE_CURVE('',#2058,#2030,#2060,.T.);
#2058 = VERTEX_POINT('',#2059);
#2059 = CARTESIAN_POINT('',(33.353613471513,-48.8,0.));
#2060 = SURFACE_CURVE('',#2061,(#2065,#2072),.PCURVE_S1.);
#2061 = LINE('',#2062,#2063);
#2062 = CARTESIAN_POINT('',(40.2,-48.8,0.));
#2063 = VECTOR('',#2064,1.);
#2064 = DIRECTION('',(-1.,0.,0.));
#2065 = PCURVE('',#100,#2066);
#2066 = DEFINITIONAL_REPRESENTATION('',(#2067),#2071);
#2067 = LINE('',#2068,#2069);
#2068 = CARTESIAN_POINT('',(104.2,15.2));
#2069 = VECTOR('',#2070,1.);
#2070 = DIRECTION('',(-1.,0.));
#2071 = ( GEOMETRIC_REPRESENTATION_CONTEXT(2) 
PARAMETRIC_REPRESENTATION_CONTEXT() REPRESENTATION_CONTEXT('2D SPACE',''
  ) );
#2072 = PCURVE('',#2073,#2078);
#2073 = PLANE('',#2074);
#2074 = AXIS2_PLACEMENT_3D('',#2075,#2076,#2077);
#2075 = CARTESIAN_POINT('',(40.2,-48.8,0.));
#2076 = DIRECTION('',(0.,-1.,0.));
#2077 = DIRECTION('',(-1.,0.,0.));
#2078 = DEFINITIONAL_REPRESENTATION('',(#2079),#2083);
#2079 = LINE('',#2080,#2081);
#2080 = CARTESIAN_POINT('',(0.,-0.));
#2081 = VECTOR('',#2082,1.);
#2082 = DIRECTION('',(1.,0.));
#2083 = ( GEOMETRIC_REPRESENTATION_CONTEXT(2) 
PARAMETRIC_REPRESENTATION_CONTEXT() REPRESENTATION_CONTEXT('2D SPACE',''
  ) );
#2084 = ORIENTED_EDGE('',*,*,#2085,.T.);
#2085 = EDGE_CURVE('',#2058,#2086,#2088,.T.);
#2086 = VERTEX_POINT('',#2087);
#2087 = CARTESIAN_POINT('',(37.6,-31.91833347109,0.));
#2088 = SURFACE_CURVE('',#2089,(#2094,#2105),.PCURVE_S1.);
#2089 = CIRCLE('',#2090,11.);
#2090 = AXIS2_PLACEMENT_3D('',#2091,#2092,#2093);
#2091 = CARTESIAN_POINT('',(42.,-42.,0.));
#2092 = DIRECTION('',(0.,0.,-1.));
#2093 = DIRECTION('',(1.,0.,0.));
#2094 = PCURVE('',#100,#2095);
#2095 = DEFINITIONAL_REPRESENTATION('',(#2096),#2104);
#2096 = ( BOUNDED_CURVE() B_SPLINE_CURVE(2,(#2097,#2098,#2099,#2100,
#2101,#2102,#2103),.UNSPECIFIED.,.T.,.F.) B_SPLINE_CURVE_WITH_KNOTS((1,2
    ,2,2,2,1),(-2.094395102393,0.,2.094395102393,4.188790204786,
6.28318530718,8.377580409573),.UNSPECIFIED.) CURVE() 
GEOMETRIC_REPRESENTATION_ITEM() RATIONAL_B_SPLINE_CURVE((1.,0.5,1.,0.5,
1.,0.5,1.)) REPRESENTATION_ITEM('') );
#2097 = CARTESIAN_POINT('',(117.,22.));
#2098 = CARTESIAN_POINT('',(117.,2.947441116742));
#2099 = CARTESIAN_POINT('',(100.5,12.473720558371));
#2100 = CARTESIAN_POINT('',(84.,22.));
#2101 = CARTESIAN_POINT('',(100.5,31.526279441629));
#2102 = CARTESIAN_POINT('',(117.,41.052558883258));
#2103 = CARTESIAN_POINT('',(117.,22.));
#2104 = ( GEOMETRIC_REPRESENTATION_CONTEXT(2) 
PARAMETRIC_REPRESENTATION_CONTEXT() REPRESENTATION_CONTEXT('2D SPACE',''
  ) );
#2105 = PCURVE('',#716,#2106);
#2106 = DEFINITIONAL_REPRESENTATION('',(#2107),#2111);
#2107 = LINE('',#2108,#2109);
#2108 = CARTESIAN_POINT('',(-12.56637061435,-1.));
#2109 = VECTOR('',#2110,1.);
#2110 = DIRECTION('',(1.,-0.));
#2111 = ( GEOMETRIC_REPRESENTATION_CONTEXT(2) 
PARAMETRIC_REPRESENTATION_CONTEXT() REPRESENTATION_CONTEXT('2D SPACE',''
  ) );
#2112 = ORIENTED_EDGE('',*,*,#2113,.T.);
#2113 = EDGE_CURVE('',#2086,#2114,#2116,.T.);
#2114 = VERTEX_POINT('',#2115);
#2115 = CARTESIAN_POINT('',(37.6,-28.,0.));
#2116 = SURFACE_CURVE('',#2117,(#2121,#2127),.PCURVE_S1.);
#2117 = LINE('',#2118,#2119);
#2118 = CARTESIAN_POINT('',(37.6,-46.,0.));
#2119 = VECTOR('',#2120,1.);
#2120 = DIRECTION('',(-0.,1.,0.));
#2121 = PCURVE('',#100,#2122);
#2122 = DEFINITIONAL_REPRESENTATION('',(#2123),#2126);
#2123 = B_SPLINE_CURVE_WITH_KNOTS('',1,(#2124,#2125),.UNSPECIFIED.,.F.,
  .F.,(2,2),(14.081666528903,18.),.PIECEWISE_BEZIER_KNOTS.);
#2124 = CARTESIAN_POINT('',(101.6,32.081666528903));
#2125 = CARTESIAN_POINT('',(101.6,36.));
#2126 = ( GEOMETRIC_REPRESENTATION_CONTEXT(2) 
PARAMETRIC_REPRESENTATION_CONTEXT() REPRESENTATION_CONTEXT('2D SPACE',''
  ) );
#2127 = PCURVE('',#743,#2128);
#2128 = DEFINITIONAL_REPRESENTATION('',(#2129),#2132);
#2129 = B_SPLINE_CURVE_WITH_KNOTS('',1,(#2130,#2131),.UNSPECIFIED.,.F.,
  .F.,(2,2),(14.081666528903,18.),.PIECEWISE_BEZIER_KNOTS.);
#2130 = CARTESIAN_POINT('',(3.918333471097,-1.));
#2131 = CARTESIAN_POINT('',(0.,-1.));
#2132 = ( GEOMETRIC_REPRESENTATION_CONTEXT(2) 
PARAMETRIC_REPRESENTATION_CONTEXT() REPRESENTATION_CONTEXT('2D SPACE',''
  ) );
#2133 = ORIENTED_EDGE('',*,*,#2134,.T.);
#2134 = EDGE_CURVE('',#2114,#2135,#2137,.T.);
#2135 = VERTEX_POINT('',#2136);
#2136 = CARTESIAN_POINT('',(46.4,-28.,0.));
#2137 = SURFACE_CURVE('',#2138,(#2143,#2154),.PCURVE_S1.);
#2138 = CIRCLE('',#2139,4.4);
#2139 = AXIS2_PLACEMENT_3D('',#2140,#2141,#2142);
#2140 = CARTESIAN_POINT('',(42.,-28.,0.));
#2141 = DIRECTION('',(0.,0.,-1.));
#2142 = DIRECTION('',(1.,0.,0.));
#2143 = PCURVE('',#100,#2144);
#2144 = DEFINITIONAL_REPRESENTATION('',(#2145),#2153);
#2145 = ( BOUNDED_CURVE() B_SPLINE_CURVE(2,(#2146,#2147,#2148,#2149,
#2150,#2151,#2152),.UNSPECIFIED.,.T.,.F.) B_SPLINE_CURVE_WITH_KNOTS((1,2
    ,2,2,2,1),(-2.094395102393,0.,2.094395102393,4.188790204786,
6.28318530718,8.377580409573),.UNSPECIFIED.) CURVE() 
GEOMETRIC_REPRESENTATION_ITEM() RATIONAL_B_SPLINE_CURVE((1.,0.5,1.,0.5,
1.,0.5,1.)) REPRESENTATION_ITEM('') );
#2146 = CARTESIAN_POINT('',(110.4,36.));
#2147 = CARTESIAN_POINT('',(110.4,28.378976446697));
#2148 = CARTESIAN_POINT('',(103.8,32.189488223348));
#2149 = CARTESIAN_POINT('',(97.2,36.));
#2150 = CARTESIAN_POINT('',(103.8,39.810511776652));
#2151 = CARTESIAN_POINT('',(110.4,43.621023553303));
#2152 = CARTESIAN_POINT('',(110.4,36.));
#2153 = ( GEOMETRIC_REPRESENTATION_CONTEXT(2) 
PARAMETRIC_REPRESENTATION_CONTEXT() REPRESENTATION_CONTEXT('2D SPACE',''
  ) );
#2154 = PCURVE('',#775,#2155);
#2155 = DEFINITIONAL_REPRESENTATION('',(#2156),#2160);
#2156 = LINE('',#2157,#2158);
#2157 = CARTESIAN_POINT('',(-6.28318530718,-1.));
#2158 = VECTOR('',#2159,1.);
#2159 = DIRECTION('',(1.,-0.));
#2160 = ( GEOMETRIC_REPRESENTATION_CONTEXT(2) 
PARAMETRIC_REPRESENTATION_CONTEXT() REPRESENTATION_CONTEXT('2D SPACE',''
  ) );
#2161 = ORIENTED_EDGE('',*,*,#2162,.T.);
#2162 = EDGE_CURVE('',#2135,#1855,#2163,.T.);
#2163 = SURFACE_CURVE('',#2164,(#2168,#2174),.PCURVE_S1.);
#2164 = LINE('',#2165,#2166);
#2165 = CARTESIAN_POINT('',(46.4,-53.,0.));
#2166 = VECTOR('',#2167,1.);
#2167 = DIRECTION('',(0.,-1.,0.));
#2168 = PCURVE('',#100,#2169);
#2169 = DEFINITIONAL_REPRESENTATION('',(#2170),#2173);
#2170 = B_SPLINE_CURVE_WITH_KNOTS('',1,(#2171,#2172),.UNSPECIFIED.,.F.,
  .F.,(2,2),(-25.,-21.0816665289),.PIECEWISE_BEZIER_KNOTS.);
#2171 = CARTESIAN_POINT('',(110.4,36.));
#2172 = CARTESIAN_POINT('',(110.4,32.081666528903));
#2173 = ( GEOMETRIC_REPRESENTATION_CONTEXT(2) 
PARAMETRIC_REPRESENTATION_CONTEXT() REPRESENTATION_CONTEXT('2D SPACE',''
  ) );
#2174 = PCURVE('',#802,#2175);
#2175 = DEFINITIONAL_REPRESENTATION('',(#2176),#2179);
#2176 = B_SPLINE_CURVE_WITH_KNOTS('',1,(#2177,#2178),.UNSPECIFIED.,.F.,
  .F.,(2,2),(-25.,-21.0816665289),.PIECEWISE_BEZIER_KNOTS.);
#2177 = CARTESIAN_POINT('',(14.,-1.));
#2178 = CARTESIAN_POINT('',(10.081666528903,-1.));
#2179 = ( GEOMETRIC_REPRESENTATION_CONTEXT(2) 
PARAMETRIC_REPRESENTATION_CONTEXT() REPRESENTATION_CONTEXT('2D SPACE',''
  ) );
#2180 = FACE_BOUND('',#2181,.F.);
#2181 = EDGE_LOOP('',(#2182,#2205,#2233,#2254));
#2182 = ORIENTED_EDGE('',*,*,#2183,.T.);
#2183 = EDGE_CURVE('',#2184,#2186,#2188,.T.);
#2184 = VERTEX_POINT('',#2185);
#2185 = CARTESIAN_POINT('',(-37.6,28.,0.));
#2186 = VERTEX_POINT('',#2187);
#2187 = CARTESIAN_POINT('',(-37.6,24.081666528903,0.));
#2188 = SURFACE_CURVE('',#2189,(#2193,#2199),.PCURVE_S1.);
#2189 = LINE('',#2190,#2191);
#2190 = CARTESIAN_POINT('',(-37.6,-25.,0.));
#2191 = VECTOR('',#2192,1.);
#2192 = DIRECTION('',(0.,-1.,0.));
#2193 = PCURVE('',#100,#2194);
#2194 = DEFINITIONAL_REPRESENTATION('',(#2195),#2198);
#2195 = B_SPLINE_CURVE_WITH_KNOTS('',1,(#2196,#2197),.UNSPECIFIED.,.F.,
  .F.,(2,2),(-53.,-49.0816665289),.PIECEWISE_BEZIER_KNOTS.);
#2196 = CARTESIAN_POINT('',(26.4,92.));
#2197 = CARTESIAN_POINT('',(26.4,88.081666528903));
#2198 = ( GEOMETRIC_REPRESENTATION_CONTEXT(2) 
PARAMETRIC_REPRESENTATION_CONTEXT() REPRESENTATION_CONTEXT('2D SPACE',''
  ) );
#2199 = PCURVE('',#863,#2200);
#2200 = DEFINITIONAL_REPRESENTATION('',(#2201),#2204);
#2201 = B_SPLINE_CURVE_WITH_KNOTS('',1,(#2202,#2203),.UNSPECIFIED.,.F.,
  .F.,(2,2),(-53.,-49.0816665289),.PIECEWISE_BEZIER_KNOTS.);
#2202 = CARTESIAN_POINT('',(14.,-1.));
#2203 = CARTESIAN_POINT('',(10.081666528903,-1.));
#2204 = ( GEOMETRIC_REPRESENTATION_CONTEXT(2) 
PARAMETRIC_REPRESENTATION_CONTEXT() REPRESENTATION_CONTEXT('2D SPACE',''
  ) );
#2205 = ORIENTED_EDGE('',*,*,#2206,.T.);
#2206 = EDGE_CURVE('',#2186,#2207,#2209,.T.);
#2207 = VERTEX_POINT('',#2208);
#2208 = CARTESIAN_POINT('',(-46.4,24.081666528903,0.));
#2209 = SURFACE_CURVE('',#2210,(#2215,#2226),.PCURVE_S1.);
#2210 = CIRCLE('',#2211,11.);
#2211 = AXIS2_PLACEMENT_3D('',#2212,#2213,#2214);
#2212 = CARTESIAN_POINT('',(-42.,14.,0.));
#2213 = DIRECTION('',(0.,0.,-1.));
#2214 = DIRECTION('',(1.,0.,0.));
#2215 = PCURVE('',#100,#2216);
#2216 = DEFINITIONAL_REPRESENTATION('',(#2217),#2225);
#2217 = ( BOUNDED_CURVE() B_SPLINE_CURVE(2,(#2218,#2219,#2220,#2221,
#2222,#2223,#2224),.UNSPECIFIED.,.T.,.F.) B_SPLINE_CURVE_WITH_KNOTS((1,2
    ,2,2,2,1),(-2.094395102393,0.,2.094395102393,4.188790204786,
6.28318530718,8.377580409573),.UNSPECIFIED.) CURVE() 
GEOMETRIC_REPRESENTATION_ITEM() RATIONAL_B_SPLINE_CURVE((1.,0.5,1.,0.5,
1.,0.5,1.)) REPRESENTATION_ITEM('') );
#2218 = CARTESIAN_POINT('',(33.,78.));
#2219 = CARTESIAN_POINT('',(33.,58.947441116742));
#2220 = CARTESIAN_POINT('',(16.5,68.473720558371));
#2221 = CARTESIAN_POINT('',(3.552713678801E-15,78.));
#2222 = CARTESIAN_POINT('',(16.5,87.526279441629));
#2223 = CARTESIAN_POINT('',(33.,97.052558883258));
#2224 = CARTESIAN_POINT('',(33.,78.));
#2225 = ( GEOMETRIC_REPRESENTATION_CONTEXT(2) 
PARAMETRIC_REPRESENTATION_CONTEXT() REPRESENTATION_CONTEXT('2D SPACE',''
  ) );
#2226 = PCURVE('',#895,#2227);
#2227 = DEFINITIONAL_REPRESENTATION('',(#2228),#2232);
#2228 = LINE('',#2229,#2230);
#2229 = CARTESIAN_POINT('',(-12.56637061435,-1.));
#2230 = VECTOR('',#2231,1.);
#2231 = DIRECTION('',(1.,-0.));
#2232 = ( GEOMETRIC_REPRESENTATION_CONTEXT(2) 
PARAMETRIC_REPRESENTATION_CONTEXT() REPRESENTATION_CONTEXT('2D SPACE',''
  ) );
#2233 = ORIENTED_EDGE('',*,*,#2234,.T.);
#2234 = EDGE_CURVE('',#2207,#2235,#2237,.T.);
#2235 = VERTEX_POINT('',#2236);
#2236 = CARTESIAN_POINT('',(-46.4,28.,0.));
#2237 = SURFACE_CURVE('',#2238,(#2242,#2248),.PCURVE_S1.);
#2238 = LINE('',#2239,#2240);
#2239 = CARTESIAN_POINT('',(-46.4,-18.,0.));
#2240 = VECTOR('',#2241,1.);
#2241 = DIRECTION('',(-0.,1.,0.));
#2242 = PCURVE('',#100,#2243);
#2243 = DEFINITIONAL_REPRESENTATION('',(#2244),#2247);
#2244 = B_SPLINE_CURVE_WITH_KNOTS('',1,(#2245,#2246),.UNSPECIFIED.,.F.,
  .F.,(2,2),(42.081666528903,46.),.PIECEWISE_BEZIER_KNOTS.);
#2245 = CARTESIAN_POINT('',(17.6,88.081666528903));
#2246 = CARTESIAN_POINT('',(17.6,92.));
#2247 = ( GEOMETRIC_REPRESENTATION_CONTEXT(2) 
PARAMETRIC_REPRESENTATION_CONTEXT() REPRESENTATION_CONTEXT('2D SPACE',''
  ) );
#2248 = PCURVE('',#922,#2249);
#2249 = DEFINITIONAL_REPRESENTATION('',(#2250),#2253);
#2250 = B_SPLINE_CURVE_WITH_KNOTS('',1,(#2251,#2252),.UNSPECIFIED.,.F.,
  .F.,(2,2),(42.081666528903,46.),.PIECEWISE_BEZIER_KNOTS.);
#2251 = CARTESIAN_POINT('',(3.918333471097,-1.));
#2252 = CARTESIAN_POINT('',(0.,-1.));
#2253 = ( GEOMETRIC_REPRESENTATION_CONTEXT(2) 
PARAMETRIC_REPRESENTATION_CONTEXT() REPRESENTATION_CONTEXT('2D SPACE',''
  ) );
#2254 = ORIENTED_EDGE('',*,*,#2255,.T.);
#2255 = EDGE_CURVE('',#2235,#2184,#2256,.T.);
#2256 = SURFACE_CURVE('',#2257,(#2262,#2273),.PCURVE_S1.);
#2257 = CIRCLE('',#2258,4.4);
#2258 = AXIS2_PLACEMENT_3D('',#2259,#2260,#2261);
#2259 = CARTESIAN_POINT('',(-42.,28.,0.));
#2260 = DIRECTION('',(0.,0.,-1.));
#2261 = DIRECTION('',(1.,0.,0.));
#2262 = PCURVE('',#100,#2263);
#2263 = DEFINITIONAL_REPRESENTATION('',(#2264),#2272);
#2264 = ( BOUNDED_CURVE() B_SPLINE_CURVE(2,(#2265,#2266,#2267,#2268,
#2269,#2270,#2271),.UNSPECIFIED.,.T.,.F.) B_SPLINE_CURVE_WITH_KNOTS((1,2
    ,2,2,2,1),(-2.094395102393,0.,2.094395102393,4.188790204786,
6.28318530718,8.377580409573),.UNSPECIFIED.) CURVE() 
GEOMETRIC_REPRESENTATION_ITEM() RATIONAL_B_SPLINE_CURVE((1.,0.5,1.,0.5,
1.,0.5,1.)) REPRESENTATION_ITEM('') );
#2265 = CARTESIAN_POINT('',(26.4,92.));
#2266 = CARTESIAN_POINT('',(26.4,84.378976446697));
#2267 = CARTESIAN_POINT('',(19.8,88.189488223348));
#2268 = CARTESIAN_POINT('',(13.2,92.));
#2269 = CARTESIAN_POINT('',(19.8,95.810511776652));
#2270 = CARTESIAN_POINT('',(26.4,99.621023553303));
#2271 = CARTESIAN_POINT('',(26.4,92.));
#2272 = ( GEOMETRIC_REPRESENTATION_CONTEXT(2) 
PARAMETRIC_REPRESENTATION_CONTEXT() REPRESENTATION_CONTEXT('2D SPACE',''
  ) );
#2273 = PCURVE('',#952,#2274);
#2274 = DEFINITIONAL_REPRESENTATION('',(#2275),#2279);
#2275 = LINE('',#2276,#2277);
#2276 = CARTESIAN_POINT('',(-6.28318530718,-1.));
#2277 = VECTOR('',#2278,1.);
#2278 = DIRECTION('',(1.,-0.));
#2279 = ( GEOMETRIC_REPRESENTATION_CONTEXT(2) 
PARAMETRIC_REPRESENTATION_CONTEXT() REPRESENTATION_CONTEXT('2D SPACE',''
  ) );
#2280 = FACE_BOUND('',#2281,.F.);
#2281 = EDGE_LOOP('',(#2282));
#2282 = ORIENTED_EDGE('',*,*,#2283,.T.);
#2283 = EDGE_CURVE('',#2284,#2284,#2286,.T.);
#2284 = VERTEX_POINT('',#2285);
#2285 = CARTESIAN_POINT('',(-47.7,50.,0.));
#2286 = SURFACE_CURVE('',#2287,(#2292,#2303),.PCURVE_S1.);
#2287 = CIRCLE('',#2288,2.3);
#2288 = AXIS2_PLACEMENT_3D('',#2289,#2290,#2291);
#2289 = CARTESIAN_POINT('',(-50.,50.,0.));
#2290 = DIRECTION('',(0.,0.,-1.));
#2291 = DIRECTION('',(1.,0.,0.));
#2292 = PCURVE('',#100,#2293);
#2293 = DEFINITIONAL_REPRESENTATION('',(#2294),#2302);
#2294 = ( BOUNDED_CURVE() B_SPLINE_CURVE(2,(#2295,#2296,#2297,#2298,
#2299,#2300,#2301),.UNSPECIFIED.,.T.,.F.) B_SPLINE_CURVE_WITH_KNOTS((1,2
    ,2,2,2,1),(-2.094395102393,0.,2.094395102393,4.188790204786,
6.28318530718,8.377580409573),.UNSPECIFIED.) CURVE() 
GEOMETRIC_REPRESENTATION_ITEM() RATIONAL_B_SPLINE_CURVE((1.,0.5,1.,0.5,
1.,0.5,1.)) REPRESENTATION_ITEM('') );
#2295 = CARTESIAN_POINT('',(16.3,114.));
#2296 = CARTESIAN_POINT('',(16.3,110.01628314259));
#2297 = CARTESIAN_POINT('',(12.85,112.00814157129));
#2298 = CARTESIAN_POINT('',(9.4,114.));
#2299 = CARTESIAN_POINT('',(12.85,115.9918584287));
#2300 = CARTESIAN_POINT('',(16.3,117.9837168574));
#2301 = CARTESIAN_POINT('',(16.3,114.));
#2302 = ( GEOMETRIC_REPRESENTATION_CONTEXT(2) 
PARAMETRIC_REPRESENTATION_CONTEXT() REPRESENTATION_CONTEXT('2D SPACE',''
  ) );
#2303 = PCURVE('',#2304,#2309);
#2304 = CYLINDRICAL_SURFACE('',#2305,2.3);
#2305 = AXIS2_PLACEMENT_3D('',#2306,#2307,#2308);
#2306 = CARTESIAN_POINT('',(-50.,50.,-1.));
#2307 = DIRECTION('',(-0.,-0.,-1.));
#2308 = DIRECTION('',(1.,0.,0.));
#2309 = DEFINITIONAL_REPRESENTATION('',(#2310),#2314);
#2310 = LINE('',#2311,#2312);
#2311 = CARTESIAN_POINT('',(-6.28318530718,-1.));
#2312 = VECTOR('',#2313,1.);
#2313 = DIRECTION('',(1.,-0.));
#2314 = ( GEOMETRIC_REPRESENTATION_CONTEXT(2) 
PARAMETRIC_REPRESENTATION_CONTEXT() REPRESENTATION_CONTEXT('2D SPACE',''
  ) );
#2315 = FACE_BOUND('',#2316,.F.);
#2316 = EDGE_LOOP('',(#2317,#2343,#2365,#2389,#2411,#2435,#2457,#2481));
#2317 = ORIENTED_EDGE('',*,*,#2318,.F.);
#2318 = EDGE_CURVE('',#2319,#2321,#2323,.T.);
#2319 = VERTEX_POINT('',#2320);
#2320 = CARTESIAN_POINT('',(20.,-19.,0.));
#2321 = VERTEX_POINT('',#2322);
#2322 = CARTESIAN_POINT('',(26.,-13.,0.));
#2323 = SURFACE_CURVE('',#2324,(#2329,#2336),.PCURVE_S1.);
#2324 = CIRCLE('',#2325,6.);
#2325 = AXIS2_PLACEMENT_3D('',#2326,#2327,#2328);
#2326 = CARTESIAN_POINT('',(20.,-13.,0.));
#2327 = DIRECTION('',(0.,0.,1.));
#2328 = DIRECTION('',(0.,-1.,0.));
#2329 = PCURVE('',#100,#2330);
#2330 = DEFINITIONAL_REPRESENTATION('',(#2331),#2335);
#2331 = CIRCLE('',#2332,6.);
#2332 = AXIS2_PLACEMENT_2D('',#2333,#2334);
#2333 = CARTESIAN_POINT('',(84.,51.));
#2334 = DIRECTION('',(0.,-1.));
#2335 = ( GEOMETRIC_REPRESENTATION_CONTEXT(2) 
PARAMETRIC_REPRESENTATION_CONTEXT() REPRESENTATION_CONTEXT('2D SPACE',''
  ) );
#2336 = PCURVE('',#1020,#2337);
#2337 = DEFINITIONAL_REPRESENTATION('',(#2338),#2342);
#2338 = LINE('',#2339,#2340);
#2339 = CARTESIAN_POINT('',(0.,1.));
#2340 = VECTOR('',#2341,1.);
#2341 = DIRECTION('',(1.,0.));
#2342 = ( GEOMETRIC_REPRESENTATION_CONTEXT(2) 
PARAMETRIC_REPRESENTATION_CONTEXT() REPRESENTATION_CONTEXT('2D SPACE',''
  ) );
#2343 = ORIENTED_EDGE('',*,*,#2344,.T.);
#2344 = EDGE_CURVE('',#2319,#2345,#2347,.T.);
#2345 = VERTEX_POINT('',#2346);
#2346 = CARTESIAN_POINT('',(-20.,-19.,0.));
#2347 = SURFACE_CURVE('',#2348,(#2352,#2359),.PCURVE_S1.);
#2348 = LINE('',#2349,#2350);
#2349 = CARTESIAN_POINT('',(-45.,-19.,0.));
#2350 = VECTOR('',#2351,1.);
#2351 = DIRECTION('',(-1.,0.,0.));
#2352 = PCURVE('',#100,#2353);
#2353 = DEFINITIONAL_REPRESENTATION('',(#2354),#2358);
#2354 = LINE('',#2355,#2356);
#2355 = CARTESIAN_POINT('',(19.,45.));
#2356 = VECTOR('',#2357,1.);
#2357 = DIRECTION('',(-1.,0.));
#2358 = ( GEOMETRIC_REPRESENTATION_CONTEXT(2) 
PARAMETRIC_REPRESENTATION_CONTEXT() REPRESENTATION_CONTEXT('2D SPACE',''
  ) );
#2359 = PCURVE('',#1047,#2360);
#2360 = DEFINITIONAL_REPRESENTATION('',(#2361),#2364);
#2361 = B_SPLINE_CURVE_WITH_KNOTS('',1,(#2362,#2363),.UNSPECIFIED.,.F.,
  .F.,(2,2),(-65.,-25.),.PIECEWISE_BEZIER_KNOTS.);
#2362 = CARTESIAN_POINT('',(46.,-1.));
#2363 = CARTESIAN_POINT('',(6.,-1.));
#2364 = ( GEOMETRIC_REPRESENTATION_CONTEXT(2) 
PARAMETRIC_REPRESENTATION_CONTEXT() REPRESENTATION_CONTEXT('2D SPACE',''
  ) );
#2365 = ORIENTED_EDGE('',*,*,#2366,.F.);
#2366 = EDGE_CURVE('',#2367,#2345,#2369,.T.);
#2367 = VERTEX_POINT('',#2368);
#2368 = CARTESIAN_POINT('',(-26.,-13.,0.));
#2369 = SURFACE_CURVE('',#2370,(#2375,#2382),.PCURVE_S1.);
#2370 = CIRCLE('',#2371,6.);
#2371 = AXIS2_PLACEMENT_3D('',#2372,#2373,#2374);
#2372 = CARTESIAN_POINT('',(-20.,-13.,0.));
#2373 = DIRECTION('',(0.,0.,1.));
#2374 = DIRECTION('',(0.,-1.,0.));
#2375 = PCURVE('',#100,#2376);
#2376 = DEFINITIONAL_REPRESENTATION('',(#2377),#2381);
#2377 = CIRCLE('',#2378,6.);
#2378 = AXIS2_PLACEMENT_2D('',#2379,#2380);
#2379 = CARTESIAN_POINT('',(44.,51.));
#2380 = DIRECTION('',(0.,-1.));
#2381 = ( GEOMETRIC_REPRESENTATION_CONTEXT(2) 
PARAMETRIC_REPRESENTATION_CONTEXT() REPRESENTATION_CONTEXT('2D SPACE',''
  ) );
#2382 = PCURVE('',#1075,#2383);
#2383 = DEFINITIONAL_REPRESENTATION('',(#2384),#2388);
#2384 = LINE('',#2385,#2386);
#2385 = CARTESIAN_POINT('',(-6.28318530718,1.));
#2386 = VECTOR('',#2387,1.);
#2387 = DIRECTION('',(1.,-0.));
#2388 = ( GEOMETRIC_REPRESENTATION_CONTEXT(2) 
PARAMETRIC_REPRESENTATION_CONTEXT() REPRESENTATION_CONTEXT('2D SPACE',''
  ) );
#2389 = ORIENTED_EDGE('',*,*,#2390,.T.);
#2390 = EDGE_CURVE('',#2367,#2391,#2393,.T.);
#2391 = VERTEX_POINT('',#2392);
#2392 = CARTESIAN_POINT('',(-26.,17.,0.));
#2393 = SURFACE_CURVE('',#2394,(#2398,#2405),.PCURVE_S1.);
#2394 = LINE('',#2395,#2396);
#2395 = CARTESIAN_POINT('',(-26.,-20.5,0.));
#2396 = VECTOR('',#2397,1.);
#2397 = DIRECTION('',(-0.,1.,0.));
#2398 = PCURVE('',#100,#2399);
#2399 = DEFINITIONAL_REPRESENTATION('',(#2400),#2404);
#2400 = LINE('',#2401,#2402);
#2401 = CARTESIAN_POINT('',(38.,43.5));
#2402 = VECTOR('',#2403,1.);
#2403 = DIRECTION('',(0.,1.));
#2404 = ( GEOMETRIC_REPRESENTATION_CONTEXT(2) 
PARAMETRIC_REPRESENTATION_CONTEXT() REPRESENTATION_CONTEXT('2D SPACE',''
  ) );
#2405 = PCURVE('',#1102,#2406);
#2406 = DEFINITIONAL_REPRESENTATION('',(#2407),#2410);
#2407 = B_SPLINE_CURVE_WITH_KNOTS('',1,(#2408,#2409),.UNSPECIFIED.,.F.,
  .F.,(2,2),(7.5,37.5),.PIECEWISE_BEZIER_KNOTS.);
#2408 = CARTESIAN_POINT('',(36.,-1.));
#2409 = CARTESIAN_POINT('',(6.,-1.));
#2410 = ( GEOMETRIC_REPRESENTATION_CONTEXT(2) 
PARAMETRIC_REPRESENTATION_CONTEXT() REPRESENTATION_CONTEXT('2D SPACE',''
  ) );
#2411 = ORIENTED_EDGE('',*,*,#2412,.F.);
#2412 = EDGE_CURVE('',#2413,#2391,#2415,.T.);
#2413 = VERTEX_POINT('',#2414);
#2414 = CARTESIAN_POINT('',(-20.,23.,0.));
#2415 = SURFACE_CURVE('',#2416,(#2421,#2428),.PCURVE_S1.);
#2416 = CIRCLE('',#2417,6.);
#2417 = AXIS2_PLACEMENT_3D('',#2418,#2419,#2420);
#2418 = CARTESIAN_POINT('',(-20.,17.,0.));
#2419 = DIRECTION('',(0.,0.,1.));
#2420 = DIRECTION('',(-0.,1.,0.));
#2421 = PCURVE('',#100,#2422);
#2422 = DEFINITIONAL_REPRESENTATION('',(#2423),#2427);
#2423 = CIRCLE('',#2424,6.);
#2424 = AXIS2_PLACEMENT_2D('',#2425,#2426);
#2425 = CARTESIAN_POINT('',(44.,81.));
#2426 = DIRECTION('',(0.,1.));
#2427 = ( GEOMETRIC_REPRESENTATION_CONTEXT(2) 
PARAMETRIC_REPRESENTATION_CONTEXT() REPRESENTATION_CONTEXT('2D SPACE',''
  ) );
#2428 = PCURVE('',#1130,#2429);
#2429 = DEFINITIONAL_REPRESENTATION('',(#2430),#2434);
#2430 = LINE('',#2431,#2432);
#2431 = CARTESIAN_POINT('',(0.,1.));
#2432 = VECTOR('',#2433,1.);
#2433 = DIRECTION('',(1.,0.));
#2434 = ( GEOMETRIC_REPRESENTATION_CONTEXT(2) 
PARAMETRIC_REPRESENTATION_CONTEXT() REPRESENTATION_CONTEXT('2D SPACE',''
  ) );
#2435 = ORIENTED_EDGE('',*,*,#2436,.T.);
#2436 = EDGE_CURVE('',#2413,#2437,#2439,.T.);
#2437 = VERTEX_POINT('',#2438);
#2438 = CARTESIAN_POINT('',(20.,23.,0.));
#2439 = SURFACE_CURVE('',#2440,(#2444,#2451),.PCURVE_S1.);
#2440 = LINE('',#2441,#2442);
#2441 = CARTESIAN_POINT('',(-19.,23.,0.));
#2442 = VECTOR('',#2443,1.);
#2443 = DIRECTION('',(1.,0.,-0.));
#2444 = PCURVE('',#100,#2445);
#2445 = DEFINITIONAL_REPRESENTATION('',(#2446),#2450);
#2446 = LINE('',#2447,#2448);
#2447 = CARTESIAN_POINT('',(45.,87.));
#2448 = VECTOR('',#2449,1.);
#2449 = DIRECTION('',(1.,0.));
#2450 = ( GEOMETRIC_REPRESENTATION_CONTEXT(2) 
PARAMETRIC_REPRESENTATION_CONTEXT() REPRESENTATION_CONTEXT('2D SPACE',''
  ) );
#2451 = PCURVE('',#1157,#2452);
#2452 = DEFINITIONAL_REPRESENTATION('',(#2453),#2456);
#2453 = B_SPLINE_CURVE_WITH_KNOTS('',1,(#2454,#2455),.UNSPECIFIED.,.F.,
  .F.,(2,2),(-1.,39.),.PIECEWISE_BEZIER_KNOTS.);
#2454 = CARTESIAN_POINT('',(46.,-1.));
#2455 = CARTESIAN_POINT('',(6.,-1.));
#2456 = ( GEOMETRIC_REPRESENTATION_CONTEXT(2) 
PARAMETRIC_REPRESENTATION_CONTEXT() REPRESENTATION_CONTEXT('2D SPACE',''
  ) );
#2457 = ORIENTED_EDGE('',*,*,#2458,.F.);
#2458 = EDGE_CURVE('',#2459,#2437,#2461,.T.);
#2459 = VERTEX_POINT('',#2460);
#2460 = CARTESIAN_POINT('',(26.,17.,0.));
#2461 = SURFACE_CURVE('',#2462,(#2467,#2474),.PCURVE_S1.);
#2462 = CIRCLE('',#2463,6.);
#2463 = AXIS2_PLACEMENT_3D('',#2464,#2465,#2466);
#2464 = CARTESIAN_POINT('',(20.,17.,0.));
#2465 = DIRECTION('',(0.,0.,1.));
#2466 = DIRECTION('',(1.,0.,-0.));
#2467 = PCURVE('',#100,#2468);
#2468 = DEFINITIONAL_REPRESENTATION('',(#2469),#2473);
#2469 = CIRCLE('',#2470,6.);
#2470 = AXIS2_PLACEMENT_2D('',#2471,#2472);
#2471 = CARTESIAN_POINT('',(84.,81.));
#2472 = DIRECTION('',(1.,0.));
#2473 = ( GEOMETRIC_REPRESENTATION_CONTEXT(2) 
PARAMETRIC_REPRESENTATION_CONTEXT() REPRESENTATION_CONTEXT('2D SPACE',''
  ) );
#2474 = PCURVE('',#1185,#2475);
#2475 = DEFINITIONAL_REPRESENTATION('',(#2476),#2480);
#2476 = LINE('',#2477,#2478);
#2477 = CARTESIAN_POINT('',(0.,1.));
#2478 = VECTOR('',#2479,1.);
#2479 = DIRECTION('',(1.,0.));
#2480 = ( GEOMETRIC_REPRESENTATION_CONTEXT(2) 
PARAMETRIC_REPRESENTATION_CONTEXT() REPRESENTATION_CONTEXT('2D SPACE',''
  ) );
#2481 = ORIENTED_EDGE('',*,*,#2482,.T.);
#2482 = EDGE_CURVE('',#2459,#2321,#2483,.T.);
#2483 = SURFACE_CURVE('',#2484,(#2488,#2495),.PCURVE_S1.);
#2484 = LINE('',#2485,#2486);
#2485 = CARTESIAN_POINT('',(26.,-41.5,0.));
#2486 = VECTOR('',#2487,1.);
#2487 = DIRECTION('',(0.,-1.,0.));
#2488 = PCURVE('',#100,#2489);
#2489 = DEFINITIONAL_REPRESENTATION('',(#2490),#2494);
#2490 = LINE('',#2491,#2492);
#2491 = CARTESIAN_POINT('',(90.,22.5));
#2492 = VECTOR('',#2493,1.);
#2493 = DIRECTION('',(0.,-1.));
#2494 = ( GEOMETRIC_REPRESENTATION_CONTEXT(2) 
PARAMETRIC_REPRESENTATION_CONTEXT() REPRESENTATION_CONTEXT('2D SPACE',''
  ) );
#2495 = PCURVE('',#1210,#2496);
#2496 = DEFINITIONAL_REPRESENTATION('',(#2497),#2500);
#2497 = B_SPLINE_CURVE_WITH_KNOTS('',1,(#2498,#2499),.UNSPECIFIED.,.F.,
  .F.,(2,2),(-58.5,-28.5),.PIECEWISE_BEZIER_KNOTS.);
#2498 = CARTESIAN_POINT('',(36.,-1.));
#2499 = CARTESIAN_POINT('',(6.,-1.));
#2500 = ( GEOMETRIC_REPRESENTATION_CONTEXT(2) 
PARAMETRIC_REPRESENTATION_CONTEXT() REPRESENTATION_CONTEXT('2D SPACE',''
  ) );
#2501 = FACE_BOUND('',#2502,.F.);
#2502 = EDGE_LOOP('',(#2503,#2526,#2554,#2575));
#2503 = ORIENTED_EDGE('',*,*,#2504,.T.);
#2504 = EDGE_CURVE('',#2505,#2507,#2509,.T.);
#2505 = VERTEX_POINT('',#2506);
#2506 = CARTESIAN_POINT('',(46.4,28.,0.));
#2507 = VERTEX_POINT('',#2508);
#2508 = CARTESIAN_POINT('',(46.4,24.081666528903,0.));
#2509 = SURFACE_CURVE('',#2510,(#2514,#2520),.PCURVE_S1.);
#2510 = LINE('',#2511,#2512);
#2511 = CARTESIAN_POINT('',(46.4,-25.,0.));
#2512 = VECTOR('',#2513,1.);
#2513 = DIRECTION('',(0.,-1.,0.));
#2514 = PCURVE('',#100,#2515);
#2515 = DEFINITIONAL_REPRESENTATION('',(#2516),#2519);
#2516 = B_SPLINE_CURVE_WITH_KNOTS('',1,(#2517,#2518),.UNSPECIFIED.,.F.,
  .F.,(2,2),(-53.,-49.0816665289),.PIECEWISE_BEZIER_KNOTS.);
#2517 = CARTESIAN_POINT('',(110.4,92.));
#2518 = CARTESIAN_POINT('',(110.4,88.081666528903));
#2519 = ( GEOMETRIC_REPRESENTATION_CONTEXT(2) 
PARAMETRIC_REPRESENTATION_CONTEXT() REPRESENTATION_CONTEXT('2D SPACE',''
  ) );
#2520 = PCURVE('',#1240,#2521);
#2521 = DEFINITIONAL_REPRESENTATION('',(#2522),#2525);
#2522 = B_SPLINE_CURVE_WITH_KNOTS('',1,(#2523,#2524),.UNSPECIFIED.,.F.,
  .F.,(2,2),(-53.,-49.0816665289),.PIECEWISE_BEZIER_KNOTS.);
#2523 = CARTESIAN_POINT('',(14.,-1.));
#2524 = CARTESIAN_POINT('',(10.081666528903,-1.));
#2525 = ( GEOMETRIC_REPRESENTATION_CONTEXT(2) 
PARAMETRIC_REPRESENTATION_CONTEXT() REPRESENTATION_CONTEXT('2D SPACE',''
  ) );
#2526 = ORIENTED_EDGE('',*,*,#2527,.T.);
#2527 = EDGE_CURVE('',#2507,#2528,#2530,.T.);
#2528 = VERTEX_POINT('',#2529);
#2529 = CARTESIAN_POINT('',(37.6,24.081666528903,0.));
#2530 = SURFACE_CURVE('',#2531,(#2536,#2547),.PCURVE_S1.);
#2531 = CIRCLE('',#2532,11.);
#2532 = AXIS2_PLACEMENT_3D('',#2533,#2534,#2535);
#2533 = CARTESIAN_POINT('',(42.,14.,0.));
#2534 = DIRECTION('',(0.,0.,-1.));
#2535 = DIRECTION('',(1.,0.,0.));
#2536 = PCURVE('',#100,#2537);
#2537 = DEFINITIONAL_REPRESENTATION('',(#2538),#2546);
#2538 = ( BOUNDED_CURVE() B_SPLINE_CURVE(2,(#2539,#2540,#2541,#2542,
#2543,#2544,#2545),.UNSPECIFIED.,.T.,.F.) B_SPLINE_CURVE_WITH_KNOTS((1,2
    ,2,2,2,1),(-2.094395102393,0.,2.094395102393,4.188790204786,
6.28318530718,8.377580409573),.UNSPECIFIED.) CURVE() 
GEOMETRIC_REPRESENTATION_ITEM() RATIONAL_B_SPLINE_CURVE((1.,0.5,1.,0.5,
1.,0.5,1.)) REPRESENTATION_ITEM('') );
#2539 = CARTESIAN_POINT('',(117.,78.));
#2540 = CARTESIAN_POINT('',(117.,58.947441116742));
#2541 = CARTESIAN_POINT('',(100.5,68.473720558371));
#2542 = CARTESIAN_POINT('',(84.,78.));
#2543 = CARTESIAN_POINT('',(100.5,87.526279441629));
#2544 = CARTESIAN_POINT('',(117.,97.052558883258));
#2545 = CARTESIAN_POINT('',(117.,78.));
#2546 = ( GEOMETRIC_REPRESENTATION_CONTEXT(2) 
PARAMETRIC_REPRESENTATION_CONTEXT() REPRESENTATION_CONTEXT('2D SPACE',''
  ) );
#2547 = PCURVE('',#1272,#2548);
#2548 = DEFINITIONAL_REPRESENTATION('',(#2549),#2553);
#2549 = LINE('',#2550,#2551);
#2550 = CARTESIAN_POINT('',(-12.56637061435,-1.));
#2551 = VECTOR('',#2552,1.);
#2552 = DIRECTION('',(1.,-0.));
#2553 = ( GEOMETRIC_REPRESENTATION_CONTEXT(2) 
PARAMETRIC_REPRESENTATION_CONTEXT() REPRESENTATION_CONTEXT('2D SPACE',''
  ) );
#2554 = ORIENTED_EDGE('',*,*,#2555,.T.);
#2555 = EDGE_CURVE('',#2528,#2556,#2558,.T.);
#2556 = VERTEX_POINT('',#2557);
#2557 = CARTESIAN_POINT('',(37.6,28.,0.));
#2558 = SURFACE_CURVE('',#2559,(#2563,#2569),.PCURVE_S1.);
#2559 = LINE('',#2560,#2561);
#2560 = CARTESIAN_POINT('',(37.6,-18.,0.));
#2561 = VECTOR('',#2562,1.);
#2562 = DIRECTION('',(-0.,1.,0.));
#2563 = PCURVE('',#100,#2564);
#2564 = DEFINITIONAL_REPRESENTATION('',(#2565),#2568);
#2565 = B_SPLINE_CURVE_WITH_KNOTS('',1,(#2566,#2567),.UNSPECIFIED.,.F.,
  .F.,(2,2),(42.081666528903,46.),.PIECEWISE_BEZIER_KNOTS.);
#2566 = CARTESIAN_POINT('',(101.6,88.081666528903));
#2567 = CARTESIAN_POINT('',(101.6,92.));
#2568 = ( GEOMETRIC_REPRESENTATION_CONTEXT(2) 
PARAMETRIC_REPRESENTATION_CONTEXT() REPRESENTATION_CONTEXT('2D SPACE',''
  ) );
#2569 = PCURVE('',#1299,#2570);
#2570 = DEFINITIONAL_REPRESENTATION('',(#2571),#2574);
#2571 = B_SPLINE_CURVE_WITH_KNOTS('',1,(#2572,#2573),.UNSPECIFIED.,.F.,
  .F.,(2,2),(42.081666528903,46.),.PIECEWISE_BEZIER_KNOTS.);
#2572 = CARTESIAN_POINT('',(3.918333471097,-1.));
#2573 = CARTESIAN_POINT('',(0.,-1.));
#2574 = ( GEOMETRIC_REPRESENTATION_CONTEXT(2) 
PARAMETRIC_REPRESENTATION_CONTEXT() REPRESENTATION_CONTEXT('2D SPACE',''
  ) );
#2575 = ORIENTED_EDGE('',*,*,#2576,.T.);
#2576 = EDGE_CURVE('',#2556,#2505,#2577,.T.);
#2577 = SURFACE_CURVE('',#2578,(#2583,#2594),.PCURVE_S1.);
#2578 = CIRCLE('',#2579,4.4);
#2579 = AXIS2_PLACEMENT_3D('',#2580,#2581,#2582);
#2580 = CARTESIAN_POINT('',(42.,28.,0.));
#2581 = DIRECTION('',(0.,0.,-1.));
#2582 = DIRECTION('',(1.,0.,0.));
#2583 = PCURVE('',#100,#2584);
#2584 = DEFINITIONAL_REPRESENTATION('',(#2585),#2593);
#2585 = ( BOUNDED_CURVE() B_SPLINE_CURVE(2,(#2586,#2587,#2588,#2589,
#2590,#2591,#2592),.UNSPECIFIED.,.T.,.F.) B_SPLINE_CURVE_WITH_KNOTS((1,2
    ,2,2,2,1),(-2.094395102393,0.,2.094395102393,4.188790204786,
6.28318530718,8.377580409573),.UNSPECIFIED.) CURVE() 
GEOMETRIC_REPRESENTATION_ITEM() RATIONAL_B_SPLINE_CURVE((1.,0.5,1.,0.5,
1.,0.5,1.)) REPRESENTATION_ITEM('') );
#2586 = CARTESIAN_POINT('',(110.4,92.));
#2587 = CARTESIAN_POINT('',(110.4,84.378976446697));
#2588 = CARTESIAN_POINT('',(103.8,88.189488223348));
#2589 = CARTESIAN_POINT('',(97.2,92.));
#2590 = CARTESIAN_POINT('',(103.8,95.810511776652));
#2591 = CARTESIAN_POINT('',(110.4,99.621023553303));
#2592 = CARTESIAN_POINT('',(110.4,92.));
#2593 = ( GEOMETRIC_REPRESENTATION_CONTEXT(2) 
PARAMETRIC_REPRESENTATION_CONTEXT() REPRESENTATION_CONTEXT('2D SPACE',''
  ) );
#2594 = PCURVE('',#1329,#2595);
#2595 = DEFINITIONAL_REPRESENTATION('',(#2596),#2600);
#2596 = LINE('',#2597,#2598);
#2597 = CARTESIAN_POINT('',(-6.28318530718,-1.));
#2598 = VECTOR('',#2599,1.);
#2599 = DIRECTION('',(1.,-0.));
#2600 = ( GEOMETRIC_REPRESENTATION_CONTEXT(2) 
PARAMETRIC_REPRESENTATION_CONTEXT() REPRESENTATION_CONTEXT('2D SPACE',''
  ) );
#2601 = FACE_BOUND('',#2602,.F.);
#2602 = EDGE_LOOP('',(#2603));
#2603 = ORIENTED_EDGE('',*,*,#2604,.T.);
#2604 = EDGE_CURVE('',#2605,#2605,#2607,.T.);
#2605 = VERTEX_POINT('',#2606);
#2606 = CARTESIAN_POINT('',(52.3,50.,0.));
#2607 = SURFACE_CURVE('',#2608,(#2613,#2624),.PCURVE_S1.);
#2608 = CIRCLE('',#2609,2.3);
#2609 = AXIS2_PLACEMENT_3D('',#2610,#2611,#2612);
#2610 = CARTESIAN_POINT('',(50.,50.,0.));
#2611 = DIRECTION('',(0.,0.,-1.));
#2612 = DIRECTION('',(1.,0.,0.));
#2613 = PCURVE('',#100,#2614);
#2614 = DEFINITIONAL_REPRESENTATION('',(#2615),#2623);
#2615 = ( BOUNDED_CURVE() B_SPLINE_CURVE(2,(#2616,#2617,#2618,#2619,
#2620,#2621,#2622),.UNSPECIFIED.,.T.,.F.) B_SPLINE_CURVE_WITH_KNOTS((1,2
    ,2,2,2,1),(-2.094395102393,0.,2.094395102393,4.188790204786,
6.28318530718,8.377580409573),.UNSPECIFIED.) CURVE() 
GEOMETRIC_REPRESENTATION_ITEM() RATIONAL_B_SPLINE_CURVE((1.,0.5,1.,0.5,
1.,0.5,1.)) REPRESENTATION_ITEM('') );
#2616 = CARTESIAN_POINT('',(116.3,114.));
#2617 = CARTESIAN_POINT('',(116.3,110.01628314259));
#2618 = CARTESIAN_POINT('',(112.85,112.00814157129));
#2619 = CARTESIAN_POINT('',(109.4,114.));
#2620 = CARTESIAN_POINT('',(112.85,115.9918584287));
#2621 = CARTESIAN_POINT('',(116.3,117.9837168574));
#2622 = CARTESIAN_POINT('',(116.3,114.));
#2623 = ( GEOMETRIC_REPRESENTATION_CONTEXT(2) 
PARAMETRIC_REPRESENTATION_CONTEXT() REPRESENTATION_CONTEXT('2D SPACE',''
  ) );
#2624 = PCURVE('',#2625,#2630);
#2625 = CYLINDRICAL_SURFACE('',#2626,2.3);
#2626 = AXIS2_PLACEMENT_3D('',#2627,#2628,#2629);
#2627 = CARTESIAN_POINT('',(50.,50.,-1.));
#2628 = DIRECTION('',(-0.,-0.,-1.));
#2629 = DIRECTION('',(1.,0.,0.));
#2630 = DEFINITIONAL_REPRESENTATION('',(#2631),#2635);
#2631 = LINE('',#2632,#2633);
#2632 = CARTESIAN_POINT('',(-6.28318530718,-1.));
#2633 = VECTOR('',#2634,1.);
#2634 = DIRECTION('',(1.,-0.));
#2635 = ( GEOMETRIC_REPRESENTATION_CONTEXT(2) 
PARAMETRIC_REPRESENTATION_CONTEXT() REPRESENTATION_CONTEXT('2D SPACE',''
  ) );
#2636 = ADVANCED_FACE('',(#2637),#406,.T.);
#2637 = FACE_BOUND('',#2638,.T.);
#2638 = EDGE_LOOP('',(#2639,#2640,#2641,#2642));
#2639 = ORIENTED_EDGE('',*,*,#1669,.F.);
#2640 = ORIENTED_EDGE('',*,*,#1457,.T.);
#2641 = ORIENTED_EDGE('',*,*,#390,.T.);
#2642 = ORIENTED_EDGE('',*,*,#2643,.F.);
#2643 = EDGE_CURVE('',#1646,#362,#2644,.T.);
#2644 = SURFACE_CURVE('',#2645,(#2649,#2656),.PCURVE_S1.);
#2645 = LINE('',#2646,#2647);
#2646 = CARTESIAN_POINT('',(59.,64.,0.));
#2647 = VECTOR('',#2648,1.);
#2648 = DIRECTION('',(0.,0.,1.));
#2649 = PCURVE('',#406,#2650);
#2650 = DEFINITIONAL_REPRESENTATION('',(#2651),#2655);
#2651 = LINE('',#2652,#2653);
#2652 = CARTESIAN_POINT('',(0.,123.));
#2653 = VECTOR('',#2654,1.);
#2654 = DIRECTION('',(1.,0.));
#2655 = ( GEOMETRIC_REPRESENTATION_CONTEXT(2) 
PARAMETRIC_REPRESENTATION_CONTEXT() REPRESENTATION_CONTEXT('2D SPACE',''
  ) );
#2656 = PCURVE('',#378,#2657);
#2657 = DEFINITIONAL_REPRESENTATION('',(#2658),#2662);
#2658 = LINE('',#2659,#2660);
#2659 = CARTESIAN_POINT('',(1.570796326795,0.));
#2660 = VECTOR('',#2661,1.);
#2661 = DIRECTION('',(0.,1.));
#2662 = ( GEOMETRIC_REPRESENTATION_CONTEXT(2) 
PARAMETRIC_REPRESENTATION_CONTEXT() REPRESENTATION_CONTEXT('2D SPACE',''
  ) );
#2663 = ADVANCED_FACE('',(#2664),#378,.T.);
#2664 = FACE_BOUND('',#2665,.T.);
#2665 = EDGE_LOOP('',(#2666,#2667,#2668,#2669));
#2666 = ORIENTED_EDGE('',*,*,#1645,.T.);
#2667 = ORIENTED_EDGE('',*,*,#2643,.T.);
#2668 = ORIENTED_EDGE('',*,*,#361,.F.);
#2669 = ORIENTED_EDGE('',*,*,#2670,.F.);
#2670 = EDGE_CURVE('',#1623,#334,#2671,.T.);
#2671 = SURFACE_CURVE('',#2672,(#2676,#2683),.PCURVE_S1.);
#2672 = LINE('',#2673,#2674);
#2673 = CARTESIAN_POINT('',(64.,59.,0.));
#2674 = VECTOR('',#2675,1.);
#2675 = DIRECTION('',(0.,0.,1.));
#2676 = PCURVE('',#378,#2677);
#2677 = DEFINITIONAL_REPRESENTATION('',(#2678),#2682);
#2678 = LINE('',#2679,#2680);
#2679 = CARTESIAN_POINT('',(0.,0.));
#2680 = VECTOR('',#2681,1.);
#2681 = DIRECTION('',(0.,1.));
#2682 = ( GEOMETRIC_REPRESENTATION_CONTEXT(2) 
PARAMETRIC_REPRESENTATION_CONTEXT() REPRESENTATION_CONTEXT('2D SPACE',''
  ) );
#2683 = PCURVE('',#349,#2684);
#2684 = DEFINITIONAL_REPRESENTATION('',(#2685),#2689);
#2685 = LINE('',#2686,#2687);
#2686 = CARTESIAN_POINT('',(0.,-123.));
#2687 = VECTOR('',#2688,1.);
#2688 = DIRECTION('',(1.,0.));
#2689 = ( GEOMETRIC_REPRESENTATION_CONTEXT(2) 
PARAMETRIC_REPRESENTATION_CONTEXT() REPRESENTATION_CONTEXT('2D SPACE',''
  ) );
#2690 = ADVANCED_FACE('',(#2691),#349,.T.);
#2691 = FACE_BOUND('',#2692,.T.);
#2692 = EDGE_LOOP('',(#2693,#2694,#2715,#2716));
#2693 = ORIENTED_EDGE('',*,*,#333,.F.);
#2694 = ORIENTED_EDGE('',*,*,#2695,.F.);
#2695 = EDGE_CURVE('',#1595,#301,#2696,.T.);
#2696 = SURFACE_CURVE('',#2697,(#2701,#2708),.PCURVE_S1.);
#2697 = LINE('',#2698,#2699);
#2698 = CARTESIAN_POINT('',(64.,-59.,0.));
#2699 = VECTOR('',#2700,1.);
#2700 = DIRECTION('',(0.,0.,1.));
#2701 = PCURVE('',#349,#2702);
#2702 = DEFINITIONAL_REPRESENTATION('',(#2703),#2707);
#2703 = LINE('',#2704,#2705);
#2704 = CARTESIAN_POINT('',(0.,-5.));
#2705 = VECTOR('',#2706,1.);
#2706 = DIRECTION('',(1.,0.));
#2707 = ( GEOMETRIC_REPRESENTATION_CONTEXT(2) 
PARAMETRIC_REPRESENTATION_CONTEXT() REPRESENTATION_CONTEXT('2D SPACE',''
  ) );
#2708 = PCURVE('',#321,#2709);
#2709 = DEFINITIONAL_REPRESENTATION('',(#2710),#2714);
#2710 = LINE('',#2711,#2712);
#2711 = CARTESIAN_POINT('',(-0.,0.));
#2712 = VECTOR('',#2713,1.);
#2713 = DIRECTION('',(-0.,1.));
#2714 = ( GEOMETRIC_REPRESENTATION_CONTEXT(2) 
PARAMETRIC_REPRESENTATION_CONTEXT() REPRESENTATION_CONTEXT('2D SPACE',''
  ) );
#2715 = ORIENTED_EDGE('',*,*,#1622,.T.);
#2716 = ORIENTED_EDGE('',*,*,#2670,.T.);
#2717 = ADVANCED_FACE('',(#2718),#321,.T.);
#2718 = FACE_BOUND('',#2719,.F.);
#2719 = EDGE_LOOP('',(#2720,#2721,#2742,#2743));
#2720 = ORIENTED_EDGE('',*,*,#1594,.T.);
#2721 = ORIENTED_EDGE('',*,*,#2722,.T.);
#2722 = EDGE_CURVE('',#1572,#273,#2723,.T.);
#2723 = SURFACE_CURVE('',#2724,(#2728,#2735),.PCURVE_S1.);
#2724 = LINE('',#2725,#2726);
#2725 = CARTESIAN_POINT('',(59.,-64.,0.));
#2726 = VECTOR('',#2727,1.);
#2727 = DIRECTION('',(0.,0.,1.));
#2728 = PCURVE('',#321,#2729);
#2729 = DEFINITIONAL_REPRESENTATION('',(#2730),#2734);
#2730 = LINE('',#2731,#2732);
#2731 = CARTESIAN_POINT('',(-1.570796326795,0.));
#2732 = VECTOR('',#2733,1.);
#2733 = DIRECTION('',(-0.,1.));
#2734 = ( GEOMETRIC_REPRESENTATION_CONTEXT(2) 
PARAMETRIC_REPRESENTATION_CONTEXT() REPRESENTATION_CONTEXT('2D SPACE',''
  ) );
#2735 = PCURVE('',#288,#2736);
#2736 = DEFINITIONAL_REPRESENTATION('',(#2737),#2741);
#2737 = LINE('',#2738,#2739);
#2738 = CARTESIAN_POINT('',(0.,123.));
#2739 = VECTOR('',#2740,1.);
#2740 = DIRECTION('',(1.,0.));
#2741 = ( GEOMETRIC_REPRESENTATION_CONTEXT(2) 
PARAMETRIC_REPRESENTATION_CONTEXT() REPRESENTATION_CONTEXT('2D SPACE',''
  ) );
#2742 = ORIENTED_EDGE('',*,*,#300,.F.);
#2743 = ORIENTED_EDGE('',*,*,#2695,.F.);
#2744 = ADVANCED_FACE('',(#2745,#2771),#288,.F.);
#2745 = FACE_BOUND('',#2746,.F.);
#2746 = EDGE_LOOP('',(#2747,#2748,#2769,#2770));
#2747 = ORIENTED_EDGE('',*,*,#1571,.F.);
#2748 = ORIENTED_EDGE('',*,*,#2749,.T.);
#2749 = EDGE_CURVE('',#1551,#247,#2750,.T.);
#2750 = SURFACE_CURVE('',#2751,(#2755,#2762),.PCURVE_S1.);
#2751 = LINE('',#2752,#2753);
#2752 = CARTESIAN_POINT('',(28.,-64.,-1.));
#2753 = VECTOR('',#2754,1.);
#2754 = DIRECTION('',(0.,0.,1.));
#2755 = PCURVE('',#288,#2756);
#2756 = DEFINITIONAL_REPRESENTATION('',(#2757),#2761);
#2757 = LINE('',#2758,#2759);
#2758 = CARTESIAN_POINT('',(-1.,92.));
#2759 = VECTOR('',#2760,1.);
#2760 = DIRECTION('',(1.,0.));
#2761 = ( GEOMETRIC_REPRESENTATION_CONTEXT(2) 
PARAMETRIC_REPRESENTATION_CONTEXT() REPRESENTATION_CONTEXT('2D SPACE',''
  ) );
#2762 = PCURVE('',#261,#2763);
#2763 = DEFINITIONAL_REPRESENTATION('',(#2764),#2768);
#2764 = LINE('',#2765,#2766);
#2765 = CARTESIAN_POINT('',(0.,0.));
#2766 = VECTOR('',#2767,1.);
#2767 = DIRECTION('',(0.,-1.));
#2768 = ( GEOMETRIC_REPRESENTATION_CONTEXT(2) 
PARAMETRIC_REPRESENTATION_CONTEXT() REPRESENTATION_CONTEXT('2D SPACE',''
  ) );
#2769 = ORIENTED_EDGE('',*,*,#272,.T.);
#2770 = ORIENTED_EDGE('',*,*,#2722,.F.);
#2771 = FACE_BOUND('',#2772,.F.);
#2772 = EDGE_LOOP('',(#2773));
#2773 = ORIENTED_EDGE('',*,*,#2774,.F.);
#2774 = EDGE_CURVE('',#2775,#2775,#2777,.T.);
#2775 = VERTEX_POINT('',#2776);
#2776 = CARTESIAN_POINT('',(36.,-64.,7.75));
#2777 = SURFACE_CURVE('',#2778,(#2783,#2790),.PCURVE_S1.);
#2778 = CIRCLE('',#2779,2.75);
#2779 = AXIS2_PLACEMENT_3D('',#2780,#2781,#2782);
#2780 = CARTESIAN_POINT('',(36.,-64.,5.));
#2781 = DIRECTION('',(0.,1.,0.));
#2782 = DIRECTION('',(0.,-0.,1.));
#2783 = PCURVE('',#288,#2784);
#2784 = DEFINITIONAL_REPRESENTATION('',(#2785),#2789);
#2785 = CIRCLE('',#2786,2.75);
#2786 = AXIS2_PLACEMENT_2D('',#2787,#2788);
#2787 = CARTESIAN_POINT('',(5.,100.));
#2788 = DIRECTION('',(1.,0.));
#2789 = ( GEOMETRIC_REPRESENTATION_CONTEXT(2) 
PARAMETRIC_REPRESENTATION_CONTEXT() REPRESENTATION_CONTEXT('2D SPACE',''
  ) );
#2790 = PCURVE('',#2791,#2796);
#2791 = CYLINDRICAL_SURFACE('',#2792,2.75);
#2792 = AXIS2_PLACEMENT_3D('',#2793,#2794,#2795);
#2793 = CARTESIAN_POINT('',(36.,-64.5,5.));
#2794 = DIRECTION('',(0.,1.,0.));
#2795 = DIRECTION('',(0.,-0.,1.));
#2796 = DEFINITIONAL_REPRESENTATION('',(#2797),#2801);
#2797 = LINE('',#2798,#2799);
#2798 = CARTESIAN_POINT('',(0.,0.5));
#2799 = VECTOR('',#2800,1.);
#2800 = DIRECTION('',(1.,0.));
#2801 = ( GEOMETRIC_REPRESENTATION_CONTEXT(2) 
PARAMETRIC_REPRESENTATION_CONTEXT() REPRESENTATION_CONTEXT('2D SPACE',''
  ) );
#2802 = ADVANCED_FACE('',(#2803),#261,.T.);
#2803 = FACE_BOUND('',#2804,.T.);
#2804 = EDGE_LOOP('',(#2805,#2806,#2807,#2808));
#2805 = ORIENTED_EDGE('',*,*,#1550,.T.);
#2806 = ORIENTED_EDGE('',*,*,#2749,.T.);
#2807 = ORIENTED_EDGE('',*,*,#246,.F.);
#2808 = ORIENTED_EDGE('',*,*,#2809,.F.);
#2809 = EDGE_CURVE('',#1530,#221,#2810,.T.);
#2810 = SURFACE_CURVE('',#2811,(#2815,#2822),.PCURVE_S1.);
#2811 = LINE('',#2812,#2813);
#2812 = CARTESIAN_POINT('',(28.,-34.,-1.));
#2813 = VECTOR('',#2814,1.);
#2814 = DIRECTION('',(0.,0.,1.));
#2815 = PCURVE('',#261,#2816);
#2816 = DEFINITIONAL_REPRESENTATION('',(#2817),#2821);
#2817 = LINE('',#2818,#2819);
#2818 = CARTESIAN_POINT('',(30.,0.));
#2819 = VECTOR('',#2820,1.);
#2820 = DIRECTION('',(0.,-1.));
#2821 = ( GEOMETRIC_REPRESENTATION_CONTEXT(2) 
PARAMETRIC_REPRESENTATION_CONTEXT() REPRESENTATION_CONTEXT('2D SPACE',''
  ) );
#2822 = PCURVE('',#235,#2823);
#2823 = DEFINITIONAL_REPRESENTATION('',(#2824),#2828);
#2824 = LINE('',#2825,#2826);
#2825 = CARTESIAN_POINT('',(0.,-0.));
#2826 = VECTOR('',#2827,1.);
#2827 = DIRECTION('',(0.,-1.));
#2828 = ( GEOMETRIC_REPRESENTATION_CONTEXT(2) 
PARAMETRIC_REPRESENTATION_CONTEXT() REPRESENTATION_CONTEXT('2D SPACE',''
  ) );
#2829 = ADVANCED_FACE('',(#2830),#235,.T.);
#2830 = FACE_BOUND('',#2831,.T.);
#2831 = EDGE_LOOP('',(#2832,#2833,#2834,#2835));
#2832 = ORIENTED_EDGE('',*,*,#1529,.T.);
#2833 = ORIENTED_EDGE('',*,*,#2809,.T.);
#2834 = ORIENTED_EDGE('',*,*,#220,.F.);
#2835 = ORIENTED_EDGE('',*,*,#2836,.F.);
#2836 = EDGE_CURVE('',#1509,#195,#2837,.T.);
#2837 = SURFACE_CURVE('',#2838,(#2842,#2849),.PCURVE_S1.);
#2838 = LINE('',#2839,#2840);
#2839 = CARTESIAN_POINT('',(-28.,-34.,-1.));
#2840 = VECTOR('',#2841,1.);
#2841 = DIRECTION('',(0.,0.,1.));
#2842 = PCURVE('',#235,#2843);
#2843 = DEFINITIONAL_REPRESENTATION('',(#2844),#2848);
#2844 = LINE('',#2845,#2846);
#2845 = CARTESIAN_POINT('',(56.,0.));
#2846 = VECTOR('',#2847,1.);
#2847 = DIRECTION('',(0.,-1.));
#2848 = ( GEOMETRIC_REPRESENTATION_CONTEXT(2) 
PARAMETRIC_REPRESENTATION_CONTEXT() REPRESENTATION_CONTEXT('2D SPACE',''
  ) );
#2849 = PCURVE('',#209,#2850);
#2850 = DEFINITIONAL_REPRESENTATION('',(#2851),#2855);
#2851 = LINE('',#2852,#2853);
#2852 = CARTESIAN_POINT('',(0.,0.));
#2853 = VECTOR('',#2854,1.);
#2854 = DIRECTION('',(0.,-1.));
#2855 = ( GEOMETRIC_REPRESENTATION_CONTEXT(2) 
PARAMETRIC_REPRESENTATION_CONTEXT() REPRESENTATION_CONTEXT('2D SPACE',''
  ) );
#2856 = ADVANCED_FACE('',(#2857),#209,.T.);
#2857 = FACE_BOUND('',#2858,.T.);
#2858 = EDGE_LOOP('',(#2859,#2860,#2861,#2862));
#2859 = ORIENTED_EDGE('',*,*,#1508,.T.);
#2860 = ORIENTED_EDGE('',*,*,#2836,.T.);
#2861 = ORIENTED_EDGE('',*,*,#194,.F.);
#2862 = ORIENTED_EDGE('',*,*,#2863,.F.);
#2863 = EDGE_CURVE('',#1486,#167,#2864,.T.);
#2864 = SURFACE_CURVE('',#2865,(#2869,#2876),.PCURVE_S1.);
#2865 = LINE('',#2866,#2867);
#2866 = CARTESIAN_POINT('',(-28.,-64.,-1.));
#2867 = VECTOR('',#2868,1.);
#2868 = DIRECTION('',(0.,0.,1.));
#2869 = PCURVE('',#209,#2870);
#2870 = DEFINITIONAL_REPRESENTATION('',(#2871),#2875);
#2871 = LINE('',#2872,#2873);
#2872 = CARTESIAN_POINT('',(30.,0.));
#2873 = VECTOR('',#2874,1.);
#2874 = DIRECTION('',(0.,-1.));
#2875 = ( GEOMETRIC_REPRESENTATION_CONTEXT(2) 
PARAMETRIC_REPRESENTATION_CONTEXT() REPRESENTATION_CONTEXT('2D SPACE',''
  ) );
#2876 = PCURVE('',#182,#2877);
#2877 = DEFINITIONAL_REPRESENTATION('',(#2878),#2882);
#2878 = LINE('',#2879,#2880);
#2879 = CARTESIAN_POINT('',(-1.,36.));
#2880 = VECTOR('',#2881,1.);
#2881 = DIRECTION('',(1.,0.));
#2882 = ( GEOMETRIC_REPRESENTATION_CONTEXT(2) 
PARAMETRIC_REPRESENTATION_CONTEXT() REPRESENTATION_CONTEXT('2D SPACE',''
  ) );
#2883 = ADVANCED_FACE('',(#2884),#182,.F.);
#2884 = FACE_BOUND('',#2885,.F.);
#2885 = EDGE_LOOP('',(#2886,#2887,#2888,#2889));
#2886 = ORIENTED_EDGE('',*,*,#1485,.F.);
#2887 = ORIENTED_EDGE('',*,*,#1403,.T.);
#2888 = ORIENTED_EDGE('',*,*,#166,.T.);
#2889 = ORIENTED_EDGE('',*,*,#2863,.F.);
#2890 = ADVANCED_FACE('',(#2891),#469,.F.);
#2891 = FACE_BOUND('',#2892,.T.);
#2892 = EDGE_LOOP('',(#2893,#2912,#2913,#2934,#2967,#2986));
#2893 = ORIENTED_EDGE('',*,*,#2894,.T.);
#2894 = EDGE_CURVE('',#447,#1694,#2895,.T.);
#2895 = SURFACE_CURVE('',#2896,(#2900,#2906),.PCURVE_S1.);
#2896 = LINE('',#2897,#2898);
#2897 = CARTESIAN_POINT('',(-37.6,-31.91833347109,-1.));
#2898 = VECTOR('',#2899,1.);
#2899 = DIRECTION('',(-0.,-0.,-1.));
#2900 = PCURVE('',#469,#2901);
#2901 = DEFINITIONAL_REPRESENTATION('',(#2902),#2905);
#2902 = B_SPLINE_CURVE_WITH_KNOTS('',1,(#2903,#2904),.UNSPECIFIED.,.F.,
  .F.,(2,2),(-12.,0.),.PIECEWISE_BEZIER_KNOTS.);
#2903 = CARTESIAN_POINT('',(-7.442464787907,-12.));
#2904 = CARTESIAN_POINT('',(-7.442464787907,0.));
#2905 = ( GEOMETRIC_REPRESENTATION_CONTEXT(2) 
PARAMETRIC_REPRESENTATION_CONTEXT() REPRESENTATION_CONTEXT('2D SPACE',''
  ) );
#2906 = PCURVE('',#619,#2907);
#2907 = DEFINITIONAL_REPRESENTATION('',(#2908),#2911);
#2908 = B_SPLINE_CURVE_WITH_KNOTS('',1,(#2909,#2910),.UNSPECIFIED.,.F.,
  .F.,(2,2),(-12.0000006,5.999999999062E-07),.PIECEWISE_BEZIER_KNOTS.);
#2909 = CARTESIAN_POINT('',(10.081666528903,-12.0000006));
#2910 = CARTESIAN_POINT('',(10.081666528903,5.999999999062E-07));
#2911 = ( GEOMETRIC_REPRESENTATION_CONTEXT(2) 
PARAMETRIC_REPRESENTATION_CONTEXT() REPRESENTATION_CONTEXT('2D SPACE',''
  ) );
#2912 = ORIENTED_EDGE('',*,*,#1693,.T.);
#2913 = ORIENTED_EDGE('',*,*,#2914,.F.);
#2914 = EDGE_CURVE('',#2915,#1696,#2917,.T.);
#2915 = VERTEX_POINT('',#2916);
#2916 = CARTESIAN_POINT('',(-48.03559070385,-51.19628429614,11.));
#2917 = SURFACE_CURVE('',#2918,(#2922,#2928),.PCURVE_S1.);
#2918 = LINE('',#2919,#2920);
#2919 = CARTESIAN_POINT('',(-48.03559070385,-51.19628429614,-1.));
#2920 = VECTOR('',#2921,1.);
#2921 = DIRECTION('',(-0.,-0.,-1.));
#2922 = PCURVE('',#469,#2923);
#2923 = DEFINITIONAL_REPRESENTATION('',(#2924),#2927);
#2924 = B_SPLINE_CURVE_WITH_KNOTS('',1,(#2925,#2926),.UNSPECIFIED.,.F.,
  .F.,(2,2),(-12.0000006,-0.9999994),.PIECEWISE_BEZIER_KNOTS.);
#2925 = CARTESIAN_POINT('',(-4.13159241029,-12.0000006));
#2926 = CARTESIAN_POINT('',(-4.13159241029,-0.9999994));
#2927 = ( GEOMETRIC_REPRESENTATION_CONTEXT(2) 
PARAMETRIC_REPRESENTATION_CONTEXT() REPRESENTATION_CONTEXT('2D SPACE',''
  ) );
#2928 = PCURVE('',#1744,#2929);
#2929 = DEFINITIONAL_REPRESENTATION('',(#2930),#2933);
#2930 = B_SPLINE_CURVE_WITH_KNOTS('',1,(#2931,#2932),.UNSPECIFIED.,.F.,
  .F.,(2,2),(-12.0000006,-0.9999994),.PIECEWISE_BEZIER_KNOTS.);
#2931 = CARTESIAN_POINT('',(-5.736189639381,-12.0000006));
#2932 = CARTESIAN_POINT('',(-5.736189639381,-0.9999994));
#2933 = ( GEOMETRIC_REPRESENTATION_CONTEXT(2) 
PARAMETRIC_REPRESENTATION_CONTEXT() REPRESENTATION_CONTEXT('2D SPACE',''
  ) );
#2934 = ORIENTED_EDGE('',*,*,#2935,.F.);
#2935 = EDGE_CURVE('',#2936,#2915,#2938,.T.);
#2936 = VERTEX_POINT('',#2937);
#2937 = CARTESIAN_POINT('',(-41.51087985837,-52.98912014162,11.));
#2938 = SURFACE_CURVE('',#2939,(#2944,#2951),.PCURVE_S1.);
#2939 = CIRCLE('',#2940,11.);
#2940 = AXIS2_PLACEMENT_3D('',#2941,#2942,#2943);
#2941 = CARTESIAN_POINT('',(-42.,-42.,11.));
#2942 = DIRECTION('',(0.,0.,-1.));
#2943 = DIRECTION('',(0.4,0.916515138991,0.));
#2944 = PCURVE('',#469,#2945);
#2945 = DEFINITIONAL_REPRESENTATION('',(#2946),#2950);
#2946 = LINE('',#2947,#2948);
#2947 = CARTESIAN_POINT('',(-7.442464787907,-12.));
#2948 = VECTOR('',#2949,1.);
#2949 = DIRECTION('',(1.,-0.));
#2950 = ( GEOMETRIC_REPRESENTATION_CONTEXT(2) 
PARAMETRIC_REPRESENTATION_CONTEXT() REPRESENTATION_CONTEXT('2D SPACE',''
  ) );
#2951 = PCURVE('',#2952,#2957);
#2952 = PLANE('',#2953);
#2953 = AXIS2_PLACEMENT_3D('',#2954,#2955,#2956);
#2954 = CARTESIAN_POINT('',(-42.,-42.,11.));
#2955 = DIRECTION('',(0.,0.,1.));
#2956 = DIRECTION('',(1.,0.,-0.));
#2957 = DEFINITIONAL_REPRESENTATION('',(#2958),#2966);
#2958 = ( BOUNDED_CURVE() B_SPLINE_CURVE(2,(#2959,#2960,#2961,#2962,
#2963,#2964,#2965),.UNSPECIFIED.,.T.,.F.) B_SPLINE_CURVE_WITH_KNOTS((1,2
    ,2,2,2,1),(-2.094395102393,0.,2.094395102393,4.188790204786,
6.28318530718,8.377580409573),.UNSPECIFIED.) CURVE() 
GEOMETRIC_REPRESENTATION_ITEM() RATIONAL_B_SPLINE_CURVE((1.,0.5,1.,0.5,
1.,0.5,1.)) REPRESENTATION_ITEM('') );
#2959 = CARTESIAN_POINT('',(4.4,10.081666528903));
#2960 = CARTESIAN_POINT('',(21.861958653026,2.460642975599));
#2961 = CARTESIAN_POINT('',(6.530979326513,-8.851345041103));
#2962 = CARTESIAN_POINT('',(-8.800000000001,-20.1633330578));
#2963 = CARTESIAN_POINT('',(-10.93097932651,-1.2303214878));
#2964 = CARTESIAN_POINT('',(-13.06195865302,17.702690082206));
#2965 = CARTESIAN_POINT('',(4.4,10.081666528903));
#2966 = ( GEOMETRIC_REPRESENTATION_CONTEXT(2) 
PARAMETRIC_REPRESENTATION_CONTEXT() REPRESENTATION_CONTEXT('2D SPACE',''
  ) );
#2967 = ORIENTED_EDGE('',*,*,#2968,.T.);
#2968 = EDGE_CURVE('',#2936,#449,#2969,.T.);
#2969 = SURFACE_CURVE('',#2970,(#2974,#2980),.PCURVE_S1.);
#2970 = LINE('',#2971,#2972);
#2971 = CARTESIAN_POINT('',(-41.51087985837,-52.98912014162,0.));
#2972 = VECTOR('',#2973,1.);
#2973 = DIRECTION('',(-0.,-0.,-1.));
#2974 = PCURVE('',#469,#2975);
#2975 = DEFINITIONAL_REPRESENTATION('',(#2976),#2979);
#2976 = B_SPLINE_CURVE_WITH_KNOTS('',1,(#2977,#2978),.UNSPECIFIED.,.F.,
  .F.,(2,2),(-11.0000006,-9.9999994),.PIECEWISE_BEZIER_KNOTS.);
#2977 = CARTESIAN_POINT('',(-4.756869113547,-12.0000006));
#2978 = CARTESIAN_POINT('',(-4.756869113547,-10.9999994));
#2979 = ( GEOMETRIC_REPRESENTATION_CONTEXT(2) 
PARAMETRIC_REPRESENTATION_CONTEXT() REPRESENTATION_CONTEXT('2D SPACE',''
  ) );
#2980 = PCURVE('',#502,#2981);
#2981 = DEFINITIONAL_REPRESENTATION('',(#2982),#2985);
#2982 = B_SPLINE_CURVE_WITH_KNOTS('',1,(#2983,#2984),.UNSPECIFIED.,.F.,
  .F.,(2,2),(-11.0000006,-9.9999994),.PIECEWISE_BEZIER_KNOTS.);
#2983 = CARTESIAN_POINT('',(-5.944630311185,-11.0000006));
#2984 = CARTESIAN_POINT('',(-5.944630311185,-9.9999994));
#2985 = ( GEOMETRIC_REPRESENTATION_CONTEXT(2) 
PARAMETRIC_REPRESENTATION_CONTEXT() REPRESENTATION_CONTEXT('2D SPACE',''
  ) );
#2986 = ORIENTED_EDGE('',*,*,#446,.F.);
#2987 = ADVANCED_FACE('',(#2988),#619,.T.);
#2988 = FACE_BOUND('',#2989,.T.);
#2989 = EDGE_LOOP('',(#2990,#2991,#2992,#2993));
#2990 = ORIENTED_EDGE('',*,*,#1833,.T.);
#2991 = ORIENTED_EDGE('',*,*,#2894,.F.);
#2992 = ORIENTED_EDGE('',*,*,#606,.F.);
#2993 = ORIENTED_EDGE('',*,*,#2994,.F.);
#2994 = EDGE_CURVE('',#1806,#574,#2995,.T.);
#2995 = SURFACE_CURVE('',#2996,(#3000,#3007),.PCURVE_S1.);
#2996 = LINE('',#2997,#2998);
#2997 = CARTESIAN_POINT('',(-37.6,-28.,-1.));
#2998 = VECTOR('',#2999,1.);
#2999 = DIRECTION('',(0.,0.,1.));
#3000 = PCURVE('',#619,#3001);
#3001 = DEFINITIONAL_REPRESENTATION('',(#3002),#3006);
#3002 = LINE('',#3003,#3004);
#3003 = CARTESIAN_POINT('',(14.,0.));
#3004 = VECTOR('',#3005,1.);
#3005 = DIRECTION('',(0.,-1.));
#3006 = ( GEOMETRIC_REPRESENTATION_CONTEXT(2) 
PARAMETRIC_REPRESENTATION_CONTEXT() REPRESENTATION_CONTEXT('2D SPACE',''
  ) );
#3007 = PCURVE('',#594,#3008);
#3008 = DEFINITIONAL_REPRESENTATION('',(#3009),#3012);
#3009 = B_SPLINE_CURVE_WITH_KNOTS('',1,(#3010,#3011),.UNSPECIFIED.,.F.,
  .F.,(2,2),(0.,12.),.PIECEWISE_BEZIER_KNOTS.);
#3010 = CARTESIAN_POINT('',(0.,0.));
#3011 = CARTESIAN_POINT('',(0.,-12.));
#3012 = ( GEOMETRIC_REPRESENTATION_CONTEXT(2) 
PARAMETRIC_REPRESENTATION_CONTEXT() REPRESENTATION_CONTEXT('2D SPACE',''
  ) );
#3013 = ADVANCED_FACE('',(#3014),#502,.T.);
#3014 = FACE_BOUND('',#3015,.F.);
#3015 = EDGE_LOOP('',(#3016,#3017,#3018,#3039,#3067,#3090,#3117,#3118));
#3016 = ORIENTED_EDGE('',*,*,#2968,.T.);
#3017 = ORIENTED_EDGE('',*,*,#481,.T.);
#3018 = ORIENTED_EDGE('',*,*,#3019,.F.);
#3019 = EDGE_CURVE('',#3020,#482,#3022,.T.);
#3020 = VERTEX_POINT('',#3021);
#3021 = CARTESIAN_POINT('',(-52.98912014162,-41.51087985837,11.));
#3022 = SURFACE_CURVE('',#3023,(#3027,#3033),.PCURVE_S1.);
#3023 = LINE('',#3024,#3025);
#3024 = CARTESIAN_POINT('',(-52.98912014162,-41.51087985837,0.));
#3025 = VECTOR('',#3026,1.);
#3026 = DIRECTION('',(-0.,-0.,-1.));
#3027 = PCURVE('',#502,#3028);
#3028 = DEFINITIONAL_REPRESENTATION('',(#3029),#3032);
#3029 = B_SPLINE_CURVE_WITH_KNOTS('',1,(#3030,#3031),.UNSPECIFIED.,.F.,
  .F.,(2,2),(-11.0000006,-9.9999994),.PIECEWISE_BEZIER_KNOTS.);
#3030 = CARTESIAN_POINT('',(-1.909351322789,-11.0000006));
#3031 = CARTESIAN_POINT('',(-1.909351322789,-9.9999994));
#3032 = ( GEOMETRIC_REPRESENTATION_CONTEXT(2) 
PARAMETRIC_REPRESENTATION_CONTEXT() REPRESENTATION_CONTEXT('2D SPACE',''
  ) );
#3033 = PCURVE('',#535,#3034);
#3034 = DEFINITIONAL_REPRESENTATION('',(#3035),#3038);
#3035 = B_SPLINE_CURVE_WITH_KNOTS('',1,(#3036,#3037),.UNSPECIFIED.,.F.,
  .F.,(2,2),(-11.0000006,-9.9999994),.PIECEWISE_BEZIER_KNOTS.);
#3036 = CARTESIAN_POINT('',(-3.097112520428,-12.0000006));
#3037 = CARTESIAN_POINT('',(-3.097112520428,-10.9999994));
#3038 = ( GEOMETRIC_REPRESENTATION_CONTEXT(2) 
PARAMETRIC_REPRESENTATION_CONTEXT() REPRESENTATION_CONTEXT('2D SPACE',''
  ) );
#3039 = ORIENTED_EDGE('',*,*,#3040,.T.);
#3040 = EDGE_CURVE('',#3020,#3041,#3043,.T.);
#3041 = VERTEX_POINT('',#3042);
#3042 = CARTESIAN_POINT('',(-41.,-50.,11.));
#3043 = SURFACE_CURVE('',#3044,(#3049,#3056),.PCURVE_S1.);
#3044 = CIRCLE('',#3045,9.);
#3045 = AXIS2_PLACEMENT_3D('',#3046,#3047,#3048);
#3046 = CARTESIAN_POINT('',(-50.,-50.,11.));
#3047 = DIRECTION('',(0.,0.,-1.));
#3048 = DIRECTION('',(1.,0.,0.));
#3049 = PCURVE('',#502,#3050);
#3050 = DEFINITIONAL_REPRESENTATION('',(#3051),#3055);
#3051 = LINE('',#3052,#3053);
#3052 = CARTESIAN_POINT('',(-6.28318530718,-11.));
#3053 = VECTOR('',#3054,1.);
#3054 = DIRECTION('',(1.,-0.));
#3055 = ( GEOMETRIC_REPRESENTATION_CONTEXT(2) 
PARAMETRIC_REPRESENTATION_CONTEXT() REPRESENTATION_CONTEXT('2D SPACE',''
  ) );
#3056 = PCURVE('',#2952,#3057);
#3057 = DEFINITIONAL_REPRESENTATION('',(#3058),#3066);
#3058 = ( BOUNDED_CURVE() B_SPLINE_CURVE(2,(#3059,#3060,#3061,#3062,
#3063,#3064,#3065),.UNSPECIFIED.,.T.,.F.) B_SPLINE_CURVE_WITH_KNOTS((1,2
    ,2,2,2,1),(-2.094395102393,0.,2.094395102393,4.188790204786,
6.28318530718,8.377580409573),.UNSPECIFIED.) CURVE() 
GEOMETRIC_REPRESENTATION_ITEM() RATIONAL_B_SPLINE_CURVE((1.,0.5,1.,0.5,
1.,0.5,1.)) REPRESENTATION_ITEM('') );
#3059 = CARTESIAN_POINT('',(1.,-8.));
#3060 = CARTESIAN_POINT('',(1.,-23.58845726812));
#3061 = CARTESIAN_POINT('',(-12.5,-15.79422863406));
#3062 = CARTESIAN_POINT('',(-26.,-8.));
#3063 = CARTESIAN_POINT('',(-12.5,-0.20577136594));
#3064 = CARTESIAN_POINT('',(1.,7.58845726812));
#3065 = CARTESIAN_POINT('',(1.,-8.));
#3066 = ( GEOMETRIC_REPRESENTATION_CONTEXT(2) 
PARAMETRIC_REPRESENTATION_CONTEXT() REPRESENTATION_CONTEXT('2D SPACE',''
  ) );
#3067 = ORIENTED_EDGE('',*,*,#3068,.T.);
#3068 = EDGE_CURVE('',#3041,#3069,#3071,.T.);
#3069 = VERTEX_POINT('',#3070);
#3070 = CARTESIAN_POINT('',(-41.,-50.,16.));
#3071 = SEAM_CURVE('',#3072,(#3076,#3083),.PCURVE_S1.);
#3072 = LINE('',#3073,#3074);
#3073 = CARTESIAN_POINT('',(-41.,-50.,0.));
#3074 = VECTOR('',#3075,1.);
#3075 = DIRECTION('',(0.,0.,1.));
#3076 = PCURVE('',#502,#3077);
#3077 = DEFINITIONAL_REPRESENTATION('',(#3078),#3082);
#3078 = LINE('',#3079,#3080);
#3079 = CARTESIAN_POINT('',(-6.28318530718,0.));
#3080 = VECTOR('',#3081,1.);
#3081 = DIRECTION('',(-0.,-1.));
#3082 = ( GEOMETRIC_REPRESENTATION_CONTEXT(2) 
PARAMETRIC_REPRESENTATION_CONTEXT() REPRESENTATION_CONTEXT('2D SPACE',''
  ) );
#3083 = PCURVE('',#502,#3084);
#3084 = DEFINITIONAL_REPRESENTATION('',(#3085),#3089);
#3085 = LINE('',#3086,#3087);
#3086 = CARTESIAN_POINT('',(-0.,0.));
#3087 = VECTOR('',#3088,1.);
#3088 = DIRECTION('',(-0.,-1.));
#3089 = ( GEOMETRIC_REPRESENTATION_CONTEXT(2) 
PARAMETRIC_REPRESENTATION_CONTEXT() REPRESENTATION_CONTEXT('2D SPACE',''
  ) );
#3090 = ORIENTED_EDGE('',*,*,#3091,.T.);
#3091 = EDGE_CURVE('',#3069,#3069,#3092,.T.);
#3092 = SURFACE_CURVE('',#3093,(#3098,#3105),.PCURVE_S1.);
#3093 = CIRCLE('',#3094,9.);
#3094 = AXIS2_PLACEMENT_3D('',#3095,#3096,#3097);
#3095 = CARTESIAN_POINT('',(-50.,-50.,16.));
#3096 = DIRECTION('',(0.,0.,1.));
#3097 = DIRECTION('',(1.,0.,0.));
#3098 = PCURVE('',#502,#3099);
#3099 = DEFINITIONAL_REPRESENTATION('',(#3100),#3104);
#3100 = LINE('',#3101,#3102);
#3101 = CARTESIAN_POINT('',(-0.,-16.));
#3102 = VECTOR('',#3103,1.);
#3103 = DIRECTION('',(-1.,0.));
#3104 = ( GEOMETRIC_REPRESENTATION_CONTEXT(2) 
PARAMETRIC_REPRESENTATION_CONTEXT() REPRESENTATION_CONTEXT('2D SPACE',''
  ) );
#3105 = PCURVE('',#3106,#3111);
#3106 = PLANE('',#3107);
#3107 = AXIS2_PLACEMENT_3D('',#3108,#3109,#3110);
#3108 = CARTESIAN_POINT('',(-50.,-50.,16.));
#3109 = DIRECTION('',(0.,0.,1.));
#3110 = DIRECTION('',(1.,0.,-0.));
#3111 = DEFINITIONAL_REPRESENTATION('',(#3112),#3116);
#3112 = CIRCLE('',#3113,9.);
#3113 = AXIS2_PLACEMENT_2D('',#3114,#3115);
#3114 = CARTESIAN_POINT('',(-7.105427357601E-15,7.105427357601E-15));
#3115 = DIRECTION('',(1.,0.));
#3116 = ( GEOMETRIC_REPRESENTATION_CONTEXT(2) 
PARAMETRIC_REPRESENTATION_CONTEXT() REPRESENTATION_CONTEXT('2D SPACE',''
  ) );
#3117 = ORIENTED_EDGE('',*,*,#3068,.F.);
#3118 = ORIENTED_EDGE('',*,*,#3119,.T.);
#3119 = EDGE_CURVE('',#3041,#2936,#3120,.T.);
#3120 = SURFACE_CURVE('',#3121,(#3126,#3133),.PCURVE_S1.);
#3121 = CIRCLE('',#3122,9.);
#3122 = AXIS2_PLACEMENT_3D('',#3123,#3124,#3125);
#3123 = CARTESIAN_POINT('',(-50.,-50.,11.));
#3124 = DIRECTION('',(0.,0.,-1.));
#3125 = DIRECTION('',(1.,0.,0.));
#3126 = PCURVE('',#502,#3127);
#3127 = DEFINITIONAL_REPRESENTATION('',(#3128),#3132);
#3128 = LINE('',#3129,#3130);
#3129 = CARTESIAN_POINT('',(-6.28318530718,-11.));
#3130 = VECTOR('',#3131,1.);
#3131 = DIRECTION('',(1.,-0.));
#3132 = ( GEOMETRIC_REPRESENTATION_CONTEXT(2) 
PARAMETRIC_REPRESENTATION_CONTEXT() REPRESENTATION_CONTEXT('2D SPACE',''
  ) );
#3133 = PCURVE('',#2952,#3134);
#3134 = DEFINITIONAL_REPRESENTATION('',(#3135),#3143);
#3135 = ( BOUNDED_CURVE() B_SPLINE_CURVE(2,(#3136,#3137,#3138,#3139,
#3140,#3141,#3142),.UNSPECIFIED.,.T.,.F.) B_SPLINE_CURVE_WITH_KNOTS((1,2
    ,2,2,2,1),(-2.094395102393,0.,2.094395102393,4.188790204786,
6.28318530718,8.377580409573),.UNSPECIFIED.) CURVE() 
GEOMETRIC_REPRESENTATION_ITEM() RATIONAL_B_SPLINE_CURVE((1.,0.5,1.,0.5,
1.,0.5,1.)) REPRESENTATION_ITEM('') );
#3136 = CARTESIAN_POINT('',(1.,-8.));
#3137 = CARTESIAN_POINT('',(1.,-23.58845726812));
#3138 = CARTESIAN_POINT('',(-12.5,-15.79422863406));
#3139 = CARTESIAN_POINT('',(-26.,-8.));
#3140 = CARTESIAN_POINT('',(-12.5,-0.20577136594));
#3141 = CARTESIAN_POINT('',(1.,7.58845726812));
#3142 = CARTESIAN_POINT('',(1.,-8.));
#3143 = ( GEOMETRIC_REPRESENTATION_CONTEXT(2) 
PARAMETRIC_REPRESENTATION_CONTEXT() REPRESENTATION_CONTEXT('2D SPACE',''
  ) );
#3144 = ADVANCED_FACE('',(#3145),#594,.F.);
#3145 = FACE_BOUND('',#3146,.T.);
#3146 = EDGE_LOOP('',(#3147,#3148,#3149,#3150));
#3147 = ORIENTED_EDGE('',*,*,#1805,.T.);
#3148 = ORIENTED_EDGE('',*,*,#2994,.T.);
#3149 = ORIENTED_EDGE('',*,*,#573,.F.);
#3150 = ORIENTED_EDGE('',*,*,#3151,.F.);
#3151 = EDGE_CURVE('',#1785,#548,#3152,.T.);
#3152 = SURFACE_CURVE('',#3153,(#3157,#3164),.PCURVE_S1.);
#3153 = LINE('',#3154,#3155);
#3154 = CARTESIAN_POINT('',(-46.4,-28.,-1.));
#3155 = VECTOR('',#3156,1.);
#3156 = DIRECTION('',(0.,0.,1.));
#3157 = PCURVE('',#594,#3158);
#3158 = DEFINITIONAL_REPRESENTATION('',(#3159),#3163);
#3159 = LINE('',#3160,#3161);
#3160 = CARTESIAN_POINT('',(-3.14159265359,0.));
#3161 = VECTOR('',#3162,1.);
#3162 = DIRECTION('',(-0.,-1.));
#3163 = ( GEOMETRIC_REPRESENTATION_CONTEXT(2) 
PARAMETRIC_REPRESENTATION_CONTEXT() REPRESENTATION_CONTEXT('2D SPACE',''
  ) );
#3164 = PCURVE('',#562,#3165);
#3165 = DEFINITIONAL_REPRESENTATION('',(#3166),#3170);
#3166 = LINE('',#3167,#3168);
#3167 = CARTESIAN_POINT('',(0.,0.));
#3168 = VECTOR('',#3169,1.);
#3169 = DIRECTION('',(0.,-1.));
#3170 = ( GEOMETRIC_REPRESENTATION_CONTEXT(2) 
PARAMETRIC_REPRESENTATION_CONTEXT() REPRESENTATION_CONTEXT('2D SPACE',''
  ) );
#3171 = ADVANCED_FACE('',(#3172),#535,.F.);
#3172 = FACE_BOUND('',#3173,.T.);
#3173 = EDGE_LOOP('',(#3174,#3175,#3194,#3195,#3196,#3224));
#3174 = ORIENTED_EDGE('',*,*,#1756,.T.);
#3175 = ORIENTED_EDGE('',*,*,#3176,.F.);
#3176 = EDGE_CURVE('',#515,#1757,#3177,.T.);
#3177 = SURFACE_CURVE('',#3178,(#3182,#3188),.PCURVE_S1.);
#3178 = LINE('',#3179,#3180);
#3179 = CARTESIAN_POINT('',(-46.4,-31.91833347109,-1.));
#3180 = VECTOR('',#3181,1.);
#3181 = DIRECTION('',(-0.,-0.,-1.));
#3182 = PCURVE('',#535,#3183);
#3183 = DEFINITIONAL_REPRESENTATION('',(#3184),#3187);
#3184 = B_SPLINE_CURVE_WITH_KNOTS('',1,(#3185,#3186),.UNSPECIFIED.,.F.,
  .F.,(2,2),(-12.,-0.),.PIECEWISE_BEZIER_KNOTS.);
#3185 = CARTESIAN_POINT('',(-1.982313172862,-12.));
#3186 = CARTESIAN_POINT('',(-1.982313172862,0.));
#3187 = ( GEOMETRIC_REPRESENTATION_CONTEXT(2) 
PARAMETRIC_REPRESENTATION_CONTEXT() REPRESENTATION_CONTEXT('2D SPACE',''
  ) );
#3188 = PCURVE('',#562,#3189);
#3189 = DEFINITIONAL_REPRESENTATION('',(#3190),#3193);
#3190 = B_SPLINE_CURVE_WITH_KNOTS('',1,(#3191,#3192),.UNSPECIFIED.,.F.,
  .F.,(2,2),(-12.0000006,5.999999999062E-07),.PIECEWISE_BEZIER_KNOTS.);
#3191 = CARTESIAN_POINT('',(3.918333471097,-12.0000006));
#3192 = CARTESIAN_POINT('',(3.918333471097,5.999999999062E-07));
#3193 = ( GEOMETRIC_REPRESENTATION_CONTEXT(2) 
PARAMETRIC_REPRESENTATION_CONTEXT() REPRESENTATION_CONTEXT('2D SPACE',''
  ) );
#3194 = ORIENTED_EDGE('',*,*,#514,.F.);
#3195 = ORIENTED_EDGE('',*,*,#3019,.F.);
#3196 = ORIENTED_EDGE('',*,*,#3197,.F.);
#3197 = EDGE_CURVE('',#3198,#3020,#3200,.T.);
#3198 = VERTEX_POINT('',#3199);
#3199 = CARTESIAN_POINT('',(-51.19628429614,-48.03559070385,11.));
#3200 = SURFACE_CURVE('',#3201,(#3206,#3213),.PCURVE_S1.);
#3201 = CIRCLE('',#3202,11.);
#3202 = AXIS2_PLACEMENT_3D('',#3203,#3204,#3205);
#3203 = CARTESIAN_POINT('',(-42.,-42.,11.));
#3204 = DIRECTION('',(0.,0.,-1.));
#3205 = DIRECTION('',(0.4,0.916515138991,0.));
#3206 = PCURVE('',#535,#3207);
#3207 = DEFINITIONAL_REPRESENTATION('',(#3208),#3212);
#3208 = LINE('',#3209,#3210);
#3209 = CARTESIAN_POINT('',(-7.442464787907,-12.));
#3210 = VECTOR('',#3211,1.);
#3211 = DIRECTION('',(1.,-0.));
#3212 = ( GEOMETRIC_REPRESENTATION_CONTEXT(2) 
PARAMETRIC_REPRESENTATION_CONTEXT() REPRESENTATION_CONTEXT('2D SPACE',''
  ) );
#3213 = PCURVE('',#2952,#3214);
#3214 = DEFINITIONAL_REPRESENTATION('',(#3215),#3223);
#3215 = ( BOUNDED_CURVE() B_SPLINE_CURVE(2,(#3216,#3217,#3218,#3219,
#3220,#3221,#3222),.UNSPECIFIED.,.T.,.F.) B_SPLINE_CURVE_WITH_KNOTS((1,2
    ,2,2,2,1),(-2.094395102393,0.,2.094395102393,4.188790204786,
6.28318530718,8.377580409573),.UNSPECIFIED.) CURVE() 
GEOMETRIC_REPRESENTATION_ITEM() RATIONAL_B_SPLINE_CURVE((1.,0.5,1.,0.5,
1.,0.5,1.)) REPRESENTATION_ITEM('') );
#3216 = CARTESIAN_POINT('',(4.4,10.081666528903));
#3217 = CARTESIAN_POINT('',(21.861958653026,2.460642975599));
#3218 = CARTESIAN_POINT('',(6.530979326513,-8.851345041103));
#3219 = CARTESIAN_POINT('',(-8.800000000001,-20.1633330578));
#3220 = CARTESIAN_POINT('',(-10.93097932651,-1.2303214878));
#3221 = CARTESIAN_POINT('',(-13.06195865302,17.702690082206));
#3222 = CARTESIAN_POINT('',(4.4,10.081666528903));
#3223 = ( GEOMETRIC_REPRESENTATION_CONTEXT(2) 
PARAMETRIC_REPRESENTATION_CONTEXT() REPRESENTATION_CONTEXT('2D SPACE',''
  ) );
#3224 = ORIENTED_EDGE('',*,*,#3225,.T.);
#3225 = EDGE_CURVE('',#3198,#1724,#3226,.T.);
#3226 = SURFACE_CURVE('',#3227,(#3231,#3237),.PCURVE_S1.);
#3227 = LINE('',#3228,#3229);
#3228 = CARTESIAN_POINT('',(-51.19628429614,-48.03559070385,-1.));
#3229 = VECTOR('',#3230,1.);
#3230 = DIRECTION('',(-0.,-0.,-1.));
#3231 = PCURVE('',#535,#3232);
#3232 = DEFINITIONAL_REPRESENTATION('',(#3233),#3236);
#3233 = B_SPLINE_CURVE_WITH_KNOTS('',1,(#3234,#3235),.UNSPECIFIED.,.F.,
  .F.,(2,2),(-12.0000006,-0.9999994),.PIECEWISE_BEZIER_KNOTS.);
#3234 = CARTESIAN_POINT('',(-3.722389223685,-12.0000006));
#3235 = CARTESIAN_POINT('',(-3.722389223685,-0.9999994));
#3236 = ( GEOMETRIC_REPRESENTATION_CONTEXT(2) 
PARAMETRIC_REPRESENTATION_CONTEXT() REPRESENTATION_CONTEXT('2D SPACE',''
  ) );
#3237 = PCURVE('',#1744,#3238);
#3238 = DEFINITIONAL_REPRESENTATION('',(#3239),#3242);
#3239 = B_SPLINE_CURVE_WITH_KNOTS('',1,(#3240,#3241),.UNSPECIFIED.,.F.,
  .F.,(2,2),(-12.0000006,-0.9999994),.PIECEWISE_BEZIER_KNOTS.);
#3240 = CARTESIAN_POINT('',(-2.117791994593,-12.0000006));
#3241 = CARTESIAN_POINT('',(-2.117791994593,-0.9999994));
#3242 = ( GEOMETRIC_REPRESENTATION_CONTEXT(2) 
PARAMETRIC_REPRESENTATION_CONTEXT() REPRESENTATION_CONTEXT('2D SPACE',''
  ) );
#3243 = ADVANCED_FACE('',(#3244),#562,.T.);
#3244 = FACE_BOUND('',#3245,.T.);
#3245 = EDGE_LOOP('',(#3246,#3247,#3248,#3249));
#3246 = ORIENTED_EDGE('',*,*,#1784,.T.);
#3247 = ORIENTED_EDGE('',*,*,#3151,.T.);
#3248 = ORIENTED_EDGE('',*,*,#547,.F.);
#3249 = ORIENTED_EDGE('',*,*,#3176,.T.);
#3250 = ADVANCED_FACE('',(#3251),#655,.T.);
#3251 = FACE_BOUND('',#3252,.F.);
#3252 = EDGE_LOOP('',(#3253,#3276,#3277,#3298,#3331,#3350,#3351,#3352));
#3253 = ORIENTED_EDGE('',*,*,#3254,.F.);
#3254 = EDGE_CURVE('',#635,#3255,#3257,.T.);
#3255 = VERTEX_POINT('',#3256);
#3256 = CARTESIAN_POINT('',(59.,-50.,16.));
#3257 = SEAM_CURVE('',#3258,(#3262,#3269),.PCURVE_S1.);
#3258 = LINE('',#3259,#3260);
#3259 = CARTESIAN_POINT('',(59.,-50.,0.));
#3260 = VECTOR('',#3261,1.);
#3261 = DIRECTION('',(0.,0.,1.));
#3262 = PCURVE('',#655,#3263);
#3263 = DEFINITIONAL_REPRESENTATION('',(#3264),#3268);
#3264 = LINE('',#3265,#3266);
#3265 = CARTESIAN_POINT('',(-6.28318530718,0.));
#3266 = VECTOR('',#3267,1.);
#3267 = DIRECTION('',(-0.,-1.));
#3268 = ( GEOMETRIC_REPRESENTATION_CONTEXT(2) 
PARAMETRIC_REPRESENTATION_CONTEXT() REPRESENTATION_CONTEXT('2D SPACE',''
  ) );
#3269 = PCURVE('',#655,#3270);
#3270 = DEFINITIONAL_REPRESENTATION('',(#3271),#3275);
#3271 = LINE('',#3272,#3273);
#3272 = CARTESIAN_POINT('',(-0.,0.));
#3273 = VECTOR('',#3274,1.);
#3274 = DIRECTION('',(-0.,-1.));
#3275 = ( GEOMETRIC_REPRESENTATION_CONTEXT(2) 
PARAMETRIC_REPRESENTATION_CONTEXT() REPRESENTATION_CONTEXT('2D SPACE',''
  ) );
#3276 = ORIENTED_EDGE('',*,*,#667,.T.);
#3277 = ORIENTED_EDGE('',*,*,#3278,.F.);
#3278 = EDGE_CURVE('',#3279,#668,#3281,.T.);
#3279 = VERTEX_POINT('',#3280);
#3280 = CARTESIAN_POINT('',(41.510879858376,-52.98912014162,11.));
#3281 = SURFACE_CURVE('',#3282,(#3286,#3292),.PCURVE_S1.);
#3282 = LINE('',#3283,#3284);
#3283 = CARTESIAN_POINT('',(41.510879858376,-52.98912014162,0.));
#3284 = VECTOR('',#3285,1.);
#3285 = DIRECTION('',(-0.,-0.,-1.));
#3286 = PCURVE('',#655,#3287);
#3287 = DEFINITIONAL_REPRESENTATION('',(#3288),#3291);
#3288 = B_SPLINE_CURVE_WITH_KNOTS('',1,(#3289,#3290),.UNSPECIFIED.,.F.,
  .F.,(2,2),(-11.0000006,-9.9999994),.PIECEWISE_BEZIER_KNOTS.);
#3289 = CARTESIAN_POINT('',(-3.480147649584,-11.0000006));
#3290 = CARTESIAN_POINT('',(-3.480147649584,-9.9999994));
#3291 = ( GEOMETRIC_REPRESENTATION_CONTEXT(2) 
PARAMETRIC_REPRESENTATION_CONTEXT() REPRESENTATION_CONTEXT('2D SPACE',''
  ) );
#3292 = PCURVE('',#716,#3293);
#3293 = DEFINITIONAL_REPRESENTATION('',(#3294),#3297);
#3294 = B_SPLINE_CURVE_WITH_KNOTS('',1,(#3295,#3296),.UNSPECIFIED.,.F.,
  .F.,(2,2),(-11.0000006,-9.9999994),.PIECEWISE_BEZIER_KNOTS.);
#3295 = CARTESIAN_POINT('',(-4.667908847223,-12.0000006));
#3296 = CARTESIAN_POINT('',(-4.667908847223,-10.9999994));
#3297 = ( GEOMETRIC_REPRESENTATION_CONTEXT(2) 
PARAMETRIC_REPRESENTATION_CONTEXT() REPRESENTATION_CONTEXT('2D SPACE',''
  ) );
#3298 = ORIENTED_EDGE('',*,*,#3299,.T.);
#3299 = EDGE_CURVE('',#3279,#3300,#3302,.T.);
#3300 = VERTEX_POINT('',#3301);
#3301 = CARTESIAN_POINT('',(52.989120141624,-41.51087985837,11.));
#3302 = SURFACE_CURVE('',#3303,(#3308,#3315),.PCURVE_S1.);
#3303 = CIRCLE('',#3304,9.);
#3304 = AXIS2_PLACEMENT_3D('',#3305,#3306,#3307);
#3305 = CARTESIAN_POINT('',(50.,-50.,11.));
#3306 = DIRECTION('',(0.,0.,-1.));
#3307 = DIRECTION('',(1.,0.,0.));
#3308 = PCURVE('',#655,#3309);
#3309 = DEFINITIONAL_REPRESENTATION('',(#3310),#3314);
#3310 = LINE('',#3311,#3312);
#3311 = CARTESIAN_POINT('',(-6.28318530718,-11.));
#3312 = VECTOR('',#3313,1.);
#3313 = DIRECTION('',(1.,-0.));
#3314 = ( GEOMETRIC_REPRESENTATION_CONTEXT(2) 
PARAMETRIC_REPRESENTATION_CONTEXT() REPRESENTATION_CONTEXT('2D SPACE',''
  ) );
#3315 = PCURVE('',#3316,#3321);
#3316 = PLANE('',#3317);
#3317 = AXIS2_PLACEMENT_3D('',#3318,#3319,#3320);
#3318 = CARTESIAN_POINT('',(42.,-42.,11.));
#3319 = DIRECTION('',(0.,0.,1.));
#3320 = DIRECTION('',(1.,0.,-0.));
#3321 = DEFINITIONAL_REPRESENTATION('',(#3322),#3330);
#3322 = ( BOUNDED_CURVE() B_SPLINE_CURVE(2,(#3323,#3324,#3325,#3326,
#3327,#3328,#3329),.UNSPECIFIED.,.T.,.F.) B_SPLINE_CURVE_WITH_KNOTS((1,2
    ,2,2,2,1),(-2.094395102393,0.,2.094395102393,4.188790204786,
6.28318530718,8.377580409573),.UNSPECIFIED.) CURVE() 
GEOMETRIC_REPRESENTATION_ITEM() RATIONAL_B_SPLINE_CURVE((1.,0.5,1.,0.5,
1.,0.5,1.)) REPRESENTATION_ITEM('') );
#3323 = CARTESIAN_POINT('',(17.,-8.));
#3324 = CARTESIAN_POINT('',(17.,-23.58845726812));
#3325 = CARTESIAN_POINT('',(3.5,-15.79422863406));
#3326 = CARTESIAN_POINT('',(-10.,-8.));
#3327 = CARTESIAN_POINT('',(3.5,-0.20577136594));
#3328 = CARTESIAN_POINT('',(17.,7.58845726812));
#3329 = CARTESIAN_POINT('',(17.,-8.));
#3330 = ( GEOMETRIC_REPRESENTATION_CONTEXT(2) 
PARAMETRIC_REPRESENTATION_CONTEXT() REPRESENTATION_CONTEXT('2D SPACE',''
  ) );
#3331 = ORIENTED_EDGE('',*,*,#3332,.T.);
#3332 = EDGE_CURVE('',#3300,#633,#3333,.T.);
#3333 = SURFACE_CURVE('',#3334,(#3338,#3344),.PCURVE_S1.);
#3334 = LINE('',#3335,#3336);
#3335 = CARTESIAN_POINT('',(52.989120141624,-41.51087985837,0.));
#3336 = VECTOR('',#3337,1.);
#3337 = DIRECTION('',(-0.,-0.,-1.));
#3338 = PCURVE('',#655,#3339);
#3339 = DEFINITIONAL_REPRESENTATION('',(#3340),#3343);
#3340 = B_SPLINE_CURVE_WITH_KNOTS('',1,(#3341,#3342),.UNSPECIFIED.,.F.,
  .F.,(2,2),(-11.0000006,-9.9999994),.PIECEWISE_BEZIER_KNOTS.);
#3341 = CARTESIAN_POINT('',(-1.2322413308,-11.0000006));
#3342 = CARTESIAN_POINT('',(-1.2322413308,-9.9999994));
#3343 = ( GEOMETRIC_REPRESENTATION_CONTEXT(2) 
PARAMETRIC_REPRESENTATION_CONTEXT() REPRESENTATION_CONTEXT('2D SPACE',''
  ) );
#3344 = PCURVE('',#832,#3345);
#3345 = DEFINITIONAL_REPRESENTATION('',(#3346),#3349);
#3346 = B_SPLINE_CURVE_WITH_KNOTS('',1,(#3347,#3348),.UNSPECIFIED.,.F.,
  .F.,(2,2),(-11.0000006,-9.9999994),.PIECEWISE_BEZIER_KNOTS.);
#3347 = CARTESIAN_POINT('',(-6.327665440341,-12.0000006));
#3348 = CARTESIAN_POINT('',(-6.327665440341,-10.9999994));
#3349 = ( GEOMETRIC_REPRESENTATION_CONTEXT(2) 
PARAMETRIC_REPRESENTATION_CONTEXT() REPRESENTATION_CONTEXT('2D SPACE',''
  ) );
#3350 = ORIENTED_EDGE('',*,*,#632,.T.);
#3351 = ORIENTED_EDGE('',*,*,#3254,.T.);
#3352 = ORIENTED_EDGE('',*,*,#3353,.T.);
#3353 = EDGE_CURVE('',#3255,#3255,#3354,.T.);
#3354 = SURFACE_CURVE('',#3355,(#3360,#3367),.PCURVE_S1.);
#3355 = CIRCLE('',#3356,9.);
#3356 = AXIS2_PLACEMENT_3D('',#3357,#3358,#3359);
#3357 = CARTESIAN_POINT('',(50.,-50.,16.));
#3358 = DIRECTION('',(0.,0.,1.));
#3359 = DIRECTION('',(1.,0.,0.));
#3360 = PCURVE('',#655,#3361);
#3361 = DEFINITIONAL_REPRESENTATION('',(#3362),#3366);
#3362 = LINE('',#3363,#3364);
#3363 = CARTESIAN_POINT('',(-0.,-16.));
#3364 = VECTOR('',#3365,1.);
#3365 = DIRECTION('',(-1.,0.));
#3366 = ( GEOMETRIC_REPRESENTATION_CONTEXT(2) 
PARAMETRIC_REPRESENTATION_CONTEXT() REPRESENTATION_CONTEXT('2D SPACE',''
  ) );
#3367 = PCURVE('',#3368,#3373);
#3368 = PLANE('',#3369);
#3369 = AXIS2_PLACEMENT_3D('',#3370,#3371,#3372);
#3370 = CARTESIAN_POINT('',(50.,-50.,16.));
#3371 = DIRECTION('',(0.,0.,1.));
#3372 = DIRECTION('',(1.,0.,-0.));
#3373 = DEFINITIONAL_REPRESENTATION('',(#3374),#3378);
#3374 = CIRCLE('',#3375,9.);
#3375 = AXIS2_PLACEMENT_2D('',#3376,#3377);
#3376 = CARTESIAN_POINT('',(-7.105427357601E-15,7.105427357601E-15));
#3377 = DIRECTION('',(1.,0.));
#3378 = ( GEOMETRIC_REPRESENTATION_CONTEXT(2) 
PARAMETRIC_REPRESENTATION_CONTEXT() REPRESENTATION_CONTEXT('2D SPACE',''
  ) );
#3379 = ADVANCED_FACE('',(#3380),#832,.F.);
#3380 = FACE_BOUND('',#3381,.T.);
#3381 = EDGE_LOOP('',(#3382,#3401,#3402,#3423,#3449,#3450));
#3382 = ORIENTED_EDGE('',*,*,#3383,.T.);
#3383 = EDGE_CURVE('',#788,#1855,#3384,.T.);
#3384 = SURFACE_CURVE('',#3385,(#3389,#3395),.PCURVE_S1.);
#3385 = LINE('',#3386,#3387);
#3386 = CARTESIAN_POINT('',(46.4,-31.91833347109,-1.));
#3387 = VECTOR('',#3388,1.);
#3388 = DIRECTION('',(-0.,-0.,-1.));
#3389 = PCURVE('',#832,#3390);
#3390 = DEFINITIONAL_REPRESENTATION('',(#3391),#3394);
#3391 = B_SPLINE_CURVE_WITH_KNOTS('',1,(#3392,#3393),.UNSPECIFIED.,.F.,
  .F.,(2,2),(-12.,0.),.PIECEWISE_BEZIER_KNOTS.);
#3392 = CARTESIAN_POINT('',(-7.442464787907,-12.));
#3393 = CARTESIAN_POINT('',(-7.442464787907,0.));
#3394 = ( GEOMETRIC_REPRESENTATION_CONTEXT(2) 
PARAMETRIC_REPRESENTATION_CONTEXT() REPRESENTATION_CONTEXT('2D SPACE',''
  ) );
#3395 = PCURVE('',#802,#3396);
#3396 = DEFINITIONAL_REPRESENTATION('',(#3397),#3400);
#3397 = B_SPLINE_CURVE_WITH_KNOTS('',1,(#3398,#3399),.UNSPECIFIED.,.F.,
  .F.,(2,2),(-12.0000006,5.999999999062E-07),.PIECEWISE_BEZIER_KNOTS.);
#3398 = CARTESIAN_POINT('',(10.081666528903,-12.0000006));
#3399 = CARTESIAN_POINT('',(10.081666528903,5.999999999062E-07));
#3400 = ( GEOMETRIC_REPRESENTATION_CONTEXT(2) 
PARAMETRIC_REPRESENTATION_CONTEXT() REPRESENTATION_CONTEXT('2D SPACE',''
  ) );
#3401 = ORIENTED_EDGE('',*,*,#1854,.T.);
#3402 = ORIENTED_EDGE('',*,*,#3403,.F.);
#3403 = EDGE_CURVE('',#3404,#1857,#3406,.T.);
#3404 = VERTEX_POINT('',#3405);
#3405 = CARTESIAN_POINT('',(51.196284296148,-48.03559070385,11.));
#3406 = SURFACE_CURVE('',#3407,(#3411,#3417),.PCURVE_S1.);
#3407 = LINE('',#3408,#3409);
#3408 = CARTESIAN_POINT('',(51.196284296148,-48.03559070385,-1.));
#3409 = VECTOR('',#3410,1.);
#3410 = DIRECTION('',(-0.,-0.,-1.));
#3411 = PCURVE('',#832,#3412);
#3412 = DEFINITIONAL_REPRESENTATION('',(#3413),#3416);
#3413 = B_SPLINE_CURVE_WITH_KNOTS('',1,(#3414,#3415),.UNSPECIFIED.,.F.,
  .F.,(2,2),(-12.0000006,-0.9999994),.PIECEWISE_BEZIER_KNOTS.);
#3414 = CARTESIAN_POINT('',(-5.702388737085,-12.0000006));
#3415 = CARTESIAN_POINT('',(-5.702388737085,-0.9999994));
#3416 = ( GEOMETRIC_REPRESENTATION_CONTEXT(2) 
PARAMETRIC_REPRESENTATION_CONTEXT() REPRESENTATION_CONTEXT('2D SPACE',''
  ) );
#3417 = PCURVE('',#1905,#3418);
#3418 = DEFINITIONAL_REPRESENTATION('',(#3419),#3422);
#3419 = B_SPLINE_CURVE_WITH_KNOTS('',1,(#3420,#3421),.UNSPECIFIED.,.F.,
  .F.,(2,2),(-12.0000006,-0.9999994),.PIECEWISE_BEZIER_KNOTS.);
#3420 = CARTESIAN_POINT('',(-1.023800658996,-12.0000006));
#3421 = CARTESIAN_POINT('',(-1.023800658996,-0.9999994));
#3422 = ( GEOMETRIC_REPRESENTATION_CONTEXT(2) 
PARAMETRIC_REPRESENTATION_CONTEXT() REPRESENTATION_CONTEXT('2D SPACE',''
  ) );
#3423 = ORIENTED_EDGE('',*,*,#3424,.F.);
#3424 = EDGE_CURVE('',#3300,#3404,#3425,.T.);
#3425 = SURFACE_CURVE('',#3426,(#3431,#3438),.PCURVE_S1.);
#3426 = CIRCLE('',#3427,11.);
#3427 = AXIS2_PLACEMENT_3D('',#3428,#3429,#3430);
#3428 = CARTESIAN_POINT('',(42.,-42.,11.));
#3429 = DIRECTION('',(0.,0.,-1.));
#3430 = DIRECTION('',(0.4,0.916515138991,0.));
#3431 = PCURVE('',#832,#3432);
#3432 = DEFINITIONAL_REPRESENTATION('',(#3433),#3437);
#3433 = LINE('',#3434,#3435);
#3434 = CARTESIAN_POINT('',(-7.442464787907,-12.));
#3435 = VECTOR('',#3436,1.);
#3436 = DIRECTION('',(1.,-0.));
#3437 = ( GEOMETRIC_REPRESENTATION_CONTEXT(2) 
PARAMETRIC_REPRESENTATION_CONTEXT() REPRESENTATION_CONTEXT('2D SPACE',''
  ) );
#3438 = PCURVE('',#3316,#3439);
#3439 = DEFINITIONAL_REPRESENTATION('',(#3440),#3448);
#3440 = ( BOUNDED_CURVE() B_SPLINE_CURVE(2,(#3441,#3442,#3443,#3444,
#3445,#3446,#3447),.UNSPECIFIED.,.T.,.F.) B_SPLINE_CURVE_WITH_KNOTS((1,2
    ,2,2,2,1),(-2.094395102393,0.,2.094395102393,4.188790204786,
6.28318530718,8.377580409573),.UNSPECIFIED.) CURVE() 
GEOMETRIC_REPRESENTATION_ITEM() RATIONAL_B_SPLINE_CURVE((1.,0.5,1.,0.5,
1.,0.5,1.)) REPRESENTATION_ITEM('') );
#3441 = CARTESIAN_POINT('',(4.4,10.081666528903));
#3442 = CARTESIAN_POINT('',(21.861958653026,2.460642975599));
#3443 = CARTESIAN_POINT('',(6.530979326513,-8.851345041103));
#3444 = CARTESIAN_POINT('',(-8.800000000001,-20.1633330578));
#3445 = CARTESIAN_POINT('',(-10.93097932651,-1.2303214878));
#3446 = CARTESIAN_POINT('',(-13.06195865302,17.702690082206));
#3447 = CARTESIAN_POINT('',(4.4,10.081666528903));
#3448 = ( GEOMETRIC_REPRESENTATION_CONTEXT(2) 
PARAMETRIC_REPRESENTATION_CONTEXT() REPRESENTATION_CONTEXT('2D SPACE',''
  ) );
#3449 = ORIENTED_EDGE('',*,*,#3332,.T.);
#3450 = ORIENTED_EDGE('',*,*,#813,.F.);
#3451 = ADVANCED_FACE('',(#3452),#802,.T.);
#3452 = FACE_BOUND('',#3453,.T.);
#3453 = EDGE_LOOP('',(#3454,#3455,#3456,#3457));
#3454 = ORIENTED_EDGE('',*,*,#2162,.T.);
#3455 = ORIENTED_EDGE('',*,*,#3383,.F.);
#3456 = ORIENTED_EDGE('',*,*,#787,.F.);
#3457 = ORIENTED_EDGE('',*,*,#3458,.F.);
#3458 = EDGE_CURVE('',#2135,#755,#3459,.T.);
#3459 = SURFACE_CURVE('',#3460,(#3464,#3471),.PCURVE_S1.);
#3460 = LINE('',#3461,#3462);
#3461 = CARTESIAN_POINT('',(46.4,-28.,-1.));
#3462 = VECTOR('',#3463,1.);
#3463 = DIRECTION('',(0.,0.,1.));
#3464 = PCURVE('',#802,#3465);
#3465 = DEFINITIONAL_REPRESENTATION('',(#3466),#3470);
#3466 = LINE('',#3467,#3468);
#3467 = CARTESIAN_POINT('',(14.,0.));
#3468 = VECTOR('',#3469,1.);
#3469 = DIRECTION('',(0.,-1.));
#3470 = ( GEOMETRIC_REPRESENTATION_CONTEXT(2) 
PARAMETRIC_REPRESENTATION_CONTEXT() REPRESENTATION_CONTEXT('2D SPACE',''
  ) );
#3471 = PCURVE('',#775,#3472);
#3472 = DEFINITIONAL_REPRESENTATION('',(#3473),#3476);
#3473 = B_SPLINE_CURVE_WITH_KNOTS('',1,(#3474,#3475),.UNSPECIFIED.,.F.,
  .F.,(2,2),(0.,12.),.PIECEWISE_BEZIER_KNOTS.);
#3474 = CARTESIAN_POINT('',(0.,0.));
#3475 = CARTESIAN_POINT('',(0.,-12.));
#3476 = ( GEOMETRIC_REPRESENTATION_CONTEXT(2) 
PARAMETRIC_REPRESENTATION_CONTEXT() REPRESENTATION_CONTEXT('2D SPACE',''
  ) );
#3477 = ADVANCED_FACE('',(#3478),#716,.F.);
#3478 = FACE_BOUND('',#3479,.T.);
#3479 = EDGE_LOOP('',(#3480,#3501,#3502,#3523,#3556,#3577,#4097,#4116,
    #4117,#4136,#4137,#4138));
#3480 = ORIENTED_EDGE('',*,*,#3481,.T.);
#3481 = EDGE_CURVE('',#3482,#1918,#3484,.T.);
#3482 = VERTEX_POINT('',#3483);
#3483 = CARTESIAN_POINT('',(48.035590703852,-51.19628429614,11.));
#3484 = SURFACE_CURVE('',#3485,(#3489,#3495),.PCURVE_S1.);
#3485 = LINE('',#3486,#3487);
#3486 = CARTESIAN_POINT('',(48.035590703852,-51.19628429614,-1.));
#3487 = VECTOR('',#3488,1.);
#3488 = DIRECTION('',(-0.,-0.,-1.));
#3489 = PCURVE('',#716,#3490);
#3490 = DEFINITIONAL_REPRESENTATION('',(#3491),#3494);
#3491 = B_SPLINE_CURVE_WITH_KNOTS('',1,(#3492,#3493),.UNSPECIFIED.,.F.,
  .F.,(2,2),(-12.0000006,-0.9999994),.PIECEWISE_BEZIER_KNOTS.);
#3492 = CARTESIAN_POINT('',(-5.293185550479,-12.0000006));
#3493 = CARTESIAN_POINT('',(-5.293185550479,-0.9999994));
#3494 = ( GEOMETRIC_REPRESENTATION_CONTEXT(2) 
PARAMETRIC_REPRESENTATION_CONTEXT() REPRESENTATION_CONTEXT('2D SPACE',''
  ) );
#3495 = PCURVE('',#1905,#3496);
#3496 = DEFINITIONAL_REPRESENTATION('',(#3497),#3500);
#3497 = B_SPLINE_CURVE_WITH_KNOTS('',1,(#3498,#3499),.UNSPECIFIED.,.F.,
  .F.,(2,2),(-12.0000006,-0.9999994),.PIECEWISE_BEZIER_KNOTS.);
#3498 = CARTESIAN_POINT('',(-3.688588321388,-12.0000006));
#3499 = CARTESIAN_POINT('',(-3.688588321388,-0.9999994));
#3500 = ( GEOMETRIC_REPRESENTATION_CONTEXT(2) 
PARAMETRIC_REPRESENTATION_CONTEXT() REPRESENTATION_CONTEXT('2D SPACE',''
  ) );
#3501 = ORIENTED_EDGE('',*,*,#1945,.T.);
#3502 = ORIENTED_EDGE('',*,*,#3503,.F.);
#3503 = EDGE_CURVE('',#3504,#1946,#3506,.T.);
#3504 = VERTEX_POINT('',#3505);
#3505 = CARTESIAN_POINT('',(40.2,-52.851727973,8.5));
#3506 = SURFACE_CURVE('',#3507,(#3511,#3517),.PCURVE_S1.);
#3507 = LINE('',#3508,#3509);
#3508 = CARTESIAN_POINT('',(40.2,-52.851727973,-1.));
#3509 = VECTOR('',#3510,1.);
#3510 = DIRECTION('',(-0.,-0.,-1.));
#3511 = PCURVE('',#716,#3512);
#3512 = DEFINITIONAL_REPRESENTATION('',(#3513),#3516);
#3513 = B_SPLINE_CURVE_WITH_KNOTS('',1,(#3514,#3515),.UNSPECIFIED.,.F.,
  .F.,(2,2),(-10.35,-0.9999994),.PIECEWISE_BEZIER_KNOTS.);
#3514 = CARTESIAN_POINT('',(-4.548013396354,-10.35));
#3515 = CARTESIAN_POINT('',(-4.548013396354,-0.9999994));
#3516 = ( GEOMETRIC_REPRESENTATION_CONTEXT(2) 
PARAMETRIC_REPRESENTATION_CONTEXT() REPRESENTATION_CONTEXT('2D SPACE',''
  ) );
#3517 = PCURVE('',#1989,#3518);
#3518 = DEFINITIONAL_REPRESENTATION('',(#3519),#3522);
#3519 = B_SPLINE_CURVE_WITH_KNOTS('',1,(#3520,#3521),.UNSPECIFIED.,.F.,
  .F.,(2,2),(-10.35,-0.9999994),.PIECEWISE_BEZIER_KNOTS.);
#3520 = CARTESIAN_POINT('',(0.348272027,-9.35));
#3521 = CARTESIAN_POINT('',(0.348272027,6.000000000173E-07));
#3522 = ( GEOMETRIC_REPRESENTATION_CONTEXT(2) 
PARAMETRIC_REPRESENTATION_CONTEXT() REPRESENTATION_CONTEXT('2D SPACE',''
  ) );
#3523 = ORIENTED_EDGE('',*,*,#3524,.T.);
#3524 = EDGE_CURVE('',#3504,#3525,#3527,.T.);
#3525 = VERTEX_POINT('',#3526);
#3526 = CARTESIAN_POINT('',(33.353613471513,-48.8,8.5));
#3527 = SURFACE_CURVE('',#3528,(#3533,#3540),.PCURVE_S1.);
#3528 = CIRCLE('',#3529,11.);
#3529 = AXIS2_PLACEMENT_3D('',#3530,#3531,#3532);
#3530 = CARTESIAN_POINT('',(42.,-42.,8.5));
#3531 = DIRECTION('',(0.,0.,-1.));
#3532 = DIRECTION('',(1.,0.,0.));
#3533 = PCURVE('',#716,#3534);
#3534 = DEFINITIONAL_REPRESENTATION('',(#3535),#3539);
#3535 = LINE('',#3536,#3537);
#3536 = CARTESIAN_POINT('',(-6.28318530718,-9.5));
#3537 = VECTOR('',#3538,1.);
#3538 = DIRECTION('',(1.,-0.));
#3539 = ( GEOMETRIC_REPRESENTATION_CONTEXT(2) 
PARAMETRIC_REPRESENTATION_CONTEXT() REPRESENTATION_CONTEXT('2D SPACE',''
  ) );
#3540 = PCURVE('',#3541,#3546);
#3541 = PLANE('',#3542);
#3542 = AXIS2_PLACEMENT_3D('',#3543,#3544,#3545);
#3543 = CARTESIAN_POINT('',(36.,-51.,8.5));
#3544 = DIRECTION('',(0.,0.,1.));
#3545 = DIRECTION('',(1.,0.,-0.));
#3546 = DEFINITIONAL_REPRESENTATION('',(#3547),#3555);
#3547 = ( BOUNDED_CURVE() B_SPLINE_CURVE(2,(#3548,#3549,#3550,#3551,
#3552,#3553,#3554),.UNSPECIFIED.,.T.,.F.) B_SPLINE_CURVE_WITH_KNOTS((1,2
    ,2,2,2,1),(-2.094395102393,0.,2.094395102393,4.188790204786,
6.28318530718,8.377580409573),.UNSPECIFIED.) CURVE() 
GEOMETRIC_REPRESENTATION_ITEM() RATIONAL_B_SPLINE_CURVE((1.,0.5,1.,0.5,
1.,0.5,1.)) REPRESENTATION_ITEM('') );
#3548 = CARTESIAN_POINT('',(17.,9.));
#3549 = CARTESIAN_POINT('',(17.,-10.05255888325));
#3550 = CARTESIAN_POINT('',(0.5,-0.526279441629));
#3551 = CARTESIAN_POINT('',(-16.,9.));
#3552 = CARTESIAN_POINT('',(0.5,18.526279441629));
#3553 = CARTESIAN_POINT('',(17.,28.052558883258));
#3554 = CARTESIAN_POINT('',(17.,9.));
#3555 = ( GEOMETRIC_REPRESENTATION_CONTEXT(2) 
PARAMETRIC_REPRESENTATION_CONTEXT() REPRESENTATION_CONTEXT('2D SPACE',''
  ) );
#3556 = ORIENTED_EDGE('',*,*,#3557,.T.);
#3557 = EDGE_CURVE('',#3525,#3558,#3560,.T.);
#3558 = VERTEX_POINT('',#3559);
#3559 = CARTESIAN_POINT('',(33.353613471065,-48.8,5.747755531109));
#3560 = SURFACE_CURVE('',#3561,(#3565,#3571),.PCURVE_S1.);
#3561 = LINE('',#3562,#3563);
#3562 = CARTESIAN_POINT('',(33.353613471513,-48.8,-1.));
#3563 = VECTOR('',#3564,1.);
#3564 = DIRECTION('',(-0.,-0.,-1.));
#3565 = PCURVE('',#716,#3566);
#3566 = DEFINITIONAL_REPRESENTATION('',(#3567),#3570);
#3567 = B_SPLINE_CURVE_WITH_KNOTS('',1,(#3568,#3569),.UNSPECIFIED.,.F.,
  .F.,(2,2),(-10.35,-0.9999994),.PIECEWISE_BEZIER_KNOTS.);
#3568 = CARTESIAN_POINT('',(-3.808020141927,-10.35));
#3569 = CARTESIAN_POINT('',(-3.808020141927,-0.9999994));
#3570 = ( GEOMETRIC_REPRESENTATION_CONTEXT(2) 
PARAMETRIC_REPRESENTATION_CONTEXT() REPRESENTATION_CONTEXT('2D SPACE',''
  ) );
#3571 = PCURVE('',#2073,#3572);
#3572 = DEFINITIONAL_REPRESENTATION('',(#3573),#3576);
#3573 = B_SPLINE_CURVE_WITH_KNOTS('',1,(#3574,#3575),.UNSPECIFIED.,.F.,
  .F.,(2,2),(-10.35,-0.9999994),.PIECEWISE_BEZIER_KNOTS.);
#3574 = CARTESIAN_POINT('',(6.846386528487,-9.35));
#3575 = CARTESIAN_POINT('',(6.846386528487,6.000000000173E-07));
#3576 = ( GEOMETRIC_REPRESENTATION_CONTEXT(2) 
PARAMETRIC_REPRESENTATION_CONTEXT() REPRESENTATION_CONTEXT('2D SPACE',''
  ) );
#3577 = ORIENTED_EDGE('',*,*,#3578,.F.);
#3578 = EDGE_CURVE('',#3579,#3558,#3581,.T.);
#3579 = VERTEX_POINT('',#3580);
#3580 = CARTESIAN_POINT('',(33.353613472784,-48.8,4.252244459484));
#3581 = SURFACE_CURVE('',#3582,(#3750,#3921),.PCURVE_S1.);
#3582 = B_SPLINE_CURVE_WITH_KNOTS('',6,(#3583,#3584,#3585,#3586,#3587,
    #3588,#3589,#3590,#3591,#3592,#3593,#3594,#3595,#3596,#3597,#3598,
    #3599,#3600,#3601,#3602,#3603,#3604,#3605,#3606,#3607,#3608,#3609,
    #3610,#3611,#3612,#3613,#3614,#3615,#3616,#3617,#3618,#3619,#3620,
    #3621,#3622,#3623,#3624,#3625,#3626,#3627,#3628,#3629,#3630,#3631,
    #3632,#3633,#3634,#3635,#3636,#3637,#3638,#3639,#3640,#3641,#3642,
    #3643,#3644,#3645,#3646,#3647,#3648,#3649,#3650,#3651,#3652,#3653,
    #3654,#3655,#3656,#3657,#3658,#3659,#3660,#3661,#3662,#3663,#3664,
    #3665,#3666,#3667,#3668,#3669,#3670,#3671,#3672,#3673,#3674,#3675,
    #3676,#3677,#3678,#3679,#3680,#3681,#3682,#3683,#3684,#3685,#3686,
    #3687,#3688,#3689,#3690,#3691,#3692,#3693,#3694,#3695,#3696,#3697,
    #3698,#3699,#3700,#3701,#3702,#3703,#3704,#3705,#3706,#3707,#3708,
    #3709,#3710,#3711,#3712,#3713,#3714,#3715,#3716,#3717,#3718,#3719,
    #3720,#3721,#3722,#3723,#3724,#3725,#3726,#3727,#3728,#3729,#3730,
    #3731,#3732,#3733,#3734,#3735,#3736,#3737,#3738,#3739,#3740,#3741,
    #3742,#3743,#3744,#3745,#3746,#3747,#3748,#3749),.UNSPECIFIED.,.T.,
  .F.,(7,5,5,5,5,5,5,5,5,5,5,5,5,5,5,5,5,5,5,5,5,5,5,5,5,5,5,5,5,5,5,5,5
    ,7),(0.,1.946831957086E-02,5.740003547989E-02,8.817471170254E-02,
    0.103283707043,0.129740697251,0.160248142851,0.233729833005,
    0.286657875898,0.307962615965,0.338291548454,0.364434479147,
    0.379046973744,0.410050165561,0.456924590738,0.514120736229,
    0.582065443689,0.648385748544,0.674140182733,0.732460988581,
    0.732584329021,0.732744670293,0.73289884337,0.733077682864,
    0.733256521243,0.733435358772,0.733614195717,0.733793032343,
    0.79339115763,0.818995257752,0.837771136409,0.885705616328,
    0.962146782632,1.),.UNSPECIFIED.);
#3583 = CARTESIAN_POINT('',(36.,-51.21954445729,7.75));
#3584 = CARTESIAN_POINT('',(36.058350471064,-51.25751844049,7.75));
#3585 = CARTESIAN_POINT('',(36.117122864952,-51.2951361521,7.74851427761
    ));
#3586 = CARTESIAN_POINT('',(36.176255345034,-51.33235194644,
    7.745502554655));
#3587 = CARTESIAN_POINT('',(36.235684369948,-51.36912344572,
    7.740928515963));
#3588 = CARTESIAN_POINT('',(36.295344693599,-51.40541154,7.734759809356)
  );
#3589 = CARTESIAN_POINT('',(36.471730655288,-51.51087175147,
    7.711786716534));
#3590 = CARTESIAN_POINT('',(36.588977886801,-51.57862918956,
    7.690435731087));
#3591 = CARTESIAN_POINT('',(36.706219761959,-51.64406472132,
    7.662719346078));
#3592 = CARTESIAN_POINT('',(36.822759759447,-51.70687746195,
    7.628562171746));
#3593 = CARTESIAN_POINT('',(36.937909128893,-51.76684551851,
    7.588011512153));
#3594 = CARTESIAN_POINT('',(37.142752428898,-51.87004058248,
    7.503292906365));
#3595 = CARTESIAN_POINT('',(37.233095150261,-51.91426374275,
    7.461273849173));
#3596 = CARTESIAN_POINT('',(37.321666995568,-51.95640695875,
    7.415287502684));
#3597 = CARTESIAN_POINT('',(37.408122124952,-51.99642325985,
    7.365493924034));
#3598 = CARTESIAN_POINT('',(37.492136970282,-52.0342938951,
    7.312109201713));
#3599 = CARTESIAN_POINT('',(37.613322311074,-52.08756457063,
    7.227567847672));
#3600 = CARTESIAN_POINT('',(37.652575129553,-52.10459284231,
    7.198924571809));
#3601 = CARTESIAN_POINT('',(37.69114534796,-52.1211104062,7.169505396852
    ));
#3602 = CARTESIAN_POINT('',(37.729005882575,-52.1371212971,
    7.139339758445));
#3603 = CARTESIAN_POINT('',(37.766132966294,-52.15263110853,
    7.108457701967));
#3604 = CARTESIAN_POINT('',(37.866198333796,-52.19394093815,
    7.021612250167));
#3605 = CARTESIAN_POINT('',(37.927560801316,-52.21871273121,
    6.964247139906));
#3606 = CARTESIAN_POINT('',(37.986508307578,-52.24201059142,
    6.904940063946));
#3607 = CARTESIAN_POINT('',(38.042965922826,-52.26388448697,
    6.843844024355));
#3608 = CARTESIAN_POINT('',(38.096870167052,-52.2843851046,
    6.781119557049));
#3609 = CARTESIAN_POINT('',(38.207323938581,-52.32567656291,
    6.642923570895));
#3610 = CARTESIAN_POINT('',(38.263018645417,-52.34603265394,
    6.566966204398));
#3611 = CARTESIAN_POINT('',(38.315222128813,-52.36472555781,
    6.489261543814));
#3612 = CARTESIAN_POINT('',(38.363912259737,-52.38184211526,
    6.410004829575));
#3613 = CARTESIAN_POINT('',(38.409076917709,-52.39746154257,
    6.32938767502));
#3614 = CARTESIAN_POINT('',(38.551003033169,-52.44584351019,
    6.050595709733));
#3615 = CARTESIAN_POINT('',(38.630794385809,-52.4717500509,
    5.846854547827));
#3616 = CARTESIAN_POINT('',(38.690371262843,-52.49048264841,
    5.638443983333));
#3617 = CARTESIAN_POINT('',(38.730007594056,-52.50274193695,
    5.427088273412));
#3618 = CARTESIAN_POINT('',(38.749875033397,-52.50888613119,
    5.21431626142));
#3619 = CARTESIAN_POINT('',(38.750089201746,-52.50895236511,
    4.848399280697));
#3620 = CARTESIAN_POINT('',(38.739935826366,-52.50581254453,
    4.69517366659));
#3621 = CARTESIAN_POINT('',(38.719537310392,-52.49950387637,
    4.542475321464));
#3622 = CARTESIAN_POINT('',(38.688845605745,-52.4899320357,
    4.390854914879));
#3623 = CARTESIAN_POINT('',(38.647776757421,-52.47690501935,
    4.240903097203));
#3624 = CARTESIAN_POINT('',(38.575468568987,-52.45337556684,
    4.033861744681));
#3625 = CARTESIAN_POINT('',(38.553018805319,-52.44601564462,
    3.97482331805));
#3626 = CARTESIAN_POINT('',(38.528865400666,-52.43802982906,
    3.916212664092));
#3627 = CARTESIAN_POINT('',(38.503003337541,-52.42939700764,
    3.858078886249));
#3628 = CARTESIAN_POINT('',(38.475428841505,-52.42009385761,
    3.800474668821));
#3629 = CARTESIAN_POINT('',(38.404443586599,-52.39586048551,
    3.66228622036));
#3630 = CARTESIAN_POINT('',(38.359263646585,-52.38021295987,
    3.582285946643));
#3631 = CARTESIAN_POINT('',(38.310602392778,-52.3630816453,
    3.503641085099));
#3632 = CARTESIAN_POINT('',(38.258472562355,-52.34438855899,
    3.426540624877));
#3633 = CARTESIAN_POINT('',(38.202896798018,-52.32404835906,
    3.351176914984));
#3634 = CARTESIAN_POINT('',(38.093060185379,-52.28293581554,
    3.214449400944));
#3635 = CARTESIAN_POINT('',(38.039674155422,-52.26260972348,
    3.152586040193));
#3636 = CARTESIAN_POINT('',(37.983799307465,-52.24094157774,
    3.092317744803));
#3637 = CARTESIAN_POINT('',(37.925497402408,-52.21788264458,
    3.033799370471));
#3638 = CARTESIAN_POINT('',(37.864841134686,-52.19338492394,
    2.977178508236));
#3639 = CARTESIAN_POINT('',(37.766739636016,-52.15287913733,
    2.892086570973));
#3640 = CARTESIAN_POINT('',(37.730861779759,-52.13789442802,2.8622187998
    ));
#3641 = CARTESIAN_POINT('',(37.694298077065,-52.12244159485,
    2.833019955486));
#3642 = CARTESIAN_POINT('',(37.657069941875,-52.10651555611,
    2.80451720875));
#3643 = CARTESIAN_POINT('',(37.619201610492,-52.09011255188,
    2.776737158913));
#3644 = CARTESIAN_POINT('',(37.499074372334,-52.03741089844,
    2.69235372684));
#3645 = CARTESIAN_POINT('',(37.414640299435,-51.99942144708,
    2.638351829431));
#3646 = CARTESIAN_POINT('',(37.32771574409,-51.95925594402,
    2.587980076668));
#3647 = CARTESIAN_POINT('',(37.238628748355,-51.91693186662,
    2.541460291396));
#3648 = CARTESIAN_POINT('',(37.14773028628,-51.872495391,2.49895714771)
  );
#3649 = CARTESIAN_POINT('',(36.915771039433,-51.75576980696,
    2.402554550103));
#3650 = CARTESIAN_POINT('',(36.773052760035,-51.68096834855,
    2.354042815784));
#3651 = CARTESIAN_POINT('',(36.628446265429,-51.60188884208,
    2.315338068591));
#3652 = CARTESIAN_POINT('',(36.483219518666,-51.51895466954,
    2.286464112268));
#3653 = CARTESIAN_POINT('',(36.338636688022,-51.43277202092,
    2.267181986253));
#3654 = CARTESIAN_POINT('',(36.02179939106,-51.2359697733,2.244550679318
    ));
#3655 = CARTESIAN_POINT('',(35.850538606224,-51.12419548188,
    2.245650324509));
#3656 = CARTESIAN_POINT('',(35.683236007699,-51.00953576689,
    2.259269330425));
#3657 = CARTESIAN_POINT('',(35.520796316586,-50.8928179536,
    2.284382939334));
#3658 = CARTESIAN_POINT('',(35.363967775855,-50.77494701109,
    2.319950742391));
#3659 = CARTESIAN_POINT('',(35.034469690942,-50.51663446283,
    2.41831287267));
#3660 = CARTESIAN_POINT('',(34.8640532877,-50.37587199338,2.485059562803
    ));
#3661 = CARTESIAN_POINT('',(34.702364440383,-50.23554071964,
    2.563699050401));
#3662 = CARTESIAN_POINT('',(34.549462992378,-50.09653631469,
    2.653184386838));
#3663 = CARTESIAN_POINT('',(34.405406612782,-49.95978553101,
    2.752790039559));
#3664 = CARTESIAN_POINT('',(34.138514934944,-49.69619286299,
    2.968712679577));
#3665 = CARTESIAN_POINT('',(34.01525057521,-49.56918787008,
    3.084576415587));
#3666 = CARTESIAN_POINT('',(33.900556481098,-49.44627328851,
    3.209337607376));
#3667 = CARTESIAN_POINT('',(33.794681156054,-49.32861704241,
    3.342908983396));
#3668 = CARTESIAN_POINT('',(33.698138101563,-49.21781883446,
    3.485315064163));
#3669 = CARTESIAN_POINT('',(33.578246442685,-49.0764930786,
    3.695321925363));
#3670 = CARTESIAN_POINT('',(33.546243487219,-49.03831518871,
    3.755406664301));
#3671 = CARTESIAN_POINT('',(33.515833530719,-49.00162884614,
    3.816818031467));
#3672 = CARTESIAN_POINT('',(33.48708125806,-48.96658015824,
    3.879539215243));
#3673 = CARTESIAN_POINT('',(33.460055252518,-48.93332245042,
    3.943553207425));
#3674 = CARTESIAN_POINT('',(33.377700980986,-48.83112354596,
    4.156690813095));
#3675 = CARTESIAN_POINT('',(33.329411324145,-48.76975692761,
    4.312083636276));
#3676 = CARTESIAN_POINT('',(33.291690119375,-48.72083109227,
    4.473310781397));
#3677 = CARTESIAN_POINT('',(33.265537224145,-48.6865379452,
    4.638747774806));
#3678 = CARTESIAN_POINT('',(33.251570089252,-48.66820665213,
    4.80686144359));
#3679 = CARTESIAN_POINT('',(33.250100098994,-48.66627720113,
    4.976533797199));
#3680 = CARTESIAN_POINT('',(33.250097052676,-48.66627320265,
    4.976891874531));
#3681 = CARTESIAN_POINT('',(33.250094062305,-48.6662692776,
    4.977249952885));
#3682 = CARTESIAN_POINT('',(33.250091127883,-48.66626542598,
    4.977608032238));
#3683 = CARTESIAN_POINT('',(33.25008824941,-48.66626164779,
    4.977966112565));
#3684 = CARTESIAN_POINT('',(33.250081757634,-48.6662531269,4.97878969573
    ));
#3685 = CARTESIAN_POINT('',(33.250078182935,-48.66624843486,
    4.979255199224));
#3686 = CARTESIAN_POINT('',(33.250074702789,-48.66624386692,
    4.979720704273));
#3687 = CARTESIAN_POINT('',(33.250071317199,-48.66623942308,
    4.980186210827));
#3688 = CARTESIAN_POINT('',(33.250068026164,-48.66623510336,
    4.980651718834));
#3689 = CARTESIAN_POINT('',(33.250061756173,-48.66622687352,
    4.98156482989));
#3690 = CARTESIAN_POINT('',(33.250058770083,-48.66622295404,
    4.982012432835));
#3691 = CARTESIAN_POINT('',(33.250055871414,-48.66621914931,
    4.982460037028));
#3692 = CARTESIAN_POINT('',(33.250053060169,-48.66621545932,
    4.982907642425));
#3693 = CARTESIAN_POINT('',(33.250050336347,-48.66621188408,
    4.983355248978));
#3694 = CARTESIAN_POINT('',(33.250044641752,-48.66620440945,
    4.984322077833));
#3695 = CARTESIAN_POINT('',(33.25004170119,-48.66620054972,
    4.984841300518));
#3696 = CARTESIAN_POINT('',(33.250038878267,-48.66619684439,
    4.985360524626));
#3697 = CARTESIAN_POINT('',(33.250036172982,-48.66619329347,
    4.985879750086));
#3698 = CARTESIAN_POINT('',(33.250033585337,-48.66618989695,
    4.986398976825));
#3699 = CARTESIAN_POINT('',(33.250028645345,-48.66618341277,
    4.987437429478));
#3700 = CARTESIAN_POINT('',(33.250026292996,-48.6661803251,
    4.987956655393));
#3701 = CARTESIAN_POINT('',(33.250024058287,-48.66617739184,
    4.988475882443));
#3702 = CARTESIAN_POINT('',(33.25002194122,-48.66617461299,
    4.988995110557));
#3703 = CARTESIAN_POINT('',(33.250019941794,-48.66617198855,
    4.989514339663));
#3704 = CARTESIAN_POINT('',(33.250016178237,-48.66616704852,
    4.990552797246));
#3705 = CARTESIAN_POINT('',(33.250014414104,-48.66616473293,
    4.991072025724));
#3706 = CARTESIAN_POINT('',(33.250012767613,-48.66616257175,
    4.99159125505));
#3707 = CARTESIAN_POINT('',(33.250011238765,-48.66616056499,
    4.992110485152));
#3708 = CARTESIAN_POINT('',(33.25000982756,-48.66615871264,
    4.992629715958));
#3709 = CARTESIAN_POINT('',(33.250007240442,-48.66615531679,
    4.993668177139));
#3710 = CARTESIAN_POINT('',(33.250006064528,-48.66615377329,
    4.994187407513));
#3711 = CARTESIAN_POINT('',(33.250005006258,-48.6661523842,
    4.994706638448));
#3712 = CARTESIAN_POINT('',(33.250004065631,-48.66615114954,
    4.995225869872));
#3713 = CARTESIAN_POINT('',(33.250003242649,-48.66615006929,
    4.995745101712));
#3714 = CARTESIAN_POINT('',(33.250001831974,-48.66614821763,
    4.996783565157));
#3715 = CARTESIAN_POINT('',(33.250001244281,-48.66614744623,
    4.997302796762));
#3716 = CARTESIAN_POINT('',(33.250000774232,-48.66614682924,
    4.99782202864));
#3717 = CARTESIAN_POINT('',(33.250000421828,-48.66614636667,
    4.998341260719));
#3718 = CARTESIAN_POINT('',(33.250000187068,-48.66614605853,
    4.998860492927));
#3719 = CARTESIAN_POINT('',(33.249961040788,-48.66609467502,
    5.172416257384));
#3720 = CARTESIAN_POINT('',(33.262987537103,-48.68319286531,
    5.344430632837));
#3721 = CARTESIAN_POINT('',(33.288790687558,-48.71706506274,
    5.513816119828));
#3722 = CARTESIAN_POINT('',(33.326736823767,-48.76634820021,
    5.678908563058));
#3723 = CARTESIAN_POINT('',(33.375770683002,-48.8287106172,
    5.837943179089));
#3724 = CARTESIAN_POINT('',(33.459041365613,-48.93207159321,
    6.053978221211));
#3725 = CARTESIAN_POINT('',(33.485843824359,-48.96506426775,
    6.117640969878));
#3726 = CARTESIAN_POINT('',(33.514353771211,-48.99983080267,
    6.180028139652));
#3727 = CARTESIAN_POINT('',(33.544503518467,-49.0362201914,6.24112223184
    ));
#3728 = CARTESIAN_POINT('',(33.5762290087,-49.0740882531,6.30090593844)
  );
#3729 = CARTESIAN_POINT('',(33.633845806815,-49.14205047101,
    6.402228971356));
#3730 = CARTESIAN_POINT('',(33.659040145854,-49.17152887526,
    6.444388152279));
#3731 = CARTESIAN_POINT('',(33.685032498833,-49.20168308139,
    6.485838588009));
#3732 = CARTESIAN_POINT('',(33.711804966159,-49.232467059,6.526579763506
    ));
#3733 = CARTESIAN_POINT('',(33.739342081691,-49.26383851132,
    6.566611745589));
#3734 = CARTESIAN_POINT('',(33.839851433421,-49.37725098895,
    6.706327209959));
#3735 = CARTESIAN_POINT('',(33.916975447904,-49.46232589258,
    6.802106968707));
#3736 = CARTESIAN_POINT('',(33.998782565192,-49.55033594195,
    6.893273239681));
#3737 = CARTESIAN_POINT('',(34.085134155734,-49.64076502626,
    6.979806986672));
#3738 = CARTESIAN_POINT('',(34.175960671351,-49.73319734464,
    7.061648165612));
#3739 = CARTESIAN_POINT('',(34.423205568469,-49.97732975338,
    7.261503375023));
#3740 = CARTESIAN_POINT('',(34.586570110557,-50.13164651052,
    7.372134382662));
#3741 = CARTESIAN_POINT('',(34.761122680495,-50.28865202516,
    7.469890792497));
#3742 = CARTESIAN_POINT('',(34.946771008993,-50.44703184986,
    7.553669409778));
#3743 = CARTESIAN_POINT('',(35.143387180476,-50.60548884511,
    7.621856463133));
#3744 = CARTESIAN_POINT('',(35.453015728879,-50.84045067577,
    7.697117942911));
#3745 = CARTESIAN_POINT('',(35.55812688395,-50.91794500126,7.71766604281
    ));
#3746 = CARTESIAN_POINT('',(35.665612958068,-50.99485000721,
    7.733530966525));
#3747 = CARTESIAN_POINT('',(35.775257251206,-51.07091008672,
    7.74440961948));
#3748 = CARTESIAN_POINT('',(35.886813029817,-51.14588335351,7.75));
#3749 = CARTESIAN_POINT('',(36.,-51.21954445729,7.75));
#3750 = PCURVE('',#716,#3751);
#3751 = DEFINITIONAL_REPRESENTATION('',(#3752),#3920);
#3752 = B_SPLINE_CURVE_WITH_KNOTS('',6,(#3753,#3754,#3755,#3756,#3757,
    #3758,#3759,#3760,#3761,#3762,#3763,#3764,#3765,#3766,#3767,#3768,
    #3769,#3770,#3771,#3772,#3773,#3774,#3775,#3776,#3777,#3778,#3779,
    #3780,#3781,#3782,#3783,#3784,#3785,#3786,#3787,#3788,#3789,#3790,
    #3791,#3792,#3793,#3794,#3795,#3796,#3797,#3798,#3799,#3800,#3801,
    #3802,#3803,#3804,#3805,#3806,#3807,#3808,#3809,#3810,#3811,#3812,
    #3813,#3814,#3815,#3816,#3817,#3818,#3819,#3820,#3821,#3822,#3823,
    #3824,#3825,#3826,#3827,#3828,#3829,#3830,#3831,#3832,#3833,#3834,
    #3835,#3836,#3837,#3838,#3839,#3840,#3841,#3842,#3843,#3844,#3845,
    #3846,#3847,#3848,#3849,#3850,#3851,#3852,#3853,#3854,#3855,#3856,
    #3857,#3858,#3859,#3860,#3861,#3862,#3863,#3864,#3865,#3866,#3867,
    #3868,#3869,#3870,#3871,#3872,#3873,#3874,#3875,#3876,#3877,#3878,
    #3879,#3880,#3881,#3882,#3883,#3884,#3885,#3886,#3887,#3888,#3889,
    #3890,#3891,#3892,#3893,#3894,#3895,#3896,#3897,#3898,#3899,#3900,
    #3901,#3902,#3903,#3904,#3905,#3906,#3907,#3908,#3909,#3910,#3911,
    #3912,#3913,#3914,#3915,#3916,#3917,#3918,#3919),.UNSPECIFIED.,.T.,
  .F.,(7,5,5,5,5,5,5,5,5,5,5,5,5,5,5,5,5,5,5,5,5,5,5,5,5,5,5,5,5,5,5,5,5
    ,7),(0.,1.946831957086E-02,5.740003547989E-02,8.817471170254E-02,
    0.103283707043,0.129740697251,0.160248142851,0.233729833005,
    0.286657875898,0.307962615965,0.338291548454,0.364434479147,
    0.379046973744,0.410050165561,0.456924590738,0.514120736229,
    0.582065443689,0.648385748544,0.674140182733,0.732460988581,
    0.732584329021,0.732744670293,0.73289884337,0.733077682864,
    0.733256521243,0.733435358772,0.733614195717,0.733793032343,
    0.79339115763,0.818995257752,0.837771136409,0.885705616328,
    0.962146782632,1.),.UNSPECIFIED.);
#3753 = CARTESIAN_POINT('',(-4.135457635148,-8.75));
#3754 = CARTESIAN_POINT('',(-4.141786632349,-8.75));
#3755 = CARTESIAN_POINT('',(-4.148130108326,-8.74851427761));
#3756 = CARTESIAN_POINT('',(-4.154481553727,-8.745502554655));
#3757 = CARTESIAN_POINT('',(-4.160834486137,-8.740928515963));
#3758 = CARTESIAN_POINT('',(-4.167182450083,-8.734759809356));
#3759 = CARTESIAN_POINT('',(-4.185865067558,-8.711786716534));
#3760 = CARTESIAN_POINT('',(-4.198174413192,-8.690435731087));
#3761 = CARTESIAN_POINT('',(-4.21037842915,-8.662719346078));
#3762 = CARTESIAN_POINT('',(-4.222411968938,-8.628562171746));
#3763 = CARTESIAN_POINT('',(-4.234213531056,-8.588011512153));
#3764 = CARTESIAN_POINT('',(-4.255065230708,-8.503292906365));
#3765 = CARTESIAN_POINT('',(-4.264208789184,-8.461273849173));
#3766 = CARTESIAN_POINT('',(-4.273124977002,-8.415287502684));
#3767 = CARTESIAN_POINT('',(-4.28178493051,-8.365493924034));
#3768 = CARTESIAN_POINT('',(-4.290162361967,-8.312109201713));
#3769 = CARTESIAN_POINT('',(-4.302196628364,-8.227567847672));
#3770 = CARTESIAN_POINT('',(-4.306086329756,-8.198924571809));
#3771 = CARTESIAN_POINT('',(-4.309900651142,-8.169505396852));
#3772 = CARTESIAN_POINT('',(-4.313637577694,-8.139339758445));
#3773 = CARTESIAN_POINT('',(-4.317295407763,-8.108457701967));
#3774 = CARTESIAN_POINT('',(-4.327136953951,-8.021612250167));
#3775 = CARTESIAN_POINT('',(-4.333152584879,-7.964247139906));
#3776 = CARTESIAN_POINT('',(-4.338914598448,-7.904940063946));
#3777 = CARTESIAN_POINT('',(-4.344418697245,-7.843844024355));
#3778 = CARTESIAN_POINT('',(-4.349661430066,-7.781119557049));
#3779 = CARTESIAN_POINT('',(-4.36038138912,-7.642923570895));
#3780 = CARTESIAN_POINT('',(-4.365771999211,-7.566966204398));
#3781 = CARTESIAN_POINT('',(-4.370812686726,-7.489261543814));
#3782 = CARTESIAN_POINT('',(-4.375504495227,-7.410004829575));
#3783 = CARTESIAN_POINT('',(-4.379848943707,-7.32938767502));
#3784 = CARTESIAN_POINT('',(-4.393480408597,-7.050595709733));
#3785 = CARTESIAN_POINT('',(-4.401106112888,-6.846854547827));
#3786 = CARTESIAN_POINT('',(-4.406783581889,-6.638443983333));
#3787 = CARTESIAN_POINT('',(-4.410555286924,-6.427088273412));
#3788 = CARTESIAN_POINT('',(-4.412445819154,-6.21431626142));
#3789 = CARTESIAN_POINT('',(-4.412466198817,-5.848399280697));
#3790 = CARTESIAN_POINT('',(-4.411500046666,-5.69517366659));
#3791 = CARTESIAN_POINT('',(-4.409558950993,-5.542475321464));
#3792 = CARTESIAN_POINT('',(-4.406636285399,-5.390854914879));
#3793 = CARTESIAN_POINT('',(-4.402719528259,-5.240903097203));
#3794 = CARTESIAN_POINT('',(-4.395806784458,-5.033861744681));
#3795 = CARTESIAN_POINT('',(-4.393659022929,-4.97482331805));
#3796 = CARTESIAN_POINT('',(-4.39134636842,-4.916212664092));
#3797 = CARTESIAN_POINT('',(-4.388867764939,-4.858078886249));
#3798 = CARTESIAN_POINT('',(-4.38622218303,-4.800474668821));
#3799 = CARTESIAN_POINT('',(-4.379403296559,-4.66228622036));
#3800 = CARTESIAN_POINT('',(-4.375056700368,-4.582285946643));
#3801 = CARTESIAN_POINT('',(-4.370366922847,-4.503641085099));
#3802 = CARTESIAN_POINT('',(-4.365332532035,-4.426540624877));
#3803 = CARTESIAN_POINT('',(-4.359952572366,-4.351176914984));
#3804 = CARTESIAN_POINT('',(-4.349290861034,-4.214449400944));
#3805 = CARTESIAN_POINT('',(-4.344097799117,-4.152586040193));
#3806 = CARTESIAN_POINT('',(-4.338649853334,-4.092317744803));
#3807 = CARTESIAN_POINT('',(-4.332950398792,-4.033799370471));
#3808 = CARTESIAN_POINT('',(-4.327003620179,-3.977178508236));
#3809 = CARTESIAN_POINT('',(-4.317354990425,-3.892086570973));
#3810 = CARTESIAN_POINT('',(-4.313820348101,-3.8622187998));
#3811 = CARTESIAN_POINT('',(-4.310211759661,-3.833019955486));
#3812 = CARTESIAN_POINT('',(-4.306530757005,-3.80451720875));
#3813 = CARTESIAN_POINT('',(-4.302779137951,-3.776737158913));
#3814 = CARTESIAN_POINT('',(-4.290853743967,-3.69235372684));
#3815 = CARTESIAN_POINT('',(-4.2824371312,-3.638351829431));
#3816 = CARTESIAN_POINT('',(-4.273732760735,-3.587980076668));
#3817 = CARTESIAN_POINT('',(-4.26476723167,-3.541460291396));
#3818 = CARTESIAN_POINT('',(-4.25556978052,-3.49895714771));
#3819 = CARTESIAN_POINT('',(-4.231963163894,-3.402554550103));
#3820 = CARTESIAN_POINT('',(-4.217316733534,-3.354042815784));
#3821 = CARTESIAN_POINT('',(-4.202336991568,-3.315338068591));
#3822 = CARTESIAN_POINT('',(-4.187137418922,-3.286464112268));
#3823 = CARTESIAN_POINT('',(-4.171838153411,-3.267181986253));
#3824 = CARTESIAN_POINT('',(-4.137930525193,-3.244550679318));
#3825 = CARTESIAN_POINT('',(-4.119343529397,-3.245650324509));
#3826 = CARTESIAN_POINT('',(-4.100912071048,-3.259269330425));
#3827 = CARTESIAN_POINT('',(-4.082734535213,-3.284382939334));
#3828 = CARTESIAN_POINT('',(-4.064903166739,-3.319950742391));
#3829 = CARTESIAN_POINT('',(-4.026841194594,-3.41831287267));
#3830 = CARTESIAN_POINT('',(-4.006753777103,-3.485059562803));
#3831 = CARTESIAN_POINT('',(-3.987299045308,-3.563699050401));
#3832 = CARTESIAN_POINT('',(-3.968520167094,-3.653184386838));
#3833 = CARTESIAN_POINT('',(-3.950466630882,-3.752790039559));
#3834 = CARTESIAN_POINT('',(-3.916365146179,-3.968712679577));
#3835 = CARTESIAN_POINT('',(-3.900279024691,-4.084576415587));
#3836 = CARTESIAN_POINT('',(-3.884999960536,-4.209337607376));
#3837 = CARTESIAN_POINT('',(-3.870613806174,-4.342908983396));
#3838 = CARTESIAN_POINT('',(-3.857255106636,-4.485315064163));
#3839 = CARTESIAN_POINT('',(-3.84040698117,-4.695321925363));
#3840 = CARTESIAN_POINT('',(-3.835878233952,-4.755406664301));
#3841 = CARTESIAN_POINT('',(-3.831546385102,-4.816818031467));
#3842 = CARTESIAN_POINT('',(-3.827425251658,-4.879539215243));
#3843 = CARTESIAN_POINT('',(-3.823529449507,-4.943553207425));
#3844 = CARTESIAN_POINT('',(-3.81159753449,-5.156690813095));
#3845 = CARTESIAN_POINT('',(-3.804499103067,-5.312083636276));
#3846 = CARTESIAN_POINT('',(-3.798883060987,-5.473310781397));
#3847 = CARTESIAN_POINT('',(-3.794962316989,-5.638747774806));
#3848 = CARTESIAN_POINT('',(-3.792867238237,-5.80686144359));
#3849 = CARTESIAN_POINT('',(-3.792646726951,-5.976533797199));
#3850 = CARTESIAN_POINT('',(-3.792646269976,-5.976891874531));
#3851 = CARTESIAN_POINT('',(-3.792645821394,-5.977249952885));
#3852 = CARTESIAN_POINT('',(-3.792645381204,-5.977608032238));
#3853 = CARTESIAN_POINT('',(-3.792644949407,-5.977966112565));
#3854 = CARTESIAN_POINT('',(-3.792643975581,-5.97878969573));
#3855 = CARTESIAN_POINT('',(-3.792643439343,-5.979255199224));
#3856 = CARTESIAN_POINT('',(-3.792642917288,-5.979720704273));
#3857 = CARTESIAN_POINT('',(-3.792642409417,-5.980186210827));
#3858 = CARTESIAN_POINT('',(-3.79264191573,-5.980651718834));
#3859 = CARTESIAN_POINT('',(-3.79264097517,-5.98156482989));
#3860 = CARTESIAN_POINT('',(-3.792640527227,-5.982012432835));
#3861 = CARTESIAN_POINT('',(-3.792640092397,-5.982460037028));
#3862 = CARTESIAN_POINT('',(-3.792639670682,-5.982907642425));
#3863 = CARTESIAN_POINT('',(-3.792639262081,-5.983355248978));
#3864 = CARTESIAN_POINT('',(-3.792638407833,-5.984322077833));
#3865 = CARTESIAN_POINT('',(-3.792637966718,-5.984841300518));
#3866 = CARTESIAN_POINT('',(-3.79263754325,-5.985360524626));
#3867 = CARTESIAN_POINT('',(-3.792637137428,-5.985879750086));
#3868 = CARTESIAN_POINT('',(-3.792636749254,-5.986398976825));
#3869 = CARTESIAN_POINT('',(-3.792636008202,-5.987437429478));
#3870 = CARTESIAN_POINT('',(-3.792635655324,-5.987956655393));
#3871 = CARTESIAN_POINT('',(-3.792635320093,-5.988475882443));
#3872 = CARTESIAN_POINT('',(-3.792635002509,-5.988995110557));
#3873 = CARTESIAN_POINT('',(-3.792634702573,-5.989514339663));
#3874 = CARTESIAN_POINT('',(-3.792634137997,-5.990552797246));
#3875 = CARTESIAN_POINT('',(-3.792633873358,-5.991072025724));
#3876 = CARTESIAN_POINT('',(-3.792633626365,-5.99159125505));
#3877 = CARTESIAN_POINT('',(-3.792633397021,-5.992110485152));
#3878 = CARTESIAN_POINT('',(-3.792633185324,-5.992629715958));
#3879 = CARTESIAN_POINT('',(-3.792632797227,-5.993668177139));
#3880 = CARTESIAN_POINT('',(-3.792632620826,-5.994187407513));
#3881 = CARTESIAN_POINT('',(-3.792632462073,-5.994706638448));
#3882 = CARTESIAN_POINT('',(-3.792632320968,-5.995225869872));
#3883 = CARTESIAN_POINT('',(-3.792632197511,-5.995745101712));
#3884 = CARTESIAN_POINT('',(-3.792631985894,-5.996783565157));
#3885 = CARTESIAN_POINT('',(-3.792631897733,-5.997302796762));
#3886 = CARTESIAN_POINT('',(-3.79263182722,-5.99782202864));
#3887 = CARTESIAN_POINT('',(-3.792631774355,-5.998341260719));
#3888 = CARTESIAN_POINT('',(-3.792631739139,-5.998860492927));
#3889 = CARTESIAN_POINT('',(-3.792625866738,-6.172416257384));
#3890 = CARTESIAN_POINT('',(-3.794579951407,-6.344430632837));
#3891 = CARTESIAN_POINT('',(-3.798450994352,-6.513816119828));
#3892 = CARTESIAN_POINT('',(-3.804105245542,-6.678908563058));
#3893 = CARTESIAN_POINT('',(-3.811316624531,-6.837943179089));
#3894 = CARTESIAN_POINT('',(-3.823383072085,-7.053978221211));
#3895 = CARTESIAN_POINT('',(-3.827247360132,-7.117640969878));
#3896 = CARTESIAN_POINT('',(-3.831334692142,-7.180028139652));
#3897 = CARTESIAN_POINT('',(-3.835630663331,-7.24112223184));
#3898 = CARTESIAN_POINT('',(-3.840121622988,-7.30090593844));
#3899 = CARTESIAN_POINT('',(-3.848221494678,-7.402228971356));
#3900 = CARTESIAN_POINT('',(-3.851746736653,-7.444388152279));
#3901 = CARTESIAN_POINT('',(-3.855365826543,-7.485838588009));
#3902 = CARTESIAN_POINT('',(-3.859074613574,-7.526579763506));
#3903 = CARTESIAN_POINT('',(-3.862869370057,-7.566611745589));
#3904 = CARTESIAN_POINT('',(-3.876645778166,-7.706327209959));
#3905 = CARTESIAN_POINT('',(-3.887084175084,-7.802106968707));
#3906 = CARTESIAN_POINT('',(-3.898006389858,-7.893273239681));
#3907 = CARTESIAN_POINT('',(-3.909371635394,-7.979806986672));
#3908 = CARTESIAN_POINT('',(-3.921151071228,-8.061648165612));
#3909 = CARTESIAN_POINT('',(-3.952738634445,-8.261503375023));
#3910 = CARTESIAN_POINT('',(-3.973163227704,-8.372134382662));
#3911 = CARTESIAN_POINT('',(-3.994496516,-8.469890792497));
#3912 = CARTESIAN_POINT('',(-4.016668412144,-8.553669409778));
#3913 = CARTESIAN_POINT('',(-4.039615015893,-8.621856463133));
#3914 = CARTESIAN_POINT('',(-4.074950117708,-8.697117942911));
#3915 = CARTESIAN_POINT('',(-4.086820792339,-8.71766604281));
#3916 = CARTESIAN_POINT('',(-4.098833946845,-8.733530966525));
#3917 = CARTESIAN_POINT('',(-4.110963157558,-8.74440961948));
#3918 = CARTESIAN_POINT('',(-4.123180784518,-8.75));
#3919 = CARTESIAN_POINT('',(-4.135457635148,-8.75));
#3920 = ( GEOMETRIC_REPRESENTATION_CONTEXT(2) 
PARAMETRIC_REPRESENTATION_CONTEXT() REPRESENTATION_CONTEXT('2D SPACE',''
  ) );
#3921 = PCURVE('',#3922,#3927);
#3922 = CYLINDRICAL_SURFACE('',#3923,2.75);
#3923 = AXIS2_PLACEMENT_3D('',#3924,#3925,#3926);
#3924 = CARTESIAN_POINT('',(36.,-64.5,5.));
#3925 = DIRECTION('',(0.,1.,0.));
#3926 = DIRECTION('',(0.,-0.,1.));
#3927 = DEFINITIONAL_REPRESENTATION('',(#3928),#4096);
#3928 = B_SPLINE_CURVE_WITH_KNOTS('',6,(#3929,#3930,#3931,#3932,#3933,
    #3934,#3935,#3936,#3937,#3938,#3939,#3940,#3941,#3942,#3943,#3944,
    #3945,#3946,#3947,#3948,#3949,#3950,#3951,#3952,#3953,#3954,#3955,
    #3956,#3957,#3958,#3959,#3960,#3961,#3962,#3963,#3964,#3965,#3966,
    #3967,#3968,#3969,#3970,#3971,#3972,#3973,#3974,#3975,#3976,#3977,
    #3978,#3979,#3980,#3981,#3982,#3983,#3984,#3985,#3986,#3987,#3988,
    #3989,#3990,#3991,#3992,#3993,#3994,#3995,#3996,#3997,#3998,#3999,
    #4000,#4001,#4002,#4003,#4004,#4005,#4006,#4007,#4008,#4009,#4010,
    #4011,#4012,#4013,#4014,#4015,#4016,#4017,#4018,#4019,#4020,#4021,
    #4022,#4023,#4024,#4025,#4026,#4027,#4028,#4029,#4030,#4031,#4032,
    #4033,#4034,#4035,#4036,#4037,#4038,#4039,#4040,#4041,#4042,#4043,
    #4044,#4045,#4046,#4047,#4048,#4049,#4050,#4051,#4052,#4053,#4054,
    #4055,#4056,#4057,#4058,#4059,#4060,#4061,#4062,#4063,#4064,#4065,
    #4066,#4067,#4068,#4069,#4070,#4071,#4072,#4073,#4074,#4075,#4076,
    #4077,#4078,#4079,#4080,#4081,#4082,#4083,#4084,#4085,#4086,#4087,
    #4088,#4089,#4090,#4091,#4092,#4093,#4094,#4095),.UNSPECIFIED.,.F.,
  .F.,(7,5,5,5,5,5,5,5,5,5,5,5,5,5,5,5,5,5,5,5,5,5,5,5,5,5,5,5,5,5,5,5,5
    ,7),(0.,1.946831957086E-02,5.740003547989E-02,8.817471170254E-02,
    0.103283707043,0.129740697251,0.160248142851,0.233729833005,
    0.286657875898,0.307962615965,0.338291548454,0.364434479147,
    0.379046973744,0.410050165561,0.456924590738,0.514120736229,
    0.582065443689,0.648385748544,0.674140182733,0.732460988581,
    0.732584329021,0.732744670293,0.73289884337,0.733077682864,
    0.733256521243,0.733435358772,0.733614195717,0.733793032343,
    0.79339115763,0.818995257752,0.837771136409,0.885705616328,
    0.962146782632,1.),.UNSPECIFIED.);
#3929 = CARTESIAN_POINT('',(0.,13.280455542707));
#3930 = CARTESIAN_POINT('',(2.121835311419E-02,13.242481559502));
#3931 = CARTESIAN_POINT('',(4.259010778321E-02,13.204863847899));
#3932 = CARTESIAN_POINT('',(6.4110048831E-02,13.167648053557));
#3933 = CARTESIAN_POINT('',(8.577345654487E-02,13.130876554276));
#3934 = CARTESIAN_POINT('',(0.107576106675,13.094588459992));
#3935 = CARTESIAN_POINT('',(0.172258185356,12.989128248529));
#3936 = CARTESIAN_POINT('',(0.215539230151,12.921370810436));
#3937 = CARTESIAN_POINT('',(0.259257755057,12.855935278678));
#3938 = CARTESIAN_POINT('',(0.303324604325,12.793122538048));
#3939 = CARTESIAN_POINT('',(0.347653954774,12.733154481484));
#3940 = CARTESIAN_POINT('',(0.428261580871,12.629959417515));
#3941 = CARTESIAN_POINT('',(0.464459221147,12.585736257243));
#3942 = CARTESIAN_POINT('',(0.500697808556,12.543593041243));
#3943 = CARTESIAN_POINT('',(0.53692590315,12.503576740142));
#3944 = CARTESIAN_POINT('',(0.573089071317,12.465706104897));
#3945 = CARTESIAN_POINT('',(0.626820115474,12.41243542937));
#3946 = CARTESIAN_POINT('',(0.644486066088,12.395407157685));
#3947 = CARTESIAN_POINT('',(0.662119876976,12.378889593799));
#3948 = CARTESIAN_POINT('',(0.679717122198,12.362878702892));
#3949 = CARTESIAN_POINT('',(0.697273990202,12.347368891461));
#3950 = CARTESIAN_POINT('',(0.745454381635,12.306059061849));
#3951 = CARTESIAN_POINT('',(0.775979218762,12.281287268786));
#3952 = CARTESIAN_POINT('',(0.806355598968,12.257989408574));
#3953 = CARTESIAN_POINT('',(0.836576016729,12.236115513022));
#3954 = CARTESIAN_POINT('',(0.866631272674,12.215614895399));
#3955 = CARTESIAN_POINT('',(0.930963228138,12.174323437083));
#3956 = CARTESIAN_POINT('',(0.96518390749,12.153967346052));
#3957 = CARTESIAN_POINT('',(0.99918180333,12.135274442187));
#3958 = CARTESIAN_POINT('',(1.032965210407,12.118157884732));
#3959 = CARTESIAN_POINT('',(1.066541041965,12.102538457421));
#3960 = CARTESIAN_POINT('',(1.18030052852,12.054156489803));
#3961 = CARTESIAN_POINT('',(1.259488541357,12.028249949099));
#3962 = CARTESIAN_POINT('',(1.337789513881,12.009517351581));
#3963 = CARTESIAN_POINT('',(1.415487210241,11.997258063045));
#3964 = CARTESIAN_POINT('',(1.492863127542,11.991113868804));
#3965 = CARTESIAN_POINT('',(1.625923870596,11.991047634888));
#3966 = CARTESIAN_POINT('',(1.681640096322,11.994187455464));
#3967 = CARTESIAN_POINT('',(1.737473699523,12.000496123624));
#3968 = CARTESIAN_POINT('',(1.793535890169,12.010067964298));
#3969 = CARTESIAN_POINT('',(1.849938689122,12.023094980643));
#3970 = CARTESIAN_POINT('',(1.929685889508,12.046624433156));
#3971 = CARTESIAN_POINT('',(1.952645569117,12.053984355371));
#3972 = CARTESIAN_POINT('',(1.975684184365,12.061970170938));
#3973 = CARTESIAN_POINT('',(1.998807798885,12.070602992358));
#3974 = CARTESIAN_POINT('',(2.022021911148,12.079906142389));
#3975 = CARTESIAN_POINT('',(2.078514378227,12.104139514482));
#3976 = CARTESIAN_POINT('',(2.111897869912,12.119787040123));
#3977 = CARTESIAN_POINT('',(2.145487086409,12.136918354696));
#3978 = CARTESIAN_POINT('',(2.179288563968,12.155611441007));
#3979 = CARTESIAN_POINT('',(2.213310218197,12.175951640933));
#3980 = CARTESIAN_POINT('',(2.277085126676,12.217064184459));
#3981 = CARTESIAN_POINT('',(2.306780813169,12.23739027652));
#3982 = CARTESIAN_POINT('',(2.336637440085,12.259058422255));
#3983 = CARTESIAN_POINT('',(2.366646028601,12.282117355411));
#3984 = CARTESIAN_POINT('',(2.396799218627,12.306615076055));
#3985 = CARTESIAN_POINT('',(2.444022328011,12.347120862667));
#3986 = CARTESIAN_POINT('',(2.460994469832,12.362105571975));
#3987 = CARTESIAN_POINT('',(2.478004395696,12.37755840515));
#3988 = CARTESIAN_POINT('',(2.495048668664,12.393484443884));
#3989 = CARTESIAN_POINT('',(2.51212334754,12.409887448119));
#3990 = CARTESIAN_POINT('',(2.565506251859,12.462589101556));
#3991 = CARTESIAN_POINT('',(2.601917925188,12.500578552911));
#3992 = CARTESIAN_POINT('',(2.638397919099,12.54074405598));
#3993 = CARTESIAN_POINT('',(2.674891139553,12.583068133372));
#3994 = CARTESIAN_POINT('',(2.711345598076,12.627504608995));
#3995 = CARTESIAN_POINT('',(2.802688963008,12.744230193034));
#3996 = CARTESIAN_POINT('',(2.857382562944,12.81903165145));
#3997 = CARTESIAN_POINT('',(2.911640794005,12.898111157915));
#3998 = CARTESIAN_POINT('',(2.965317892785,12.981045330454));
#3999 = CARTESIAN_POINT('',(3.018259411017,13.06722797908));
#4000 = CARTESIAN_POINT('',(3.133766513614,13.264030226693));
#4001 = CARTESIAN_POINT('',(3.195856734179,13.375804518114));
#4002 = CARTESIAN_POINT('',(3.256646128577,13.490464233108));
#4003 = CARTESIAN_POINT('',(3.316195968627,13.6071820464));
#4004 = CARTESIAN_POINT('',(3.374540993239,13.725052988905));
#4005 = CARTESIAN_POINT('',(3.499583318177,13.983365537165));
#4006 = CARTESIAN_POINT('',(3.565906427893,14.124128006619));
#4007 = CARTESIAN_POINT('',(3.630988403764,14.26445928036));
#4008 = CARTESIAN_POINT('',(3.695134288549,14.403463685305));
#4009 = CARTESIAN_POINT('',(3.758640786145,14.540214468982));
#4010 = CARTESIAN_POINT('',(3.883476548224,14.80380713701));
#4011 = CARTESIAN_POINT('',(3.94482355875,14.930812129912));
#4012 = CARTESIAN_POINT('',(4.006204325453,15.05372671149));
#4013 = CARTESIAN_POINT('',(4.067930773359,15.17138295759));
#4014 = CARTESIAN_POINT('',(4.130307773918,15.282181165534));
#4015 = CARTESIAN_POINT('',(4.218242303749,15.423506921394));
#4016 = CARTESIAN_POINT('',(4.242986711763,15.461684811281));
#4017 = CARTESIAN_POINT('',(4.267889485177,15.498371153859));
#4018 = CARTESIAN_POINT('',(4.2929621994,15.533419841757));
#4019 = CARTESIAN_POINT('',(4.31821768099,15.566677549572));
#4020 = CARTESIAN_POINT('',(4.4013066923,15.668876454031));
#4021 = CARTESIAN_POINT('',(4.460344211456,15.730243072389));
#4022 = CARTESIAN_POINT('',(4.520320789856,15.779168907729));
#4023 = CARTESIAN_POINT('',(4.580980519548,15.813462054799));
#4024 = CARTESIAN_POINT('',(4.642154359055,15.831793347865));
#4025 = CARTESIAN_POINT('',(4.703855712242,15.833722798863));
#4026 = CARTESIAN_POINT('',(4.703985926892,15.833726797344));
#4027 = CARTESIAN_POINT('',(4.70411614174,15.833730722395));
#4028 = CARTESIAN_POINT('',(4.704246356784,15.833734574015));
#4029 = CARTESIAN_POINT('',(4.704376572018,15.833738352202));
#4030 = CARTESIAN_POINT('',(4.704676066108,15.833746873097));
#4031 = CARTESIAN_POINT('',(4.704845345094,15.833751565138));
#4032 = CARTESIAN_POINT('',(4.705014624382,15.833756133077));
#4033 = CARTESIAN_POINT('',(4.705183903964,15.833760576911));
#4034 = CARTESIAN_POINT('',(4.70535318383,15.83376489664));
#4035 = CARTESIAN_POINT('',(4.705685232042,15.833773126479));
#4036 = CARTESIAN_POINT('',(4.705848000368,15.833777045955));
#4037 = CARTESIAN_POINT('',(4.706010768937,15.833780850687));
#4038 = CARTESIAN_POINT('',(4.706173537742,15.833784540673));
#4039 = CARTESIAN_POINT('',(4.706336306772,15.833788115911));
#4040 = CARTESIAN_POINT('',(4.706687886999,15.833795590541));
#4041 = CARTESIAN_POINT('',(4.706876698271,15.833799450277));
#4042 = CARTESIAN_POINT('',(4.707065509821,15.833803155607));
#4043 = CARTESIAN_POINT('',(4.707254321635,15.83380670653));
#4044 = CARTESIAN_POINT('',(4.707443133698,15.833810103043));
#4045 = CARTESIAN_POINT('',(4.707820757117,15.833816587227));
#4046 = CARTESIAN_POINT('',(4.708009568473,15.833819674899));
#4047 = CARTESIAN_POINT('',(4.708198380051,15.83382260816));
#4048 = CARTESIAN_POINT('',(4.708387191837,15.833825387009));
#4049 = CARTESIAN_POINT('',(4.708576003816,15.833828011444));
#4050 = CARTESIAN_POINT('',(4.708953627235,15.833832951472));
#4051 = CARTESIAN_POINT('',(4.709142438676,15.833835267066));
#4052 = CARTESIAN_POINT('',(4.709331250282,15.833837428244));
#4053 = CARTESIAN_POINT('',(4.709520062039,15.833839435007));
#4054 = CARTESIAN_POINT('',(4.709708873934,15.833841287352));
#4055 = CARTESIAN_POINT('',(4.710086497353,15.833844683201));
#4056 = CARTESIAN_POINT('',(4.710275308878,15.833846226705));
#4057 = CARTESIAN_POINT('',(4.710464120512,15.833847615791));
#4058 = CARTESIAN_POINT('',(4.710652932241,15.833848850459));
#4059 = CARTESIAN_POINT('',(4.710841744052,15.833849930707));
#4060 = CARTESIAN_POINT('',(4.711219367471,15.833851782361));
#4061 = CARTESIAN_POINT('',(4.71140817908,15.833852553767));
#4062 = CARTESIAN_POINT('',(4.711596990742,15.833853170754));
#4063 = CARTESIAN_POINT('',(4.711785802443,15.833853633321));
#4064 = CARTESIAN_POINT('',(4.71197461417,15.833853941467));
#4065 = CARTESIAN_POINT('',(4.77508580285,15.833905324974));
#4066 = CARTESIAN_POINT('',(4.83763527957,15.816807134681));
#4067 = CARTESIAN_POINT('',(4.899676970485,15.782934937258));
#4068 = CARTESIAN_POINT('',(4.961024387359,15.733651799782));
#4069 = CARTESIAN_POINT('',(5.021398129747,15.671289382799));
#4070 = CARTESIAN_POINT('',(5.105590075736,15.567928406784));
#4071 = CARTESIAN_POINT('',(5.130696491491,15.534935732247));
#4072 = CARTESIAN_POINT('',(5.155622394753,15.500169197328));
#4073 = CARTESIAN_POINT('',(5.180380101967,15.463779808593));
#4074 = CARTESIAN_POINT('',(5.20498067298,15.425911746892));
#4075 = CARTESIAN_POINT('',(5.247365844914,15.357949528983));
#4076 = CARTESIAN_POINT('',(5.265221211034,15.328471124736));
#4077 = CARTESIAN_POINT('',(5.283006315231,15.29831691861));
#4078 = CARTESIAN_POINT('',(5.30072775938,15.267532940995));
#4079 = CARTESIAN_POINT('',(5.318392441393,15.236161488675));
#4080 = CARTESIAN_POINT('',(5.380978623449,15.122749011047));
#4081 = CARTESIAN_POINT('',(5.425629445059,15.037674107414));
#4082 = CARTESIAN_POINT('',(5.47007664835,14.949664058044));
#4083 = CARTESIAN_POINT('',(5.514437170959,14.859234973736));
#4084 = CARTESIAN_POINT('',(5.55883140251,14.766802655356));
#4085 = CARTESIAN_POINT('',(5.674438113334,14.522670246611));
#4086 = CARTESIAN_POINT('',(5.74592737892,14.368353489475));
#4087 = CARTESIAN_POINT('',(5.818282517374,14.211347974836));
#4088 = CARTESIAN_POINT('',(5.891913475322,14.052968150134));
#4089 = CARTESIAN_POINT('',(5.967243980065,13.894511154889));
#4090 = CARTESIAN_POINT('',(6.083114599463,13.659549324228));
#4091 = CARTESIAN_POINT('',(6.122020199822,13.582054998733));
#4092 = CARTESIAN_POINT('',(6.161464564241,13.505149992787));
#4093 = CARTESIAN_POINT('',(6.201460645528,13.429089913278));
#4094 = CARTESIAN_POINT('',(6.242026408931,13.35411664649));
#4095 = CARTESIAN_POINT('',(6.28318530718,13.280455542707));
#4096 = ( GEOMETRIC_REPRESENTATION_CONTEXT(2) 
PARAMETRIC_REPRESENTATION_CONTEXT() REPRESENTATION_CONTEXT('2D SPACE',''
  ) );
#4097 = ORIENTED_EDGE('',*,*,#4098,.T.);
#4098 = EDGE_CURVE('',#3579,#2058,#4099,.T.);
#4099 = SURFACE_CURVE('',#4100,(#4104,#4110),.PCURVE_S1.);
#4100 = LINE('',#4101,#4102);
#4101 = CARTESIAN_POINT('',(33.353613471513,-48.8,-1.));
#4102 = VECTOR('',#4103,1.);
#4103 = DIRECTION('',(-0.,-0.,-1.));
#4104 = PCURVE('',#716,#4105);
#4105 = DEFINITIONAL_REPRESENTATION('',(#4106),#4109);
#4106 = B_SPLINE_CURVE_WITH_KNOTS('',1,(#4107,#4108),.UNSPECIFIED.,.F.,
  .F.,(2,2),(-10.35,-0.9999994),.PIECEWISE_BEZIER_KNOTS.);
#4107 = CARTESIAN_POINT('',(-3.808020141927,-10.35));
#4108 = CARTESIAN_POINT('',(-3.808020141927,-0.9999994));
#4109 = ( GEOMETRIC_REPRESENTATION_CONTEXT(2) 
PARAMETRIC_REPRESENTATION_CONTEXT() REPRESENTATION_CONTEXT('2D SPACE',''
  ) );
#4110 = PCURVE('',#2073,#4111);
#4111 = DEFINITIONAL_REPRESENTATION('',(#4112),#4115);
#4112 = B_SPLINE_CURVE_WITH_KNOTS('',1,(#4113,#4114),.UNSPECIFIED.,.F.,
  .F.,(2,2),(-10.35,-0.9999994),.PIECEWISE_BEZIER_KNOTS.);
#4113 = CARTESIAN_POINT('',(6.846386528487,-9.35));
#4114 = CARTESIAN_POINT('',(6.846386528487,6.000000000173E-07));
#4115 = ( GEOMETRIC_REPRESENTATION_CONTEXT(2) 
PARAMETRIC_REPRESENTATION_CONTEXT() REPRESENTATION_CONTEXT('2D SPACE',''
  ) );
#4116 = ORIENTED_EDGE('',*,*,#2085,.T.);
#4117 = ORIENTED_EDGE('',*,*,#4118,.F.);
#4118 = EDGE_CURVE('',#696,#2086,#4119,.T.);
#4119 = SURFACE_CURVE('',#4120,(#4124,#4130),.PCURVE_S1.);
#4120 = LINE('',#4121,#4122);
#4121 = CARTESIAN_POINT('',(37.6,-31.91833347109,-1.));
#4122 = VECTOR('',#4123,1.);
#4123 = DIRECTION('',(-0.,-0.,-1.));
#4124 = PCURVE('',#716,#4125);
#4125 = DEFINITIONAL_REPRESENTATION('',(#4126),#4129);
#4126 = B_SPLINE_CURVE_WITH_KNOTS('',1,(#4127,#4128),.UNSPECIFIED.,.F.,
  .F.,(2,2),(-12.,-0.),.PIECEWISE_BEZIER_KNOTS.);
#4127 = CARTESIAN_POINT('',(-1.982313172862,-12.));
#4128 = CARTESIAN_POINT('',(-1.982313172862,0.));
#4129 = ( GEOMETRIC_REPRESENTATION_CONTEXT(2) 
PARAMETRIC_REPRESENTATION_CONTEXT() REPRESENTATION_CONTEXT('2D SPACE',''
  ) );
#4130 = PCURVE('',#743,#4131);
#4131 = DEFINITIONAL_REPRESENTATION('',(#4132),#4135);
#4132 = B_SPLINE_CURVE_WITH_KNOTS('',1,(#4133,#4134),.UNSPECIFIED.,.F.,
  .F.,(2,2),(-12.0000006,5.999999999062E-07),.PIECEWISE_BEZIER_KNOTS.);
#4133 = CARTESIAN_POINT('',(3.918333471097,-12.0000006));
#4134 = CARTESIAN_POINT('',(3.918333471097,5.999999999062E-07));
#4135 = ( GEOMETRIC_REPRESENTATION_CONTEXT(2) 
PARAMETRIC_REPRESENTATION_CONTEXT() REPRESENTATION_CONTEXT('2D SPACE',''
  ) );
#4136 = ORIENTED_EDGE('',*,*,#695,.F.);
#4137 = ORIENTED_EDGE('',*,*,#3278,.F.);
#4138 = ORIENTED_EDGE('',*,*,#4139,.F.);
#4139 = EDGE_CURVE('',#3482,#3279,#4140,.T.);
#4140 = SURFACE_CURVE('',#4141,(#4146,#4153),.PCURVE_S1.);
#4141 = CIRCLE('',#4142,11.);
#4142 = AXIS2_PLACEMENT_3D('',#4143,#4144,#4145);
#4143 = CARTESIAN_POINT('',(42.,-42.,11.));
#4144 = DIRECTION('',(0.,0.,-1.));
#4145 = DIRECTION('',(0.4,0.916515138991,0.));
#4146 = PCURVE('',#716,#4147);
#4147 = DEFINITIONAL_REPRESENTATION('',(#4148),#4152);
#4148 = LINE('',#4149,#4150);
#4149 = CARTESIAN_POINT('',(-7.442464787907,-12.));
#4150 = VECTOR('',#4151,1.);
#4151 = DIRECTION('',(1.,-0.));
#4152 = ( GEOMETRIC_REPRESENTATION_CONTEXT(2) 
PARAMETRIC_REPRESENTATION_CONTEXT() REPRESENTATION_CONTEXT('2D SPACE',''
  ) );
#4153 = PCURVE('',#3316,#4154);
#4154 = DEFINITIONAL_REPRESENTATION('',(#4155),#4163);
#4155 = ( BOUNDED_CURVE() B_SPLINE_CURVE(2,(#4156,#4157,#4158,#4159,
#4160,#4161,#4162),.UNSPECIFIED.,.T.,.F.) B_SPLINE_CURVE_WITH_KNOTS((1,2
    ,2,2,2,1),(-2.094395102393,0.,2.094395102393,4.188790204786,
6.28318530718,8.377580409573),.UNSPECIFIED.) CURVE() 
GEOMETRIC_REPRESENTATION_ITEM() RATIONAL_B_SPLINE_CURVE((1.,0.5,1.,0.5,
1.,0.5,1.)) REPRESENTATION_ITEM('') );
#4156 = CARTESIAN_POINT('',(4.4,10.081666528903));
#4157 = CARTESIAN_POINT('',(21.861958653026,2.460642975599));
#4158 = CARTESIAN_POINT('',(6.530979326513,-8.851345041103));
#4159 = CARTESIAN_POINT('',(-8.800000000001,-20.1633330578));
#4160 = CARTESIAN_POINT('',(-10.93097932651,-1.2303214878));
#4161 = CARTESIAN_POINT('',(-13.06195865302,17.702690082206));
#4162 = CARTESIAN_POINT('',(4.4,10.081666528903));
#4163 = ( GEOMETRIC_REPRESENTATION_CONTEXT(2) 
PARAMETRIC_REPRESENTATION_CONTEXT() REPRESENTATION_CONTEXT('2D SPACE',''
  ) );
#4164 = ADVANCED_FACE('',(#4165),#775,.F.);
#4165 = FACE_BOUND('',#4166,.T.);
#4166 = EDGE_LOOP('',(#4167,#4168,#4169,#4170));
#4167 = ORIENTED_EDGE('',*,*,#2134,.T.);
#4168 = ORIENTED_EDGE('',*,*,#3458,.T.);
#4169 = ORIENTED_EDGE('',*,*,#754,.F.);
#4170 = ORIENTED_EDGE('',*,*,#4171,.F.);
#4171 = EDGE_CURVE('',#2114,#729,#4172,.T.);
#4172 = SURFACE_CURVE('',#4173,(#4177,#4184),.PCURVE_S1.);
#4173 = LINE('',#4174,#4175);
#4174 = CARTESIAN_POINT('',(37.6,-28.,-1.));
#4175 = VECTOR('',#4176,1.);
#4176 = DIRECTION('',(0.,0.,1.));
#4177 = PCURVE('',#775,#4178);
#4178 = DEFINITIONAL_REPRESENTATION('',(#4179),#4183);
#4179 = LINE('',#4180,#4181);
#4180 = CARTESIAN_POINT('',(-3.14159265359,0.));
#4181 = VECTOR('',#4182,1.);
#4182 = DIRECTION('',(-0.,-1.));
#4183 = ( GEOMETRIC_REPRESENTATION_CONTEXT(2) 
PARAMETRIC_REPRESENTATION_CONTEXT() REPRESENTATION_CONTEXT('2D SPACE',''
  ) );
#4184 = PCURVE('',#743,#4185);
#4185 = DEFINITIONAL_REPRESENTATION('',(#4186),#4190);
#4186 = LINE('',#4187,#4188);
#4187 = CARTESIAN_POINT('',(0.,0.));
#4188 = VECTOR('',#4189,1.);
#4189 = DIRECTION('',(0.,-1.));
#4190 = ( GEOMETRIC_REPRESENTATION_CONTEXT(2) 
PARAMETRIC_REPRESENTATION_CONTEXT() REPRESENTATION_CONTEXT('2D SPACE',''
  ) );
#4191 = ADVANCED_FACE('',(#4192),#743,.T.);
#4192 = FACE_BOUND('',#4193,.T.);
#4193 = EDGE_LOOP('',(#4194,#4195,#4196,#4197));
#4194 = ORIENTED_EDGE('',*,*,#2113,.T.);
#4195 = ORIENTED_EDGE('',*,*,#4171,.T.);
#4196 = ORIENTED_EDGE('',*,*,#728,.F.);
#4197 = ORIENTED_EDGE('',*,*,#4118,.T.);
#4198 = ADVANCED_FACE('',(#4199),#863,.T.);
#4199 = FACE_BOUND('',#4200,.T.);
#4200 = EDGE_LOOP('',(#4201,#4202,#4221,#4222));
#4201 = ORIENTED_EDGE('',*,*,#2183,.T.);
#4202 = ORIENTED_EDGE('',*,*,#4203,.F.);
#4203 = EDGE_CURVE('',#849,#2186,#4204,.T.);
#4204 = SURFACE_CURVE('',#4205,(#4209,#4215),.PCURVE_S1.);
#4205 = LINE('',#4206,#4207);
#4206 = CARTESIAN_POINT('',(-37.6,24.081666528903,-1.));
#4207 = VECTOR('',#4208,1.);
#4208 = DIRECTION('',(-0.,-0.,-1.));
#4209 = PCURVE('',#863,#4210);
#4210 = DEFINITIONAL_REPRESENTATION('',(#4211),#4214);
#4211 = B_SPLINE_CURVE_WITH_KNOTS('',1,(#4212,#4213),.UNSPECIFIED.,.F.,
  .F.,(2,2),(-12.0000006,5.999999999062E-07),.PIECEWISE_BEZIER_KNOTS.);
#4212 = CARTESIAN_POINT('',(10.081666528903,-12.0000006));
#4213 = CARTESIAN_POINT('',(10.081666528903,5.999999999062E-07));
#4214 = ( GEOMETRIC_REPRESENTATION_CONTEXT(2) 
PARAMETRIC_REPRESENTATION_CONTEXT() REPRESENTATION_CONTEXT('2D SPACE',''
  ) );
#4215 = PCURVE('',#895,#4216);
#4216 = DEFINITIONAL_REPRESENTATION('',(#4217),#4220);
#4217 = B_SPLINE_CURVE_WITH_KNOTS('',1,(#4218,#4219),.UNSPECIFIED.,.F.,
  .F.,(2,2),(-12.,0.),.PIECEWISE_BEZIER_KNOTS.);
#4218 = CARTESIAN_POINT('',(-7.442464787907,-12.));
#4219 = CARTESIAN_POINT('',(-7.442464787907,0.));
#4220 = ( GEOMETRIC_REPRESENTATION_CONTEXT(2) 
PARAMETRIC_REPRESENTATION_CONTEXT() REPRESENTATION_CONTEXT('2D SPACE',''
  ) );
#4221 = ORIENTED_EDGE('',*,*,#846,.F.);
#4222 = ORIENTED_EDGE('',*,*,#4223,.F.);
#4223 = EDGE_CURVE('',#2184,#847,#4224,.T.);
#4224 = SURFACE_CURVE('',#4225,(#4229,#4236),.PCURVE_S1.);
#4225 = LINE('',#4226,#4227);
#4226 = CARTESIAN_POINT('',(-37.6,28.,-1.));
#4227 = VECTOR('',#4228,1.);
#4228 = DIRECTION('',(0.,0.,1.));
#4229 = PCURVE('',#863,#4230);
#4230 = DEFINITIONAL_REPRESENTATION('',(#4231),#4235);
#4231 = LINE('',#4232,#4233);
#4232 = CARTESIAN_POINT('',(14.,0.));
#4233 = VECTOR('',#4234,1.);
#4234 = DIRECTION('',(0.,-1.));
#4235 = ( GEOMETRIC_REPRESENTATION_CONTEXT(2) 
PARAMETRIC_REPRESENTATION_CONTEXT() REPRESENTATION_CONTEXT('2D SPACE',''
  ) );
#4236 = PCURVE('',#952,#4237);
#4237 = DEFINITIONAL_REPRESENTATION('',(#4238),#4241);
#4238 = B_SPLINE_CURVE_WITH_KNOTS('',1,(#4239,#4240),.UNSPECIFIED.,.F.,
  .F.,(2,2),(0.,12.),.PIECEWISE_BEZIER_KNOTS.);
#4239 = CARTESIAN_POINT('',(0.,0.));
#4240 = CARTESIAN_POINT('',(0.,-12.));
#4241 = ( GEOMETRIC_REPRESENTATION_CONTEXT(2) 
PARAMETRIC_REPRESENTATION_CONTEXT() REPRESENTATION_CONTEXT('2D SPACE',''
  ) );
#4242 = ADVANCED_FACE('',(#4243),#952,.F.);
#4243 = FACE_BOUND('',#4244,.T.);
#4244 = EDGE_LOOP('',(#4245,#4246,#4247,#4248));
#4245 = ORIENTED_EDGE('',*,*,#2255,.T.);
#4246 = ORIENTED_EDGE('',*,*,#4223,.T.);
#4247 = ORIENTED_EDGE('',*,*,#933,.F.);
#4248 = ORIENTED_EDGE('',*,*,#4249,.F.);
#4249 = EDGE_CURVE('',#2235,#908,#4250,.T.);
#4250 = SURFACE_CURVE('',#4251,(#4255,#4262),.PCURVE_S1.);
#4251 = LINE('',#4252,#4253);
#4252 = CARTESIAN_POINT('',(-46.4,28.,-1.));
#4253 = VECTOR('',#4254,1.);
#4254 = DIRECTION('',(0.,0.,1.));
#4255 = PCURVE('',#952,#4256);
#4256 = DEFINITIONAL_REPRESENTATION('',(#4257),#4261);
#4257 = LINE('',#4258,#4259);
#4258 = CARTESIAN_POINT('',(-3.14159265359,0.));
#4259 = VECTOR('',#4260,1.);
#4260 = DIRECTION('',(-0.,-1.));
#4261 = ( GEOMETRIC_REPRESENTATION_CONTEXT(2) 
PARAMETRIC_REPRESENTATION_CONTEXT() REPRESENTATION_CONTEXT('2D SPACE',''
  ) );
#4262 = PCURVE('',#922,#4263);
#4263 = DEFINITIONAL_REPRESENTATION('',(#4264),#4268);
#4264 = LINE('',#4265,#4266);
#4265 = CARTESIAN_POINT('',(0.,0.));
#4266 = VECTOR('',#4267,1.);
#4267 = DIRECTION('',(0.,-1.));
#4268 = ( GEOMETRIC_REPRESENTATION_CONTEXT(2) 
PARAMETRIC_REPRESENTATION_CONTEXT() REPRESENTATION_CONTEXT('2D SPACE',''
  ) );
#4269 = ADVANCED_FACE('',(#4270),#895,.F.);
#4270 = FACE_BOUND('',#4271,.T.);
#4271 = EDGE_LOOP('',(#4272,#4273,#4292,#4293));
#4272 = ORIENTED_EDGE('',*,*,#2206,.T.);
#4273 = ORIENTED_EDGE('',*,*,#4274,.F.);
#4274 = EDGE_CURVE('',#875,#2207,#4275,.T.);
#4275 = SURFACE_CURVE('',#4276,(#4280,#4286),.PCURVE_S1.);
#4276 = LINE('',#4277,#4278);
#4277 = CARTESIAN_POINT('',(-46.4,24.081666528903,-1.));
#4278 = VECTOR('',#4279,1.);
#4279 = DIRECTION('',(-0.,-0.,-1.));
#4280 = PCURVE('',#895,#4281);
#4281 = DEFINITIONAL_REPRESENTATION('',(#4282),#4285);
#4282 = B_SPLINE_CURVE_WITH_KNOTS('',1,(#4283,#4284),.UNSPECIFIED.,.F.,
  .F.,(2,2),(-12.,-0.),.PIECEWISE_BEZIER_KNOTS.);
#4283 = CARTESIAN_POINT('',(-1.982313172862,-12.));
#4284 = CARTESIAN_POINT('',(-1.982313172862,0.));
#4285 = ( GEOMETRIC_REPRESENTATION_CONTEXT(2) 
PARAMETRIC_REPRESENTATION_CONTEXT() REPRESENTATION_CONTEXT('2D SPACE',''
  ) );
#4286 = PCURVE('',#922,#4287);
#4287 = DEFINITIONAL_REPRESENTATION('',(#4288),#4291);
#4288 = B_SPLINE_CURVE_WITH_KNOTS('',1,(#4289,#4290),.UNSPECIFIED.,.F.,
  .F.,(2,2),(-12.0000006,5.999999999062E-07),.PIECEWISE_BEZIER_KNOTS.);
#4289 = CARTESIAN_POINT('',(3.918333471097,-12.0000006));
#4290 = CARTESIAN_POINT('',(3.918333471097,5.999999999062E-07));
#4291 = ( GEOMETRIC_REPRESENTATION_CONTEXT(2) 
PARAMETRIC_REPRESENTATION_CONTEXT() REPRESENTATION_CONTEXT('2D SPACE',''
  ) );
#4292 = ORIENTED_EDGE('',*,*,#874,.F.);
#4293 = ORIENTED_EDGE('',*,*,#4203,.T.);
#4294 = ADVANCED_FACE('',(#4295),#922,.T.);
#4295 = FACE_BOUND('',#4296,.T.);
#4296 = EDGE_LOOP('',(#4297,#4298,#4299,#4300));
#4297 = ORIENTED_EDGE('',*,*,#2234,.T.);
#4298 = ORIENTED_EDGE('',*,*,#4249,.T.);
#4299 = ORIENTED_EDGE('',*,*,#907,.F.);
#4300 = ORIENTED_EDGE('',*,*,#4274,.T.);
#4301 = ADVANCED_FACE('',(#4302),#987,.T.);
#4302 = FACE_BOUND('',#4303,.F.);
#4303 = EDGE_LOOP('',(#4304,#4305,#4328,#4355));
#4304 = ORIENTED_EDGE('',*,*,#966,.T.);
#4305 = ORIENTED_EDGE('',*,*,#4306,.T.);
#4306 = EDGE_CURVE('',#967,#4307,#4309,.T.);
#4307 = VERTEX_POINT('',#4308);
#4308 = CARTESIAN_POINT('',(-41.,50.,16.));
#4309 = SEAM_CURVE('',#4310,(#4314,#4321),.PCURVE_S1.);
#4310 = LINE('',#4311,#4312);
#4311 = CARTESIAN_POINT('',(-41.,50.,0.));
#4312 = VECTOR('',#4313,1.);
#4313 = DIRECTION('',(0.,0.,1.));
#4314 = PCURVE('',#987,#4315);
#4315 = DEFINITIONAL_REPRESENTATION('',(#4316),#4320);
#4316 = LINE('',#4317,#4318);
#4317 = CARTESIAN_POINT('',(-6.28318530718,0.));
#4318 = VECTOR('',#4319,1.);
#4319 = DIRECTION('',(-0.,-1.));
#4320 = ( GEOMETRIC_REPRESENTATION_CONTEXT(2) 
PARAMETRIC_REPRESENTATION_CONTEXT() REPRESENTATION_CONTEXT('2D SPACE',''
  ) );
#4321 = PCURVE('',#987,#4322);
#4322 = DEFINITIONAL_REPRESENTATION('',(#4323),#4327);
#4323 = LINE('',#4324,#4325);
#4324 = CARTESIAN_POINT('',(-0.,0.));
#4325 = VECTOR('',#4326,1.);
#4326 = DIRECTION('',(-0.,-1.));
#4327 = ( GEOMETRIC_REPRESENTATION_CONTEXT(2) 
PARAMETRIC_REPRESENTATION_CONTEXT() REPRESENTATION_CONTEXT('2D SPACE',''
  ) );
#4328 = ORIENTED_EDGE('',*,*,#4329,.T.);
#4329 = EDGE_CURVE('',#4307,#4307,#4330,.T.);
#4330 = SURFACE_CURVE('',#4331,(#4336,#4343),.PCURVE_S1.);
#4331 = CIRCLE('',#4332,9.);
#4332 = AXIS2_PLACEMENT_3D('',#4333,#4334,#4335);
#4333 = CARTESIAN_POINT('',(-50.,50.,16.));
#4334 = DIRECTION('',(0.,0.,1.));
#4335 = DIRECTION('',(1.,0.,0.));
#4336 = PCURVE('',#987,#4337);
#4337 = DEFINITIONAL_REPRESENTATION('',(#4338),#4342);
#4338 = LINE('',#4339,#4340);
#4339 = CARTESIAN_POINT('',(-0.,-16.));
#4340 = VECTOR('',#4341,1.);
#4341 = DIRECTION('',(-1.,0.));
#4342 = ( GEOMETRIC_REPRESENTATION_CONTEXT(2) 
PARAMETRIC_REPRESENTATION_CONTEXT() REPRESENTATION_CONTEXT('2D SPACE',''
  ) );
#4343 = PCURVE('',#4344,#4349);
#4344 = PLANE('',#4345);
#4345 = AXIS2_PLACEMENT_3D('',#4346,#4347,#4348);
#4346 = CARTESIAN_POINT('',(-50.,50.,16.));
#4347 = DIRECTION('',(0.,0.,1.));
#4348 = DIRECTION('',(1.,0.,-0.));
#4349 = DEFINITIONAL_REPRESENTATION('',(#4350),#4354);
#4350 = CIRCLE('',#4351,9.);
#4351 = AXIS2_PLACEMENT_2D('',#4352,#4353);
#4352 = CARTESIAN_POINT('',(-7.105427357601E-15,-7.105427357601E-15));
#4353 = DIRECTION('',(1.,0.));
#4354 = ( GEOMETRIC_REPRESENTATION_CONTEXT(2) 
PARAMETRIC_REPRESENTATION_CONTEXT() REPRESENTATION_CONTEXT('2D SPACE',''
  ) );
#4355 = ORIENTED_EDGE('',*,*,#4306,.F.);
#4356 = ADVANCED_FACE('',(#4357),#1020,.F.);
#4357 = FACE_BOUND('',#4358,.F.);
#4358 = EDGE_LOOP('',(#4359,#4380,#4381,#4402));
#4359 = ORIENTED_EDGE('',*,*,#4360,.F.);
#4360 = EDGE_CURVE('',#2319,#1002,#4361,.T.);
#4361 = SURFACE_CURVE('',#4362,(#4366,#4373),.PCURVE_S1.);
#4362 = LINE('',#4363,#4364);
#4363 = CARTESIAN_POINT('',(20.,-19.,-1.));
#4364 = VECTOR('',#4365,1.);
#4365 = DIRECTION('',(0.,0.,1.));
#4366 = PCURVE('',#1020,#4367);
#4367 = DEFINITIONAL_REPRESENTATION('',(#4368),#4372);
#4368 = LINE('',#4369,#4370);
#4369 = CARTESIAN_POINT('',(0.,0.));
#4370 = VECTOR('',#4371,1.);
#4371 = DIRECTION('',(0.,1.));
#4372 = ( GEOMETRIC_REPRESENTATION_CONTEXT(2) 
PARAMETRIC_REPRESENTATION_CONTEXT() REPRESENTATION_CONTEXT('2D SPACE',''
  ) );
#4373 = PCURVE('',#1047,#4374);
#4374 = DEFINITIONAL_REPRESENTATION('',(#4375),#4379);
#4375 = LINE('',#4376,#4377);
#4376 = CARTESIAN_POINT('',(46.,0.));
#4377 = VECTOR('',#4378,1.);
#4378 = DIRECTION('',(0.,-1.));
#4379 = ( GEOMETRIC_REPRESENTATION_CONTEXT(2) 
PARAMETRIC_REPRESENTATION_CONTEXT() REPRESENTATION_CONTEXT('2D SPACE',''
  ) );
#4380 = ORIENTED_EDGE('',*,*,#2318,.T.);
#4381 = ORIENTED_EDGE('',*,*,#4382,.T.);
#4382 = EDGE_CURVE('',#2321,#1004,#4383,.T.);
#4383 = SURFACE_CURVE('',#4384,(#4388,#4395),.PCURVE_S1.);
#4384 = LINE('',#4385,#4386);
#4385 = CARTESIAN_POINT('',(26.,-13.,-1.));
#4386 = VECTOR('',#4387,1.);
#4387 = DIRECTION('',(0.,0.,1.));
#4388 = PCURVE('',#1020,#4389);
#4389 = DEFINITIONAL_REPRESENTATION('',(#4390),#4394);
#4390 = LINE('',#4391,#4392);
#4391 = CARTESIAN_POINT('',(1.570796326795,0.));
#4392 = VECTOR('',#4393,1.);
#4393 = DIRECTION('',(0.,1.));
#4394 = ( GEOMETRIC_REPRESENTATION_CONTEXT(2) 
PARAMETRIC_REPRESENTATION_CONTEXT() REPRESENTATION_CONTEXT('2D SPACE',''
  ) );
#4395 = PCURVE('',#1210,#4396);
#4396 = DEFINITIONAL_REPRESENTATION('',(#4397),#4401);
#4397 = LINE('',#4398,#4399);
#4398 = CARTESIAN_POINT('',(6.,0.));
#4399 = VECTOR('',#4400,1.);
#4400 = DIRECTION('',(0.,-1.));
#4401 = ( GEOMETRIC_REPRESENTATION_CONTEXT(2) 
PARAMETRIC_REPRESENTATION_CONTEXT() REPRESENTATION_CONTEXT('2D SPACE',''
  ) );
#4402 = ORIENTED_EDGE('',*,*,#1001,.F.);
#4403 = ADVANCED_FACE('',(#4404),#1047,.T.);
#4404 = FACE_BOUND('',#4405,.T.);
#4405 = EDGE_LOOP('',(#4406,#4407,#4428,#4429));
#4406 = ORIENTED_EDGE('',*,*,#2344,.T.);
#4407 = ORIENTED_EDGE('',*,*,#4408,.T.);
#4408 = EDGE_CURVE('',#2345,#1033,#4409,.T.);
#4409 = SURFACE_CURVE('',#4410,(#4414,#4421),.PCURVE_S1.);
#4410 = LINE('',#4411,#4412);
#4411 = CARTESIAN_POINT('',(-20.,-19.,-1.));
#4412 = VECTOR('',#4413,1.);
#4413 = DIRECTION('',(0.,0.,1.));
#4414 = PCURVE('',#1047,#4415);
#4415 = DEFINITIONAL_REPRESENTATION('',(#4416),#4420);
#4416 = LINE('',#4417,#4418);
#4417 = CARTESIAN_POINT('',(6.,0.));
#4418 = VECTOR('',#4419,1.);
#4419 = DIRECTION('',(0.,-1.));
#4420 = ( GEOMETRIC_REPRESENTATION_CONTEXT(2) 
PARAMETRIC_REPRESENTATION_CONTEXT() REPRESENTATION_CONTEXT('2D SPACE',''
  ) );
#4421 = PCURVE('',#1075,#4422);
#4422 = DEFINITIONAL_REPRESENTATION('',(#4423),#4427);
#4423 = LINE('',#4424,#4425);
#4424 = CARTESIAN_POINT('',(-0.,0.));
#4425 = VECTOR('',#4426,1.);
#4426 = DIRECTION('',(-0.,1.));
#4427 = ( GEOMETRIC_REPRESENTATION_CONTEXT(2) 
PARAMETRIC_REPRESENTATION_CONTEXT() REPRESENTATION_CONTEXT('2D SPACE',''
  ) );
#4428 = ORIENTED_EDGE('',*,*,#1032,.F.);
#4429 = ORIENTED_EDGE('',*,*,#4360,.F.);
#4430 = ADVANCED_FACE('',(#4431),#1210,.T.);
#4431 = FACE_BOUND('',#4432,.T.);
#4432 = EDGE_LOOP('',(#4433,#4434,#4435,#4436));
#4433 = ORIENTED_EDGE('',*,*,#2482,.T.);
#4434 = ORIENTED_EDGE('',*,*,#4382,.T.);
#4435 = ORIENTED_EDGE('',*,*,#1197,.F.);
#4436 = ORIENTED_EDGE('',*,*,#4437,.F.);
#4437 = EDGE_CURVE('',#2459,#1169,#4438,.T.);
#4438 = SURFACE_CURVE('',#4439,(#4443,#4450),.PCURVE_S1.);
#4439 = LINE('',#4440,#4441);
#4440 = CARTESIAN_POINT('',(26.,17.,-1.));
#4441 = VECTOR('',#4442,1.);
#4442 = DIRECTION('',(0.,0.,1.));
#4443 = PCURVE('',#1210,#4444);
#4444 = DEFINITIONAL_REPRESENTATION('',(#4445),#4449);
#4445 = LINE('',#4446,#4447);
#4446 = CARTESIAN_POINT('',(36.,0.));
#4447 = VECTOR('',#4448,1.);
#4448 = DIRECTION('',(0.,-1.));
#4449 = ( GEOMETRIC_REPRESENTATION_CONTEXT(2) 
PARAMETRIC_REPRESENTATION_CONTEXT() REPRESENTATION_CONTEXT('2D SPACE',''
  ) );
#4450 = PCURVE('',#1185,#4451);
#4451 = DEFINITIONAL_REPRESENTATION('',(#4452),#4456);
#4452 = LINE('',#4453,#4454);
#4453 = CARTESIAN_POINT('',(0.,0.));
#4454 = VECTOR('',#4455,1.);
#4455 = DIRECTION('',(0.,1.));
#4456 = ( GEOMETRIC_REPRESENTATION_CONTEXT(2) 
PARAMETRIC_REPRESENTATION_CONTEXT() REPRESENTATION_CONTEXT('2D SPACE',''
  ) );
#4457 = ADVANCED_FACE('',(#4458),#1075,.F.);
#4458 = FACE_BOUND('',#4459,.T.);
#4459 = EDGE_LOOP('',(#4460,#4461,#4462,#4483));
#4460 = ORIENTED_EDGE('',*,*,#4408,.F.);
#4461 = ORIENTED_EDGE('',*,*,#2366,.F.);
#4462 = ORIENTED_EDGE('',*,*,#4463,.T.);
#4463 = EDGE_CURVE('',#2367,#1059,#4464,.T.);
#4464 = SURFACE_CURVE('',#4465,(#4469,#4476),.PCURVE_S1.);
#4465 = LINE('',#4466,#4467);
#4466 = CARTESIAN_POINT('',(-26.,-13.,-1.));
#4467 = VECTOR('',#4468,1.);
#4468 = DIRECTION('',(0.,0.,1.));
#4469 = PCURVE('',#1075,#4470);
#4470 = DEFINITIONAL_REPRESENTATION('',(#4471),#4475);
#4471 = LINE('',#4472,#4473);
#4472 = CARTESIAN_POINT('',(-1.570796326795,0.));
#4473 = VECTOR('',#4474,1.);
#4474 = DIRECTION('',(-0.,1.));
#4475 = ( GEOMETRIC_REPRESENTATION_CONTEXT(2) 
PARAMETRIC_REPRESENTATION_CONTEXT() REPRESENTATION_CONTEXT('2D SPACE',''
  ) );
#4476 = PCURVE('',#1102,#4477);
#4477 = DEFINITIONAL_REPRESENTATION('',(#4478),#4482);
#4478 = LINE('',#4479,#4480);
#4479 = CARTESIAN_POINT('',(36.,0.));
#4480 = VECTOR('',#4481,1.);
#4481 = DIRECTION('',(0.,-1.));
#4482 = ( GEOMETRIC_REPRESENTATION_CONTEXT(2) 
PARAMETRIC_REPRESENTATION_CONTEXT() REPRESENTATION_CONTEXT('2D SPACE',''
  ) );
#4483 = ORIENTED_EDGE('',*,*,#1058,.T.);
#4484 = ADVANCED_FACE('',(#4485),#1185,.F.);
#4485 = FACE_BOUND('',#4486,.F.);
#4486 = EDGE_LOOP('',(#4487,#4488,#4489,#4510));
#4487 = ORIENTED_EDGE('',*,*,#4437,.F.);
#4488 = ORIENTED_EDGE('',*,*,#2458,.T.);
#4489 = ORIENTED_EDGE('',*,*,#4490,.T.);
#4490 = EDGE_CURVE('',#2437,#1143,#4491,.T.);
#4491 = SURFACE_CURVE('',#4492,(#4496,#4503),.PCURVE_S1.);
#4492 = LINE('',#4493,#4494);
#4493 = CARTESIAN_POINT('',(20.,23.,-1.));
#4494 = VECTOR('',#4495,1.);
#4495 = DIRECTION('',(0.,0.,1.));
#4496 = PCURVE('',#1185,#4497);
#4497 = DEFINITIONAL_REPRESENTATION('',(#4498),#4502);
#4498 = LINE('',#4499,#4500);
#4499 = CARTESIAN_POINT('',(1.570796326795,0.));
#4500 = VECTOR('',#4501,1.);
#4501 = DIRECTION('',(0.,1.));
#4502 = ( GEOMETRIC_REPRESENTATION_CONTEXT(2) 
PARAMETRIC_REPRESENTATION_CONTEXT() REPRESENTATION_CONTEXT('2D SPACE',''
  ) );
#4503 = PCURVE('',#1157,#4504);
#4504 = DEFINITIONAL_REPRESENTATION('',(#4505),#4509);
#4505 = LINE('',#4506,#4507);
#4506 = CARTESIAN_POINT('',(6.,0.));
#4507 = VECTOR('',#4508,1.);
#4508 = DIRECTION('',(0.,-1.));
#4509 = ( GEOMETRIC_REPRESENTATION_CONTEXT(2) 
PARAMETRIC_REPRESENTATION_CONTEXT() REPRESENTATION_CONTEXT('2D SPACE',''
  ) );
#4510 = ORIENTED_EDGE('',*,*,#1168,.F.);
#4511 = ADVANCED_FACE('',(#4512),#1102,.T.);
#4512 = FACE_BOUND('',#4513,.T.);
#4513 = EDGE_LOOP('',(#4514,#4515,#4536,#4537));
#4514 = ORIENTED_EDGE('',*,*,#2390,.T.);
#4515 = ORIENTED_EDGE('',*,*,#4516,.T.);
#4516 = EDGE_CURVE('',#2391,#1088,#4517,.T.);
#4517 = SURFACE_CURVE('',#4518,(#4522,#4529),.PCURVE_S1.);
#4518 = LINE('',#4519,#4520);
#4519 = CARTESIAN_POINT('',(-26.,17.,-1.));
#4520 = VECTOR('',#4521,1.);
#4521 = DIRECTION('',(0.,0.,1.));
#4522 = PCURVE('',#1102,#4523);
#4523 = DEFINITIONAL_REPRESENTATION('',(#4524),#4528);
#4524 = LINE('',#4525,#4526);
#4525 = CARTESIAN_POINT('',(6.,0.));
#4526 = VECTOR('',#4527,1.);
#4527 = DIRECTION('',(0.,-1.));
#4528 = ( GEOMETRIC_REPRESENTATION_CONTEXT(2) 
PARAMETRIC_REPRESENTATION_CONTEXT() REPRESENTATION_CONTEXT('2D SPACE',''
  ) );
#4529 = PCURVE('',#1130,#4530);
#4530 = DEFINITIONAL_REPRESENTATION('',(#4531),#4535);
#4531 = LINE('',#4532,#4533);
#4532 = CARTESIAN_POINT('',(1.570796326795,0.));
#4533 = VECTOR('',#4534,1.);
#4534 = DIRECTION('',(0.,1.));
#4535 = ( GEOMETRIC_REPRESENTATION_CONTEXT(2) 
PARAMETRIC_REPRESENTATION_CONTEXT() REPRESENTATION_CONTEXT('2D SPACE',''
  ) );
#4536 = ORIENTED_EDGE('',*,*,#1087,.F.);
#4537 = ORIENTED_EDGE('',*,*,#4463,.F.);
#4538 = ADVANCED_FACE('',(#4539),#1157,.T.);
#4539 = FACE_BOUND('',#4540,.T.);
#4540 = EDGE_LOOP('',(#4541,#4542,#4543,#4544));
#4541 = ORIENTED_EDGE('',*,*,#2436,.T.);
#4542 = ORIENTED_EDGE('',*,*,#4490,.T.);
#4543 = ORIENTED_EDGE('',*,*,#1142,.F.);
#4544 = ORIENTED_EDGE('',*,*,#4545,.F.);
#4545 = EDGE_CURVE('',#2413,#1114,#4546,.T.);
#4546 = SURFACE_CURVE('',#4547,(#4551,#4558),.PCURVE_S1.);
#4547 = LINE('',#4548,#4549);
#4548 = CARTESIAN_POINT('',(-20.,23.,-1.));
#4549 = VECTOR('',#4550,1.);
#4550 = DIRECTION('',(0.,0.,1.));
#4551 = PCURVE('',#1157,#4552);
#4552 = DEFINITIONAL_REPRESENTATION('',(#4553),#4557);
#4553 = LINE('',#4554,#4555);
#4554 = CARTESIAN_POINT('',(46.,0.));
#4555 = VECTOR('',#4556,1.);
#4556 = DIRECTION('',(0.,-1.));
#4557 = ( GEOMETRIC_REPRESENTATION_CONTEXT(2) 
PARAMETRIC_REPRESENTATION_CONTEXT() REPRESENTATION_CONTEXT('2D SPACE',''
  ) );
#4558 = PCURVE('',#1130,#4559);
#4559 = DEFINITIONAL_REPRESENTATION('',(#4560),#4564);
#4560 = LINE('',#4561,#4562);
#4561 = CARTESIAN_POINT('',(0.,0.));
#4562 = VECTOR('',#4563,1.);
#4563 = DIRECTION('',(0.,1.));
#4564 = ( GEOMETRIC_REPRESENTATION_CONTEXT(2) 
PARAMETRIC_REPRESENTATION_CONTEXT() REPRESENTATION_CONTEXT('2D SPACE',''
  ) );
#4565 = ADVANCED_FACE('',(#4566),#1130,.F.);
#4566 = FACE_BOUND('',#4567,.F.);
#4567 = EDGE_LOOP('',(#4568,#4569,#4570,#4571));
#4568 = ORIENTED_EDGE('',*,*,#4545,.F.);
#4569 = ORIENTED_EDGE('',*,*,#2412,.T.);
#4570 = ORIENTED_EDGE('',*,*,#4516,.T.);
#4571 = ORIENTED_EDGE('',*,*,#1113,.F.);
#4572 = ADVANCED_FACE('',(#4573),#1240,.T.);
#4573 = FACE_BOUND('',#4574,.T.);
#4574 = EDGE_LOOP('',(#4575,#4576,#4595,#4596));
#4575 = ORIENTED_EDGE('',*,*,#2504,.T.);
#4576 = ORIENTED_EDGE('',*,*,#4577,.F.);
#4577 = EDGE_CURVE('',#1226,#2507,#4578,.T.);
#4578 = SURFACE_CURVE('',#4579,(#4583,#4589),.PCURVE_S1.);
#4579 = LINE('',#4580,#4581);
#4580 = CARTESIAN_POINT('',(46.4,24.081666528903,-1.));
#4581 = VECTOR('',#4582,1.);
#4582 = DIRECTION('',(-0.,-0.,-1.));
#4583 = PCURVE('',#1240,#4584);
#4584 = DEFINITIONAL_REPRESENTATION('',(#4585),#4588);
#4585 = B_SPLINE_CURVE_WITH_KNOTS('',1,(#4586,#4587),.UNSPECIFIED.,.F.,
  .F.,(2,2),(-12.0000006,5.999999999062E-07),.PIECEWISE_BEZIER_KNOTS.);
#4586 = CARTESIAN_POINT('',(10.081666528903,-12.0000006));
#4587 = CARTESIAN_POINT('',(10.081666528903,5.999999999062E-07));
#4588 = ( GEOMETRIC_REPRESENTATION_CONTEXT(2) 
PARAMETRIC_REPRESENTATION_CONTEXT() REPRESENTATION_CONTEXT('2D SPACE',''
  ) );
#4589 = PCURVE('',#1272,#4590);
#4590 = DEFINITIONAL_REPRESENTATION('',(#4591),#4594);
#4591 = B_SPLINE_CURVE_WITH_KNOTS('',1,(#4592,#4593),.UNSPECIFIED.,.F.,
  .F.,(2,2),(-12.,0.),.PIECEWISE_BEZIER_KNOTS.);
#4592 = CARTESIAN_POINT('',(-7.442464787907,-12.));
#4593 = CARTESIAN_POINT('',(-7.442464787907,0.));
#4594 = ( GEOMETRIC_REPRESENTATION_CONTEXT(2) 
PARAMETRIC_REPRESENTATION_CONTEXT() REPRESENTATION_CONTEXT('2D SPACE',''
  ) );
#4595 = ORIENTED_EDGE('',*,*,#1223,.F.);
#4596 = ORIENTED_EDGE('',*,*,#4597,.F.);
#4597 = EDGE_CURVE('',#2505,#1224,#4598,.T.);
#4598 = SURFACE_CURVE('',#4599,(#4603,#4610),.PCURVE_S1.);
#4599 = LINE('',#4600,#4601);
#4600 = CARTESIAN_POINT('',(46.4,28.,-1.));
#4601 = VECTOR('',#4602,1.);
#4602 = DIRECTION('',(0.,0.,1.));
#4603 = PCURVE('',#1240,#4604);
#4604 = DEFINITIONAL_REPRESENTATION('',(#4605),#4609);
#4605 = LINE('',#4606,#4607);
#4606 = CARTESIAN_POINT('',(14.,0.));
#4607 = VECTOR('',#4608,1.);
#4608 = DIRECTION('',(0.,-1.));
#4609 = ( GEOMETRIC_REPRESENTATION_CONTEXT(2) 
PARAMETRIC_REPRESENTATION_CONTEXT() REPRESENTATION_CONTEXT('2D SPACE',''
  ) );
#4610 = PCURVE('',#1329,#4611);
#4611 = DEFINITIONAL_REPRESENTATION('',(#4612),#4615);
#4612 = B_SPLINE_CURVE_WITH_KNOTS('',1,(#4613,#4614),.UNSPECIFIED.,.F.,
  .F.,(2,2),(0.,12.),.PIECEWISE_BEZIER_KNOTS.);
#4613 = CARTESIAN_POINT('',(0.,0.));
#4614 = CARTESIAN_POINT('',(0.,-12.));
#4615 = ( GEOMETRIC_REPRESENTATION_CONTEXT(2) 
PARAMETRIC_REPRESENTATION_CONTEXT() REPRESENTATION_CONTEXT('2D SPACE',''
  ) );
#4616 = ADVANCED_FACE('',(#4617),#1329,.F.);
#4617 = FACE_BOUND('',#4618,.T.);
#4618 = EDGE_LOOP('',(#4619,#4620,#4621,#4622));
#4619 = ORIENTED_EDGE('',*,*,#2576,.T.);
#4620 = ORIENTED_EDGE('',*,*,#4597,.T.);
#4621 = ORIENTED_EDGE('',*,*,#1310,.F.);
#4622 = ORIENTED_EDGE('',*,*,#4623,.F.);
#4623 = EDGE_CURVE('',#2556,#1285,#4624,.T.);
#4624 = SURFACE_CURVE('',#4625,(#4629,#4636),.PCURVE_S1.);
#4625 = LINE('',#4626,#4627);
#4626 = CARTESIAN_POINT('',(37.6,28.,-1.));
#4627 = VECTOR('',#4628,1.);
#4628 = DIRECTION('',(0.,0.,1.));
#4629 = PCURVE('',#1329,#4630);
#4630 = DEFINITIONAL_REPRESENTATION('',(#4631),#4635);
#4631 = LINE('',#4632,#4633);
#4632 = CARTESIAN_POINT('',(-3.14159265359,0.));
#4633 = VECTOR('',#4634,1.);
#4634 = DIRECTION('',(-0.,-1.));
#4635 = ( GEOMETRIC_REPRESENTATION_CONTEXT(2) 
PARAMETRIC_REPRESENTATION_CONTEXT() REPRESENTATION_CONTEXT('2D SPACE',''
  ) );
#4636 = PCURVE('',#1299,#4637);
#4637 = DEFINITIONAL_REPRESENTATION('',(#4638),#4642);
#4638 = LINE('',#4639,#4640);
#4639 = CARTESIAN_POINT('',(0.,0.));
#4640 = VECTOR('',#4641,1.);
#4641 = DIRECTION('',(0.,-1.));
#4642 = ( GEOMETRIC_REPRESENTATION_CONTEXT(2) 
PARAMETRIC_REPRESENTATION_CONTEXT() REPRESENTATION_CONTEXT('2D SPACE',''
  ) );
#4643 = ADVANCED_FACE('',(#4644),#1272,.F.);
#4644 = FACE_BOUND('',#4645,.T.);
#4645 = EDGE_LOOP('',(#4646,#4647,#4666,#4667));
#4646 = ORIENTED_EDGE('',*,*,#2527,.T.);
#4647 = ORIENTED_EDGE('',*,*,#4648,.F.);
#4648 = EDGE_CURVE('',#1252,#2528,#4649,.T.);
#4649 = SURFACE_CURVE('',#4650,(#4654,#4660),.PCURVE_S1.);
#4650 = LINE('',#4651,#4652);
#4651 = CARTESIAN_POINT('',(37.6,24.081666528903,-1.));
#4652 = VECTOR('',#4653,1.);
#4653 = DIRECTION('',(-0.,-0.,-1.));
#4654 = PCURVE('',#1272,#4655);
#4655 = DEFINITIONAL_REPRESENTATION('',(#4656),#4659);
#4656 = B_SPLINE_CURVE_WITH_KNOTS('',1,(#4657,#4658),.UNSPECIFIED.,.F.,
  .F.,(2,2),(-12.,-0.),.PIECEWISE_BEZIER_KNOTS.);
#4657 = CARTESIAN_POINT('',(-1.982313172862,-12.));
#4658 = CARTESIAN_POINT('',(-1.982313172862,0.));
#4659 = ( GEOMETRIC_REPRESENTATION_CONTEXT(2) 
PARAMETRIC_REPRESENTATION_CONTEXT() REPRESENTATION_CONTEXT('2D SPACE',''
  ) );
#4660 = PCURVE('',#1299,#4661);
#4661 = DEFINITIONAL_REPRESENTATION('',(#4662),#4665);
#4662 = B_SPLINE_CURVE_WITH_KNOTS('',1,(#4663,#4664),.UNSPECIFIED.,.F.,
  .F.,(2,2),(-12.0000006,5.999999999062E-07),.PIECEWISE_BEZIER_KNOTS.);
#4663 = CARTESIAN_POINT('',(3.918333471097,-12.0000006));
#4664 = CARTESIAN_POINT('',(3.918333471097,5.999999999062E-07));
#4665 = ( GEOMETRIC_REPRESENTATION_CONTEXT(2) 
PARAMETRIC_REPRESENTATION_CONTEXT() REPRESENTATION_CONTEXT('2D SPACE',''
  ) );
#4666 = ORIENTED_EDGE('',*,*,#1251,.F.);
#4667 = ORIENTED_EDGE('',*,*,#4577,.T.);
#4668 = ADVANCED_FACE('',(#4669),#1299,.T.);
#4669 = FACE_BOUND('',#4670,.T.);
#4670 = EDGE_LOOP('',(#4671,#4672,#4673,#4674));
#4671 = ORIENTED_EDGE('',*,*,#2555,.T.);
#4672 = ORIENTED_EDGE('',*,*,#4623,.T.);
#4673 = ORIENTED_EDGE('',*,*,#1284,.F.);
#4674 = ORIENTED_EDGE('',*,*,#4648,.T.);
#4675 = ADVANCED_FACE('',(#4676),#1364,.T.);
#4676 = FACE_BOUND('',#4677,.F.);
#4677 = EDGE_LOOP('',(#4678,#4679,#4702,#4729));
#4678 = ORIENTED_EDGE('',*,*,#1343,.T.);
#4679 = ORIENTED_EDGE('',*,*,#4680,.T.);
#4680 = EDGE_CURVE('',#1344,#4681,#4683,.T.);
#4681 = VERTEX_POINT('',#4682);
#4682 = CARTESIAN_POINT('',(59.,50.,16.));
#4683 = SEAM_CURVE('',#4684,(#4688,#4695),.PCURVE_S1.);
#4684 = LINE('',#4685,#4686);
#4685 = CARTESIAN_POINT('',(59.,50.,0.));
#4686 = VECTOR('',#4687,1.);
#4687 = DIRECTION('',(0.,0.,1.));
#4688 = PCURVE('',#1364,#4689);
#4689 = DEFINITIONAL_REPRESENTATION('',(#4690),#4694);
#4690 = LINE('',#4691,#4692);
#4691 = CARTESIAN_POINT('',(-6.28318530718,0.));
#4692 = VECTOR('',#4693,1.);
#4693 = DIRECTION('',(-0.,-1.));
#4694 = ( GEOMETRIC_REPRESENTATION_CONTEXT(2) 
PARAMETRIC_REPRESENTATION_CONTEXT() REPRESENTATION_CONTEXT('2D SPACE',''
  ) );
#4695 = PCURVE('',#1364,#4696);
#4696 = DEFINITIONAL_REPRESENTATION('',(#4697),#4701);
#4697 = LINE('',#4698,#4699);
#4698 = CARTESIAN_POINT('',(-0.,0.));
#4699 = VECTOR('',#4700,1.);
#4700 = DIRECTION('',(-0.,-1.));
#4701 = ( GEOMETRIC_REPRESENTATION_CONTEXT(2) 
PARAMETRIC_REPRESENTATION_CONTEXT() REPRESENTATION_CONTEXT('2D SPACE',''
  ) );
#4702 = ORIENTED_EDGE('',*,*,#4703,.T.);
#4703 = EDGE_CURVE('',#4681,#4681,#4704,.T.);
#4704 = SURFACE_CURVE('',#4705,(#4710,#4717),.PCURVE_S1.);
#4705 = CIRCLE('',#4706,9.);
#4706 = AXIS2_PLACEMENT_3D('',#4707,#4708,#4709);
#4707 = CARTESIAN_POINT('',(50.,50.,16.));
#4708 = DIRECTION('',(0.,0.,1.));
#4709 = DIRECTION('',(1.,0.,0.));
#4710 = PCURVE('',#1364,#4711);
#4711 = DEFINITIONAL_REPRESENTATION('',(#4712),#4716);
#4712 = LINE('',#4713,#4714);
#4713 = CARTESIAN_POINT('',(-0.,-16.));
#4714 = VECTOR('',#4715,1.);
#4715 = DIRECTION('',(-1.,0.));
#4716 = ( GEOMETRIC_REPRESENTATION_CONTEXT(2) 
PARAMETRIC_REPRESENTATION_CONTEXT() REPRESENTATION_CONTEXT('2D SPACE',''
  ) );
#4717 = PCURVE('',#4718,#4723);
#4718 = PLANE('',#4719);
#4719 = AXIS2_PLACEMENT_3D('',#4720,#4721,#4722);
#4720 = CARTESIAN_POINT('',(50.,50.,16.));
#4721 = DIRECTION('',(0.,0.,1.));
#4722 = DIRECTION('',(1.,0.,-0.));
#4723 = DEFINITIONAL_REPRESENTATION('',(#4724),#4728);
#4724 = CIRCLE('',#4725,9.);
#4725 = AXIS2_PLACEMENT_2D('',#4726,#4727);
#4726 = CARTESIAN_POINT('',(-7.105427357601E-15,-7.105427357601E-15));
#4727 = DIRECTION('',(1.,0.));
#4728 = ( GEOMETRIC_REPRESENTATION_CONTEXT(2) 
PARAMETRIC_REPRESENTATION_CONTEXT() REPRESENTATION_CONTEXT('2D SPACE',''
  ) );
#4729 = ORIENTED_EDGE('',*,*,#4680,.F.);
#4730 = ADVANCED_FACE('',(#4731),#1744,.F.);
#4731 = FACE_BOUND('',#4732,.T.);
#4732 = EDGE_LOOP('',(#4733,#4734,#4735,#4736,#4764,#4787,#4813,#4814));
#4733 = ORIENTED_EDGE('',*,*,#2914,.T.);
#4734 = ORIENTED_EDGE('',*,*,#1723,.T.);
#4735 = ORIENTED_EDGE('',*,*,#3225,.F.);
#4736 = ORIENTED_EDGE('',*,*,#4737,.T.);
#4737 = EDGE_CURVE('',#3198,#4738,#4740,.T.);
#4738 = VERTEX_POINT('',#4739);
#4739 = CARTESIAN_POINT('',(-47.7,-50.,11.));
#4740 = SURFACE_CURVE('',#4741,(#4746,#4753),.PCURVE_S1.);
#4741 = CIRCLE('',#4742,2.3);
#4742 = AXIS2_PLACEMENT_3D('',#4743,#4744,#4745);
#4743 = CARTESIAN_POINT('',(-50.,-50.,11.));
#4744 = DIRECTION('',(0.,0.,-1.));
#4745 = DIRECTION('',(1.,0.,0.));
#4746 = PCURVE('',#1744,#4747);
#4747 = DEFINITIONAL_REPRESENTATION('',(#4748),#4752);
#4748 = LINE('',#4749,#4750);
#4749 = CARTESIAN_POINT('',(-6.28318530718,-12.));
#4750 = VECTOR('',#4751,1.);
#4751 = DIRECTION('',(1.,-0.));
#4752 = ( GEOMETRIC_REPRESENTATION_CONTEXT(2) 
PARAMETRIC_REPRESENTATION_CONTEXT() REPRESENTATION_CONTEXT('2D SPACE',''
  ) );
#4753 = PCURVE('',#2952,#4754);
#4754 = DEFINITIONAL_REPRESENTATION('',(#4755),#4763);
#4755 = ( BOUNDED_CURVE() B_SPLINE_CURVE(2,(#4756,#4757,#4758,#4759,
#4760,#4761,#4762),.UNSPECIFIED.,.T.,.F.) B_SPLINE_CURVE_WITH_KNOTS((1,2
    ,2,2,2,1),(-2.094395102393,0.,2.094395102393,4.188790204786,
6.28318530718,8.377580409573),.UNSPECIFIED.) CURVE() 
GEOMETRIC_REPRESENTATION_ITEM() RATIONAL_B_SPLINE_CURVE((1.,0.5,1.,0.5,
1.,0.5,1.)) REPRESENTATION_ITEM('') );
#4756 = CARTESIAN_POINT('',(-5.7,-8.));
#4757 = CARTESIAN_POINT('',(-5.7,-11.9837168574));
#4758 = CARTESIAN_POINT('',(-9.15,-9.991858428704));
#4759 = CARTESIAN_POINT('',(-12.6,-8.));
#4760 = CARTESIAN_POINT('',(-9.15,-6.008141571296));
#4761 = CARTESIAN_POINT('',(-5.7,-4.016283142592));
#4762 = CARTESIAN_POINT('',(-5.7,-8.));
#4763 = ( GEOMETRIC_REPRESENTATION_CONTEXT(2) 
PARAMETRIC_REPRESENTATION_CONTEXT() REPRESENTATION_CONTEXT('2D SPACE',''
  ) );
#4764 = ORIENTED_EDGE('',*,*,#4765,.T.);
#4765 = EDGE_CURVE('',#4738,#4766,#4768,.T.);
#4766 = VERTEX_POINT('',#4767);
#4767 = CARTESIAN_POINT('',(-47.7,-50.,16.));
#4768 = SEAM_CURVE('',#4769,(#4773,#4780),.PCURVE_S1.);
#4769 = LINE('',#4770,#4771);
#4770 = CARTESIAN_POINT('',(-47.7,-50.,-1.));
#4771 = VECTOR('',#4772,1.);
#4772 = DIRECTION('',(0.,0.,1.));
#4773 = PCURVE('',#1744,#4774);
#4774 = DEFINITIONAL_REPRESENTATION('',(#4775),#4779);
#4775 = LINE('',#4776,#4777);
#4776 = CARTESIAN_POINT('',(-6.28318530718,0.));
#4777 = VECTOR('',#4778,1.);
#4778 = DIRECTION('',(-0.,-1.));
#4779 = ( GEOMETRIC_REPRESENTATION_CONTEXT(2) 
PARAMETRIC_REPRESENTATION_CONTEXT() REPRESENTATION_CONTEXT('2D SPACE',''
  ) );
#4780 = PCURVE('',#1744,#4781);
#4781 = DEFINITIONAL_REPRESENTATION('',(#4782),#4786);
#4782 = LINE('',#4783,#4784);
#4783 = CARTESIAN_POINT('',(-0.,0.));
#4784 = VECTOR('',#4785,1.);
#4785 = DIRECTION('',(-0.,-1.));
#4786 = ( GEOMETRIC_REPRESENTATION_CONTEXT(2) 
PARAMETRIC_REPRESENTATION_CONTEXT() REPRESENTATION_CONTEXT('2D SPACE',''
  ) );
#4787 = ORIENTED_EDGE('',*,*,#4788,.F.);
#4788 = EDGE_CURVE('',#4766,#4766,#4789,.T.);
#4789 = SURFACE_CURVE('',#4790,(#4795,#4802),.PCURVE_S1.);
#4790 = CIRCLE('',#4791,2.3);
#4791 = AXIS2_PLACEMENT_3D('',#4792,#4793,#4794);
#4792 = CARTESIAN_POINT('',(-50.,-50.,16.));
#4793 = DIRECTION('',(0.,0.,-1.));
#4794 = DIRECTION('',(1.,0.,0.));
#4795 = PCURVE('',#1744,#4796);
#4796 = DEFINITIONAL_REPRESENTATION('',(#4797),#4801);
#4797 = LINE('',#4798,#4799);
#4798 = CARTESIAN_POINT('',(-6.28318530718,-17.));
#4799 = VECTOR('',#4800,1.);
#4800 = DIRECTION('',(1.,-0.));
#4801 = ( GEOMETRIC_REPRESENTATION_CONTEXT(2) 
PARAMETRIC_REPRESENTATION_CONTEXT() REPRESENTATION_CONTEXT('2D SPACE',''
  ) );
#4802 = PCURVE('',#3106,#4803);
#4803 = DEFINITIONAL_REPRESENTATION('',(#4804),#4812);
#4804 = ( BOUNDED_CURVE() B_SPLINE_CURVE(2,(#4805,#4806,#4807,#4808,
#4809,#4810,#4811),.UNSPECIFIED.,.T.,.F.) B_SPLINE_CURVE_WITH_KNOTS((1,2
    ,2,2,2,1),(-2.094395102393,0.,2.094395102393,4.188790204786,
6.28318530718,8.377580409573),.UNSPECIFIED.) CURVE() 
GEOMETRIC_REPRESENTATION_ITEM() RATIONAL_B_SPLINE_CURVE((1.,0.5,1.,0.5,
1.,0.5,1.)) REPRESENTATION_ITEM('') );
#4805 = CARTESIAN_POINT('',(2.3,7.105427357601E-15));
#4806 = CARTESIAN_POINT('',(2.3,-3.983716857408));
#4807 = CARTESIAN_POINT('',(-1.15,-1.991858428704));
#4808 = CARTESIAN_POINT('',(-4.6,6.542089829993E-15));
#4809 = CARTESIAN_POINT('',(-1.15,1.991858428704));
#4810 = CARTESIAN_POINT('',(2.3,3.983716857408));
#4811 = CARTESIAN_POINT('',(2.3,7.105427357601E-15));
#4812 = ( GEOMETRIC_REPRESENTATION_CONTEXT(2) 
PARAMETRIC_REPRESENTATION_CONTEXT() REPRESENTATION_CONTEXT('2D SPACE',''
  ) );
#4813 = ORIENTED_EDGE('',*,*,#4765,.F.);
#4814 = ORIENTED_EDGE('',*,*,#4815,.T.);
#4815 = EDGE_CURVE('',#4738,#2915,#4816,.T.);
#4816 = SURFACE_CURVE('',#4817,(#4822,#4829),.PCURVE_S1.);
#4817 = CIRCLE('',#4818,2.3);
#4818 = AXIS2_PLACEMENT_3D('',#4819,#4820,#4821);
#4819 = CARTESIAN_POINT('',(-50.,-50.,11.));
#4820 = DIRECTION('',(0.,0.,-1.));
#4821 = DIRECTION('',(1.,0.,0.));
#4822 = PCURVE('',#1744,#4823);
#4823 = DEFINITIONAL_REPRESENTATION('',(#4824),#4828);
#4824 = LINE('',#4825,#4826);
#4825 = CARTESIAN_POINT('',(-6.28318530718,-12.));
#4826 = VECTOR('',#4827,1.);
#4827 = DIRECTION('',(1.,-0.));
#4828 = ( GEOMETRIC_REPRESENTATION_CONTEXT(2) 
PARAMETRIC_REPRESENTATION_CONTEXT() REPRESENTATION_CONTEXT('2D SPACE',''
  ) );
#4829 = PCURVE('',#2952,#4830);
#4830 = DEFINITIONAL_REPRESENTATION('',(#4831),#4839);
#4831 = ( BOUNDED_CURVE() B_SPLINE_CURVE(2,(#4832,#4833,#4834,#4835,
#4836,#4837,#4838),.UNSPECIFIED.,.T.,.F.) B_SPLINE_CURVE_WITH_KNOTS((1,2
    ,2,2,2,1),(-2.094395102393,0.,2.094395102393,4.188790204786,
6.28318530718,8.377580409573),.UNSPECIFIED.) CURVE() 
GEOMETRIC_REPRESENTATION_ITEM() RATIONAL_B_SPLINE_CURVE((1.,0.5,1.,0.5,
1.,0.5,1.)) REPRESENTATION_ITEM('') );
#4832 = CARTESIAN_POINT('',(-5.7,-8.));
#4833 = CARTESIAN_POINT('',(-5.7,-11.9837168574));
#4834 = CARTESIAN_POINT('',(-9.15,-9.991858428704));
#4835 = CARTESIAN_POINT('',(-12.6,-8.));
#4836 = CARTESIAN_POINT('',(-9.15,-6.008141571296));
#4837 = CARTESIAN_POINT('',(-5.7,-4.016283142592));
#4838 = CARTESIAN_POINT('',(-5.7,-8.));
#4839 = ( GEOMETRIC_REPRESENTATION_CONTEXT(2) 
PARAMETRIC_REPRESENTATION_CONTEXT() REPRESENTATION_CONTEXT('2D SPACE',''
  ) );
#4840 = ADVANCED_FACE('',(#4841),#2073,.T.);
#4841 = FACE_BOUND('',#4842,.T.);
#4842 = EDGE_LOOP('',(#4843,#4844,#4845,#4871,#4872,#4895));
#4843 = ORIENTED_EDGE('',*,*,#2057,.F.);
#4844 = ORIENTED_EDGE('',*,*,#4098,.F.);
#4845 = ORIENTED_EDGE('',*,*,#4846,.T.);
#4846 = EDGE_CURVE('',#3579,#3558,#4847,.T.);
#4847 = SURFACE_CURVE('',#4848,(#4853,#4864),.PCURVE_S1.);
#4848 = CIRCLE('',#4849,2.75);
#4849 = AXIS2_PLACEMENT_3D('',#4850,#4851,#4852);
#4850 = CARTESIAN_POINT('',(36.,-48.8,5.));
#4851 = DIRECTION('',(0.,1.,0.));
#4852 = DIRECTION('',(0.,-0.,1.));
#4853 = PCURVE('',#2073,#4854);
#4854 = DEFINITIONAL_REPRESENTATION('',(#4855),#4863);
#4855 = ( BOUNDED_CURVE() B_SPLINE_CURVE(2,(#4856,#4857,#4858,#4859,
#4860,#4861,#4862),.UNSPECIFIED.,.T.,.F.) B_SPLINE_CURVE_WITH_KNOTS((1,2
    ,2,2,2,1),(-2.094395102393,0.,2.094395102393,4.188790204786,
6.28318530718,8.377580409573),.UNSPECIFIED.) CURVE() 
GEOMETRIC_REPRESENTATION_ITEM() RATIONAL_B_SPLINE_CURVE((1.,0.5,1.,0.5,
1.,0.5,1.)) REPRESENTATION_ITEM('') );
#4856 = CARTESIAN_POINT('',(4.2,-7.75));
#4857 = CARTESIAN_POINT('',(-0.563139720814,-7.75));
#4858 = CARTESIAN_POINT('',(1.818430139593,-3.625));
#4859 = CARTESIAN_POINT('',(4.2,0.5));
#4860 = CARTESIAN_POINT('',(6.581569860407,-3.625));
#4861 = CARTESIAN_POINT('',(8.963139720814,-7.75));
#4862 = CARTESIAN_POINT('',(4.2,-7.75));
#4863 = ( GEOMETRIC_REPRESENTATION_CONTEXT(2) 
PARAMETRIC_REPRESENTATION_CONTEXT() REPRESENTATION_CONTEXT('2D SPACE',''
  ) );
#4864 = PCURVE('',#3922,#4865);
#4865 = DEFINITIONAL_REPRESENTATION('',(#4866),#4870);
#4866 = LINE('',#4867,#4868);
#4867 = CARTESIAN_POINT('',(0.,15.7));
#4868 = VECTOR('',#4869,1.);
#4869 = DIRECTION('',(1.,0.));
#4870 = ( GEOMETRIC_REPRESENTATION_CONTEXT(2) 
PARAMETRIC_REPRESENTATION_CONTEXT() REPRESENTATION_CONTEXT('2D SPACE',''
  ) );
#4871 = ORIENTED_EDGE('',*,*,#3557,.F.);
#4872 = ORIENTED_EDGE('',*,*,#4873,.T.);
#4873 = EDGE_CURVE('',#3525,#4874,#4876,.T.);
#4874 = VERTEX_POINT('',#4875);
#4875 = CARTESIAN_POINT('',(31.8,-48.8,8.5));
#4876 = SURFACE_CURVE('',#4877,(#4881,#4888),.PCURVE_S1.);
#4877 = LINE('',#4878,#4879);
#4878 = CARTESIAN_POINT('',(40.2,-48.8,8.5));
#4879 = VECTOR('',#4880,1.);
#4880 = DIRECTION('',(-1.,0.,0.));
#4881 = PCURVE('',#2073,#4882);
#4882 = DEFINITIONAL_REPRESENTATION('',(#4883),#4887);
#4883 = LINE('',#4884,#4885);
#4884 = CARTESIAN_POINT('',(0.,-8.5));
#4885 = VECTOR('',#4886,1.);
#4886 = DIRECTION('',(1.,0.));
#4887 = ( GEOMETRIC_REPRESENTATION_CONTEXT(2) 
PARAMETRIC_REPRESENTATION_CONTEXT() REPRESENTATION_CONTEXT('2D SPACE',''
  ) );
#4888 = PCURVE('',#3541,#4889);
#4889 = DEFINITIONAL_REPRESENTATION('',(#4890),#4894);
#4890 = LINE('',#4891,#4892);
#4891 = CARTESIAN_POINT('',(4.2,2.2));
#4892 = VECTOR('',#4893,1.);
#4893 = DIRECTION('',(-1.,0.));
#4894 = ( GEOMETRIC_REPRESENTATION_CONTEXT(2) 
PARAMETRIC_REPRESENTATION_CONTEXT() REPRESENTATION_CONTEXT('2D SPACE',''
  ) );
#4895 = ORIENTED_EDGE('',*,*,#4896,.F.);
#4896 = EDGE_CURVE('',#2030,#4874,#4897,.T.);
#4897 = SURFACE_CURVE('',#4898,(#4902,#4909),.PCURVE_S1.);
#4898 = LINE('',#4899,#4900);
#4899 = CARTESIAN_POINT('',(31.8,-48.8,0.));
#4900 = VECTOR('',#4901,1.);
#4901 = DIRECTION('',(0.,0.,1.));
#4902 = PCURVE('',#2073,#4903);
#4903 = DEFINITIONAL_REPRESENTATION('',(#4904),#4908);
#4904 = LINE('',#4905,#4906);
#4905 = CARTESIAN_POINT('',(8.4,0.));
#4906 = VECTOR('',#4907,1.);
#4907 = DIRECTION('',(0.,-1.));
#4908 = ( GEOMETRIC_REPRESENTATION_CONTEXT(2) 
PARAMETRIC_REPRESENTATION_CONTEXT() REPRESENTATION_CONTEXT('2D SPACE',''
  ) );
#4909 = PCURVE('',#2045,#4910);
#4910 = DEFINITIONAL_REPRESENTATION('',(#4911),#4915);
#4911 = LINE('',#4912,#4913);
#4912 = CARTESIAN_POINT('',(0.,0.));
#4913 = VECTOR('',#4914,1.);
#4914 = DIRECTION('',(0.,-1.));
#4915 = ( GEOMETRIC_REPRESENTATION_CONTEXT(2) 
PARAMETRIC_REPRESENTATION_CONTEXT() REPRESENTATION_CONTEXT('2D SPACE',''
  ) );
#4916 = ADVANCED_FACE('',(#4917),#2045,.T.);
#4917 = FACE_BOUND('',#4918,.T.);
#4918 = EDGE_LOOP('',(#4919,#4920,#4943,#4964));
#4919 = ORIENTED_EDGE('',*,*,#4896,.T.);
#4920 = ORIENTED_EDGE('',*,*,#4921,.T.);
#4921 = EDGE_CURVE('',#4874,#4922,#4924,.T.);
#4922 = VERTEX_POINT('',#4923);
#4923 = CARTESIAN_POINT('',(31.8,-53.2,8.5));
#4924 = SURFACE_CURVE('',#4925,(#4929,#4936),.PCURVE_S1.);
#4925 = LINE('',#4926,#4927);
#4926 = CARTESIAN_POINT('',(31.8,-48.8,8.5));
#4927 = VECTOR('',#4928,1.);
#4928 = DIRECTION('',(0.,-1.,0.));
#4929 = PCURVE('',#2045,#4930);
#4930 = DEFINITIONAL_REPRESENTATION('',(#4931),#4935);
#4931 = LINE('',#4932,#4933);
#4932 = CARTESIAN_POINT('',(0.,-8.5));
#4933 = VECTOR('',#4934,1.);
#4934 = DIRECTION('',(1.,0.));
#4935 = ( GEOMETRIC_REPRESENTATION_CONTEXT(2) 
PARAMETRIC_REPRESENTATION_CONTEXT() REPRESENTATION_CONTEXT('2D SPACE',''
  ) );
#4936 = PCURVE('',#3541,#4937);
#4937 = DEFINITIONAL_REPRESENTATION('',(#4938),#4942);
#4938 = LINE('',#4939,#4940);
#4939 = CARTESIAN_POINT('',(-4.2,2.2));
#4940 = VECTOR('',#4941,1.);
#4941 = DIRECTION('',(0.,-1.));
#4942 = ( GEOMETRIC_REPRESENTATION_CONTEXT(2) 
PARAMETRIC_REPRESENTATION_CONTEXT() REPRESENTATION_CONTEXT('2D SPACE',''
  ) );
#4943 = ORIENTED_EDGE('',*,*,#4944,.F.);
#4944 = EDGE_CURVE('',#2002,#4922,#4945,.T.);
#4945 = SURFACE_CURVE('',#4946,(#4950,#4957),.PCURVE_S1.);
#4946 = LINE('',#4947,#4948);
#4947 = CARTESIAN_POINT('',(31.8,-53.2,0.));
#4948 = VECTOR('',#4949,1.);
#4949 = DIRECTION('',(0.,0.,1.));
#4950 = PCURVE('',#2045,#4951);
#4951 = DEFINITIONAL_REPRESENTATION('',(#4952),#4956);
#4952 = LINE('',#4953,#4954);
#4953 = CARTESIAN_POINT('',(4.4,0.));
#4954 = VECTOR('',#4955,1.);
#4955 = DIRECTION('',(0.,-1.));
#4956 = ( GEOMETRIC_REPRESENTATION_CONTEXT(2) 
PARAMETRIC_REPRESENTATION_CONTEXT() REPRESENTATION_CONTEXT('2D SPACE',''
  ) );
#4957 = PCURVE('',#2017,#4958);
#4958 = DEFINITIONAL_REPRESENTATION('',(#4959),#4963);
#4959 = LINE('',#4960,#4961);
#4960 = CARTESIAN_POINT('',(0.,0.));
#4961 = VECTOR('',#4962,1.);
#4962 = DIRECTION('',(0.,-1.));
#4963 = ( GEOMETRIC_REPRESENTATION_CONTEXT(2) 
PARAMETRIC_REPRESENTATION_CONTEXT() REPRESENTATION_CONTEXT('2D SPACE',''
  ) );
#4964 = ORIENTED_EDGE('',*,*,#2029,.F.);
#4965 = ADVANCED_FACE('',(#4966,#5014),#2017,.T.);
#4966 = FACE_BOUND('',#4967,.T.);
#4967 = EDGE_LOOP('',(#4968,#4969,#4992,#5013));
#4968 = ORIENTED_EDGE('',*,*,#4944,.T.);
#4969 = ORIENTED_EDGE('',*,*,#4970,.T.);
#4970 = EDGE_CURVE('',#4922,#4971,#4973,.T.);
#4971 = VERTEX_POINT('',#4972);
#4972 = CARTESIAN_POINT('',(40.2,-53.2,8.5));
#4973 = SURFACE_CURVE('',#4974,(#4978,#4985),.PCURVE_S1.);
#4974 = LINE('',#4975,#4976);
#4975 = CARTESIAN_POINT('',(31.8,-53.2,8.5));
#4976 = VECTOR('',#4977,1.);
#4977 = DIRECTION('',(1.,0.,0.));
#4978 = PCURVE('',#2017,#4979);
#4979 = DEFINITIONAL_REPRESENTATION('',(#4980),#4984);
#4980 = LINE('',#4981,#4982);
#4981 = CARTESIAN_POINT('',(0.,-8.5));
#4982 = VECTOR('',#4983,1.);
#4983 = DIRECTION('',(1.,0.));
#4984 = ( GEOMETRIC_REPRESENTATION_CONTEXT(2) 
PARAMETRIC_REPRESENTATION_CONTEXT() REPRESENTATION_CONTEXT('2D SPACE',''
  ) );
#4985 = PCURVE('',#3541,#4986);
#4986 = DEFINITIONAL_REPRESENTATION('',(#4987),#4991);
#4987 = LINE('',#4988,#4989);
#4988 = CARTESIAN_POINT('',(-4.2,-2.2));
#4989 = VECTOR('',#4990,1.);
#4990 = DIRECTION('',(1.,0.));
#4991 = ( GEOMETRIC_REPRESENTATION_CONTEXT(2) 
PARAMETRIC_REPRESENTATION_CONTEXT() REPRESENTATION_CONTEXT('2D SPACE',''
  ) );
#4992 = ORIENTED_EDGE('',*,*,#4993,.F.);
#4993 = EDGE_CURVE('',#1974,#4971,#4994,.T.);
#4994 = SURFACE_CURVE('',#4995,(#4999,#5006),.PCURVE_S1.);
#4995 = LINE('',#4996,#4997);
#4996 = CARTESIAN_POINT('',(40.2,-53.2,0.));
#4997 = VECTOR('',#4998,1.);
#4998 = DIRECTION('',(0.,0.,1.));
#4999 = PCURVE('',#2017,#5000);
#5000 = DEFINITIONAL_REPRESENTATION('',(#5001),#5005);
#5001 = LINE('',#5002,#5003);
#5002 = CARTESIAN_POINT('',(8.4,0.));
#5003 = VECTOR('',#5004,1.);
#5004 = DIRECTION('',(0.,-1.));
#5005 = ( GEOMETRIC_REPRESENTATION_CONTEXT(2) 
PARAMETRIC_REPRESENTATION_CONTEXT() REPRESENTATION_CONTEXT('2D SPACE',''
  ) );
#5006 = PCURVE('',#1989,#5007);
#5007 = DEFINITIONAL_REPRESENTATION('',(#5008),#5012);
#5008 = LINE('',#5009,#5010);
#5009 = CARTESIAN_POINT('',(0.,0.));
#5010 = VECTOR('',#5011,1.);
#5011 = DIRECTION('',(0.,-1.));
#5012 = ( GEOMETRIC_REPRESENTATION_CONTEXT(2) 
PARAMETRIC_REPRESENTATION_CONTEXT() REPRESENTATION_CONTEXT('2D SPACE',''
  ) );
#5013 = ORIENTED_EDGE('',*,*,#2001,.F.);
#5014 = FACE_BOUND('',#5015,.T.);
#5015 = EDGE_LOOP('',(#5016));
#5016 = ORIENTED_EDGE('',*,*,#5017,.F.);
#5017 = EDGE_CURVE('',#5018,#5018,#5020,.T.);
#5018 = VERTEX_POINT('',#5019);
#5019 = CARTESIAN_POINT('',(36.,-53.2,7.75));
#5020 = SURFACE_CURVE('',#5021,(#5026,#5033),.PCURVE_S1.);
#5021 = CIRCLE('',#5022,2.75);
#5022 = AXIS2_PLACEMENT_3D('',#5023,#5024,#5025);
#5023 = CARTESIAN_POINT('',(36.,-53.2,5.));
#5024 = DIRECTION('',(0.,1.,0.));
#5025 = DIRECTION('',(0.,-0.,1.));
#5026 = PCURVE('',#2017,#5027);
#5027 = DEFINITIONAL_REPRESENTATION('',(#5028),#5032);
#5028 = CIRCLE('',#5029,2.75);
#5029 = AXIS2_PLACEMENT_2D('',#5030,#5031);
#5030 = CARTESIAN_POINT('',(4.2,-5.));
#5031 = DIRECTION('',(0.,-1.));
#5032 = ( GEOMETRIC_REPRESENTATION_CONTEXT(2) 
PARAMETRIC_REPRESENTATION_CONTEXT() REPRESENTATION_CONTEXT('2D SPACE',''
  ) );
#5033 = PCURVE('',#2791,#5034);
#5034 = DEFINITIONAL_REPRESENTATION('',(#5035),#5039);
#5035 = LINE('',#5036,#5037);
#5036 = CARTESIAN_POINT('',(0.,11.3));
#5037 = VECTOR('',#5038,1.);
#5038 = DIRECTION('',(1.,0.));
#5039 = ( GEOMETRIC_REPRESENTATION_CONTEXT(2) 
PARAMETRIC_REPRESENTATION_CONTEXT() REPRESENTATION_CONTEXT('2D SPACE',''
  ) );
#5040 = ADVANCED_FACE('',(#5041),#1989,.T.);
#5041 = FACE_BOUND('',#5042,.T.);
#5042 = EDGE_LOOP('',(#5043,#5044,#5045,#5066));
#5043 = ORIENTED_EDGE('',*,*,#1973,.F.);
#5044 = ORIENTED_EDGE('',*,*,#4993,.T.);
#5045 = ORIENTED_EDGE('',*,*,#5046,.T.);
#5046 = EDGE_CURVE('',#4971,#3504,#5047,.T.);
#5047 = SURFACE_CURVE('',#5048,(#5052,#5059),.PCURVE_S1.);
#5048 = LINE('',#5049,#5050);
#5049 = CARTESIAN_POINT('',(40.2,-53.2,8.5));
#5050 = VECTOR('',#5051,1.);
#5051 = DIRECTION('',(0.,1.,0.));
#5052 = PCURVE('',#1989,#5053);
#5053 = DEFINITIONAL_REPRESENTATION('',(#5054),#5058);
#5054 = LINE('',#5055,#5056);
#5055 = CARTESIAN_POINT('',(0.,-8.5));
#5056 = VECTOR('',#5057,1.);
#5057 = DIRECTION('',(1.,0.));
#5058 = ( GEOMETRIC_REPRESENTATION_CONTEXT(2) 
PARAMETRIC_REPRESENTATION_CONTEXT() REPRESENTATION_CONTEXT('2D SPACE',''
  ) );
#5059 = PCURVE('',#3541,#5060);
#5060 = DEFINITIONAL_REPRESENTATION('',(#5061),#5065);
#5061 = LINE('',#5062,#5063);
#5062 = CARTESIAN_POINT('',(4.2,-2.2));
#5063 = VECTOR('',#5064,1.);
#5064 = DIRECTION('',(0.,1.));
#5065 = ( GEOMETRIC_REPRESENTATION_CONTEXT(2) 
PARAMETRIC_REPRESENTATION_CONTEXT() REPRESENTATION_CONTEXT('2D SPACE',''
  ) );
#5066 = ORIENTED_EDGE('',*,*,#3503,.T.);
#5067 = ADVANCED_FACE('',(#5068),#1905,.F.);
#5068 = FACE_BOUND('',#5069,.T.);
#5069 = EDGE_LOOP('',(#5070,#5093,#5094,#5095,#5121,#5122,#5123,#5124));
#5070 = ORIENTED_EDGE('',*,*,#5071,.F.);
#5071 = EDGE_CURVE('',#1885,#5072,#5074,.T.);
#5072 = VERTEX_POINT('',#5073);
#5073 = CARTESIAN_POINT('',(52.3,-50.,16.));
#5074 = SEAM_CURVE('',#5075,(#5079,#5086),.PCURVE_S1.);
#5075 = LINE('',#5076,#5077);
#5076 = CARTESIAN_POINT('',(52.3,-50.,-1.));
#5077 = VECTOR('',#5078,1.);
#5078 = DIRECTION('',(0.,0.,1.));
#5079 = PCURVE('',#1905,#5080);
#5080 = DEFINITIONAL_REPRESENTATION('',(#5081),#5085);
#5081 = LINE('',#5082,#5083);
#5082 = CARTESIAN_POINT('',(-6.28318530718,0.));
#5083 = VECTOR('',#5084,1.);
#5084 = DIRECTION('',(-0.,-1.));
#5085 = ( GEOMETRIC_REPRESENTATION_CONTEXT(2) 
PARAMETRIC_REPRESENTATION_CONTEXT() REPRESENTATION_CONTEXT('2D SPACE',''
  ) );
#5086 = PCURVE('',#1905,#5087);
#5087 = DEFINITIONAL_REPRESENTATION('',(#5088),#5092);
#5088 = LINE('',#5089,#5090);
#5089 = CARTESIAN_POINT('',(-0.,0.));
#5090 = VECTOR('',#5091,1.);
#5091 = DIRECTION('',(-0.,-1.));
#5092 = ( GEOMETRIC_REPRESENTATION_CONTEXT(2) 
PARAMETRIC_REPRESENTATION_CONTEXT() REPRESENTATION_CONTEXT('2D SPACE',''
  ) );
#5093 = ORIENTED_EDGE('',*,*,#1917,.T.);
#5094 = ORIENTED_EDGE('',*,*,#3481,.F.);
#5095 = ORIENTED_EDGE('',*,*,#5096,.T.);
#5096 = EDGE_CURVE('',#3482,#3404,#5097,.T.);
#5097 = SURFACE_CURVE('',#5098,(#5103,#5110),.PCURVE_S1.);
#5098 = CIRCLE('',#5099,2.3);
#5099 = AXIS2_PLACEMENT_3D('',#5100,#5101,#5102);
#5100 = CARTESIAN_POINT('',(50.,-50.,11.));
#5101 = DIRECTION('',(0.,0.,-1.));
#5102 = DIRECTION('',(1.,0.,0.));
#5103 = PCURVE('',#1905,#5104);
#5104 = DEFINITIONAL_REPRESENTATION('',(#5105),#5109);
#5105 = LINE('',#5106,#5107);
#5106 = CARTESIAN_POINT('',(-6.28318530718,-12.));
#5107 = VECTOR('',#5108,1.);
#5108 = DIRECTION('',(1.,-0.));
#5109 = ( GEOMETRIC_REPRESENTATION_CONTEXT(2) 
PARAMETRIC_REPRESENTATION_CONTEXT() REPRESENTATION_CONTEXT('2D SPACE',''
  ) );
#5110 = PCURVE('',#3316,#5111);
#5111 = DEFINITIONAL_REPRESENTATION('',(#5112),#5120);
#5112 = ( BOUNDED_CURVE() B_SPLINE_CURVE(2,(#5113,#5114,#5115,#5116,
#5117,#5118,#5119),.UNSPECIFIED.,.T.,.F.) B_SPLINE_CURVE_WITH_KNOTS((1,2
    ,2,2,2,1),(-2.094395102393,0.,2.094395102393,4.188790204786,
6.28318530718,8.377580409573),.UNSPECIFIED.) CURVE() 
GEOMETRIC_REPRESENTATION_ITEM() RATIONAL_B_SPLINE_CURVE((1.,0.5,1.,0.5,
1.,0.5,1.)) REPRESENTATION_ITEM('') );
#5113 = CARTESIAN_POINT('',(10.3,-8.));
#5114 = CARTESIAN_POINT('',(10.3,-11.9837168574));
#5115 = CARTESIAN_POINT('',(6.85,-9.991858428704));
#5116 = CARTESIAN_POINT('',(3.4,-8.));
#5117 = CARTESIAN_POINT('',(6.85,-6.008141571296));
#5118 = CARTESIAN_POINT('',(10.3,-4.016283142592));
#5119 = CARTESIAN_POINT('',(10.3,-8.));
#5120 = ( GEOMETRIC_REPRESENTATION_CONTEXT(2) 
PARAMETRIC_REPRESENTATION_CONTEXT() REPRESENTATION_CONTEXT('2D SPACE',''
  ) );
#5121 = ORIENTED_EDGE('',*,*,#3403,.T.);
#5122 = ORIENTED_EDGE('',*,*,#1884,.T.);
#5123 = ORIENTED_EDGE('',*,*,#5071,.T.);
#5124 = ORIENTED_EDGE('',*,*,#5125,.F.);
#5125 = EDGE_CURVE('',#5072,#5072,#5126,.T.);
#5126 = SURFACE_CURVE('',#5127,(#5132,#5139),.PCURVE_S1.);
#5127 = CIRCLE('',#5128,2.3);
#5128 = AXIS2_PLACEMENT_3D('',#5129,#5130,#5131);
#5129 = CARTESIAN_POINT('',(50.,-50.,16.));
#5130 = DIRECTION('',(0.,0.,-1.));
#5131 = DIRECTION('',(1.,0.,0.));
#5132 = PCURVE('',#1905,#5133);
#5133 = DEFINITIONAL_REPRESENTATION('',(#5134),#5138);
#5134 = LINE('',#5135,#5136);
#5135 = CARTESIAN_POINT('',(-6.28318530718,-17.));
#5136 = VECTOR('',#5137,1.);
#5137 = DIRECTION('',(1.,-0.));
#5138 = ( GEOMETRIC_REPRESENTATION_CONTEXT(2) 
PARAMETRIC_REPRESENTATION_CONTEXT() REPRESENTATION_CONTEXT('2D SPACE',''
  ) );
#5139 = PCURVE('',#3368,#5140);
#5140 = DEFINITIONAL_REPRESENTATION('',(#5141),#5149);
#5141 = ( BOUNDED_CURVE() B_SPLINE_CURVE(2,(#5142,#5143,#5144,#5145,
#5146,#5147,#5148),.UNSPECIFIED.,.T.,.F.) B_SPLINE_CURVE_WITH_KNOTS((1,2
    ,2,2,2,1),(-2.094395102393,0.,2.094395102393,4.188790204786,
6.28318530718,8.377580409573),.UNSPECIFIED.) CURVE() 
GEOMETRIC_REPRESENTATION_ITEM() RATIONAL_B_SPLINE_CURVE((1.,0.5,1.,0.5,
1.,0.5,1.)) REPRESENTATION_ITEM('') );
#5142 = CARTESIAN_POINT('',(2.3,7.105427357601E-15));
#5143 = CARTESIAN_POINT('',(2.3,-3.983716857408));
#5144 = CARTESIAN_POINT('',(-1.15,-1.991858428704));
#5145 = CARTESIAN_POINT('',(-4.6,6.542089829993E-15));
#5146 = CARTESIAN_POINT('',(-1.15,1.991858428704));
#5147 = CARTESIAN_POINT('',(2.3,3.983716857408));
#5148 = CARTESIAN_POINT('',(2.3,7.105427357601E-15));
#5149 = ( GEOMETRIC_REPRESENTATION_CONTEXT(2) 
PARAMETRIC_REPRESENTATION_CONTEXT() REPRESENTATION_CONTEXT('2D SPACE',''
  ) );
#5150 = ADVANCED_FACE('',(#5151),#2304,.F.);
#5151 = FACE_BOUND('',#5152,.T.);
#5152 = EDGE_LOOP('',(#5153,#5154,#5177,#5203));
#5153 = ORIENTED_EDGE('',*,*,#2283,.T.);
#5154 = ORIENTED_EDGE('',*,*,#5155,.T.);
#5155 = EDGE_CURVE('',#2284,#5156,#5158,.T.);
#5156 = VERTEX_POINT('',#5157);
#5157 = CARTESIAN_POINT('',(-47.7,50.,16.));
#5158 = SEAM_CURVE('',#5159,(#5163,#5170),.PCURVE_S1.);
#5159 = LINE('',#5160,#5161);
#5160 = CARTESIAN_POINT('',(-47.7,50.,-1.));
#5161 = VECTOR('',#5162,1.);
#5162 = DIRECTION('',(0.,0.,1.));
#5163 = PCURVE('',#2304,#5164);
#5164 = DEFINITIONAL_REPRESENTATION('',(#5165),#5169);
#5165 = LINE('',#5166,#5167);
#5166 = CARTESIAN_POINT('',(-6.28318530718,0.));
#5167 = VECTOR('',#5168,1.);
#5168 = DIRECTION('',(-0.,-1.));
#5169 = ( GEOMETRIC_REPRESENTATION_CONTEXT(2) 
PARAMETRIC_REPRESENTATION_CONTEXT() REPRESENTATION_CONTEXT('2D SPACE',''
  ) );
#5170 = PCURVE('',#2304,#5171);
#5171 = DEFINITIONAL_REPRESENTATION('',(#5172),#5176);
#5172 = LINE('',#5173,#5174);
#5173 = CARTESIAN_POINT('',(-0.,0.));
#5174 = VECTOR('',#5175,1.);
#5175 = DIRECTION('',(-0.,-1.));
#5176 = ( GEOMETRIC_REPRESENTATION_CONTEXT(2) 
PARAMETRIC_REPRESENTATION_CONTEXT() REPRESENTATION_CONTEXT('2D SPACE',''
  ) );
#5177 = ORIENTED_EDGE('',*,*,#5178,.F.);
#5178 = EDGE_CURVE('',#5156,#5156,#5179,.T.);
#5179 = SURFACE_CURVE('',#5180,(#5185,#5192),.PCURVE_S1.);
#5180 = CIRCLE('',#5181,2.3);
#5181 = AXIS2_PLACEMENT_3D('',#5182,#5183,#5184);
#5182 = CARTESIAN_POINT('',(-50.,50.,16.));
#5183 = DIRECTION('',(0.,0.,-1.));
#5184 = DIRECTION('',(1.,0.,0.));
#5185 = PCURVE('',#2304,#5186);
#5186 = DEFINITIONAL_REPRESENTATION('',(#5187),#5191);
#5187 = LINE('',#5188,#5189);
#5188 = CARTESIAN_POINT('',(-6.28318530718,-17.));
#5189 = VECTOR('',#5190,1.);
#5190 = DIRECTION('',(1.,-0.));
#5191 = ( GEOMETRIC_REPRESENTATION_CONTEXT(2) 
PARAMETRIC_REPRESENTATION_CONTEXT() REPRESENTATION_CONTEXT('2D SPACE',''
  ) );
#5192 = PCURVE('',#4344,#5193);
#5193 = DEFINITIONAL_REPRESENTATION('',(#5194),#5202);
#5194 = ( BOUNDED_CURVE() B_SPLINE_CURVE(2,(#5195,#5196,#5197,#5198,
#5199,#5200,#5201),.UNSPECIFIED.,.T.,.F.) B_SPLINE_CURVE_WITH_KNOTS((1,2
    ,2,2,2,1),(-2.094395102393,0.,2.094395102393,4.188790204786,
6.28318530718,8.377580409573),.UNSPECIFIED.) CURVE() 
GEOMETRIC_REPRESENTATION_ITEM() RATIONAL_B_SPLINE_CURVE((1.,0.5,1.,0.5,
1.,0.5,1.)) REPRESENTATION_ITEM('') );
#5195 = CARTESIAN_POINT('',(2.3,-7.105427357601E-15));
#5196 = CARTESIAN_POINT('',(2.3,-3.983716857408));
#5197 = CARTESIAN_POINT('',(-1.15,-1.991858428704));
#5198 = CARTESIAN_POINT('',(-4.6,-7.668764885209E-15));
#5199 = CARTESIAN_POINT('',(-1.15,1.991858428704));
#5200 = CARTESIAN_POINT('',(2.3,3.983716857408));
#5201 = CARTESIAN_POINT('',(2.3,-7.105427357601E-15));
#5202 = ( GEOMETRIC_REPRESENTATION_CONTEXT(2) 
PARAMETRIC_REPRESENTATION_CONTEXT() REPRESENTATION_CONTEXT('2D SPACE',''
  ) );
#5203 = ORIENTED_EDGE('',*,*,#5155,.F.);
#5204 = ADVANCED_FACE('',(#5205),#2625,.F.);
#5205 = FACE_BOUND('',#5206,.T.);
#5206 = EDGE_LOOP('',(#5207,#5208,#5231,#5257));
#5207 = ORIENTED_EDGE('',*,*,#2604,.T.);
#5208 = ORIENTED_EDGE('',*,*,#5209,.T.);
#5209 = EDGE_CURVE('',#2605,#5210,#5212,.T.);
#5210 = VERTEX_POINT('',#5211);
#5211 = CARTESIAN_POINT('',(52.3,50.,16.));
#5212 = SEAM_CURVE('',#5213,(#5217,#5224),.PCURVE_S1.);
#5213 = LINE('',#5214,#5215);
#5214 = CARTESIAN_POINT('',(52.3,50.,-1.));
#5215 = VECTOR('',#5216,1.);
#5216 = DIRECTION('',(0.,0.,1.));
#5217 = PCURVE('',#2625,#5218);
#5218 = DEFINITIONAL_REPRESENTATION('',(#5219),#5223);
#5219 = LINE('',#5220,#5221);
#5220 = CARTESIAN_POINT('',(-6.28318530718,0.));
#5221 = VECTOR('',#5222,1.);
#5222 = DIRECTION('',(-0.,-1.));
#5223 = ( GEOMETRIC_REPRESENTATION_CONTEXT(2) 
PARAMETRIC_REPRESENTATION_CONTEXT() REPRESENTATION_CONTEXT('2D SPACE',''
  ) );
#5224 = PCURVE('',#2625,#5225);
#5225 = DEFINITIONAL_REPRESENTATION('',(#5226),#5230);
#5226 = LINE('',#5227,#5228);
#5227 = CARTESIAN_POINT('',(-0.,0.));
#5228 = VECTOR('',#5229,1.);
#5229 = DIRECTION('',(-0.,-1.));
#5230 = ( GEOMETRIC_REPRESENTATION_CONTEXT(2) 
PARAMETRIC_REPRESENTATION_CONTEXT() REPRESENTATION_CONTEXT('2D SPACE',''
  ) );
#5231 = ORIENTED_EDGE('',*,*,#5232,.F.);
#5232 = EDGE_CURVE('',#5210,#5210,#5233,.T.);
#5233 = SURFACE_CURVE('',#5234,(#5239,#5246),.PCURVE_S1.);
#5234 = CIRCLE('',#5235,2.3);
#5235 = AXIS2_PLACEMENT_3D('',#5236,#5237,#5238);
#5236 = CARTESIAN_POINT('',(50.,50.,16.));
#5237 = DIRECTION('',(0.,0.,-1.));
#5238 = DIRECTION('',(1.,0.,0.));
#5239 = PCURVE('',#2625,#5240);
#5240 = DEFINITIONAL_REPRESENTATION('',(#5241),#5245);
#5241 = LINE('',#5242,#5243);
#5242 = CARTESIAN_POINT('',(-6.28318530718,-17.));
#5243 = VECTOR('',#5244,1.);
#5244 = DIRECTION('',(1.,-0.));
#5245 = ( GEOMETRIC_REPRESENTATION_CONTEXT(2) 
PARAMETRIC_REPRESENTATION_CONTEXT() REPRESENTATION_CONTEXT('2D SPACE',''
  ) );
#5246 = PCURVE('',#4718,#5247);
#5247 = DEFINITIONAL_REPRESENTATION('',(#5248),#5256);
#5248 = ( BOUNDED_CURVE() B_SPLINE_CURVE(2,(#5249,#5250,#5251,#5252,
#5253,#5254,#5255),.UNSPECIFIED.,.T.,.F.) B_SPLINE_CURVE_WITH_KNOTS((1,2
    ,2,2,2,1),(-2.094395102393,0.,2.094395102393,4.188790204786,
6.28318530718,8.377580409573),.UNSPECIFIED.) CURVE() 
GEOMETRIC_REPRESENTATION_ITEM() RATIONAL_B_SPLINE_CURVE((1.,0.5,1.,0.5,
1.,0.5,1.)) REPRESENTATION_ITEM('') );
#5249 = CARTESIAN_POINT('',(2.3,-7.105427357601E-15));
#5250 = CARTESIAN_POINT('',(2.3,-3.983716857408));
#5251 = CARTESIAN_POINT('',(-1.15,-1.991858428704));
#5252 = CARTESIAN_POINT('',(-4.6,-7.668764885209E-15));
#5253 = CARTESIAN_POINT('',(-1.15,1.991858428704));
#5254 = CARTESIAN_POINT('',(2.3,3.983716857408));
#5255 = CARTESIAN_POINT('',(2.3,-7.105427357601E-15));
#5256 = ( GEOMETRIC_REPRESENTATION_CONTEXT(2) 
PARAMETRIC_REPRESENTATION_CONTEXT() REPRESENTATION_CONTEXT('2D SPACE',''
  ) );
#5257 = ORIENTED_EDGE('',*,*,#5209,.F.);
#5258 = ADVANCED_FACE('',(#5259),#2791,.F.);
#5259 = FACE_BOUND('',#5260,.F.);
#5260 = EDGE_LOOP('',(#5261,#5262,#5283,#5284));
#5261 = ORIENTED_EDGE('',*,*,#5017,.F.);
#5262 = ORIENTED_EDGE('',*,*,#5263,.F.);
#5263 = EDGE_CURVE('',#2775,#5018,#5264,.T.);
#5264 = SEAM_CURVE('',#5265,(#5269,#5276),.PCURVE_S1.);
#5265 = LINE('',#5266,#5267);
#5266 = CARTESIAN_POINT('',(36.,-64.5,7.75));
#5267 = VECTOR('',#5268,1.);
#5268 = DIRECTION('',(0.,1.,0.));
#5269 = PCURVE('',#2791,#5270);
#5270 = DEFINITIONAL_REPRESENTATION('',(#5271),#5275);
#5271 = LINE('',#5272,#5273);
#5272 = CARTESIAN_POINT('',(6.28318530718,-0.));
#5273 = VECTOR('',#5274,1.);
#5274 = DIRECTION('',(0.,1.));
#5275 = ( GEOMETRIC_REPRESENTATION_CONTEXT(2) 
PARAMETRIC_REPRESENTATION_CONTEXT() REPRESENTATION_CONTEXT('2D SPACE',''
  ) );
#5276 = PCURVE('',#2791,#5277);
#5277 = DEFINITIONAL_REPRESENTATION('',(#5278),#5282);
#5278 = LINE('',#5279,#5280);
#5279 = CARTESIAN_POINT('',(0.,-0.));
#5280 = VECTOR('',#5281,1.);
#5281 = DIRECTION('',(0.,1.));
#5282 = ( GEOMETRIC_REPRESENTATION_CONTEXT(2) 
PARAMETRIC_REPRESENTATION_CONTEXT() REPRESENTATION_CONTEXT('2D SPACE',''
  ) );
#5283 = ORIENTED_EDGE('',*,*,#2774,.T.);
#5284 = ORIENTED_EDGE('',*,*,#5263,.T.);
#5285 = ADVANCED_FACE('',(#5286),#2952,.F.);
#5286 = FACE_BOUND('',#5287,.F.);
#5287 = EDGE_LOOP('',(#5288,#5289,#5290,#5291,#5292,#5293));
#5288 = ORIENTED_EDGE('',*,*,#2935,.F.);
#5289 = ORIENTED_EDGE('',*,*,#3119,.F.);
#5290 = ORIENTED_EDGE('',*,*,#3040,.F.);
#5291 = ORIENTED_EDGE('',*,*,#3197,.F.);
#5292 = ORIENTED_EDGE('',*,*,#4737,.T.);
#5293 = ORIENTED_EDGE('',*,*,#4815,.T.);
#5294 = ADVANCED_FACE('',(#5295,#5298),#3106,.T.);
#5295 = FACE_BOUND('',#5296,.T.);
#5296 = EDGE_LOOP('',(#5297));
#5297 = ORIENTED_EDGE('',*,*,#3091,.T.);
#5298 = FACE_BOUND('',#5299,.T.);
#5299 = EDGE_LOOP('',(#5300));
#5300 = ORIENTED_EDGE('',*,*,#4788,.T.);
#5301 = ADVANCED_FACE('',(#5302,#5305),#3368,.T.);
#5302 = FACE_BOUND('',#5303,.T.);
#5303 = EDGE_LOOP('',(#5304));
#5304 = ORIENTED_EDGE('',*,*,#3353,.T.);
#5305 = FACE_BOUND('',#5306,.T.);
#5306 = EDGE_LOOP('',(#5307));
#5307 = ORIENTED_EDGE('',*,*,#5125,.T.);
#5308 = ADVANCED_FACE('',(#5309),#3316,.F.);
#5309 = FACE_BOUND('',#5310,.F.);
#5310 = EDGE_LOOP('',(#5311,#5312,#5313,#5314));
#5311 = ORIENTED_EDGE('',*,*,#3424,.F.);
#5312 = ORIENTED_EDGE('',*,*,#3299,.F.);
#5313 = ORIENTED_EDGE('',*,*,#4139,.F.);
#5314 = ORIENTED_EDGE('',*,*,#5096,.T.);
#5315 = ADVANCED_FACE('',(#5316),#3922,.F.);
#5316 = FACE_BOUND('',#5317,.F.);
#5317 = EDGE_LOOP('',(#5318,#5319));
#5318 = ORIENTED_EDGE('',*,*,#3578,.F.);
#5319 = ORIENTED_EDGE('',*,*,#4846,.T.);
#5320 = ADVANCED_FACE('',(#5321),#3541,.F.);
#5321 = FACE_BOUND('',#5322,.F.);
#5322 = EDGE_LOOP('',(#5323,#5324,#5325,#5326,#5327));
#5323 = ORIENTED_EDGE('',*,*,#4921,.T.);
#5324 = ORIENTED_EDGE('',*,*,#4970,.T.);
#5325 = ORIENTED_EDGE('',*,*,#5046,.T.);
#5326 = ORIENTED_EDGE('',*,*,#3524,.T.);
#5327 = ORIENTED_EDGE('',*,*,#4873,.T.);
#5328 = ADVANCED_FACE('',(#5329,#5332),#4344,.T.);
#5329 = FACE_BOUND('',#5330,.T.);
#5330 = EDGE_LOOP('',(#5331));
#5331 = ORIENTED_EDGE('',*,*,#4329,.T.);
#5332 = FACE_BOUND('',#5333,.T.);
#5333 = EDGE_LOOP('',(#5334));
#5334 = ORIENTED_EDGE('',*,*,#5178,.T.);
#5335 = ADVANCED_FACE('',(#5336,#5339),#4718,.T.);
#5336 = FACE_BOUND('',#5337,.T.);
#5337 = EDGE_LOOP('',(#5338));
#5338 = ORIENTED_EDGE('',*,*,#4703,.T.);
#5339 = FACE_BOUND('',#5340,.T.);
#5340 = EDGE_LOOP('',(#5341));
#5341 = ORIENTED_EDGE('',*,*,#5232,.T.);
#5342 = ( GEOMETRIC_REPRESENTATION_CONTEXT(3) 
GLOBAL_UNCERTAINTY_ASSIGNED_CONTEXT((#5346)) 
GLOBAL_UNIT_ASSIGNED_CONTEXT((#5343,#5344,#5345)) REPRESENTATION_CONTEXT
('Context #1','3D Context with UNIT and UNCERTAINTY') );
#5343 = ( LENGTH_UNIT() NAMED_UNIT(*) SI_UNIT(.MILLI.,.METRE.) );
#5344 = ( NAMED_UNIT(*) PLANE_ANGLE_UNIT() SI_UNIT($,.RADIAN.) );
#5345 = ( NAMED_UNIT(*) SI_UNIT($,.STERADIAN.) SOLID_ANGLE_UNIT() );
#5346 = UNCERTAINTY_MEASURE_WITH_UNIT(LENGTH_MEASURE(1.E-07),#5343,
  'distance_accuracy_value','confusion accuracy');
#5347 = PRODUCT_RELATED_PRODUCT_CATEGORY('part',$,(#7));
ENDSEC;
END-ISO-10303-21;
